GTSP	seqnames	start	strand	posid
"Polyclonal_95pct"	"chr1"	1315299	"+"	"chr1+1315299"
"Polyclonal_95pct"	"chr1"	1388569	"+"	"chr1+1388569"
"Polyclonal_95pct"	"chr1"	1482111	"+"	"chr1+1482111"
"Polyclonal_95pct"	"chr1"	1488774	"+"	"chr1+1488774"
"Polyclonal_95pct"	"chr1"	4767401	"+"	"chr1+4767401"
"Polyclonal_95pct"	"chr1"	7745445	"+"	"chr1+7745445"
"Polyclonal_95pct"	"chr1"	8630760	"+"	"chr1+8630760"
"Polyclonal_95pct"	"chr1"	8875530	"+"	"chr1+8875530"
"Polyclonal_95pct"	"chr1"	8875807	"+"	"chr1+8875807"
"Polyclonal_95pct"	"chr1"	8934165	"+"	"chr1+8934165"
"Polyclonal_95pct"	"chr1"	11047035	"+"	"chr1+11047035"
"Polyclonal_95pct"	"chr1"	11289787	"+"	"chr1+11289787"
"Polyclonal_95pct"	"chr1"	11795005	"+"	"chr1+11795005"
"Polyclonal_95pct"	"chr1"	11798111	"+"	"chr1+11798111"
"Polyclonal_95pct"	"chr1"	19023578	"+"	"chr1+19023578"
"Polyclonal_95pct"	"chr1"	19132058	"+"	"chr1+19132058"
"Polyclonal_95pct"	"chr1"	20944628	"+"	"chr1+20944628"
"Polyclonal_95pct"	"chr1"	21058676	"+"	"chr1+21058676"
"Polyclonal_95pct"	"chr1"	21408489	"+"	"chr1+21408489"
"Polyclonal_95pct"	"chr1"	23788065	"+"	"chr1+23788065"
"Polyclonal_95pct"	"chr1"	24403575	"+"	"chr1+24403575"
"Polyclonal_95pct"	"chr1"	24671839	"+"	"chr1+24671839"
"Polyclonal_95pct"	"chr1"	25635866	"+"	"chr1+25635866"
"Polyclonal_95pct"	"chr1"	26248128	"+"	"chr1+26248128"
"Polyclonal_95pct"	"chr1"	26718506	"+"	"chr1+26718506"
"Polyclonal_95pct"	"chr1"	27749269	"+"	"chr1+27749269"
"Polyclonal_95pct"	"chr1"	27892999	"+"	"chr1+27892999"
"Polyclonal_95pct"	"chr1"	28063857	"+"	"chr1+28063857"
"Polyclonal_95pct"	"chr1"	30950502	"+"	"chr1+30950502"
"Polyclonal_95pct"	"chr1"	30991559	"+"	"chr1+30991559"
"Polyclonal_95pct"	"chr1"	32216880	"+"	"chr1+32216880"
"Polyclonal_95pct"	"chr1"	32639294	"+"	"chr1+32639294"
"Polyclonal_95pct"	"chr1"	33751659	"+"	"chr1+33751659"
"Polyclonal_95pct"	"chr1"	33814547	"+"	"chr1+33814547"
"Polyclonal_95pct"	"chr1"	35180088	"+"	"chr1+35180088"
"Polyclonal_95pct"	"chr1"	35362977	"+"	"chr1+35362977"
"Polyclonal_95pct"	"chr1"	35536054	"+"	"chr1+35536054"
"Polyclonal_95pct"	"chr1"	36062449	"+"	"chr1+36062449"
"Polyclonal_95pct"	"chr1"	36139823	"+"	"chr1+36139823"
"Polyclonal_95pct"	"chr1"	36231108	"+"	"chr1+36231108"
"Polyclonal_95pct"	"chr1"	39875974	"+"	"chr1+39875974"
"Polyclonal_95pct"	"chr1"	40762326	"+"	"chr1+40762326"
"Polyclonal_95pct"	"chr1"	41622362	"+"	"chr1+41622362"
"Polyclonal_95pct"	"chr1"	41692944	"+"	"chr1+41692944"
"Polyclonal_95pct"	"chr1"	43776868	"+"	"chr1+43776868"
"Polyclonal_95pct"	"chr1"	43850662	"+"	"chr1+43850662"
"Polyclonal_95pct"	"chr1"	44167848	"+"	"chr1+44167848"
"Polyclonal_95pct"	"chr1"	44478499	"+"	"chr1+44478499"
"Polyclonal_95pct"	"chr1"	44679326	"+"	"chr1+44679326"
"Polyclonal_95pct"	"chr1"	44969879	"+"	"chr1+44969879"
"Polyclonal_95pct"	"chr1"	45288546	"+"	"chr1+45288546"
"Polyclonal_95pct"	"chr1"	45851380	"+"	"chr1+45851380"
"Polyclonal_95pct"	"chr1"	46070798	"+"	"chr1+46070798"
"Polyclonal_95pct"	"chr1"	46091858	"+"	"chr1+46091858"
"Polyclonal_95pct"	"chr1"	46098386	"+"	"chr1+46098386"
"Polyclonal_95pct"	"chr1"	47121081	"+"	"chr1+47121081"
"Polyclonal_95pct"	"chr1"	48371828	"+"	"chr1+48371828"
"Polyclonal_95pct"	"chr1"	52110732	"+"	"chr1+52110732"
"Polyclonal_95pct"	"chr1"	52282125	"+"	"chr1+52282125"
"Polyclonal_95pct"	"chr1"	52309049	"+"	"chr1+52309049"
"Polyclonal_95pct"	"chr1"	52422961	"+"	"chr1+52422961"
"Polyclonal_95pct"	"chr1"	52462682	"+"	"chr1+52462682"
"Polyclonal_95pct"	"chr1"	53017065	"+"	"chr1+53017065"
"Polyclonal_95pct"	"chr1"	53170092	"+"	"chr1+53170092"
"Polyclonal_95pct"	"chr1"	56075804	"+"	"chr1+56075804"
"Polyclonal_95pct"	"chr1"	59873194	"+"	"chr1+59873194"
"Polyclonal_95pct"	"chr1"	61102524	"+"	"chr1+61102524"
"Polyclonal_95pct"	"chr1"	62659359	"+"	"chr1+62659359"
"Polyclonal_95pct"	"chr1"	64615722	"+"	"chr1+64615722"
"Polyclonal_95pct"	"chr1"	64809534	"+"	"chr1+64809534"
"Polyclonal_95pct"	"chr1"	64924269	"+"	"chr1+64924269"
"Polyclonal_95pct"	"chr1"	66677967	"+"	"chr1+66677967"
"Polyclonal_95pct"	"chr1"	66772970	"+"	"chr1+66772970"
"Polyclonal_95pct"	"chr1"	68097030	"+"	"chr1+68097030"
"Polyclonal_95pct"	"chr1"	70181509	"+"	"chr1+70181509"
"Polyclonal_95pct"	"chr1"	72930963	"+"	"chr1+72930963"
"Polyclonal_95pct"	"chr1"	73262747	"+"	"chr1+73262747"
"Polyclonal_95pct"	"chr1"	73284133	"+"	"chr1+73284133"
"Polyclonal_95pct"	"chr1"	73317121	"+"	"chr1+73317121"
"Polyclonal_95pct"	"chr1"	74224479	"+"	"chr1+74224479"
"Polyclonal_95pct"	"chr1"	75725964	"+"	"chr1+75725964"
"Polyclonal_95pct"	"chr1"	75742378	"+"	"chr1+75742378"
"Polyclonal_95pct"	"chr1"	78427847	"+"	"chr1+78427847"
"Polyclonal_95pct"	"chr1"	78581163	"+"	"chr1+78581163"
"Polyclonal_95pct"	"chr1"	78772015	"+"	"chr1+78772015"
"Polyclonal_95pct"	"chr1"	79570264	"+"	"chr1+79570264"
"Polyclonal_95pct"	"chr1"	80266321	"+"	"chr1+80266321"
"Polyclonal_95pct"	"chr1"	80474187	"+"	"chr1+80474187"
"Polyclonal_95pct"	"chr1"	81037623	"+"	"chr1+81037623"
"Polyclonal_95pct"	"chr1"	81765251	"+"	"chr1+81765251"
"Polyclonal_95pct"	"chr1"	84149414	"+"	"chr1+84149414"
"Polyclonal_95pct"	"chr1"	84701138	"+"	"chr1+84701138"
"Polyclonal_95pct"	"chr1"	85981386	"+"	"chr1+85981386"
"Polyclonal_95pct"	"chr1"	86010263	"+"	"chr1+86010263"
"Polyclonal_95pct"	"chr1"	87478979	"+"	"chr1+87478979"
"Polyclonal_95pct"	"chr1"	87787259	"+"	"chr1+87787259"
"Polyclonal_95pct"	"chr1"	88997669	"+"	"chr1+88997669"
"Polyclonal_95pct"	"chr1"	91256803	"+"	"chr1+91256803"
"Polyclonal_95pct"	"chr1"	93089347	"+"	"chr1+93089347"
"Polyclonal_95pct"	"chr1"	93107189	"+"	"chr1+93107189"
"Polyclonal_95pct"	"chr1"	93301948	"+"	"chr1+93301948"
"Polyclonal_95pct"	"chr1"	94917535	"+"	"chr1+94917535"
"Polyclonal_95pct"	"chr1"	95329310	"+"	"chr1+95329310"
"Polyclonal_95pct"	"chr1"	96118937	"+"	"chr1+96118937"
"Polyclonal_95pct"	"chr1"	96777046	"+"	"chr1+96777046"
"Polyclonal_95pct"	"chr1"	96817911	"+"	"chr1+96817911"
"Polyclonal_95pct"	"chr1"	97132152	"+"	"chr1+97132152"
"Polyclonal_95pct"	"chr1"	97487511	"+"	"chr1+97487511"
"Polyclonal_95pct"	"chr1"	97853235	"+"	"chr1+97853235"
"Polyclonal_95pct"	"chr1"	97960747	"+"	"chr1+97960747"
"Polyclonal_95pct"	"chr1"	98289718	"+"	"chr1+98289718"
"Polyclonal_95pct"	"chr1"	99694199	"+"	"chr1+99694199"
"Polyclonal_95pct"	"chr1"	99882238	"+"	"chr1+99882238"
"Polyclonal_95pct"	"chr1"	100109116	"+"	"chr1+100109116"
"Polyclonal_95pct"	"chr1"	100386488	"+"	"chr1+100386488"
"Polyclonal_95pct"	"chr1"	101871719	"+"	"chr1+101871719"
"Polyclonal_95pct"	"chr1"	101921658	"+"	"chr1+101921658"
"Polyclonal_95pct"	"chr1"	103083691	"+"	"chr1+103083691"
"Polyclonal_95pct"	"chr1"	104488990	"+"	"chr1+104488990"
"Polyclonal_95pct"	"chr1"	104783179	"+"	"chr1+104783179"
"Polyclonal_95pct"	"chr1"	105054958	"+"	"chr1+105054958"
"Polyclonal_95pct"	"chr1"	105344477	"+"	"chr1+105344477"
"Polyclonal_95pct"	"chr1"	106147666	"+"	"chr1+106147666"
"Polyclonal_95pct"	"chr1"	107200168	"+"	"chr1+107200168"
"Polyclonal_95pct"	"chr1"	107433192	"+"	"chr1+107433192"
"Polyclonal_95pct"	"chr1"	108906102	"+"	"chr1+108906102"
"Polyclonal_95pct"	"chr1"	110373592	"+"	"chr1+110373592"
"Polyclonal_95pct"	"chr1"	110826058	"+"	"chr1+110826058"
"Polyclonal_95pct"	"chr1"	113871010	"+"	"chr1+113871010"
"Polyclonal_95pct"	"chr1"	116109732	"+"	"chr1+116109732"
"Polyclonal_95pct"	"chr1"	116780662	"+"	"chr1+116780662"
"Polyclonal_95pct"	"chr1"	117626329	"+"	"chr1+117626329"
"Polyclonal_95pct"	"chr1"	145948932	"+"	"chr1+145948932"
"Polyclonal_95pct"	"chr1"	145988279	"+"	"chr1+145988279"
"Polyclonal_95pct"	"chr1"	145994033	"+"	"chr1+145994033"
"Polyclonal_95pct"	"chr1"	146906988	"+"	"chr1+146906988"
"Polyclonal_95pct"	"chr1"	146953721	"+"	"chr1+146953721"
"Polyclonal_95pct"	"chr1"	147168329	"+"	"chr1+147168329"
"Polyclonal_95pct"	"chr1"	148489268	"+"	"chr1+148489268"
"Polyclonal_95pct"	"chr1"	149411259	"+"	"chr1+149411259"
"Polyclonal_95pct"	"chr1"	149420730	"+"	"chr1+149420730"
"Polyclonal_95pct"	"chr1"	149991492	"+"	"chr1+149991492"
"Polyclonal_95pct"	"chr1"	149992034	"+"	"chr1+149992034"
"Polyclonal_95pct"	"chr1"	150042191	"+"	"chr1+150042191"
"Polyclonal_95pct"	"chr1"	150042192	"+"	"chr1+150042192"
"Polyclonal_95pct"	"chr1"	150042209	"+"	"chr1+150042209"
"Polyclonal_95pct"	"chr1"	150042229	"+"	"chr1+150042229"
"Polyclonal_95pct"	"chr1"	150042319	"+"	"chr1+150042319"
"Polyclonal_95pct"	"chr1"	150042327	"+"	"chr1+150042327"
"Polyclonal_95pct"	"chr1"	150221720	"+"	"chr1+150221720"
"Polyclonal_95pct"	"chr1"	150354669	"+"	"chr1+150354669"
"Polyclonal_95pct"	"chr1"	150615393	"+"	"chr1+150615393"
"Polyclonal_95pct"	"chr1"	150689109	"+"	"chr1+150689109"
"Polyclonal_95pct"	"chr1"	150712585	"+"	"chr1+150712585"
"Polyclonal_95pct"	"chr1"	150714353	"+"	"chr1+150714353"
"Polyclonal_95pct"	"chr1"	150884740	"+"	"chr1+150884740"
"Polyclonal_95pct"	"chr1"	151441666	"+"	"chr1+151441666"
"Polyclonal_95pct"	"chr1"	151955833	"+"	"chr1+151955833"
"Polyclonal_95pct"	"chr1"	152255358	"+"	"chr1+152255358"
"Polyclonal_95pct"	"chr1"	152482161	"+"	"chr1+152482161"
"Polyclonal_95pct"	"chr1"	153584737	"+"	"chr1+153584737"
"Polyclonal_95pct"	"chr1"	153640281	"+"	"chr1+153640281"
"Polyclonal_95pct"	"chr1"	153815912	"+"	"chr1+153815912"
"Polyclonal_95pct"	"chr1"	153898459	"+"	"chr1+153898459"
"Polyclonal_95pct"	"chr1"	154159338	"+"	"chr1+154159338"
"Polyclonal_95pct"	"chr1"	154392622	"+"	"chr1+154392622"
"Polyclonal_95pct"	"chr1"	154616078	"+"	"chr1+154616078"
"Polyclonal_95pct"	"chr1"	154629881	"+"	"chr1+154629881"
"Polyclonal_95pct"	"chr1"	154656105	"+"	"chr1+154656105"
"Polyclonal_95pct"	"chr1"	154689601	"+"	"chr1+154689601"
"Polyclonal_95pct"	"chr1"	154895008	"+"	"chr1+154895008"
"Polyclonal_95pct"	"chr1"	154978920	"+"	"chr1+154978920"
"Polyclonal_95pct"	"chr1"	155023912	"+"	"chr1+155023912"
"Polyclonal_95pct"	"chr1"	155110202	"+"	"chr1+155110202"
"Polyclonal_95pct"	"chr1"	155378984	"+"	"chr1+155378984"
"Polyclonal_95pct"	"chr1"	155387015	"+"	"chr1+155387015"
"Polyclonal_95pct"	"chr1"	155405197	"+"	"chr1+155405197"
"Polyclonal_95pct"	"chr1"	155457542	"+"	"chr1+155457542"
"Polyclonal_95pct"	"chr1"	155460935	"+"	"chr1+155460935"
"Polyclonal_95pct"	"chr1"	155519670	"+"	"chr1+155519670"
"Polyclonal_95pct"	"chr1"	155791339	"+"	"chr1+155791339"
"Polyclonal_95pct"	"chr1"	155823995	"+"	"chr1+155823995"
"Polyclonal_95pct"	"chr1"	155850655	"+"	"chr1+155850655"
"Polyclonal_95pct"	"chr1"	155905498	"+"	"chr1+155905498"
"Polyclonal_95pct"	"chr1"	155913966	"+"	"chr1+155913966"
"Polyclonal_95pct"	"chr1"	155966635	"+"	"chr1+155966635"
"Polyclonal_95pct"	"chr1"	155969921	"+"	"chr1+155969921"
"Polyclonal_95pct"	"chr1"	156057586	"+"	"chr1+156057586"
"Polyclonal_95pct"	"chr1"	157795770	"+"	"chr1+157795770"
"Polyclonal_95pct"	"chr1"	157815665	"+"	"chr1+157815665"
"Polyclonal_95pct"	"chr1"	158906102	"+"	"chr1+158906102"
"Polyclonal_95pct"	"chr1"	160339738	"+"	"chr1+160339738"
"Polyclonal_95pct"	"chr1"	160468659	"+"	"chr1+160468659"
"Polyclonal_95pct"	"chr1"	160573287	"+"	"chr1+160573287"
"Polyclonal_95pct"	"chr1"	160772953	"+"	"chr1+160772953"
"Polyclonal_95pct"	"chr1"	160882584	"+"	"chr1+160882584"
"Polyclonal_95pct"	"chr1"	161073610	"+"	"chr1+161073610"
"Polyclonal_95pct"	"chr1"	161343103	"+"	"chr1+161343103"
"Polyclonal_95pct"	"chr1"	161372010	"+"	"chr1+161372010"
"Polyclonal_95pct"	"chr1"	161898868	"+"	"chr1+161898868"
"Polyclonal_95pct"	"chr1"	162243732	"+"	"chr1+162243732"
"Polyclonal_95pct"	"chr1"	163779918	"+"	"chr1+163779918"
"Polyclonal_95pct"	"chr1"	163780271	"+"	"chr1+163780271"
"Polyclonal_95pct"	"chr1"	165809049	"+"	"chr1+165809049"
"Polyclonal_95pct"	"chr1"	167242759	"+"	"chr1+167242759"
"Polyclonal_95pct"	"chr1"	167552961	"+"	"chr1+167552961"
"Polyclonal_95pct"	"chr1"	167667404	"+"	"chr1+167667404"
"Polyclonal_95pct"	"chr1"	168258418	"+"	"chr1+168258418"
"Polyclonal_95pct"	"chr1"	170071899	"+"	"chr1+170071899"
"Polyclonal_95pct"	"chr1"	170305061	"+"	"chr1+170305061"
"Polyclonal_95pct"	"chr1"	172567883	"+"	"chr1+172567883"
"Polyclonal_95pct"	"chr1"	173828313	"+"	"chr1+173828313"
"Polyclonal_95pct"	"chr1"	173935078	"+"	"chr1+173935078"
"Polyclonal_95pct"	"chr1"	173958887	"+"	"chr1+173958887"
"Polyclonal_95pct"	"chr1"	174186256	"+"	"chr1+174186256"
"Polyclonal_95pct"	"chr1"	174773454	"+"	"chr1+174773454"
"Polyclonal_95pct"	"chr1"	176029094	"+"	"chr1+176029094"
"Polyclonal_95pct"	"chr1"	176047508	"+"	"chr1+176047508"
"Polyclonal_95pct"	"chr1"	176193343	"+"	"chr1+176193343"
"Polyclonal_95pct"	"chr1"	178568594	"+"	"chr1+178568594"
"Polyclonal_95pct"	"chr1"	178743772	"+"	"chr1+178743772"
"Polyclonal_95pct"	"chr1"	178791230	"+"	"chr1+178791230"
"Polyclonal_95pct"	"chr1"	178793923	"+"	"chr1+178793923"
"Polyclonal_95pct"	"chr1"	179912091	"+"	"chr1+179912091"
"Polyclonal_95pct"	"chr1"	180341133	"+"	"chr1+180341133"
"Polyclonal_95pct"	"chr1"	180351614	"+"	"chr1+180351614"
"Polyclonal_95pct"	"chr1"	180390258	"+"	"chr1+180390258"
"Polyclonal_95pct"	"chr1"	182800845	"+"	"chr1+182800845"
"Polyclonal_95pct"	"chr1"	183057895	"+"	"chr1+183057895"
"Polyclonal_95pct"	"chr1"	183507881	"+"	"chr1+183507881"
"Polyclonal_95pct"	"chr1"	183858360	"+"	"chr1+183858360"
"Polyclonal_95pct"	"chr1"	184448175	"+"	"chr1+184448175"
"Polyclonal_95pct"	"chr1"	184711480	"+"	"chr1+184711480"
"Polyclonal_95pct"	"chr1"	184723934	"+"	"chr1+184723934"
"Polyclonal_95pct"	"chr1"	185296688	"+"	"chr1+185296688"
"Polyclonal_95pct"	"chr1"	185395530	"+"	"chr1+185395530"
"Polyclonal_95pct"	"chr1"	185933973	"+"	"chr1+185933973"
"Polyclonal_95pct"	"chr1"	185992511	"+"	"chr1+185992511"
"Polyclonal_95pct"	"chr1"	186181300	"+"	"chr1+186181300"
"Polyclonal_95pct"	"chr1"	186468967	"+"	"chr1+186468967"
"Polyclonal_95pct"	"chr1"	186785737	"+"	"chr1+186785737"
"Polyclonal_95pct"	"chr1"	186809217	"+"	"chr1+186809217"
"Polyclonal_95pct"	"chr1"	187034431	"+"	"chr1+187034431"
"Polyclonal_95pct"	"chr1"	187237373	"+"	"chr1+187237373"
"Polyclonal_95pct"	"chr1"	187831350	"+"	"chr1+187831350"
"Polyclonal_95pct"	"chr1"	188716198	"+"	"chr1+188716198"
"Polyclonal_95pct"	"chr1"	188736081	"+"	"chr1+188736081"
"Polyclonal_95pct"	"chr1"	188806344	"+"	"chr1+188806344"
"Polyclonal_95pct"	"chr1"	188921906	"+"	"chr1+188921906"
"Polyclonal_95pct"	"chr1"	189010868	"+"	"chr1+189010868"
"Polyclonal_95pct"	"chr1"	189282306	"+"	"chr1+189282306"
"Polyclonal_95pct"	"chr1"	189663985	"+"	"chr1+189663985"
"Polyclonal_95pct"	"chr1"	189979833	"+"	"chr1+189979833"
"Polyclonal_95pct"	"chr1"	189986507	"+"	"chr1+189986507"
"Polyclonal_95pct"	"chr1"	190240425	"+"	"chr1+190240425"
"Polyclonal_95pct"	"chr1"	190572933	"+"	"chr1+190572933"
"Polyclonal_95pct"	"chr1"	191108130	"+"	"chr1+191108130"
"Polyclonal_95pct"	"chr1"	191275846	"+"	"chr1+191275846"
"Polyclonal_95pct"	"chr1"	191459635	"+"	"chr1+191459635"
"Polyclonal_95pct"	"chr1"	191773845	"+"	"chr1+191773845"
"Polyclonal_95pct"	"chr1"	191922216	"+"	"chr1+191922216"
"Polyclonal_95pct"	"chr1"	192316801	"+"	"chr1+192316801"
"Polyclonal_95pct"	"chr1"	192341301	"+"	"chr1+192341301"
"Polyclonal_95pct"	"chr1"	192367260	"+"	"chr1+192367260"
"Polyclonal_95pct"	"chr1"	192381189	"+"	"chr1+192381189"
"Polyclonal_95pct"	"chr1"	192592403	"+"	"chr1+192592403"
"Polyclonal_95pct"	"chr1"	192594155	"+"	"chr1+192594155"
"Polyclonal_95pct"	"chr1"	192817241	"+"	"chr1+192817241"
"Polyclonal_95pct"	"chr1"	193095899	"+"	"chr1+193095899"
"Polyclonal_95pct"	"chr1"	193133675	"+"	"chr1+193133675"
"Polyclonal_95pct"	"chr1"	193203052	"+"	"chr1+193203052"
"Polyclonal_95pct"	"chr1"	194529661	"+"	"chr1+194529661"
"Polyclonal_95pct"	"chr1"	194605373	"+"	"chr1+194605373"
"Polyclonal_95pct"	"chr1"	194653736	"+"	"chr1+194653736"
"Polyclonal_95pct"	"chr1"	194654101	"+"	"chr1+194654101"
"Polyclonal_95pct"	"chr1"	194877157	"+"	"chr1+194877157"
"Polyclonal_95pct"	"chr1"	194878460	"+"	"chr1+194878460"
"Polyclonal_95pct"	"chr1"	195302893	"+"	"chr1+195302893"
"Polyclonal_95pct"	"chr1"	195670596	"+"	"chr1+195670596"
"Polyclonal_95pct"	"chr1"	195906268	"+"	"chr1+195906268"
"Polyclonal_95pct"	"chr1"	196051764	"+"	"chr1+196051764"
"Polyclonal_95pct"	"chr1"	197499406	"+"	"chr1+197499406"
"Polyclonal_95pct"	"chr1"	197608674	"+"	"chr1+197608674"
"Polyclonal_95pct"	"chr1"	197643112	"+"	"chr1+197643112"
"Polyclonal_95pct"	"chr1"	197769327	"+"	"chr1+197769327"
"Polyclonal_95pct"	"chr1"	198124503	"+"	"chr1+198124503"
"Polyclonal_95pct"	"chr1"	198273181	"+"	"chr1+198273181"
"Polyclonal_95pct"	"chr1"	198888518	"+"	"chr1+198888518"
"Polyclonal_95pct"	"chr1"	199033418	"+"	"chr1+199033418"
"Polyclonal_95pct"	"chr1"	199234649	"+"	"chr1+199234649"
"Polyclonal_95pct"	"chr1"	199366126	"+"	"chr1+199366126"
"Polyclonal_95pct"	"chr1"	200885682	"+"	"chr1+200885682"
"Polyclonal_95pct"	"chr1"	202518762	"+"	"chr1+202518762"
"Polyclonal_95pct"	"chr1"	203311749	"+"	"chr1+203311749"
"Polyclonal_95pct"	"chr1"	206788028	"+"	"chr1+206788028"
"Polyclonal_95pct"	"chr1"	207364937	"+"	"chr1+207364937"
"Polyclonal_95pct"	"chr1"	208812412	"+"	"chr1+208812412"
"Polyclonal_95pct"	"chr1"	209099039	"+"	"chr1+209099039"
"Polyclonal_95pct"	"chr1"	209294733	"+"	"chr1+209294733"
"Polyclonal_95pct"	"chr1"	210012245	"+"	"chr1+210012245"
"Polyclonal_95pct"	"chr1"	210152106	"+"	"chr1+210152106"
"Polyclonal_95pct"	"chr1"	211550592	"+"	"chr1+211550592"
"Polyclonal_95pct"	"chr1"	211990517	"+"	"chr1+211990517"
"Polyclonal_95pct"	"chr1"	212016438	"+"	"chr1+212016438"
"Polyclonal_95pct"	"chr1"	212100768	"+"	"chr1+212100768"
"Polyclonal_95pct"	"chr1"	212770163	"+"	"chr1+212770163"
"Polyclonal_95pct"	"chr1"	213494641	"+"	"chr1+213494641"
"Polyclonal_95pct"	"chr1"	215355491	"+"	"chr1+215355491"
"Polyclonal_95pct"	"chr1"	215471590	"+"	"chr1+215471590"
"Polyclonal_95pct"	"chr1"	215916224	"+"	"chr1+215916224"
"Polyclonal_95pct"	"chr1"	216254641	"+"	"chr1+216254641"
"Polyclonal_95pct"	"chr1"	216391559	"+"	"chr1+216391559"
"Polyclonal_95pct"	"chr1"	217378624	"+"	"chr1+217378624"
"Polyclonal_95pct"	"chr1"	218051966	"+"	"chr1+218051966"
"Polyclonal_95pct"	"chr1"	218159574	"+"	"chr1+218159574"
"Polyclonal_95pct"	"chr1"	218602018	"+"	"chr1+218602018"
"Polyclonal_95pct"	"chr1"	218805579	"+"	"chr1+218805579"
"Polyclonal_95pct"	"chr1"	219278829	"+"	"chr1+219278829"
"Polyclonal_95pct"	"chr1"	220097185	"+"	"chr1+220097185"
"Polyclonal_95pct"	"chr1"	220098091	"+"	"chr1+220098091"
"Polyclonal_95pct"	"chr1"	220522544	"+"	"chr1+220522544"
"Polyclonal_95pct"	"chr1"	220531880	"+"	"chr1+220531880"
"Polyclonal_95pct"	"chr1"	223415244	"+"	"chr1+223415244"
"Polyclonal_95pct"	"chr1"	224268804	"+"	"chr1+224268804"
"Polyclonal_95pct"	"chr1"	225950881	"+"	"chr1+225950881"
"Polyclonal_95pct"	"chr1"	226458326	"+"	"chr1+226458326"
"Polyclonal_95pct"	"chr1"	226541597	"+"	"chr1+226541597"
"Polyclonal_95pct"	"chr1"	226937474	"+"	"chr1+226937474"
"Polyclonal_95pct"	"chr1"	227060410	"+"	"chr1+227060410"
"Polyclonal_95pct"	"chr1"	229061271	"+"	"chr1+229061271"
"Polyclonal_95pct"	"chr1"	229903752	"+"	"chr1+229903752"
"Polyclonal_95pct"	"chr1"	230088021	"+"	"chr1+230088021"
"Polyclonal_95pct"	"chr1"	233231102	"+"	"chr1+233231102"
"Polyclonal_95pct"	"chr1"	233557936	"+"	"chr1+233557936"
"Polyclonal_95pct"	"chr1"	234425987	"+"	"chr1+234425987"
"Polyclonal_95pct"	"chr1"	235218944	"+"	"chr1+235218944"
"Polyclonal_95pct"	"chr1"	236049877	"+"	"chr1+236049877"
"Polyclonal_95pct"	"chr1"	237060390	"+"	"chr1+237060390"
"Polyclonal_95pct"	"chr1"	239148594	"+"	"chr1+239148594"
"Polyclonal_95pct"	"chr1"	239736115	"+"	"chr1+239736115"
"Polyclonal_95pct"	"chr1"	239936520	"+"	"chr1+239936520"
"Polyclonal_95pct"	"chr1"	240319095	"+"	"chr1+240319095"
"Polyclonal_95pct"	"chr1"	241105346	"+"	"chr1+241105346"
"Polyclonal_95pct"	"chr1"	244855312	"+"	"chr1+244855312"
"Polyclonal_95pct"	"chr1"	244860316	"+"	"chr1+244860316"
"Polyclonal_95pct"	"chr1"	246302822	"+"	"chr1+246302822"
"Polyclonal_95pct"	"chr1"	247470276	"+"	"chr1+247470276"
"Polyclonal_95pct"	"chr1"	247612875	"+"	"chr1+247612875"
"Polyclonal_95pct"	"chr1"	247738902	"+"	"chr1+247738902"
"Polyclonal_95pct"	"chr1"	248021390	"+"	"chr1+248021390"
"Polyclonal_95pct"	"chr1"	248341369	"+"	"chr1+248341369"
"Polyclonal_95pct"	"chr1"	248892790	"+"	"chr1+248892790"
"Polyclonal_95pct"	"chr1"	60926	"-"	"chr1-60926"
"Polyclonal_95pct"	"chr1"	126346	"-"	"chr1-126346"
"Polyclonal_95pct"	"chr1"	717325	"-"	"chr1-717325"
"Polyclonal_95pct"	"chr1"	1613680	"-"	"chr1-1613680"
"Polyclonal_95pct"	"chr1"	1815277	"-"	"chr1-1815277"
"Polyclonal_95pct"	"chr1"	1828005	"-"	"chr1-1828005"
"Polyclonal_95pct"	"chr1"	1827881	"-"	"chr1-1827881"
"Polyclonal_95pct"	"chr1"	1860983	"-"	"chr1-1860983"
"Polyclonal_95pct"	"chr1"	6227123	"-"	"chr1-6227123"
"Polyclonal_95pct"	"chr1"	8520086	"-"	"chr1-8520086"
"Polyclonal_95pct"	"chr1"	8647494	"-"	"chr1-8647494"
"Polyclonal_95pct"	"chr1"	10270392	"-"	"chr1-10270392"
"Polyclonal_95pct"	"chr1"	10274815	"-"	"chr1-10274815"
"Polyclonal_95pct"	"chr1"	10568161	"-"	"chr1-10568161"
"Polyclonal_95pct"	"chr1"	10573456	"-"	"chr1-10573456"
"Polyclonal_95pct"	"chr1"	10586790	"-"	"chr1-10586790"
"Polyclonal_95pct"	"chr1"	12378654	"-"	"chr1-12378654"
"Polyclonal_95pct"	"chr1"	12456765	"-"	"chr1-12456765"
"Polyclonal_95pct"	"chr1"	12792778	"-"	"chr1-12792778"
"Polyclonal_95pct"	"chr1"	13771399	"-"	"chr1-13771399"
"Polyclonal_95pct"	"chr1"	15161703	"-"	"chr1-15161703"
"Polyclonal_95pct"	"chr1"	15650908	"-"	"chr1-15650908"
"Polyclonal_95pct"	"chr1"	15857630	"-"	"chr1-15857630"
"Polyclonal_95pct"	"chr1"	15861901	"-"	"chr1-15861901"
"Polyclonal_95pct"	"chr1"	19213304	"-"	"chr1-19213304"
"Polyclonal_95pct"	"chr1"	19213465	"-"	"chr1-19213465"
"Polyclonal_95pct"	"chr1"	19299238	"-"	"chr1-19299238"
"Polyclonal_95pct"	"chr1"	20853790	"-"	"chr1-20853790"
"Polyclonal_95pct"	"chr1"	20975064	"-"	"chr1-20975064"
"Polyclonal_95pct"	"chr1"	21057482	"-"	"chr1-21057482"
"Polyclonal_95pct"	"chr1"	23158972	"-"	"chr1-23158972"
"Polyclonal_95pct"	"chr1"	23977215	"-"	"chr1-23977215"
"Polyclonal_95pct"	"chr1"	24854368	"-"	"chr1-24854368"
"Polyclonal_95pct"	"chr1"	25627611	"-"	"chr1-25627611"
"Polyclonal_95pct"	"chr1"	26721179	"-"	"chr1-26721179"
"Polyclonal_95pct"	"chr1"	27013645	"-"	"chr1-27013645"
"Polyclonal_95pct"	"chr1"	28402943	"-"	"chr1-28402943"
"Polyclonal_95pct"	"chr1"	28466255	"-"	"chr1-28466255"
"Polyclonal_95pct"	"chr1"	35420223	"-"	"chr1-35420223"
"Polyclonal_95pct"	"chr1"	35764915	"-"	"chr1-35764915"
"Polyclonal_95pct"	"chr1"	35829508	"-"	"chr1-35829508"
"Polyclonal_95pct"	"chr1"	36315158	"-"	"chr1-36315158"
"Polyclonal_95pct"	"chr1"	37975006	"-"	"chr1-37975006"
"Polyclonal_95pct"	"chr1"	39300084	"-"	"chr1-39300084"
"Polyclonal_95pct"	"chr1"	39427984	"-"	"chr1-39427984"
"Polyclonal_95pct"	"chr1"	39875523	"-"	"chr1-39875523"
"Polyclonal_95pct"	"chr1"	41126006	"-"	"chr1-41126006"
"Polyclonal_95pct"	"chr1"	41132436	"-"	"chr1-41132436"
"Polyclonal_95pct"	"chr1"	42025397	"-"	"chr1-42025397"
"Polyclonal_95pct"	"chr1"	43727285	"-"	"chr1-43727285"
"Polyclonal_95pct"	"chr1"	44167839	"-"	"chr1-44167839"
"Polyclonal_95pct"	"chr1"	44896753	"-"	"chr1-44896753"
"Polyclonal_95pct"	"chr1"	44919032	"-"	"chr1-44919032"
"Polyclonal_95pct"	"chr1"	45084298	"-"	"chr1-45084298"
"Polyclonal_95pct"	"chr1"	45173888	"-"	"chr1-45173888"
"Polyclonal_95pct"	"chr1"	46235964	"-"	"chr1-46235964"
"Polyclonal_95pct"	"chr1"	47047544	"-"	"chr1-47047544"
"Polyclonal_95pct"	"chr1"	47298375	"-"	"chr1-47298375"
"Polyclonal_95pct"	"chr1"	50692807	"-"	"chr1-50692807"
"Polyclonal_95pct"	"chr1"	52180154	"-"	"chr1-52180154"
"Polyclonal_95pct"	"chr1"	52395536	"-"	"chr1-52395536"
"Polyclonal_95pct"	"chr1"	53731590	"-"	"chr1-53731590"
"Polyclonal_95pct"	"chr1"	57818764	"-"	"chr1-57818764"
"Polyclonal_95pct"	"chr1"	58031751	"-"	"chr1-58031751"
"Polyclonal_95pct"	"chr1"	58776145	"-"	"chr1-58776145"
"Polyclonal_95pct"	"chr1"	59859204	"-"	"chr1-59859204"
"Polyclonal_95pct"	"chr1"	59874712	"-"	"chr1-59874712"
"Polyclonal_95pct"	"chr1"	61769922	"-"	"chr1-61769922"
"Polyclonal_95pct"	"chr1"	65437262	"-"	"chr1-65437262"
"Polyclonal_95pct"	"chr1"	65797815	"-"	"chr1-65797815"
"Polyclonal_95pct"	"chr1"	65869880	"-"	"chr1-65869880"
"Polyclonal_95pct"	"chr1"	65870100	"-"	"chr1-65870100"
"Polyclonal_95pct"	"chr1"	65942029	"-"	"chr1-65942029"
"Polyclonal_95pct"	"chr1"	66184446	"-"	"chr1-66184446"
"Polyclonal_95pct"	"chr1"	66852169	"-"	"chr1-66852169"
"Polyclonal_95pct"	"chr1"	66974179	"-"	"chr1-66974179"
"Polyclonal_95pct"	"chr1"	68357909	"-"	"chr1-68357909"
"Polyclonal_95pct"	"chr1"	70219367	"-"	"chr1-70219367"
"Polyclonal_95pct"	"chr1"	70313812	"-"	"chr1-70313812"
"Polyclonal_95pct"	"chr1"	70491411	"-"	"chr1-70491411"
"Polyclonal_95pct"	"chr1"	72094007	"-"	"chr1-72094007"
"Polyclonal_95pct"	"chr1"	72093992	"-"	"chr1-72093992"
"Polyclonal_95pct"	"chr1"	74108163	"-"	"chr1-74108163"
"Polyclonal_95pct"	"chr1"	76560243	"-"	"chr1-76560243"
"Polyclonal_95pct"	"chr1"	78018002	"-"	"chr1-78018002"
"Polyclonal_95pct"	"chr1"	78772914	"-"	"chr1-78772914"
"Polyclonal_95pct"	"chr1"	79331965	"-"	"chr1-79331965"
"Polyclonal_95pct"	"chr1"	80102333	"-"	"chr1-80102333"
"Polyclonal_95pct"	"chr1"	80269246	"-"	"chr1-80269246"
"Polyclonal_95pct"	"chr1"	80341149	"-"	"chr1-80341149"
"Polyclonal_95pct"	"chr1"	80344171	"-"	"chr1-80344171"
"Polyclonal_95pct"	"chr1"	80664584	"-"	"chr1-80664584"
"Polyclonal_95pct"	"chr1"	80881059	"-"	"chr1-80881059"
"Polyclonal_95pct"	"chr1"	81791441	"-"	"chr1-81791441"
"Polyclonal_95pct"	"chr1"	83344380	"-"	"chr1-83344380"
"Polyclonal_95pct"	"chr1"	83892024	"-"	"chr1-83892024"
"Polyclonal_95pct"	"chr1"	83953179	"-"	"chr1-83953179"
"Polyclonal_95pct"	"chr1"	84070128	"-"	"chr1-84070128"
"Polyclonal_95pct"	"chr1"	85789986	"-"	"chr1-85789986"
"Polyclonal_95pct"	"chr1"	86235372	"-"	"chr1-86235372"
"Polyclonal_95pct"	"chr1"	86375994	"-"	"chr1-86375994"
"Polyclonal_95pct"	"chr1"	87854074	"-"	"chr1-87854074"
"Polyclonal_95pct"	"chr1"	88477778	"-"	"chr1-88477778"
"Polyclonal_95pct"	"chr1"	91105679	"-"	"chr1-91105679"
"Polyclonal_95pct"	"chr1"	92294152	"-"	"chr1-92294152"
"Polyclonal_95pct"	"chr1"	92540421	"-"	"chr1-92540421"
"Polyclonal_95pct"	"chr1"	93120706	"-"	"chr1-93120706"
"Polyclonal_95pct"	"chr1"	93140069	"-"	"chr1-93140069"
"Polyclonal_95pct"	"chr1"	93174561	"-"	"chr1-93174561"
"Polyclonal_95pct"	"chr1"	93529294	"-"	"chr1-93529294"
"Polyclonal_95pct"	"chr1"	94870929	"-"	"chr1-94870929"
"Polyclonal_95pct"	"chr1"	96823806	"-"	"chr1-96823806"
"Polyclonal_95pct"	"chr1"	96890233	"-"	"chr1-96890233"
"Polyclonal_95pct"	"chr1"	97437242	"-"	"chr1-97437242"
"Polyclonal_95pct"	"chr1"	97842306	"-"	"chr1-97842306"
"Polyclonal_95pct"	"chr1"	98738905	"-"	"chr1-98738905"
"Polyclonal_95pct"	"chr1"	98744129	"-"	"chr1-98744129"
"Polyclonal_95pct"	"chr1"	99156198	"-"	"chr1-99156198"
"Polyclonal_95pct"	"chr1"	99318780	"-"	"chr1-99318780"
"Polyclonal_95pct"	"chr1"	99872017	"-"	"chr1-99872017"
"Polyclonal_95pct"	"chr1"	100385346	"-"	"chr1-100385346"
"Polyclonal_95pct"	"chr1"	101435297	"-"	"chr1-101435297"
"Polyclonal_95pct"	"chr1"	101755612	"-"	"chr1-101755612"
"Polyclonal_95pct"	"chr1"	102175972	"-"	"chr1-102175972"
"Polyclonal_95pct"	"chr1"	102388184	"-"	"chr1-102388184"
"Polyclonal_95pct"	"chr1"	102812730	"-"	"chr1-102812730"
"Polyclonal_95pct"	"chr1"	102936792	"-"	"chr1-102936792"
"Polyclonal_95pct"	"chr1"	103211774	"-"	"chr1-103211774"
"Polyclonal_95pct"	"chr1"	103543239	"-"	"chr1-103543239"
"Polyclonal_95pct"	"chr1"	104072161	"-"	"chr1-104072161"
"Polyclonal_95pct"	"chr1"	104179881	"-"	"chr1-104179881"
"Polyclonal_95pct"	"chr1"	104779556	"-"	"chr1-104779556"
"Polyclonal_95pct"	"chr1"	104972119	"-"	"chr1-104972119"
"Polyclonal_95pct"	"chr1"	104994435	"-"	"chr1-104994435"
"Polyclonal_95pct"	"chr1"	105182705	"-"	"chr1-105182705"
"Polyclonal_95pct"	"chr1"	105331563	"-"	"chr1-105331563"
"Polyclonal_95pct"	"chr1"	105702373	"-"	"chr1-105702373"
"Polyclonal_95pct"	"chr1"	105728243	"-"	"chr1-105728243"
"Polyclonal_95pct"	"chr1"	105798861	"-"	"chr1-105798861"
"Polyclonal_95pct"	"chr1"	105902632	"-"	"chr1-105902632"
"Polyclonal_95pct"	"chr1"	106224857	"-"	"chr1-106224857"
"Polyclonal_95pct"	"chr1"	106230129	"-"	"chr1-106230129"
"Polyclonal_95pct"	"chr1"	107405172	"-"	"chr1-107405172"
"Polyclonal_95pct"	"chr1"	108755829	"-"	"chr1-108755829"
"Polyclonal_95pct"	"chr1"	108770821	"-"	"chr1-108770821"
"Polyclonal_95pct"	"chr1"	115000863	"-"	"chr1-115000863"
"Polyclonal_95pct"	"chr1"	117626333	"-"	"chr1-117626333"
"Polyclonal_95pct"	"chr1"	119131982	"-"	"chr1-119131982"
"Polyclonal_95pct"	"chr1"	119713566	"-"	"chr1-119713566"
"Polyclonal_95pct"	"chr1"	120040195	"-"	"chr1-120040195"
"Polyclonal_95pct"	"chr1"	120095913	"-"	"chr1-120095913"
"Polyclonal_95pct"	"chr1"	144446546	"-"	"chr1-144446546"
"Polyclonal_95pct"	"chr1"	144446053	"-"	"chr1-144446053"
"Polyclonal_95pct"	"chr1"	144556209	"-"	"chr1-144556209"
"Polyclonal_95pct"	"chr1"	145939796	"-"	"chr1-145939796"
"Polyclonal_95pct"	"chr1"	145938673	"-"	"chr1-145938673"
"Polyclonal_95pct"	"chr1"	146005213	"-"	"chr1-146005213"
"Polyclonal_95pct"	"chr1"	146208696	"-"	"chr1-146208696"
"Polyclonal_95pct"	"chr1"	147213561	"-"	"chr1-147213561"
"Polyclonal_95pct"	"chr1"	148190041	"-"	"chr1-148190041"
"Polyclonal_95pct"	"chr1"	148659437	"-"	"chr1-148659437"
"Polyclonal_95pct"	"chr1"	149088524	"-"	"chr1-149088524"
"Polyclonal_95pct"	"chr1"	149844604	"-"	"chr1-149844604"
"Polyclonal_95pct"	"chr1"	150391941	"-"	"chr1-150391941"
"Polyclonal_95pct"	"chr1"	150855666	"-"	"chr1-150855666"
"Polyclonal_95pct"	"chr1"	150909107	"-"	"chr1-150909107"
"Polyclonal_95pct"	"chr1"	151317180	"-"	"chr1-151317180"
"Polyclonal_95pct"	"chr1"	151427760	"-"	"chr1-151427760"
"Polyclonal_95pct"	"chr1"	151472626	"-"	"chr1-151472626"
"Polyclonal_95pct"	"chr1"	151552034	"-"	"chr1-151552034"
"Polyclonal_95pct"	"chr1"	151615577	"-"	"chr1-151615577"
"Polyclonal_95pct"	"chr1"	151783869	"-"	"chr1-151783869"
"Polyclonal_95pct"	"chr1"	151957753	"-"	"chr1-151957753"
"Polyclonal_95pct"	"chr1"	152451187	"-"	"chr1-152451187"
"Polyclonal_95pct"	"chr1"	152492687	"-"	"chr1-152492687"
"Polyclonal_95pct"	"chr1"	153578431	"-"	"chr1-153578431"
"Polyclonal_95pct"	"chr1"	153888320	"-"	"chr1-153888320"
"Polyclonal_95pct"	"chr1"	154072171	"-"	"chr1-154072171"
"Polyclonal_95pct"	"chr1"	154228474	"-"	"chr1-154228474"
"Polyclonal_95pct"	"chr1"	154525685	"-"	"chr1-154525685"
"Polyclonal_95pct"	"chr1"	154655612	"-"	"chr1-154655612"
"Polyclonal_95pct"	"chr1"	154800571	"-"	"chr1-154800571"
"Polyclonal_95pct"	"chr1"	155109064	"-"	"chr1-155109064"
"Polyclonal_95pct"	"chr1"	155133468	"-"	"chr1-155133468"
"Polyclonal_95pct"	"chr1"	155367859	"-"	"chr1-155367859"
"Polyclonal_95pct"	"chr1"	155461060	"-"	"chr1-155461060"
"Polyclonal_95pct"	"chr1"	155460939	"-"	"chr1-155460939"
"Polyclonal_95pct"	"chr1"	155472537	"-"	"chr1-155472537"
"Polyclonal_95pct"	"chr1"	155557299	"-"	"chr1-155557299"
"Polyclonal_95pct"	"chr1"	155931751	"-"	"chr1-155931751"
"Polyclonal_95pct"	"chr1"	156185700	"-"	"chr1-156185700"
"Polyclonal_95pct"	"chr1"	156220463	"-"	"chr1-156220463"
"Polyclonal_95pct"	"chr1"	156315415	"-"	"chr1-156315415"
"Polyclonal_95pct"	"chr1"	156775426	"-"	"chr1-156775426"
"Polyclonal_95pct"	"chr1"	156789506	"-"	"chr1-156789506"
"Polyclonal_95pct"	"chr1"	157361911	"-"	"chr1-157361911"
"Polyclonal_95pct"	"chr1"	157668827	"-"	"chr1-157668827"
"Polyclonal_95pct"	"chr1"	157711953	"-"	"chr1-157711953"
"Polyclonal_95pct"	"chr1"	158667370	"-"	"chr1-158667370"
"Polyclonal_95pct"	"chr1"	158698845	"-"	"chr1-158698845"
"Polyclonal_95pct"	"chr1"	160207430	"-"	"chr1-160207430"
"Polyclonal_95pct"	"chr1"	160605072	"-"	"chr1-160605072"
"Polyclonal_95pct"	"chr1"	161376789	"-"	"chr1-161376789"
"Polyclonal_95pct"	"chr1"	161410811	"-"	"chr1-161410811"
"Polyclonal_95pct"	"chr1"	162406555	"-"	"chr1-162406555"
"Polyclonal_95pct"	"chr1"	163789030	"-"	"chr1-163789030"
"Polyclonal_95pct"	"chr1"	164618639	"-"	"chr1-164618639"
"Polyclonal_95pct"	"chr1"	166628665	"-"	"chr1-166628665"
"Polyclonal_95pct"	"chr1"	167228889	"-"	"chr1-167228889"
"Polyclonal_95pct"	"chr1"	167339958	"-"	"chr1-167339958"
"Polyclonal_95pct"	"chr1"	167361348	"-"	"chr1-167361348"
"Polyclonal_95pct"	"chr1"	169836343	"-"	"chr1-169836343"
"Polyclonal_95pct"	"chr1"	170038946	"-"	"chr1-170038946"
"Polyclonal_95pct"	"chr1"	170969771	"-"	"chr1-170969771"
"Polyclonal_95pct"	"chr1"	171071847	"-"	"chr1-171071847"
"Polyclonal_95pct"	"chr1"	171849725	"-"	"chr1-171849725"
"Polyclonal_95pct"	"chr1"	172086222	"-"	"chr1-172086222"
"Polyclonal_95pct"	"chr1"	172899883	"-"	"chr1-172899883"
"Polyclonal_95pct"	"chr1"	173753079	"-"	"chr1-173753079"
"Polyclonal_95pct"	"chr1"	173831204	"-"	"chr1-173831204"
"Polyclonal_95pct"	"chr1"	174005375	"-"	"chr1-174005375"
"Polyclonal_95pct"	"chr1"	174455626	"-"	"chr1-174455626"
"Polyclonal_95pct"	"chr1"	174822458	"-"	"chr1-174822458"
"Polyclonal_95pct"	"chr1"	174890900	"-"	"chr1-174890900"
"Polyclonal_95pct"	"chr1"	176403049	"-"	"chr1-176403049"
"Polyclonal_95pct"	"chr1"	178744507	"-"	"chr1-178744507"
"Polyclonal_95pct"	"chr1"	178833169	"-"	"chr1-178833169"
"Polyclonal_95pct"	"chr1"	178895987	"-"	"chr1-178895987"
"Polyclonal_95pct"	"chr1"	183674255	"-"	"chr1-183674255"
"Polyclonal_95pct"	"chr1"	183835138	"-"	"chr1-183835138"
"Polyclonal_95pct"	"chr1"	184529536	"-"	"chr1-184529536"
"Polyclonal_95pct"	"chr1"	184862346	"-"	"chr1-184862346"
"Polyclonal_95pct"	"chr1"	185151201	"-"	"chr1-185151201"
"Polyclonal_95pct"	"chr1"	185203544	"-"	"chr1-185203544"
"Polyclonal_95pct"	"chr1"	185265787	"-"	"chr1-185265787"
"Polyclonal_95pct"	"chr1"	185312918	"-"	"chr1-185312918"
"Polyclonal_95pct"	"chr1"	185979115	"-"	"chr1-185979115"
"Polyclonal_95pct"	"chr1"	186041188	"-"	"chr1-186041188"
"Polyclonal_95pct"	"chr1"	186325960	"-"	"chr1-186325960"
"Polyclonal_95pct"	"chr1"	186351518	"-"	"chr1-186351518"
"Polyclonal_95pct"	"chr1"	186361503	"-"	"chr1-186361503"
"Polyclonal_95pct"	"chr1"	186400014	"-"	"chr1-186400014"
"Polyclonal_95pct"	"chr1"	186789457	"-"	"chr1-186789457"
"Polyclonal_95pct"	"chr1"	187354665	"-"	"chr1-187354665"
"Polyclonal_95pct"	"chr1"	187969818	"-"	"chr1-187969818"
"Polyclonal_95pct"	"chr1"	188098966	"-"	"chr1-188098966"
"Polyclonal_95pct"	"chr1"	188101061	"-"	"chr1-188101061"
"Polyclonal_95pct"	"chr1"	188658874	"-"	"chr1-188658874"
"Polyclonal_95pct"	"chr1"	188720436	"-"	"chr1-188720436"
"Polyclonal_95pct"	"chr1"	189112031	"-"	"chr1-189112031"
"Polyclonal_95pct"	"chr1"	189347956	"-"	"chr1-189347956"
"Polyclonal_95pct"	"chr1"	189354548	"-"	"chr1-189354548"
"Polyclonal_95pct"	"chr1"	189699334	"-"	"chr1-189699334"
"Polyclonal_95pct"	"chr1"	190107682	"-"	"chr1-190107682"
"Polyclonal_95pct"	"chr1"	190225269	"-"	"chr1-190225269"
"Polyclonal_95pct"	"chr1"	190242524	"-"	"chr1-190242524"
"Polyclonal_95pct"	"chr1"	190377589	"-"	"chr1-190377589"
"Polyclonal_95pct"	"chr1"	190429578	"-"	"chr1-190429578"
"Polyclonal_95pct"	"chr1"	190561330	"-"	"chr1-190561330"
"Polyclonal_95pct"	"chr1"	190748771	"-"	"chr1-190748771"
"Polyclonal_95pct"	"chr1"	190871874	"-"	"chr1-190871874"
"Polyclonal_95pct"	"chr1"	191193756	"-"	"chr1-191193756"
"Polyclonal_95pct"	"chr1"	191294487	"-"	"chr1-191294487"
"Polyclonal_95pct"	"chr1"	191343266	"-"	"chr1-191343266"
"Polyclonal_95pct"	"chr1"	191639118	"-"	"chr1-191639118"
"Polyclonal_95pct"	"chr1"	191799605	"-"	"chr1-191799605"
"Polyclonal_95pct"	"chr1"	191837244	"-"	"chr1-191837244"
"Polyclonal_95pct"	"chr1"	191877620	"-"	"chr1-191877620"
"Polyclonal_95pct"	"chr1"	192165750	"-"	"chr1-192165750"
"Polyclonal_95pct"	"chr1"	192239121	"-"	"chr1-192239121"
"Polyclonal_95pct"	"chr1"	192301751	"-"	"chr1-192301751"
"Polyclonal_95pct"	"chr1"	192529139	"-"	"chr1-192529139"
"Polyclonal_95pct"	"chr1"	192579119	"-"	"chr1-192579119"
"Polyclonal_95pct"	"chr1"	192636229	"-"	"chr1-192636229"
"Polyclonal_95pct"	"chr1"	193593777	"-"	"chr1-193593777"
"Polyclonal_95pct"	"chr1"	193725448	"-"	"chr1-193725448"
"Polyclonal_95pct"	"chr1"	193895783	"-"	"chr1-193895783"
"Polyclonal_95pct"	"chr1"	194279665	"-"	"chr1-194279665"
"Polyclonal_95pct"	"chr1"	194835367	"-"	"chr1-194835367"
"Polyclonal_95pct"	"chr1"	194870020	"-"	"chr1-194870020"
"Polyclonal_95pct"	"chr1"	194880250	"-"	"chr1-194880250"
"Polyclonal_95pct"	"chr1"	194889882	"-"	"chr1-194889882"
"Polyclonal_95pct"	"chr1"	194991805	"-"	"chr1-194991805"
"Polyclonal_95pct"	"chr1"	195350981	"-"	"chr1-195350981"
"Polyclonal_95pct"	"chr1"	195607666	"-"	"chr1-195607666"
"Polyclonal_95pct"	"chr1"	195778780	"-"	"chr1-195778780"
"Polyclonal_95pct"	"chr1"	195875608	"-"	"chr1-195875608"
"Polyclonal_95pct"	"chr1"	197173088	"-"	"chr1-197173088"
"Polyclonal_95pct"	"chr1"	197269026	"-"	"chr1-197269026"
"Polyclonal_95pct"	"chr1"	197568424	"-"	"chr1-197568424"
"Polyclonal_95pct"	"chr1"	197790093	"-"	"chr1-197790093"
"Polyclonal_95pct"	"chr1"	197792648	"-"	"chr1-197792648"
"Polyclonal_95pct"	"chr1"	198057674	"-"	"chr1-198057674"
"Polyclonal_95pct"	"chr1"	199246928	"-"	"chr1-199246928"
"Polyclonal_95pct"	"chr1"	199415379	"-"	"chr1-199415379"
"Polyclonal_95pct"	"chr1"	199840415	"-"	"chr1-199840415"
"Polyclonal_95pct"	"chr1"	200451147	"-"	"chr1-200451147"
"Polyclonal_95pct"	"chr1"	200819566	"-"	"chr1-200819566"
"Polyclonal_95pct"	"chr1"	202556711	"-"	"chr1-202556711"
"Polyclonal_95pct"	"chr1"	204395995	"-"	"chr1-204395995"
"Polyclonal_95pct"	"chr1"	206090099	"-"	"chr1-206090099"
"Polyclonal_95pct"	"chr1"	206408001	"-"	"chr1-206408001"
"Polyclonal_95pct"	"chr1"	206813419	"-"	"chr1-206813419"
"Polyclonal_95pct"	"chr1"	207347922	"-"	"chr1-207347922"
"Polyclonal_95pct"	"chr1"	207478613	"-"	"chr1-207478613"
"Polyclonal_95pct"	"chr1"	208425324	"-"	"chr1-208425324"
"Polyclonal_95pct"	"chr1"	210053192	"-"	"chr1-210053192"
"Polyclonal_95pct"	"chr1"	211572506	"-"	"chr1-211572506"
"Polyclonal_95pct"	"chr1"	211672510	"-"	"chr1-211672510"
"Polyclonal_95pct"	"chr1"	211762489	"-"	"chr1-211762489"
"Polyclonal_95pct"	"chr1"	211983330	"-"	"chr1-211983330"
"Polyclonal_95pct"	"chr1"	212576016	"-"	"chr1-212576016"
"Polyclonal_95pct"	"chr1"	212785325	"-"	"chr1-212785325"
"Polyclonal_95pct"	"chr1"	214069054	"-"	"chr1-214069054"
"Polyclonal_95pct"	"chr1"	214540175	"-"	"chr1-214540175"
"Polyclonal_95pct"	"chr1"	214895591	"-"	"chr1-214895591"
"Polyclonal_95pct"	"chr1"	215587235	"-"	"chr1-215587235"
"Polyclonal_95pct"	"chr1"	215602420	"-"	"chr1-215602420"
"Polyclonal_95pct"	"chr1"	215754580	"-"	"chr1-215754580"
"Polyclonal_95pct"	"chr1"	215807584	"-"	"chr1-215807584"
"Polyclonal_95pct"	"chr1"	216592935	"-"	"chr1-216592935"
"Polyclonal_95pct"	"chr1"	216731343	"-"	"chr1-216731343"
"Polyclonal_95pct"	"chr1"	217252383	"-"	"chr1-217252383"
"Polyclonal_95pct"	"chr1"	217583453	"-"	"chr1-217583453"
"Polyclonal_95pct"	"chr1"	217593391	"-"	"chr1-217593391"
"Polyclonal_95pct"	"chr1"	217753057	"-"	"chr1-217753057"
"Polyclonal_95pct"	"chr1"	218149998	"-"	"chr1-218149998"
"Polyclonal_95pct"	"chr1"	219185441	"-"	"chr1-219185441"
"Polyclonal_95pct"	"chr1"	219969341	"-"	"chr1-219969341"
"Polyclonal_95pct"	"chr1"	220121462	"-"	"chr1-220121462"
"Polyclonal_95pct"	"chr1"	220242024	"-"	"chr1-220242024"
"Polyclonal_95pct"	"chr1"	220261790	"-"	"chr1-220261790"
"Polyclonal_95pct"	"chr1"	221892223	"-"	"chr1-221892223"
"Polyclonal_95pct"	"chr1"	222582262	"-"	"chr1-222582262"
"Polyclonal_95pct"	"chr1"	222863884	"-"	"chr1-222863884"
"Polyclonal_95pct"	"chr1"	222992143	"-"	"chr1-222992143"
"Polyclonal_95pct"	"chr1"	224396281	"-"	"chr1-224396281"
"Polyclonal_95pct"	"chr1"	224578335	"-"	"chr1-224578335"
"Polyclonal_95pct"	"chr1"	224968771	"-"	"chr1-224968771"
"Polyclonal_95pct"	"chr1"	225123414	"-"	"chr1-225123414"
"Polyclonal_95pct"	"chr1"	225230848	"-"	"chr1-225230848"
"Polyclonal_95pct"	"chr1"	225852399	"-"	"chr1-225852399"
"Polyclonal_95pct"	"chr1"	226102084	"-"	"chr1-226102084"
"Polyclonal_95pct"	"chr1"	226249196	"-"	"chr1-226249196"
"Polyclonal_95pct"	"chr1"	226822268	"-"	"chr1-226822268"
"Polyclonal_95pct"	"chr1"	227098263	"-"	"chr1-227098263"
"Polyclonal_95pct"	"chr1"	227147588	"-"	"chr1-227147588"
"Polyclonal_95pct"	"chr1"	227198462	"-"	"chr1-227198462"
"Polyclonal_95pct"	"chr1"	229298456	"-"	"chr1-229298456"
"Polyclonal_95pct"	"chr1"	230683804	"-"	"chr1-230683804"
"Polyclonal_95pct"	"chr1"	231363412	"-"	"chr1-231363412"
"Polyclonal_95pct"	"chr1"	231404121	"-"	"chr1-231404121"
"Polyclonal_95pct"	"chr1"	231548516	"-"	"chr1-231548516"
"Polyclonal_95pct"	"chr1"	231661168	"-"	"chr1-231661168"
"Polyclonal_95pct"	"chr1"	233649299	"-"	"chr1-233649299"
"Polyclonal_95pct"	"chr1"	233681927	"-"	"chr1-233681927"
"Polyclonal_95pct"	"chr1"	233681933	"-"	"chr1-233681933"
"Polyclonal_95pct"	"chr1"	233682190	"-"	"chr1-233682190"
"Polyclonal_95pct"	"chr1"	234604165	"-"	"chr1-234604165"
"Polyclonal_95pct"	"chr1"	235036588	"-"	"chr1-235036588"
"Polyclonal_95pct"	"chr1"	235742379	"-"	"chr1-235742379"
"Polyclonal_95pct"	"chr1"	237683300	"-"	"chr1-237683300"
"Polyclonal_95pct"	"chr1"	238548402	"-"	"chr1-238548402"
"Polyclonal_95pct"	"chr1"	239087266	"-"	"chr1-239087266"
"Polyclonal_95pct"	"chr1"	240167252	"-"	"chr1-240167252"
"Polyclonal_95pct"	"chr1"	240908763	"-"	"chr1-240908763"
"Polyclonal_95pct"	"chr1"	241616430	"-"	"chr1-241616430"
"Polyclonal_95pct"	"chr1"	242213017	"-"	"chr1-242213017"
"Polyclonal_95pct"	"chr1"	244578344	"-"	"chr1-244578344"
"Polyclonal_95pct"	"chr1"	246085487	"-"	"chr1-246085487"
"Polyclonal_95pct"	"chr1"	248208362	"-"	"chr1-248208362"
"Polyclonal_95pct"	"chr1"	248302549	"-"	"chr1-248302549"
"Polyclonal_95pct"	"chr2"	2466856	"+"	"chr2+2466856"
"Polyclonal_95pct"	"chr2"	4818227	"+"	"chr2+4818227"
"Polyclonal_95pct"	"chr2"	5633008	"+"	"chr2+5633008"
"Polyclonal_95pct"	"chr2"	10353377	"+"	"chr2+10353377"
"Polyclonal_95pct"	"chr2"	11207902	"+"	"chr2+11207902"
"Polyclonal_95pct"	"chr2"	11228572	"+"	"chr2+11228572"
"Polyclonal_95pct"	"chr2"	11279925	"+"	"chr2+11279925"
"Polyclonal_95pct"	"chr2"	12029837	"+"	"chr2+12029837"
"Polyclonal_95pct"	"chr2"	13496201	"+"	"chr2+13496201"
"Polyclonal_95pct"	"chr2"	13914498	"+"	"chr2+13914498"
"Polyclonal_95pct"	"chr2"	15322657	"+"	"chr2+15322657"
"Polyclonal_95pct"	"chr2"	15346049	"+"	"chr2+15346049"
"Polyclonal_95pct"	"chr2"	16538932	"+"	"chr2+16538932"
"Polyclonal_95pct"	"chr2"	17029336	"+"	"chr2+17029336"
"Polyclonal_95pct"	"chr2"	17288608	"+"	"chr2+17288608"
"Polyclonal_95pct"	"chr2"	22527652	"+"	"chr2+22527652"
"Polyclonal_95pct"	"chr2"	22820270	"+"	"chr2+22820270"
"Polyclonal_95pct"	"chr2"	24696771	"+"	"chr2+24696771"
"Polyclonal_95pct"	"chr2"	27341362	"+"	"chr2+27341362"
"Polyclonal_95pct"	"chr2"	27641926	"+"	"chr2+27641926"
"Polyclonal_95pct"	"chr2"	27805689	"+"	"chr2+27805689"
"Polyclonal_95pct"	"chr2"	27991329	"+"	"chr2+27991329"
"Polyclonal_95pct"	"chr2"	33501345	"+"	"chr2+33501345"
"Polyclonal_95pct"	"chr2"	33532175	"+"	"chr2+33532175"
"Polyclonal_95pct"	"chr2"	34409904	"+"	"chr2+34409904"
"Polyclonal_95pct"	"chr2"	35223688	"+"	"chr2+35223688"
"Polyclonal_95pct"	"chr2"	35263276	"+"	"chr2+35263276"
"Polyclonal_95pct"	"chr2"	35869913	"+"	"chr2+35869913"
"Polyclonal_95pct"	"chr2"	36890958	"+"	"chr2+36890958"
"Polyclonal_95pct"	"chr2"	38414018	"+"	"chr2+38414018"
"Polyclonal_95pct"	"chr2"	38414393	"+"	"chr2+38414393"
"Polyclonal_95pct"	"chr2"	39282172	"+"	"chr2+39282172"
"Polyclonal_95pct"	"chr2"	39344408	"+"	"chr2+39344408"
"Polyclonal_95pct"	"chr2"	40208570	"+"	"chr2+40208570"
"Polyclonal_95pct"	"chr2"	40425208	"+"	"chr2+40425208"
"Polyclonal_95pct"	"chr2"	42284855	"+"	"chr2+42284855"
"Polyclonal_95pct"	"chr2"	43675508	"+"	"chr2+43675508"
"Polyclonal_95pct"	"chr2"	44484776	"+"	"chr2+44484776"
"Polyclonal_95pct"	"chr2"	44499083	"+"	"chr2+44499083"
"Polyclonal_95pct"	"chr2"	46719042	"+"	"chr2+46719042"
"Polyclonal_95pct"	"chr2"	48373361	"+"	"chr2+48373361"
"Polyclonal_95pct"	"chr2"	48489084	"+"	"chr2+48489084"
"Polyclonal_95pct"	"chr2"	49274161	"+"	"chr2+49274161"
"Polyclonal_95pct"	"chr2"	49512178	"+"	"chr2+49512178"
"Polyclonal_95pct"	"chr2"	49734021	"+"	"chr2+49734021"
"Polyclonal_95pct"	"chr2"	50046467	"+"	"chr2+50046467"
"Polyclonal_95pct"	"chr2"	50725086	"+"	"chr2+50725086"
"Polyclonal_95pct"	"chr2"	51164706	"+"	"chr2+51164706"
"Polyclonal_95pct"	"chr2"	51653515	"+"	"chr2+51653515"
"Polyclonal_95pct"	"chr2"	52119923	"+"	"chr2+52119923"
"Polyclonal_95pct"	"chr2"	53155940	"+"	"chr2+53155940"
"Polyclonal_95pct"	"chr2"	54226964	"+"	"chr2+54226964"
"Polyclonal_95pct"	"chr2"	55020695	"+"	"chr2+55020695"
"Polyclonal_95pct"	"chr2"	55848564	"+"	"chr2+55848564"
"Polyclonal_95pct"	"chr2"	57110269	"+"	"chr2+57110269"
"Polyclonal_95pct"	"chr2"	57114963	"+"	"chr2+57114963"
"Polyclonal_95pct"	"chr2"	57158563	"+"	"chr2+57158563"
"Polyclonal_95pct"	"chr2"	57813054	"+"	"chr2+57813054"
"Polyclonal_95pct"	"chr2"	57974671	"+"	"chr2+57974671"
"Polyclonal_95pct"	"chr2"	58320447	"+"	"chr2+58320447"
"Polyclonal_95pct"	"chr2"	58679460	"+"	"chr2+58679460"
"Polyclonal_95pct"	"chr2"	59004218	"+"	"chr2+59004218"
"Polyclonal_95pct"	"chr2"	61310148	"+"	"chr2+61310148"
"Polyclonal_95pct"	"chr2"	61820909	"+"	"chr2+61820909"
"Polyclonal_95pct"	"chr2"	62641284	"+"	"chr2+62641284"
"Polyclonal_95pct"	"chr2"	62860364	"+"	"chr2+62860364"
"Polyclonal_95pct"	"chr2"	64975685	"+"	"chr2+64975685"
"Polyclonal_95pct"	"chr2"	68276119	"+"	"chr2+68276119"
"Polyclonal_95pct"	"chr2"	68504882	"+"	"chr2+68504882"
"Polyclonal_95pct"	"chr2"	68519663	"+"	"chr2+68519663"
"Polyclonal_95pct"	"chr2"	68681007	"+"	"chr2+68681007"
"Polyclonal_95pct"	"chr2"	69601952	"+"	"chr2+69601952"
"Polyclonal_95pct"	"chr2"	71399710	"+"	"chr2+71399710"
"Polyclonal_95pct"	"chr2"	72050815	"+"	"chr2+72050815"
"Polyclonal_95pct"	"chr2"	74201746	"+"	"chr2+74201746"
"Polyclonal_95pct"	"chr2"	74321565	"+"	"chr2+74321565"
"Polyclonal_95pct"	"chr2"	74613616	"+"	"chr2+74613616"
"Polyclonal_95pct"	"chr2"	75964106	"+"	"chr2+75964106"
"Polyclonal_95pct"	"chr2"	76076241	"+"	"chr2+76076241"
"Polyclonal_95pct"	"chr2"	76192034	"+"	"chr2+76192034"
"Polyclonal_95pct"	"chr2"	76542779	"+"	"chr2+76542779"
"Polyclonal_95pct"	"chr2"	78067740	"+"	"chr2+78067740"
"Polyclonal_95pct"	"chr2"	78185077	"+"	"chr2+78185077"
"Polyclonal_95pct"	"chr2"	79306214	"+"	"chr2+79306214"
"Polyclonal_95pct"	"chr2"	79543668	"+"	"chr2+79543668"
"Polyclonal_95pct"	"chr2"	79869676	"+"	"chr2+79869676"
"Polyclonal_95pct"	"chr2"	81906412	"+"	"chr2+81906412"
"Polyclonal_95pct"	"chr2"	82032518	"+"	"chr2+82032518"
"Polyclonal_95pct"	"chr2"	82036739	"+"	"chr2+82036739"
"Polyclonal_95pct"	"chr2"	82922808	"+"	"chr2+82922808"
"Polyclonal_95pct"	"chr2"	83911454	"+"	"chr2+83911454"
"Polyclonal_95pct"	"chr2"	85523446	"+"	"chr2+85523446"
"Polyclonal_95pct"	"chr2"	86452425	"+"	"chr2+86452425"
"Polyclonal_95pct"	"chr2"	88571904	"+"	"chr2+88571904"
"Polyclonal_95pct"	"chr2"	90111389	"+"	"chr2+90111389"
"Polyclonal_95pct"	"chr2"	96237888	"+"	"chr2+96237888"
"Polyclonal_95pct"	"chr2"	96425069	"+"	"chr2+96425069"
"Polyclonal_95pct"	"chr2"	101444919	"+"	"chr2+101444919"
"Polyclonal_95pct"	"chr2"	103034940	"+"	"chr2+103034940"
"Polyclonal_95pct"	"chr2"	103449093	"+"	"chr2+103449093"
"Polyclonal_95pct"	"chr2"	114703190	"+"	"chr2+114703190"
"Polyclonal_95pct"	"chr2"	115566297	"+"	"chr2+115566297"
"Polyclonal_95pct"	"chr2"	115765786	"+"	"chr2+115765786"
"Polyclonal_95pct"	"chr2"	116308847	"+"	"chr2+116308847"
"Polyclonal_95pct"	"chr2"	116548291	"+"	"chr2+116548291"
"Polyclonal_95pct"	"chr2"	116738234	"+"	"chr2+116738234"
"Polyclonal_95pct"	"chr2"	119934017	"+"	"chr2+119934017"
"Polyclonal_95pct"	"chr2"	123384129	"+"	"chr2+123384129"
"Polyclonal_95pct"	"chr2"	123429823	"+"	"chr2+123429823"
"Polyclonal_95pct"	"chr2"	123634167	"+"	"chr2+123634167"
"Polyclonal_95pct"	"chr2"	123701624	"+"	"chr2+123701624"
"Polyclonal_95pct"	"chr2"	124761353	"+"	"chr2+124761353"
"Polyclonal_95pct"	"chr2"	125107970	"+"	"chr2+125107970"
"Polyclonal_95pct"	"chr2"	125183663	"+"	"chr2+125183663"
"Polyclonal_95pct"	"chr2"	133475439	"+"	"chr2+133475439"
"Polyclonal_95pct"	"chr2"	138385267	"+"	"chr2+138385267"
"Polyclonal_95pct"	"chr2"	138555119	"+"	"chr2+138555119"
"Polyclonal_95pct"	"chr2"	139509636	"+"	"chr2+139509636"
"Polyclonal_95pct"	"chr2"	140225933	"+"	"chr2+140225933"
"Polyclonal_95pct"	"chr2"	142099441	"+"	"chr2+142099441"
"Polyclonal_95pct"	"chr2"	142460161	"+"	"chr2+142460161"
"Polyclonal_95pct"	"chr2"	143157444	"+"	"chr2+143157444"
"Polyclonal_95pct"	"chr2"	144726743	"+"	"chr2+144726743"
"Polyclonal_95pct"	"chr2"	145047596	"+"	"chr2+145047596"
"Polyclonal_95pct"	"chr2"	147237305	"+"	"chr2+147237305"
"Polyclonal_95pct"	"chr2"	147674172	"+"	"chr2+147674172"
"Polyclonal_95pct"	"chr2"	148738096	"+"	"chr2+148738096"
"Polyclonal_95pct"	"chr2"	150669320	"+"	"chr2+150669320"
"Polyclonal_95pct"	"chr2"	152447423	"+"	"chr2+152447423"
"Polyclonal_95pct"	"chr2"	152680714	"+"	"chr2+152680714"
"Polyclonal_95pct"	"chr2"	153747337	"+"	"chr2+153747337"
"Polyclonal_95pct"	"chr2"	154039315	"+"	"chr2+154039315"
"Polyclonal_95pct"	"chr2"	154750022	"+"	"chr2+154750022"
"Polyclonal_95pct"	"chr2"	154922949	"+"	"chr2+154922949"
"Polyclonal_95pct"	"chr2"	156000668	"+"	"chr2+156000668"
"Polyclonal_95pct"	"chr2"	156502219	"+"	"chr2+156502219"
"Polyclonal_95pct"	"chr2"	156800227	"+"	"chr2+156800227"
"Polyclonal_95pct"	"chr2"	157696901	"+"	"chr2+157696901"
"Polyclonal_95pct"	"chr2"	159247189	"+"	"chr2+159247189"
"Polyclonal_95pct"	"chr2"	161233546	"+"	"chr2+161233546"
"Polyclonal_95pct"	"chr2"	161844081	"+"	"chr2+161844081"
"Polyclonal_95pct"	"chr2"	162202768	"+"	"chr2+162202768"
"Polyclonal_95pct"	"chr2"	162249658	"+"	"chr2+162249658"
"Polyclonal_95pct"	"chr2"	162341654	"+"	"chr2+162341654"
"Polyclonal_95pct"	"chr2"	163519138	"+"	"chr2+163519138"
"Polyclonal_95pct"	"chr2"	164134167	"+"	"chr2+164134167"
"Polyclonal_95pct"	"chr2"	164732353	"+"	"chr2+164732353"
"Polyclonal_95pct"	"chr2"	164912076	"+"	"chr2+164912076"
"Polyclonal_95pct"	"chr2"	165896554	"+"	"chr2+165896554"
"Polyclonal_95pct"	"chr2"	165980516	"+"	"chr2+165980516"
"Polyclonal_95pct"	"chr2"	166305337	"+"	"chr2+166305337"
"Polyclonal_95pct"	"chr2"	167526789	"+"	"chr2+167526789"
"Polyclonal_95pct"	"chr2"	168233485	"+"	"chr2+168233485"
"Polyclonal_95pct"	"chr2"	168468842	"+"	"chr2+168468842"
"Polyclonal_95pct"	"chr2"	169952683	"+"	"chr2+169952683"
"Polyclonal_95pct"	"chr2"	174107607	"+"	"chr2+174107607"
"Polyclonal_95pct"	"chr2"	174205278	"+"	"chr2+174205278"
"Polyclonal_95pct"	"chr2"	174846697	"+"	"chr2+174846697"
"Polyclonal_95pct"	"chr2"	175073100	"+"	"chr2+175073100"
"Polyclonal_95pct"	"chr2"	178261311	"+"	"chr2+178261311"
"Polyclonal_95pct"	"chr2"	180806157	"+"	"chr2+180806157"
"Polyclonal_95pct"	"chr2"	180895499	"+"	"chr2+180895499"
"Polyclonal_95pct"	"chr2"	181256965	"+"	"chr2+181256965"
"Polyclonal_95pct"	"chr2"	181321004	"+"	"chr2+181321004"
"Polyclonal_95pct"	"chr2"	181466005	"+"	"chr2+181466005"
"Polyclonal_95pct"	"chr2"	181480524	"+"	"chr2+181480524"
"Polyclonal_95pct"	"chr2"	181901983	"+"	"chr2+181901983"
"Polyclonal_95pct"	"chr2"	182118623	"+"	"chr2+182118623"
"Polyclonal_95pct"	"chr2"	182325840	"+"	"chr2+182325840"
"Polyclonal_95pct"	"chr2"	182439518	"+"	"chr2+182439518"
"Polyclonal_95pct"	"chr2"	182928620	"+"	"chr2+182928620"
"Polyclonal_95pct"	"chr2"	182929011	"+"	"chr2+182929011"
"Polyclonal_95pct"	"chr2"	183895535	"+"	"chr2+183895535"
"Polyclonal_95pct"	"chr2"	184586087	"+"	"chr2+184586087"
"Polyclonal_95pct"	"chr2"	185043359	"+"	"chr2+185043359"
"Polyclonal_95pct"	"chr2"	185162573	"+"	"chr2+185162573"
"Polyclonal_95pct"	"chr2"	185172990	"+"	"chr2+185172990"
"Polyclonal_95pct"	"chr2"	185603085	"+"	"chr2+185603085"
"Polyclonal_95pct"	"chr2"	185672212	"+"	"chr2+185672212"
"Polyclonal_95pct"	"chr2"	186204038	"+"	"chr2+186204038"
"Polyclonal_95pct"	"chr2"	186666570	"+"	"chr2+186666570"
"Polyclonal_95pct"	"chr2"	187031989	"+"	"chr2+187031989"
"Polyclonal_95pct"	"chr2"	187044689	"+"	"chr2+187044689"
"Polyclonal_95pct"	"chr2"	187152201	"+"	"chr2+187152201"
"Polyclonal_95pct"	"chr2"	187252390	"+"	"chr2+187252390"
"Polyclonal_95pct"	"chr2"	187339113	"+"	"chr2+187339113"
"Polyclonal_95pct"	"chr2"	187417820	"+"	"chr2+187417820"
"Polyclonal_95pct"	"chr2"	187446111	"+"	"chr2+187446111"
"Polyclonal_95pct"	"chr2"	187767935	"+"	"chr2+187767935"
"Polyclonal_95pct"	"chr2"	187908506	"+"	"chr2+187908506"
"Polyclonal_95pct"	"chr2"	188295803	"+"	"chr2+188295803"
"Polyclonal_95pct"	"chr2"	188626563	"+"	"chr2+188626563"
"Polyclonal_95pct"	"chr2"	188749511	"+"	"chr2+188749511"
"Polyclonal_95pct"	"chr2"	188763618	"+"	"chr2+188763618"
"Polyclonal_95pct"	"chr2"	189856002	"+"	"chr2+189856002"
"Polyclonal_95pct"	"chr2"	189913578	"+"	"chr2+189913578"
"Polyclonal_95pct"	"chr2"	190341854	"+"	"chr2+190341854"
"Polyclonal_95pct"	"chr2"	190930482	"+"	"chr2+190930482"
"Polyclonal_95pct"	"chr2"	191251110	"+"	"chr2+191251110"
"Polyclonal_95pct"	"chr2"	192965936	"+"	"chr2+192965936"
"Polyclonal_95pct"	"chr2"	192977369	"+"	"chr2+192977369"
"Polyclonal_95pct"	"chr2"	193179017	"+"	"chr2+193179017"
"Polyclonal_95pct"	"chr2"	193232126	"+"	"chr2+193232126"
"Polyclonal_95pct"	"chr2"	193457423	"+"	"chr2+193457423"
"Polyclonal_95pct"	"chr2"	193813512	"+"	"chr2+193813512"
"Polyclonal_95pct"	"chr2"	194576531	"+"	"chr2+194576531"
"Polyclonal_95pct"	"chr2"	195029556	"+"	"chr2+195029556"
"Polyclonal_95pct"	"chr2"	195163645	"+"	"chr2+195163645"
"Polyclonal_95pct"	"chr2"	196776198	"+"	"chr2+196776198"
"Polyclonal_95pct"	"chr2"	198412706	"+"	"chr2+198412706"
"Polyclonal_95pct"	"chr2"	198619715	"+"	"chr2+198619715"
"Polyclonal_95pct"	"chr2"	198748271	"+"	"chr2+198748271"
"Polyclonal_95pct"	"chr2"	198814170	"+"	"chr2+198814170"
"Polyclonal_95pct"	"chr2"	199065875	"+"	"chr2+199065875"
"Polyclonal_95pct"	"chr2"	201083129	"+"	"chr2+201083129"
"Polyclonal_95pct"	"chr2"	201391605	"+"	"chr2+201391605"
"Polyclonal_95pct"	"chr2"	201489366	"+"	"chr2+201489366"
"Polyclonal_95pct"	"chr2"	202730300	"+"	"chr2+202730300"
"Polyclonal_95pct"	"chr2"	204624585	"+"	"chr2+204624585"
"Polyclonal_95pct"	"chr2"	204638737	"+"	"chr2+204638737"
"Polyclonal_95pct"	"chr2"	205063065	"+"	"chr2+205063065"
"Polyclonal_95pct"	"chr2"	206573674	"+"	"chr2+206573674"
"Polyclonal_95pct"	"chr2"	208498160	"+"	"chr2+208498160"
"Polyclonal_95pct"	"chr2"	209122243	"+"	"chr2+209122243"
"Polyclonal_95pct"	"chr2"	209535887	"+"	"chr2+209535887"
"Polyclonal_95pct"	"chr2"	209591026	"+"	"chr2+209591026"
"Polyclonal_95pct"	"chr2"	211667400	"+"	"chr2+211667400"
"Polyclonal_95pct"	"chr2"	211833025	"+"	"chr2+211833025"
"Polyclonal_95pct"	"chr2"	212314716	"+"	"chr2+212314716"
"Polyclonal_95pct"	"chr2"	212383891	"+"	"chr2+212383891"
"Polyclonal_95pct"	"chr2"	212455281	"+"	"chr2+212455281"
"Polyclonal_95pct"	"chr2"	212563565	"+"	"chr2+212563565"
"Polyclonal_95pct"	"chr2"	212764157	"+"	"chr2+212764157"
"Polyclonal_95pct"	"chr2"	212946111	"+"	"chr2+212946111"
"Polyclonal_95pct"	"chr2"	212984478	"+"	"chr2+212984478"
"Polyclonal_95pct"	"chr2"	213373833	"+"	"chr2+213373833"
"Polyclonal_95pct"	"chr2"	213844983	"+"	"chr2+213844983"
"Polyclonal_95pct"	"chr2"	215562477	"+"	"chr2+215562477"
"Polyclonal_95pct"	"chr2"	216175361	"+"	"chr2+216175361"
"Polyclonal_95pct"	"chr2"	218721280	"+"	"chr2+218721280"
"Polyclonal_95pct"	"chr2"	218888366	"+"	"chr2+218888366"
"Polyclonal_95pct"	"chr2"	221937819	"+"	"chr2+221937819"
"Polyclonal_95pct"	"chr2"	222731027	"+"	"chr2+222731027"
"Polyclonal_95pct"	"chr2"	223867823	"+"	"chr2+223867823"
"Polyclonal_95pct"	"chr2"	226998018	"+"	"chr2+226998018"
"Polyclonal_95pct"	"chr2"	228358647	"+"	"chr2+228358647"
"Polyclonal_95pct"	"chr2"	229197533	"+"	"chr2+229197533"
"Polyclonal_95pct"	"chr2"	230331639	"+"	"chr2+230331639"
"Polyclonal_95pct"	"chr2"	231975915	"+"	"chr2+231975915"
"Polyclonal_95pct"	"chr2"	232740947	"+"	"chr2+232740947"
"Polyclonal_95pct"	"chr2"	232761331	"+"	"chr2+232761331"
"Polyclonal_95pct"	"chr2"	236893828	"+"	"chr2+236893828"
"Polyclonal_95pct"	"chr2"	241321395	"+"	"chr2+241321395"
"Polyclonal_95pct"	"chr2"	241642624	"+"	"chr2+241642624"
"Polyclonal_95pct"	"chr2"	149224	"-"	"chr2-149224"
"Polyclonal_95pct"	"chr2"	218629	"-"	"chr2-218629"
"Polyclonal_95pct"	"chr2"	237029	"-"	"chr2-237029"
"Polyclonal_95pct"	"chr2"	1059987	"-"	"chr2-1059987"
"Polyclonal_95pct"	"chr2"	4643159	"-"	"chr2-4643159"
"Polyclonal_95pct"	"chr2"	6620146	"-"	"chr2-6620146"
"Polyclonal_95pct"	"chr2"	7693386	"-"	"chr2-7693386"
"Polyclonal_95pct"	"chr2"	9623467	"-"	"chr2-9623467"
"Polyclonal_95pct"	"chr2"	10615056	"-"	"chr2-10615056"
"Polyclonal_95pct"	"chr2"	11512432	"-"	"chr2-11512432"
"Polyclonal_95pct"	"chr2"	13276965	"-"	"chr2-13276965"
"Polyclonal_95pct"	"chr2"	13341177	"-"	"chr2-13341177"
"Polyclonal_95pct"	"chr2"	13518860	"-"	"chr2-13518860"
"Polyclonal_95pct"	"chr2"	13566404	"-"	"chr2-13566404"
"Polyclonal_95pct"	"chr2"	13577180	"-"	"chr2-13577180"
"Polyclonal_95pct"	"chr2"	13961076	"-"	"chr2-13961076"
"Polyclonal_95pct"	"chr2"	14059529	"-"	"chr2-14059529"
"Polyclonal_95pct"	"chr2"	14761251	"-"	"chr2-14761251"
"Polyclonal_95pct"	"chr2"	17694724	"-"	"chr2-17694724"
"Polyclonal_95pct"	"chr2"	18421494	"-"	"chr2-18421494"
"Polyclonal_95pct"	"chr2"	19201072	"-"	"chr2-19201072"
"Polyclonal_95pct"	"chr2"	20031833	"-"	"chr2-20031833"
"Polyclonal_95pct"	"chr2"	23808794	"-"	"chr2-23808794"
"Polyclonal_95pct"	"chr2"	24740749	"-"	"chr2-24740749"
"Polyclonal_95pct"	"chr2"	26820154	"-"	"chr2-26820154"
"Polyclonal_95pct"	"chr2"	26978414	"-"	"chr2-26978414"
"Polyclonal_95pct"	"chr2"	26997415	"-"	"chr2-26997415"
"Polyclonal_95pct"	"chr2"	27214491	"-"	"chr2-27214491"
"Polyclonal_95pct"	"chr2"	27982207	"-"	"chr2-27982207"
"Polyclonal_95pct"	"chr2"	30528266	"-"	"chr2-30528266"
"Polyclonal_95pct"	"chr2"	32493749	"-"	"chr2-32493749"
"Polyclonal_95pct"	"chr2"	32772801	"-"	"chr2-32772801"
"Polyclonal_95pct"	"chr2"	32972170	"-"	"chr2-32972170"
"Polyclonal_95pct"	"chr2"	33907808	"-"	"chr2-33907808"
"Polyclonal_95pct"	"chr2"	35275258	"-"	"chr2-35275258"
"Polyclonal_95pct"	"chr2"	35618275	"-"	"chr2-35618275"
"Polyclonal_95pct"	"chr2"	35651403	"-"	"chr2-35651403"
"Polyclonal_95pct"	"chr2"	36860139	"-"	"chr2-36860139"
"Polyclonal_95pct"	"chr2"	37146874	"-"	"chr2-37146874"
"Polyclonal_95pct"	"chr2"	37933481	"-"	"chr2-37933481"
"Polyclonal_95pct"	"chr2"	38004803	"-"	"chr2-38004803"
"Polyclonal_95pct"	"chr2"	39020780	"-"	"chr2-39020780"
"Polyclonal_95pct"	"chr2"	39308663	"-"	"chr2-39308663"
"Polyclonal_95pct"	"chr2"	41144001	"-"	"chr2-41144001"
"Polyclonal_95pct"	"chr2"	41168074	"-"	"chr2-41168074"
"Polyclonal_95pct"	"chr2"	41181121	"-"	"chr2-41181121"
"Polyclonal_95pct"	"chr2"	43571514	"-"	"chr2-43571514"
"Polyclonal_95pct"	"chr2"	45362812	"-"	"chr2-45362812"
"Polyclonal_95pct"	"chr2"	46418017	"-"	"chr2-46418017"
"Polyclonal_95pct"	"chr2"	46768168	"-"	"chr2-46768168"
"Polyclonal_95pct"	"chr2"	48359579	"-"	"chr2-48359579"
"Polyclonal_95pct"	"chr2"	49456321	"-"	"chr2-49456321"
"Polyclonal_95pct"	"chr2"	49936545	"-"	"chr2-49936545"
"Polyclonal_95pct"	"chr2"	51160572	"-"	"chr2-51160572"
"Polyclonal_95pct"	"chr2"	51675999	"-"	"chr2-51675999"
"Polyclonal_95pct"	"chr2"	51803801	"-"	"chr2-51803801"
"Polyclonal_95pct"	"chr2"	52156442	"-"	"chr2-52156442"
"Polyclonal_95pct"	"chr2"	53134483	"-"	"chr2-53134483"
"Polyclonal_95pct"	"chr2"	53328812	"-"	"chr2-53328812"
"Polyclonal_95pct"	"chr2"	54212253	"-"	"chr2-54212253"
"Polyclonal_95pct"	"chr2"	54875461	"-"	"chr2-54875461"
"Polyclonal_95pct"	"chr2"	55080935	"-"	"chr2-55080935"
"Polyclonal_95pct"	"chr2"	55374237	"-"	"chr2-55374237"
"Polyclonal_95pct"	"chr2"	55402474	"-"	"chr2-55402474"
"Polyclonal_95pct"	"chr2"	55566317	"-"	"chr2-55566317"
"Polyclonal_95pct"	"chr2"	57747955	"-"	"chr2-57747955"
"Polyclonal_95pct"	"chr2"	58105247	"-"	"chr2-58105247"
"Polyclonal_95pct"	"chr2"	58107434	"-"	"chr2-58107434"
"Polyclonal_95pct"	"chr2"	58260513	"-"	"chr2-58260513"
"Polyclonal_95pct"	"chr2"	60797710	"-"	"chr2-60797710"
"Polyclonal_95pct"	"chr2"	61880285	"-"	"chr2-61880285"
"Polyclonal_95pct"	"chr2"	62843492	"-"	"chr2-62843492"
"Polyclonal_95pct"	"chr2"	63472878	"-"	"chr2-63472878"
"Polyclonal_95pct"	"chr2"	63695530	"-"	"chr2-63695530"
"Polyclonal_95pct"	"chr2"	63823993	"-"	"chr2-63823993"
"Polyclonal_95pct"	"chr2"	63904622	"-"	"chr2-63904622"
"Polyclonal_95pct"	"chr2"	64744167	"-"	"chr2-64744167"
"Polyclonal_95pct"	"chr2"	65679109	"-"	"chr2-65679109"
"Polyclonal_95pct"	"chr2"	65906989	"-"	"chr2-65906989"
"Polyclonal_95pct"	"chr2"	68266060	"-"	"chr2-68266060"
"Polyclonal_95pct"	"chr2"	68270834	"-"	"chr2-68270834"
"Polyclonal_95pct"	"chr2"	68543789	"-"	"chr2-68543789"
"Polyclonal_95pct"	"chr2"	69332050	"-"	"chr2-69332050"
"Polyclonal_95pct"	"chr2"	69838632	"-"	"chr2-69838632"
"Polyclonal_95pct"	"chr2"	72727161	"-"	"chr2-72727161"
"Polyclonal_95pct"	"chr2"	74075637	"-"	"chr2-74075637"
"Polyclonal_95pct"	"chr2"	74356372	"-"	"chr2-74356372"
"Polyclonal_95pct"	"chr2"	74601043	"-"	"chr2-74601043"
"Polyclonal_95pct"	"chr2"	76524081	"-"	"chr2-76524081"
"Polyclonal_95pct"	"chr2"	76627144	"-"	"chr2-76627144"
"Polyclonal_95pct"	"chr2"	77010822	"-"	"chr2-77010822"
"Polyclonal_95pct"	"chr2"	77240560	"-"	"chr2-77240560"
"Polyclonal_95pct"	"chr2"	77242458	"-"	"chr2-77242458"
"Polyclonal_95pct"	"chr2"	77482617	"-"	"chr2-77482617"
"Polyclonal_95pct"	"chr2"	78237157	"-"	"chr2-78237157"
"Polyclonal_95pct"	"chr2"	78362269	"-"	"chr2-78362269"
"Polyclonal_95pct"	"chr2"	78967320	"-"	"chr2-78967320"
"Polyclonal_95pct"	"chr2"	79492473	"-"	"chr2-79492473"
"Polyclonal_95pct"	"chr2"	80753960	"-"	"chr2-80753960"
"Polyclonal_95pct"	"chr2"	80753848	"-"	"chr2-80753848"
"Polyclonal_95pct"	"chr2"	80857943	"-"	"chr2-80857943"
"Polyclonal_95pct"	"chr2"	81303302	"-"	"chr2-81303302"
"Polyclonal_95pct"	"chr2"	82049176	"-"	"chr2-82049176"
"Polyclonal_95pct"	"chr2"	83199079	"-"	"chr2-83199079"
"Polyclonal_95pct"	"chr2"	83992721	"-"	"chr2-83992721"
"Polyclonal_95pct"	"chr2"	86172832	"-"	"chr2-86172832"
"Polyclonal_95pct"	"chr2"	86268390	"-"	"chr2-86268390"
"Polyclonal_95pct"	"chr2"	86531622	"-"	"chr2-86531622"
"Polyclonal_95pct"	"chr2"	92466457	"-"	"chr2-92466457"
"Polyclonal_95pct"	"chr2"	96078287	"-"	"chr2-96078287"
"Polyclonal_95pct"	"chr2"	96569234	"-"	"chr2-96569234"
"Polyclonal_95pct"	"chr2"	98409786	"-"	"chr2-98409786"
"Polyclonal_95pct"	"chr2"	98916573	"-"	"chr2-98916573"
"Polyclonal_95pct"	"chr2"	104073812	"-"	"chr2-104073812"
"Polyclonal_95pct"	"chr2"	104610567	"-"	"chr2-104610567"
"Polyclonal_95pct"	"chr2"	105637870	"-"	"chr2-105637870"
"Polyclonal_95pct"	"chr2"	109658350	"-"	"chr2-109658350"
"Polyclonal_95pct"	"chr2"	110761264	"-"	"chr2-110761264"
"Polyclonal_95pct"	"chr2"	112742021	"-"	"chr2-112742021"
"Polyclonal_95pct"	"chr2"	113470904	"-"	"chr2-113470904"
"Polyclonal_95pct"	"chr2"	113885517	"-"	"chr2-113885517"
"Polyclonal_95pct"	"chr2"	114980463	"-"	"chr2-114980463"
"Polyclonal_95pct"	"chr2"	116847149	"-"	"chr2-116847149"
"Polyclonal_95pct"	"chr2"	118448796	"-"	"chr2-118448796"
"Polyclonal_95pct"	"chr2"	119928717	"-"	"chr2-119928717"
"Polyclonal_95pct"	"chr2"	123010372	"-"	"chr2-123010372"
"Polyclonal_95pct"	"chr2"	123592731	"-"	"chr2-123592731"
"Polyclonal_95pct"	"chr2"	125705308	"-"	"chr2-125705308"
"Polyclonal_95pct"	"chr2"	134263344	"-"	"chr2-134263344"
"Polyclonal_95pct"	"chr2"	135312806	"-"	"chr2-135312806"
"Polyclonal_95pct"	"chr2"	139526176	"-"	"chr2-139526176"
"Polyclonal_95pct"	"chr2"	142160984	"-"	"chr2-142160984"
"Polyclonal_95pct"	"chr2"	142192252	"-"	"chr2-142192252"
"Polyclonal_95pct"	"chr2"	142366356	"-"	"chr2-142366356"
"Polyclonal_95pct"	"chr2"	144299981	"-"	"chr2-144299981"
"Polyclonal_95pct"	"chr2"	144489069	"-"	"chr2-144489069"
"Polyclonal_95pct"	"chr2"	148723510	"-"	"chr2-148723510"
"Polyclonal_95pct"	"chr2"	149566814	"-"	"chr2-149566814"
"Polyclonal_95pct"	"chr2"	149616760	"-"	"chr2-149616760"
"Polyclonal_95pct"	"chr2"	150026866	"-"	"chr2-150026866"
"Polyclonal_95pct"	"chr2"	150294651	"-"	"chr2-150294651"
"Polyclonal_95pct"	"chr2"	151623858	"-"	"chr2-151623858"
"Polyclonal_95pct"	"chr2"	153994870	"-"	"chr2-153994870"
"Polyclonal_95pct"	"chr2"	154848114	"-"	"chr2-154848114"
"Polyclonal_95pct"	"chr2"	154879165	"-"	"chr2-154879165"
"Polyclonal_95pct"	"chr2"	154892593	"-"	"chr2-154892593"
"Polyclonal_95pct"	"chr2"	154936538	"-"	"chr2-154936538"
"Polyclonal_95pct"	"chr2"	155130822	"-"	"chr2-155130822"
"Polyclonal_95pct"	"chr2"	155375607	"-"	"chr2-155375607"
"Polyclonal_95pct"	"chr2"	155491870	"-"	"chr2-155491870"
"Polyclonal_95pct"	"chr2"	156019990	"-"	"chr2-156019990"
"Polyclonal_95pct"	"chr2"	156571387	"-"	"chr2-156571387"
"Polyclonal_95pct"	"chr2"	156761999	"-"	"chr2-156761999"
"Polyclonal_95pct"	"chr2"	159710297	"-"	"chr2-159710297"
"Polyclonal_95pct"	"chr2"	160496621	"-"	"chr2-160496621"
"Polyclonal_95pct"	"chr2"	160540774	"-"	"chr2-160540774"
"Polyclonal_95pct"	"chr2"	161294251	"-"	"chr2-161294251"
"Polyclonal_95pct"	"chr2"	162269642	"-"	"chr2-162269642"
"Polyclonal_95pct"	"chr2"	162625043	"-"	"chr2-162625043"
"Polyclonal_95pct"	"chr2"	163202976	"-"	"chr2-163202976"
"Polyclonal_95pct"	"chr2"	163330353	"-"	"chr2-163330353"
"Polyclonal_95pct"	"chr2"	163447958	"-"	"chr2-163447958"
"Polyclonal_95pct"	"chr2"	163703186	"-"	"chr2-163703186"
"Polyclonal_95pct"	"chr2"	164813687	"-"	"chr2-164813687"
"Polyclonal_95pct"	"chr2"	164912080	"-"	"chr2-164912080"
"Polyclonal_95pct"	"chr2"	165050184	"-"	"chr2-165050184"
"Polyclonal_95pct"	"chr2"	165273102	"-"	"chr2-165273102"
"Polyclonal_95pct"	"chr2"	165446814	"-"	"chr2-165446814"
"Polyclonal_95pct"	"chr2"	165470920	"-"	"chr2-165470920"
"Polyclonal_95pct"	"chr2"	165930358	"-"	"chr2-165930358"
"Polyclonal_95pct"	"chr2"	166046337	"-"	"chr2-166046337"
"Polyclonal_95pct"	"chr2"	166274608	"-"	"chr2-166274608"
"Polyclonal_95pct"	"chr2"	166874320	"-"	"chr2-166874320"
"Polyclonal_95pct"	"chr2"	166996684	"-"	"chr2-166996684"
"Polyclonal_95pct"	"chr2"	169997040	"-"	"chr2-169997040"
"Polyclonal_95pct"	"chr2"	171075812	"-"	"chr2-171075812"
"Polyclonal_95pct"	"chr2"	175120234	"-"	"chr2-175120234"
"Polyclonal_95pct"	"chr2"	176361104	"-"	"chr2-176361104"
"Polyclonal_95pct"	"chr2"	176370844	"-"	"chr2-176370844"
"Polyclonal_95pct"	"chr2"	176812909	"-"	"chr2-176812909"
"Polyclonal_95pct"	"chr2"	176971158	"-"	"chr2-176971158"
"Polyclonal_95pct"	"chr2"	178639952	"-"	"chr2-178639952"
"Polyclonal_95pct"	"chr2"	179123075	"-"	"chr2-179123075"
"Polyclonal_95pct"	"chr2"	179295818	"-"	"chr2-179295818"
"Polyclonal_95pct"	"chr2"	179481719	"-"	"chr2-179481719"
"Polyclonal_95pct"	"chr2"	179705582	"-"	"chr2-179705582"
"Polyclonal_95pct"	"chr2"	179792353	"-"	"chr2-179792353"
"Polyclonal_95pct"	"chr2"	181310383	"-"	"chr2-181310383"
"Polyclonal_95pct"	"chr2"	181453784	"-"	"chr2-181453784"
"Polyclonal_95pct"	"chr2"	181623864	"-"	"chr2-181623864"
"Polyclonal_95pct"	"chr2"	182085504	"-"	"chr2-182085504"
"Polyclonal_95pct"	"chr2"	182129678	"-"	"chr2-182129678"
"Polyclonal_95pct"	"chr2"	182934858	"-"	"chr2-182934858"
"Polyclonal_95pct"	"chr2"	182978854	"-"	"chr2-182978854"
"Polyclonal_95pct"	"chr2"	183102661	"-"	"chr2-183102661"
"Polyclonal_95pct"	"chr2"	183569617	"-"	"chr2-183569617"
"Polyclonal_95pct"	"chr2"	184238480	"-"	"chr2-184238480"
"Polyclonal_95pct"	"chr2"	184349322	"-"	"chr2-184349322"
"Polyclonal_95pct"	"chr2"	184889557	"-"	"chr2-184889557"
"Polyclonal_95pct"	"chr2"	185063259	"-"	"chr2-185063259"
"Polyclonal_95pct"	"chr2"	185065498	"-"	"chr2-185065498"
"Polyclonal_95pct"	"chr2"	185123323	"-"	"chr2-185123323"
"Polyclonal_95pct"	"chr2"	185502274	"-"	"chr2-185502274"
"Polyclonal_95pct"	"chr2"	185658763	"-"	"chr2-185658763"
"Polyclonal_95pct"	"chr2"	185659402	"-"	"chr2-185659402"
"Polyclonal_95pct"	"chr2"	185965878	"-"	"chr2-185965878"
"Polyclonal_95pct"	"chr2"	186077008	"-"	"chr2-186077008"
"Polyclonal_95pct"	"chr2"	187348197	"-"	"chr2-187348197"
"Polyclonal_95pct"	"chr2"	187390584	"-"	"chr2-187390584"
"Polyclonal_95pct"	"chr2"	187457136	"-"	"chr2-187457136"
"Polyclonal_95pct"	"chr2"	188104944	"-"	"chr2-188104944"
"Polyclonal_95pct"	"chr2"	188513287	"-"	"chr2-188513287"
"Polyclonal_95pct"	"chr2"	188665699	"-"	"chr2-188665699"
"Polyclonal_95pct"	"chr2"	188736657	"-"	"chr2-188736657"
"Polyclonal_95pct"	"chr2"	188884618	"-"	"chr2-188884618"
"Polyclonal_95pct"	"chr2"	189277170	"-"	"chr2-189277170"
"Polyclonal_95pct"	"chr2"	189772370	"-"	"chr2-189772370"
"Polyclonal_95pct"	"chr2"	189910953	"-"	"chr2-189910953"
"Polyclonal_95pct"	"chr2"	191960698	"-"	"chr2-191960698"
"Polyclonal_95pct"	"chr2"	192144748	"-"	"chr2-192144748"
"Polyclonal_95pct"	"chr2"	192613765	"-"	"chr2-192613765"
"Polyclonal_95pct"	"chr2"	193101299	"-"	"chr2-193101299"
"Polyclonal_95pct"	"chr2"	193227295	"-"	"chr2-193227295"
"Polyclonal_95pct"	"chr2"	193395141	"-"	"chr2-193395141"
"Polyclonal_95pct"	"chr2"	193497549	"-"	"chr2-193497549"
"Polyclonal_95pct"	"chr2"	193779260	"-"	"chr2-193779260"
"Polyclonal_95pct"	"chr2"	194003884	"-"	"chr2-194003884"
"Polyclonal_95pct"	"chr2"	194286928	"-"	"chr2-194286928"
"Polyclonal_95pct"	"chr2"	194293103	"-"	"chr2-194293103"
"Polyclonal_95pct"	"chr2"	194380040	"-"	"chr2-194380040"
"Polyclonal_95pct"	"chr2"	194594105	"-"	"chr2-194594105"
"Polyclonal_95pct"	"chr2"	194609721	"-"	"chr2-194609721"
"Polyclonal_95pct"	"chr2"	195830312	"-"	"chr2-195830312"
"Polyclonal_95pct"	"chr2"	196517791	"-"	"chr2-196517791"
"Polyclonal_95pct"	"chr2"	197541111	"-"	"chr2-197541111"
"Polyclonal_95pct"	"chr2"	199358856	"-"	"chr2-199358856"
"Polyclonal_95pct"	"chr2"	199925927	"-"	"chr2-199925927"
"Polyclonal_95pct"	"chr2"	201484078	"-"	"chr2-201484078"
"Polyclonal_95pct"	"chr2"	201766195	"-"	"chr2-201766195"
"Polyclonal_95pct"	"chr2"	202906271	"-"	"chr2-202906271"
"Polyclonal_95pct"	"chr2"	203001197	"-"	"chr2-203001197"
"Polyclonal_95pct"	"chr2"	204287894	"-"	"chr2-204287894"
"Polyclonal_95pct"	"chr2"	204886330	"-"	"chr2-204886330"
"Polyclonal_95pct"	"chr2"	207598874	"-"	"chr2-207598874"
"Polyclonal_95pct"	"chr2"	208371037	"-"	"chr2-208371037"
"Polyclonal_95pct"	"chr2"	209061278	"-"	"chr2-209061278"
"Polyclonal_95pct"	"chr2"	209415228	"-"	"chr2-209415228"
"Polyclonal_95pct"	"chr2"	209605563	"-"	"chr2-209605563"
"Polyclonal_95pct"	"chr2"	210125706	"-"	"chr2-210125706"
"Polyclonal_95pct"	"chr2"	210169365	"-"	"chr2-210169365"
"Polyclonal_95pct"	"chr2"	211012437	"-"	"chr2-211012437"
"Polyclonal_95pct"	"chr2"	211044043	"-"	"chr2-211044043"
"Polyclonal_95pct"	"chr2"	211313085	"-"	"chr2-211313085"
"Polyclonal_95pct"	"chr2"	211432125	"-"	"chr2-211432125"
"Polyclonal_95pct"	"chr2"	211561258	"-"	"chr2-211561258"
"Polyclonal_95pct"	"chr2"	211777504	"-"	"chr2-211777504"
"Polyclonal_95pct"	"chr2"	211963883	"-"	"chr2-211963883"
"Polyclonal_95pct"	"chr2"	211970636	"-"	"chr2-211970636"
"Polyclonal_95pct"	"chr2"	212507172	"-"	"chr2-212507172"
"Polyclonal_95pct"	"chr2"	213165385	"-"	"chr2-213165385"
"Polyclonal_95pct"	"chr2"	213298421	"-"	"chr2-213298421"
"Polyclonal_95pct"	"chr2"	213392505	"-"	"chr2-213392505"
"Polyclonal_95pct"	"chr2"	213458430	"-"	"chr2-213458430"
"Polyclonal_95pct"	"chr2"	214060297	"-"	"chr2-214060297"
"Polyclonal_95pct"	"chr2"	214189982	"-"	"chr2-214189982"
"Polyclonal_95pct"	"chr2"	214249809	"-"	"chr2-214249809"
"Polyclonal_95pct"	"chr2"	214748639	"-"	"chr2-214748639"
"Polyclonal_95pct"	"chr2"	218253090	"-"	"chr2-218253090"
"Polyclonal_95pct"	"chr2"	218550049	"-"	"chr2-218550049"
"Polyclonal_95pct"	"chr2"	218603788	"-"	"chr2-218603788"
"Polyclonal_95pct"	"chr2"	218889202	"-"	"chr2-218889202"
"Polyclonal_95pct"	"chr2"	221290573	"-"	"chr2-221290573"
"Polyclonal_95pct"	"chr2"	222343495	"-"	"chr2-222343495"
"Polyclonal_95pct"	"chr2"	223150567	"-"	"chr2-223150567"
"Polyclonal_95pct"	"chr2"	224513715	"-"	"chr2-224513715"
"Polyclonal_95pct"	"chr2"	226075961	"-"	"chr2-226075961"
"Polyclonal_95pct"	"chr2"	226238055	"-"	"chr2-226238055"
"Polyclonal_95pct"	"chr2"	227564024	"-"	"chr2-227564024"
"Polyclonal_95pct"	"chr2"	228298269	"-"	"chr2-228298269"
"Polyclonal_95pct"	"chr2"	228784886	"-"	"chr2-228784886"
"Polyclonal_95pct"	"chr2"	229897070	"-"	"chr2-229897070"
"Polyclonal_95pct"	"chr2"	230429600	"-"	"chr2-230429600"
"Polyclonal_95pct"	"chr2"	239619400	"-"	"chr2-239619400"
"Polyclonal_95pct"	"chr2"	241321716	"-"	"chr2-241321716"
"Polyclonal_95pct"	"chr2"	242125842	"-"	"chr2-242125842"
"Polyclonal_95pct"	"chr3"	2013927	"+"	"chr3+2013927"
"Polyclonal_95pct"	"chr3"	2684040	"+"	"chr3+2684040"
"Polyclonal_95pct"	"chr3"	4409329	"+"	"chr3+4409329"
"Polyclonal_95pct"	"chr3"	4442284	"+"	"chr3+4442284"
"Polyclonal_95pct"	"chr3"	5860828	"+"	"chr3+5860828"
"Polyclonal_95pct"	"chr3"	8103637	"+"	"chr3+8103637"
"Polyclonal_95pct"	"chr3"	10126273	"+"	"chr3+10126273"
"Polyclonal_95pct"	"chr3"	12503364	"+"	"chr3+12503364"
"Polyclonal_95pct"	"chr3"	14048034	"+"	"chr3+14048034"
"Polyclonal_95pct"	"chr3"	15128686	"+"	"chr3+15128686"
"Polyclonal_95pct"	"chr3"	15771853	"+"	"chr3+15771853"
"Polyclonal_95pct"	"chr3"	15780253	"+"	"chr3+15780253"
"Polyclonal_95pct"	"chr3"	16064228	"+"	"chr3+16064228"
"Polyclonal_95pct"	"chr3"	17498542	"+"	"chr3+17498542"
"Polyclonal_95pct"	"chr3"	19676195	"+"	"chr3+19676195"
"Polyclonal_95pct"	"chr3"	20244651	"+"	"chr3+20244651"
"Polyclonal_95pct"	"chr3"	21336044	"+"	"chr3+21336044"
"Polyclonal_95pct"	"chr3"	21416676	"+"	"chr3+21416676"
"Polyclonal_95pct"	"chr3"	22288152	"+"	"chr3+22288152"
"Polyclonal_95pct"	"chr3"	22351500	"+"	"chr3+22351500"
"Polyclonal_95pct"	"chr3"	22470980	"+"	"chr3+22470980"
"Polyclonal_95pct"	"chr3"	23978225	"+"	"chr3+23978225"
"Polyclonal_95pct"	"chr3"	24540508	"+"	"chr3+24540508"
"Polyclonal_95pct"	"chr3"	24612142	"+"	"chr3+24612142"
"Polyclonal_95pct"	"chr3"	25626314	"+"	"chr3+25626314"
"Polyclonal_95pct"	"chr3"	26270347	"+"	"chr3+26270347"
"Polyclonal_95pct"	"chr3"	26352603	"+"	"chr3+26352603"
"Polyclonal_95pct"	"chr3"	26892907	"+"	"chr3+26892907"
"Polyclonal_95pct"	"chr3"	27021165	"+"	"chr3+27021165"
"Polyclonal_95pct"	"chr3"	28085937	"+"	"chr3+28085937"
"Polyclonal_95pct"	"chr3"	28220902	"+"	"chr3+28220902"
"Polyclonal_95pct"	"chr3"	29840611	"+"	"chr3+29840611"
"Polyclonal_95pct"	"chr3"	35057144	"+"	"chr3+35057144"
"Polyclonal_95pct"	"chr3"	41501306	"+"	"chr3+41501306"
"Polyclonal_95pct"	"chr3"	41692043	"+"	"chr3+41692043"
"Polyclonal_95pct"	"chr3"	43067496	"+"	"chr3+43067496"
"Polyclonal_95pct"	"chr3"	45621199	"+"	"chr3+45621199"
"Polyclonal_95pct"	"chr3"	46082622	"+"	"chr3+46082622"
"Polyclonal_95pct"	"chr3"	46306445	"+"	"chr3+46306445"
"Polyclonal_95pct"	"chr3"	46403338	"+"	"chr3+46403338"
"Polyclonal_95pct"	"chr3"	47053969	"+"	"chr3+47053969"
"Polyclonal_95pct"	"chr3"	47116334	"+"	"chr3+47116334"
"Polyclonal_95pct"	"chr3"	47116762	"+"	"chr3+47116762"
"Polyclonal_95pct"	"chr3"	47269803	"+"	"chr3+47269803"
"Polyclonal_95pct"	"chr3"	47388799	"+"	"chr3+47388799"
"Polyclonal_95pct"	"chr3"	47943283	"+"	"chr3+47943283"
"Polyclonal_95pct"	"chr3"	48048229	"+"	"chr3+48048229"
"Polyclonal_95pct"	"chr3"	49037021	"+"	"chr3+49037021"
"Polyclonal_95pct"	"chr3"	49063441	"+"	"chr3+49063441"
"Polyclonal_95pct"	"chr3"	49482331	"+"	"chr3+49482331"
"Polyclonal_95pct"	"chr3"	49984090	"+"	"chr3+49984090"
"Polyclonal_95pct"	"chr3"	50023784	"+"	"chr3+50023784"
"Polyclonal_95pct"	"chr3"	50091361	"+"	"chr3+50091361"
"Polyclonal_95pct"	"chr3"	50242495	"+"	"chr3+50242495"
"Polyclonal_95pct"	"chr3"	50855055	"+"	"chr3+50855055"
"Polyclonal_95pct"	"chr3"	50949665	"+"	"chr3+50949665"
"Polyclonal_95pct"	"chr3"	51164975	"+"	"chr3+51164975"
"Polyclonal_95pct"	"chr3"	51888873	"+"	"chr3+51888873"
"Polyclonal_95pct"	"chr3"	52270735	"+"	"chr3+52270735"
"Polyclonal_95pct"	"chr3"	52419007	"+"	"chr3+52419007"
"Polyclonal_95pct"	"chr3"	52461365	"+"	"chr3+52461365"
"Polyclonal_95pct"	"chr3"	52461641	"+"	"chr3+52461641"
"Polyclonal_95pct"	"chr3"	52461673	"+"	"chr3+52461673"
"Polyclonal_95pct"	"chr3"	52594700	"+"	"chr3+52594700"
"Polyclonal_95pct"	"chr3"	52927844	"+"	"chr3+52927844"
"Polyclonal_95pct"	"chr3"	53871863	"+"	"chr3+53871863"
"Polyclonal_95pct"	"chr3"	56641558	"+"	"chr3+56641558"
"Polyclonal_95pct"	"chr3"	56680530	"+"	"chr3+56680530"
"Polyclonal_95pct"	"chr3"	57836269	"+"	"chr3+57836269"
"Polyclonal_95pct"	"chr3"	57836531	"+"	"chr3+57836531"
"Polyclonal_95pct"	"chr3"	58887336	"+"	"chr3+58887336"
"Polyclonal_95pct"	"chr3"	61103661	"+"	"chr3+61103661"
"Polyclonal_95pct"	"chr3"	67012706	"+"	"chr3+67012706"
"Polyclonal_95pct"	"chr3"	69061421	"+"	"chr3+69061421"
"Polyclonal_95pct"	"chr3"	69067832	"+"	"chr3+69067832"
"Polyclonal_95pct"	"chr3"	71060588	"+"	"chr3+71060588"
"Polyclonal_95pct"	"chr3"	71411022	"+"	"chr3+71411022"
"Polyclonal_95pct"	"chr3"	74081543	"+"	"chr3+74081543"
"Polyclonal_95pct"	"chr3"	78046641	"+"	"chr3+78046641"
"Polyclonal_95pct"	"chr3"	80103420	"+"	"chr3+80103420"
"Polyclonal_95pct"	"chr3"	81755600	"+"	"chr3+81755600"
"Polyclonal_95pct"	"chr3"	81963381	"+"	"chr3+81963381"
"Polyclonal_95pct"	"chr3"	82825201	"+"	"chr3+82825201"
"Polyclonal_95pct"	"chr3"	82923080	"+"	"chr3+82923080"
"Polyclonal_95pct"	"chr3"	82925221	"+"	"chr3+82925221"
"Polyclonal_95pct"	"chr3"	83099794	"+"	"chr3+83099794"
"Polyclonal_95pct"	"chr3"	84480733	"+"	"chr3+84480733"
"Polyclonal_95pct"	"chr3"	84644701	"+"	"chr3+84644701"
"Polyclonal_95pct"	"chr3"	85306989	"+"	"chr3+85306989"
"Polyclonal_95pct"	"chr3"	85384259	"+"	"chr3+85384259"
"Polyclonal_95pct"	"chr3"	85510453	"+"	"chr3+85510453"
"Polyclonal_95pct"	"chr3"	85567069	"+"	"chr3+85567069"
"Polyclonal_95pct"	"chr3"	85578942	"+"	"chr3+85578942"
"Polyclonal_95pct"	"chr3"	85980494	"+"	"chr3+85980494"
"Polyclonal_95pct"	"chr3"	86848282	"+"	"chr3+86848282"
"Polyclonal_95pct"	"chr3"	87003070	"+"	"chr3+87003070"
"Polyclonal_95pct"	"chr3"	87566429	"+"	"chr3+87566429"
"Polyclonal_95pct"	"chr3"	87765221	"+"	"chr3+87765221"
"Polyclonal_95pct"	"chr3"	87836108	"+"	"chr3+87836108"
"Polyclonal_95pct"	"chr3"	88340814	"+"	"chr3+88340814"
"Polyclonal_95pct"	"chr3"	88443682	"+"	"chr3+88443682"
"Polyclonal_95pct"	"chr3"	88612540	"+"	"chr3+88612540"
"Polyclonal_95pct"	"chr3"	88675719	"+"	"chr3+88675719"
"Polyclonal_95pct"	"chr3"	88828969	"+"	"chr3+88828969"
"Polyclonal_95pct"	"chr3"	89223759	"+"	"chr3+89223759"
"Polyclonal_95pct"	"chr3"	89433959	"+"	"chr3+89433959"
"Polyclonal_95pct"	"chr3"	90061447	"+"	"chr3+90061447"
"Polyclonal_95pct"	"chr3"	90230720	"+"	"chr3+90230720"
"Polyclonal_95pct"	"chr3"	93470465	"+"	"chr3+93470465"
"Polyclonal_95pct"	"chr3"	95041778	"+"	"chr3+95041778"
"Polyclonal_95pct"	"chr3"	95170428	"+"	"chr3+95170428"
"Polyclonal_95pct"	"chr3"	95218275	"+"	"chr3+95218275"
"Polyclonal_95pct"	"chr3"	95522348	"+"	"chr3+95522348"
"Polyclonal_95pct"	"chr3"	95566923	"+"	"chr3+95566923"
"Polyclonal_95pct"	"chr3"	96509972	"+"	"chr3+96509972"
"Polyclonal_95pct"	"chr3"	96538524	"+"	"chr3+96538524"
"Polyclonal_95pct"	"chr3"	97308355	"+"	"chr3+97308355"
"Polyclonal_95pct"	"chr3"	97460381	"+"	"chr3+97460381"
"Polyclonal_95pct"	"chr3"	97467743	"+"	"chr3+97467743"
"Polyclonal_95pct"	"chr3"	97639043	"+"	"chr3+97639043"
"Polyclonal_95pct"	"chr3"	97983199	"+"	"chr3+97983199"
"Polyclonal_95pct"	"chr3"	97983671	"+"	"chr3+97983671"
"Polyclonal_95pct"	"chr3"	98103304	"+"	"chr3+98103304"
"Polyclonal_95pct"	"chr3"	98498268	"+"	"chr3+98498268"
"Polyclonal_95pct"	"chr3"	98985609	"+"	"chr3+98985609"
"Polyclonal_95pct"	"chr3"	99114243	"+"	"chr3+99114243"
"Polyclonal_95pct"	"chr3"	99306969	"+"	"chr3+99306969"
"Polyclonal_95pct"	"chr3"	99427612	"+"	"chr3+99427612"
"Polyclonal_95pct"	"chr3"	101244399	"+"	"chr3+101244399"
"Polyclonal_95pct"	"chr3"	102179972	"+"	"chr3+102179972"
"Polyclonal_95pct"	"chr3"	102260204	"+"	"chr3+102260204"
"Polyclonal_95pct"	"chr3"	102403504	"+"	"chr3+102403504"
"Polyclonal_95pct"	"chr3"	102409669	"+"	"chr3+102409669"
"Polyclonal_95pct"	"chr3"	103134578	"+"	"chr3+103134578"
"Polyclonal_95pct"	"chr3"	103685574	"+"	"chr3+103685574"
"Polyclonal_95pct"	"chr3"	103944985	"+"	"chr3+103944985"
"Polyclonal_95pct"	"chr3"	105652015	"+"	"chr3+105652015"
"Polyclonal_95pct"	"chr3"	106047458	"+"	"chr3+106047458"
"Polyclonal_95pct"	"chr3"	106093511	"+"	"chr3+106093511"
"Polyclonal_95pct"	"chr3"	106322423	"+"	"chr3+106322423"
"Polyclonal_95pct"	"chr3"	106421770	"+"	"chr3+106421770"
"Polyclonal_95pct"	"chr3"	108450654	"+"	"chr3+108450654"
"Polyclonal_95pct"	"chr3"	110651560	"+"	"chr3+110651560"
"Polyclonal_95pct"	"chr3"	111122691	"+"	"chr3+111122691"
"Polyclonal_95pct"	"chr3"	111136332	"+"	"chr3+111136332"
"Polyclonal_95pct"	"chr3"	112625564	"+"	"chr3+112625564"
"Polyclonal_95pct"	"chr3"	113456475	"+"	"chr3+113456475"
"Polyclonal_95pct"	"chr3"	113784488	"+"	"chr3+113784488"
"Polyclonal_95pct"	"chr3"	113975683	"+"	"chr3+113975683"
"Polyclonal_95pct"	"chr3"	117203343	"+"	"chr3+117203343"
"Polyclonal_95pct"	"chr3"	118041435	"+"	"chr3+118041435"
"Polyclonal_95pct"	"chr3"	118440956	"+"	"chr3+118440956"
"Polyclonal_95pct"	"chr3"	120331186	"+"	"chr3+120331186"
"Polyclonal_95pct"	"chr3"	120789163	"+"	"chr3+120789163"
"Polyclonal_95pct"	"chr3"	121282941	"+"	"chr3+121282941"
"Polyclonal_95pct"	"chr3"	121601718	"+"	"chr3+121601718"
"Polyclonal_95pct"	"chr3"	123605843	"+"	"chr3+123605843"
"Polyclonal_95pct"	"chr3"	125265071	"+"	"chr3+125265071"
"Polyclonal_95pct"	"chr3"	125339686	"+"	"chr3+125339686"
"Polyclonal_95pct"	"chr3"	129699290	"+"	"chr3+129699290"
"Polyclonal_95pct"	"chr3"	129728939	"+"	"chr3+129728939"
"Polyclonal_95pct"	"chr3"	131477745	"+"	"chr3+131477745"
"Polyclonal_95pct"	"chr3"	132099501	"+"	"chr3+132099501"
"Polyclonal_95pct"	"chr3"	132405372	"+"	"chr3+132405372"
"Polyclonal_95pct"	"chr3"	133646145	"+"	"chr3+133646145"
"Polyclonal_95pct"	"chr3"	135294346	"+"	"chr3+135294346"
"Polyclonal_95pct"	"chr3"	135676392	"+"	"chr3+135676392"
"Polyclonal_95pct"	"chr3"	135975639	"+"	"chr3+135975639"
"Polyclonal_95pct"	"chr3"	136878196	"+"	"chr3+136878196"
"Polyclonal_95pct"	"chr3"	137888378	"+"	"chr3+137888378"
"Polyclonal_95pct"	"chr3"	138496884	"+"	"chr3+138496884"
"Polyclonal_95pct"	"chr3"	138693054	"+"	"chr3+138693054"
"Polyclonal_95pct"	"chr3"	139833108	"+"	"chr3+139833108"
"Polyclonal_95pct"	"chr3"	141438820	"+"	"chr3+141438820"
"Polyclonal_95pct"	"chr3"	142208927	"+"	"chr3+142208927"
"Polyclonal_95pct"	"chr3"	142373008	"+"	"chr3+142373008"
"Polyclonal_95pct"	"chr3"	142568122	"+"	"chr3+142568122"
"Polyclonal_95pct"	"chr3"	143208778	"+"	"chr3+143208778"
"Polyclonal_95pct"	"chr3"	143937983	"+"	"chr3+143937983"
"Polyclonal_95pct"	"chr3"	144077680	"+"	"chr3+144077680"
"Polyclonal_95pct"	"chr3"	144399398	"+"	"chr3+144399398"
"Polyclonal_95pct"	"chr3"	144430433	"+"	"chr3+144430433"
"Polyclonal_95pct"	"chr3"	144468849	"+"	"chr3+144468849"
"Polyclonal_95pct"	"chr3"	144668096	"+"	"chr3+144668096"
"Polyclonal_95pct"	"chr3"	144680588	"+"	"chr3+144680588"
"Polyclonal_95pct"	"chr3"	145850811	"+"	"chr3+145850811"
"Polyclonal_95pct"	"chr3"	145988086	"+"	"chr3+145988086"
"Polyclonal_95pct"	"chr3"	146143437	"+"	"chr3+146143437"
"Polyclonal_95pct"	"chr3"	146638848	"+"	"chr3+146638848"
"Polyclonal_95pct"	"chr3"	146741897	"+"	"chr3+146741897"
"Polyclonal_95pct"	"chr3"	146767092	"+"	"chr3+146767092"
"Polyclonal_95pct"	"chr3"	146809955	"+"	"chr3+146809955"
"Polyclonal_95pct"	"chr3"	147183721	"+"	"chr3+147183721"
"Polyclonal_95pct"	"chr3"	147258957	"+"	"chr3+147258957"
"Polyclonal_95pct"	"chr3"	148073192	"+"	"chr3+148073192"
"Polyclonal_95pct"	"chr3"	148097470	"+"	"chr3+148097470"
"Polyclonal_95pct"	"chr3"	149561081	"+"	"chr3+149561081"
"Polyclonal_95pct"	"chr3"	149912148	"+"	"chr3+149912148"
"Polyclonal_95pct"	"chr3"	150349658	"+"	"chr3+150349658"
"Polyclonal_95pct"	"chr3"	150558660	"+"	"chr3+150558660"
"Polyclonal_95pct"	"chr3"	150692045	"+"	"chr3+150692045"
"Polyclonal_95pct"	"chr3"	152275277	"+"	"chr3+152275277"
"Polyclonal_95pct"	"chr3"	152283325	"+"	"chr3+152283325"
"Polyclonal_95pct"	"chr3"	152620134	"+"	"chr3+152620134"
"Polyclonal_95pct"	"chr3"	152800507	"+"	"chr3+152800507"
"Polyclonal_95pct"	"chr3"	153513929	"+"	"chr3+153513929"
"Polyclonal_95pct"	"chr3"	154311183	"+"	"chr3+154311183"
"Polyclonal_95pct"	"chr3"	155397614	"+"	"chr3+155397614"
"Polyclonal_95pct"	"chr3"	155759399	"+"	"chr3+155759399"
"Polyclonal_95pct"	"chr3"	155830449	"+"	"chr3+155830449"
"Polyclonal_95pct"	"chr3"	156889801	"+"	"chr3+156889801"
"Polyclonal_95pct"	"chr3"	157323308	"+"	"chr3+157323308"
"Polyclonal_95pct"	"chr3"	157377640	"+"	"chr3+157377640"
"Polyclonal_95pct"	"chr3"	157484658	"+"	"chr3+157484658"
"Polyclonal_95pct"	"chr3"	158309733	"+"	"chr3+158309733"
"Polyclonal_95pct"	"chr3"	158687683	"+"	"chr3+158687683"
"Polyclonal_95pct"	"chr3"	159199256	"+"	"chr3+159199256"
"Polyclonal_95pct"	"chr3"	160306102	"+"	"chr3+160306102"
"Polyclonal_95pct"	"chr3"	160321340	"+"	"chr3+160321340"
"Polyclonal_95pct"	"chr3"	160367168	"+"	"chr3+160367168"
"Polyclonal_95pct"	"chr3"	160780203	"+"	"chr3+160780203"
"Polyclonal_95pct"	"chr3"	161225871	"+"	"chr3+161225871"
"Polyclonal_95pct"	"chr3"	161227130	"+"	"chr3+161227130"
"Polyclonal_95pct"	"chr3"	162213904	"+"	"chr3+162213904"
"Polyclonal_95pct"	"chr3"	162466741	"+"	"chr3+162466741"
"Polyclonal_95pct"	"chr3"	162563389	"+"	"chr3+162563389"
"Polyclonal_95pct"	"chr3"	162757416	"+"	"chr3+162757416"
"Polyclonal_95pct"	"chr3"	163364900	"+"	"chr3+163364900"
"Polyclonal_95pct"	"chr3"	163472746	"+"	"chr3+163472746"
"Polyclonal_95pct"	"chr3"	163570135	"+"	"chr3+163570135"
"Polyclonal_95pct"	"chr3"	163686876	"+"	"chr3+163686876"
"Polyclonal_95pct"	"chr3"	163837237	"+"	"chr3+163837237"
"Polyclonal_95pct"	"chr3"	164152694	"+"	"chr3+164152694"
"Polyclonal_95pct"	"chr3"	164394320	"+"	"chr3+164394320"
"Polyclonal_95pct"	"chr3"	164602312	"+"	"chr3+164602312"
"Polyclonal_95pct"	"chr3"	164774822	"+"	"chr3+164774822"
"Polyclonal_95pct"	"chr3"	164985577	"+"	"chr3+164985577"
"Polyclonal_95pct"	"chr3"	165609073	"+"	"chr3+165609073"
"Polyclonal_95pct"	"chr3"	165774204	"+"	"chr3+165774204"
"Polyclonal_95pct"	"chr3"	165825550	"+"	"chr3+165825550"
"Polyclonal_95pct"	"chr3"	166566505	"+"	"chr3+166566505"
"Polyclonal_95pct"	"chr3"	166700743	"+"	"chr3+166700743"
"Polyclonal_95pct"	"chr3"	167384223	"+"	"chr3+167384223"
"Polyclonal_95pct"	"chr3"	167532992	"+"	"chr3+167532992"
"Polyclonal_95pct"	"chr3"	167722976	"+"	"chr3+167722976"
"Polyclonal_95pct"	"chr3"	167942310	"+"	"chr3+167942310"
"Polyclonal_95pct"	"chr3"	168397925	"+"	"chr3+168397925"
"Polyclonal_95pct"	"chr3"	168734039	"+"	"chr3+168734039"
"Polyclonal_95pct"	"chr3"	168822557	"+"	"chr3+168822557"
"Polyclonal_95pct"	"chr3"	168993656	"+"	"chr3+168993656"
"Polyclonal_95pct"	"chr3"	169352565	"+"	"chr3+169352565"
"Polyclonal_95pct"	"chr3"	169783477	"+"	"chr3+169783477"
"Polyclonal_95pct"	"chr3"	170126845	"+"	"chr3+170126845"
"Polyclonal_95pct"	"chr3"	170373591	"+"	"chr3+170373591"
"Polyclonal_95pct"	"chr3"	170394108	"+"	"chr3+170394108"
"Polyclonal_95pct"	"chr3"	172047255	"+"	"chr3+172047255"
"Polyclonal_95pct"	"chr3"	172078795	"+"	"chr3+172078795"
"Polyclonal_95pct"	"chr3"	172219651	"+"	"chr3+172219651"
"Polyclonal_95pct"	"chr3"	172392371	"+"	"chr3+172392371"
"Polyclonal_95pct"	"chr3"	172757746	"+"	"chr3+172757746"
"Polyclonal_95pct"	"chr3"	173857125	"+"	"chr3+173857125"
"Polyclonal_95pct"	"chr3"	173982840	"+"	"chr3+173982840"
"Polyclonal_95pct"	"chr3"	174153984	"+"	"chr3+174153984"
"Polyclonal_95pct"	"chr3"	174280686	"+"	"chr3+174280686"
"Polyclonal_95pct"	"chr3"	174576853	"+"	"chr3+174576853"
"Polyclonal_95pct"	"chr3"	175063669	"+"	"chr3+175063669"
"Polyclonal_95pct"	"chr3"	175635743	"+"	"chr3+175635743"
"Polyclonal_95pct"	"chr3"	175971367	"+"	"chr3+175971367"
"Polyclonal_95pct"	"chr3"	176300365	"+"	"chr3+176300365"
"Polyclonal_95pct"	"chr3"	176301766	"+"	"chr3+176301766"
"Polyclonal_95pct"	"chr3"	176908229	"+"	"chr3+176908229"
"Polyclonal_95pct"	"chr3"	177022878	"+"	"chr3+177022878"
"Polyclonal_95pct"	"chr3"	177328968	"+"	"chr3+177328968"
"Polyclonal_95pct"	"chr3"	177652554	"+"	"chr3+177652554"
"Polyclonal_95pct"	"chr3"	178585923	"+"	"chr3+178585923"
"Polyclonal_95pct"	"chr3"	178620540	"+"	"chr3+178620540"
"Polyclonal_95pct"	"chr3"	179713986	"+"	"chr3+179713986"
"Polyclonal_95pct"	"chr3"	182379796	"+"	"chr3+182379796"
"Polyclonal_95pct"	"chr3"	182612794	"+"	"chr3+182612794"
"Polyclonal_95pct"	"chr3"	182767948	"+"	"chr3+182767948"
"Polyclonal_95pct"	"chr3"	182773964	"+"	"chr3+182773964"
"Polyclonal_95pct"	"chr3"	185406532	"+"	"chr3+185406532"
"Polyclonal_95pct"	"chr3"	187755973	"+"	"chr3+187755973"
"Polyclonal_95pct"	"chr3"	188028004	"+"	"chr3+188028004"
"Polyclonal_95pct"	"chr3"	189172553	"+"	"chr3+189172553"
"Polyclonal_95pct"	"chr3"	189265150	"+"	"chr3+189265150"
"Polyclonal_95pct"	"chr3"	189970751	"+"	"chr3+189970751"
"Polyclonal_95pct"	"chr3"	189997669	"+"	"chr3+189997669"
"Polyclonal_95pct"	"chr3"	190941888	"+"	"chr3+190941888"
"Polyclonal_95pct"	"chr3"	191223802	"+"	"chr3+191223802"
"Polyclonal_95pct"	"chr3"	191336975	"+"	"chr3+191336975"
"Polyclonal_95pct"	"chr3"	191593053	"+"	"chr3+191593053"
"Polyclonal_95pct"	"chr3"	191818678	"+"	"chr3+191818678"
"Polyclonal_95pct"	"chr3"	191945553	"+"	"chr3+191945553"
"Polyclonal_95pct"	"chr3"	192148496	"+"	"chr3+192148496"
"Polyclonal_95pct"	"chr3"	192708990	"+"	"chr3+192708990"
"Polyclonal_95pct"	"chr3"	193282021	"+"	"chr3+193282021"
"Polyclonal_95pct"	"chr3"	195325713	"+"	"chr3+195325713"
"Polyclonal_95pct"	"chr3"	196076390	"+"	"chr3+196076390"
"Polyclonal_95pct"	"chr3"	196404965	"+"	"chr3+196404965"
"Polyclonal_95pct"	"chr3"	196610750	"+"	"chr3+196610750"
"Polyclonal_95pct"	"chr3"	196871637	"+"	"chr3+196871637"
"Polyclonal_95pct"	"chr3"	197828190	"+"	"chr3+197828190"
"Polyclonal_95pct"	"chr3"	197844653	"+"	"chr3+197844653"
"Polyclonal_95pct"	"chr3"	197859135	"+"	"chr3+197859135"
"Polyclonal_95pct"	"chr3"	197886472	"+"	"chr3+197886472"
"Polyclonal_95pct"	"chr3"	198008026	"+"	"chr3+198008026"
"Polyclonal_95pct"	"chr3"	714762	"-"	"chr3-714762"
"Polyclonal_95pct"	"chr3"	734442	"-"	"chr3-734442"
"Polyclonal_95pct"	"chr3"	1664876	"-"	"chr3-1664876"
"Polyclonal_95pct"	"chr3"	2462767	"-"	"chr3-2462767"
"Polyclonal_95pct"	"chr3"	2715910	"-"	"chr3-2715910"
"Polyclonal_95pct"	"chr3"	2894957	"-"	"chr3-2894957"
"Polyclonal_95pct"	"chr3"	3049371	"-"	"chr3-3049371"
"Polyclonal_95pct"	"chr3"	3049346	"-"	"chr3-3049346"
"Polyclonal_95pct"	"chr3"	3192043	"-"	"chr3-3192043"
"Polyclonal_95pct"	"chr3"	3640499	"-"	"chr3-3640499"
"Polyclonal_95pct"	"chr3"	3956140	"-"	"chr3-3956140"
"Polyclonal_95pct"	"chr3"	4869742	"-"	"chr3-4869742"
"Polyclonal_95pct"	"chr3"	6545022	"-"	"chr3-6545022"
"Polyclonal_95pct"	"chr3"	6595984	"-"	"chr3-6595984"
"Polyclonal_95pct"	"chr3"	6633302	"-"	"chr3-6633302"
"Polyclonal_95pct"	"chr3"	9541455	"-"	"chr3-9541455"
"Polyclonal_95pct"	"chr3"	10283389	"-"	"chr3-10283389"
"Polyclonal_95pct"	"chr3"	11310096	"-"	"chr3-11310096"
"Polyclonal_95pct"	"chr3"	20161622	"-"	"chr3-20161622"
"Polyclonal_95pct"	"chr3"	20518912	"-"	"chr3-20518912"
"Polyclonal_95pct"	"chr3"	20635568	"-"	"chr3-20635568"
"Polyclonal_95pct"	"chr3"	21021619	"-"	"chr3-21021619"
"Polyclonal_95pct"	"chr3"	22212198	"-"	"chr3-22212198"
"Polyclonal_95pct"	"chr3"	23536794	"-"	"chr3-23536794"
"Polyclonal_95pct"	"chr3"	24482460	"-"	"chr3-24482460"
"Polyclonal_95pct"	"chr3"	27339469	"-"	"chr3-27339469"
"Polyclonal_95pct"	"chr3"	27375355	"-"	"chr3-27375355"
"Polyclonal_95pct"	"chr3"	27406834	"-"	"chr3-27406834"
"Polyclonal_95pct"	"chr3"	27411385	"-"	"chr3-27411385"
"Polyclonal_95pct"	"chr3"	28339782	"-"	"chr3-28339782"
"Polyclonal_95pct"	"chr3"	30633262	"-"	"chr3-30633262"
"Polyclonal_95pct"	"chr3"	32252906	"-"	"chr3-32252906"
"Polyclonal_95pct"	"chr3"	33524894	"-"	"chr3-33524894"
"Polyclonal_95pct"	"chr3"	35514874	"-"	"chr3-35514874"
"Polyclonal_95pct"	"chr3"	35608186	"-"	"chr3-35608186"
"Polyclonal_95pct"	"chr3"	36979333	"-"	"chr3-36979333"
"Polyclonal_95pct"	"chr3"	40349121	"-"	"chr3-40349121"
"Polyclonal_95pct"	"chr3"	40820709	"-"	"chr3-40820709"
"Polyclonal_95pct"	"chr3"	41755415	"-"	"chr3-41755415"
"Polyclonal_95pct"	"chr3"	42113970	"-"	"chr3-42113970"
"Polyclonal_95pct"	"chr3"	42610820	"-"	"chr3-42610820"
"Polyclonal_95pct"	"chr3"	45823979	"-"	"chr3-45823979"
"Polyclonal_95pct"	"chr3"	46121957	"-"	"chr3-46121957"
"Polyclonal_95pct"	"chr3"	46136093	"-"	"chr3-46136093"
"Polyclonal_95pct"	"chr3"	46342492	"-"	"chr3-46342492"
"Polyclonal_95pct"	"chr3"	46429787	"-"	"chr3-46429787"
"Polyclonal_95pct"	"chr3"	47149650	"-"	"chr3-47149650"
"Polyclonal_95pct"	"chr3"	47152647	"-"	"chr3-47152647"
"Polyclonal_95pct"	"chr3"	47452395	"-"	"chr3-47452395"
"Polyclonal_95pct"	"chr3"	47666493	"-"	"chr3-47666493"
"Polyclonal_95pct"	"chr3"	47695181	"-"	"chr3-47695181"
"Polyclonal_95pct"	"chr3"	47714242	"-"	"chr3-47714242"
"Polyclonal_95pct"	"chr3"	47990620	"-"	"chr3-47990620"
"Polyclonal_95pct"	"chr3"	48076149	"-"	"chr3-48076149"
"Polyclonal_95pct"	"chr3"	48254446	"-"	"chr3-48254446"
"Polyclonal_95pct"	"chr3"	48670881	"-"	"chr3-48670881"
"Polyclonal_95pct"	"chr3"	48757277	"-"	"chr3-48757277"
"Polyclonal_95pct"	"chr3"	48824308	"-"	"chr3-48824308"
"Polyclonal_95pct"	"chr3"	48932686	"-"	"chr3-48932686"
"Polyclonal_95pct"	"chr3"	49037025	"-"	"chr3-49037025"
"Polyclonal_95pct"	"chr3"	49430514	"-"	"chr3-49430514"
"Polyclonal_95pct"	"chr3"	49435605	"-"	"chr3-49435605"
"Polyclonal_95pct"	"chr3"	49527933	"-"	"chr3-49527933"
"Polyclonal_95pct"	"chr3"	49964676	"-"	"chr3-49964676"
"Polyclonal_95pct"	"chr3"	50857323	"-"	"chr3-50857323"
"Polyclonal_95pct"	"chr3"	50949669	"-"	"chr3-50949669"
"Polyclonal_95pct"	"chr3"	52251019	"-"	"chr3-52251019"
"Polyclonal_95pct"	"chr3"	52407259	"-"	"chr3-52407259"
"Polyclonal_95pct"	"chr3"	52670519	"-"	"chr3-52670519"
"Polyclonal_95pct"	"chr3"	52694141	"-"	"chr3-52694141"
"Polyclonal_95pct"	"chr3"	53339328	"-"	"chr3-53339328"
"Polyclonal_95pct"	"chr3"	53928709	"-"	"chr3-53928709"
"Polyclonal_95pct"	"chr3"	56687591	"-"	"chr3-56687591"
"Polyclonal_95pct"	"chr3"	57769423	"-"	"chr3-57769423"
"Polyclonal_95pct"	"chr3"	60166056	"-"	"chr3-60166056"
"Polyclonal_95pct"	"chr3"	63326435	"-"	"chr3-63326435"
"Polyclonal_95pct"	"chr3"	68360461	"-"	"chr3-68360461"
"Polyclonal_95pct"	"chr3"	69283389	"-"	"chr3-69283389"
"Polyclonal_95pct"	"chr3"	70812789	"-"	"chr3-70812789"
"Polyclonal_95pct"	"chr3"	76242178	"-"	"chr3-76242178"
"Polyclonal_95pct"	"chr3"	76347140	"-"	"chr3-76347140"
"Polyclonal_95pct"	"chr3"	78727932	"-"	"chr3-78727932"
"Polyclonal_95pct"	"chr3"	78904902	"-"	"chr3-78904902"
"Polyclonal_95pct"	"chr3"	79448677	"-"	"chr3-79448677"
"Polyclonal_95pct"	"chr3"	79539482	"-"	"chr3-79539482"
"Polyclonal_95pct"	"chr3"	81059563	"-"	"chr3-81059563"
"Polyclonal_95pct"	"chr3"	81589942	"-"	"chr3-81589942"
"Polyclonal_95pct"	"chr3"	82245237	"-"	"chr3-82245237"
"Polyclonal_95pct"	"chr3"	82316904	"-"	"chr3-82316904"
"Polyclonal_95pct"	"chr3"	82936363	"-"	"chr3-82936363"
"Polyclonal_95pct"	"chr3"	83173328	"-"	"chr3-83173328"
"Polyclonal_95pct"	"chr3"	83387226	"-"	"chr3-83387226"
"Polyclonal_95pct"	"chr3"	83851756	"-"	"chr3-83851756"
"Polyclonal_95pct"	"chr3"	84714078	"-"	"chr3-84714078"
"Polyclonal_95pct"	"chr3"	85497649	"-"	"chr3-85497649"
"Polyclonal_95pct"	"chr3"	86665196	"-"	"chr3-86665196"
"Polyclonal_95pct"	"chr3"	86950750	"-"	"chr3-86950750"
"Polyclonal_95pct"	"chr3"	87115449	"-"	"chr3-87115449"
"Polyclonal_95pct"	"chr3"	87719449	"-"	"chr3-87719449"
"Polyclonal_95pct"	"chr3"	88701717	"-"	"chr3-88701717"
"Polyclonal_95pct"	"chr3"	88754279	"-"	"chr3-88754279"
"Polyclonal_95pct"	"chr3"	89231356	"-"	"chr3-89231356"
"Polyclonal_95pct"	"chr3"	89302432	"-"	"chr3-89302432"
"Polyclonal_95pct"	"chr3"	89313094	"-"	"chr3-89313094"
"Polyclonal_95pct"	"chr3"	89469682	"-"	"chr3-89469682"
"Polyclonal_95pct"	"chr3"	89908119	"-"	"chr3-89908119"
"Polyclonal_95pct"	"chr3"	93470713	"-"	"chr3-93470713"
"Polyclonal_95pct"	"chr3"	93831167	"-"	"chr3-93831167"
"Polyclonal_95pct"	"chr3"	93869717	"-"	"chr3-93869717"
"Polyclonal_95pct"	"chr3"	94047920	"-"	"chr3-94047920"
"Polyclonal_95pct"	"chr3"	94227400	"-"	"chr3-94227400"
"Polyclonal_95pct"	"chr3"	94636810	"-"	"chr3-94636810"
"Polyclonal_95pct"	"chr3"	94818184	"-"	"chr3-94818184"
"Polyclonal_95pct"	"chr3"	95187619	"-"	"chr3-95187619"
"Polyclonal_95pct"	"chr3"	95362474	"-"	"chr3-95362474"
"Polyclonal_95pct"	"chr3"	95405086	"-"	"chr3-95405086"
"Polyclonal_95pct"	"chr3"	95443787	"-"	"chr3-95443787"
"Polyclonal_95pct"	"chr3"	95625991	"-"	"chr3-95625991"
"Polyclonal_95pct"	"chr3"	96369333	"-"	"chr3-96369333"
"Polyclonal_95pct"	"chr3"	96968238	"-"	"chr3-96968238"
"Polyclonal_95pct"	"chr3"	97525160	"-"	"chr3-97525160"
"Polyclonal_95pct"	"chr3"	97960270	"-"	"chr3-97960270"
"Polyclonal_95pct"	"chr3"	98767930	"-"	"chr3-98767930"
"Polyclonal_95pct"	"chr3"	99266380	"-"	"chr3-99266380"
"Polyclonal_95pct"	"chr3"	99302154	"-"	"chr3-99302154"
"Polyclonal_95pct"	"chr3"	99308415	"-"	"chr3-99308415"
"Polyclonal_95pct"	"chr3"	99621191	"-"	"chr3-99621191"
"Polyclonal_95pct"	"chr3"	101248889	"-"	"chr3-101248889"
"Polyclonal_95pct"	"chr3"	101994244	"-"	"chr3-101994244"
"Polyclonal_95pct"	"chr3"	102369716	"-"	"chr3-102369716"
"Polyclonal_95pct"	"chr3"	102370151	"-"	"chr3-102370151"
"Polyclonal_95pct"	"chr3"	102404108	"-"	"chr3-102404108"
"Polyclonal_95pct"	"chr3"	102908694	"-"	"chr3-102908694"
"Polyclonal_95pct"	"chr3"	103652943	"-"	"chr3-103652943"
"Polyclonal_95pct"	"chr3"	103949804	"-"	"chr3-103949804"
"Polyclonal_95pct"	"chr3"	105652019	"-"	"chr3-105652019"
"Polyclonal_95pct"	"chr3"	105667152	"-"	"chr3-105667152"
"Polyclonal_95pct"	"chr3"	105785887	"-"	"chr3-105785887"
"Polyclonal_95pct"	"chr3"	107280247	"-"	"chr3-107280247"
"Polyclonal_95pct"	"chr3"	107486820	"-"	"chr3-107486820"
"Polyclonal_95pct"	"chr3"	108048970	"-"	"chr3-108048970"
"Polyclonal_95pct"	"chr3"	108053461	"-"	"chr3-108053461"
"Polyclonal_95pct"	"chr3"	109598649	"-"	"chr3-109598649"
"Polyclonal_95pct"	"chr3"	110291784	"-"	"chr3-110291784"
"Polyclonal_95pct"	"chr3"	110453627	"-"	"chr3-110453627"
"Polyclonal_95pct"	"chr3"	110524148	"-"	"chr3-110524148"
"Polyclonal_95pct"	"chr3"	110571136	"-"	"chr3-110571136"
"Polyclonal_95pct"	"chr3"	110843460	"-"	"chr3-110843460"
"Polyclonal_95pct"	"chr3"	110867220	"-"	"chr3-110867220"
"Polyclonal_95pct"	"chr3"	111078964	"-"	"chr3-111078964"
"Polyclonal_95pct"	"chr3"	111111455	"-"	"chr3-111111455"
"Polyclonal_95pct"	"chr3"	112050001	"-"	"chr3-112050001"
"Polyclonal_95pct"	"chr3"	113306569	"-"	"chr3-113306569"
"Polyclonal_95pct"	"chr3"	113648238	"-"	"chr3-113648238"
"Polyclonal_95pct"	"chr3"	113875583	"-"	"chr3-113875583"
"Polyclonal_95pct"	"chr3"	114696737	"-"	"chr3-114696737"
"Polyclonal_95pct"	"chr3"	114953342	"-"	"chr3-114953342"
"Polyclonal_95pct"	"chr3"	116204522	"-"	"chr3-116204522"
"Polyclonal_95pct"	"chr3"	116841906	"-"	"chr3-116841906"
"Polyclonal_95pct"	"chr3"	118022502	"-"	"chr3-118022502"
"Polyclonal_95pct"	"chr3"	120548609	"-"	"chr3-120548609"
"Polyclonal_95pct"	"chr3"	120619240	"-"	"chr3-120619240"
"Polyclonal_95pct"	"chr3"	120667442	"-"	"chr3-120667442"
"Polyclonal_95pct"	"chr3"	121648381	"-"	"chr3-121648381"
"Polyclonal_95pct"	"chr3"	121825589	"-"	"chr3-121825589"
"Polyclonal_95pct"	"chr3"	122830354	"-"	"chr3-122830354"
"Polyclonal_95pct"	"chr3"	123592216	"-"	"chr3-123592216"
"Polyclonal_95pct"	"chr3"	123944096	"-"	"chr3-123944096"
"Polyclonal_95pct"	"chr3"	125107106	"-"	"chr3-125107106"
"Polyclonal_95pct"	"chr3"	128063493	"-"	"chr3-128063493"
"Polyclonal_95pct"	"chr3"	128251095	"-"	"chr3-128251095"
"Polyclonal_95pct"	"chr3"	129105779	"-"	"chr3-129105779"
"Polyclonal_95pct"	"chr3"	129147085	"-"	"chr3-129147085"
"Polyclonal_95pct"	"chr3"	129173861	"-"	"chr3-129173861"
"Polyclonal_95pct"	"chr3"	129223694	"-"	"chr3-129223694"
"Polyclonal_95pct"	"chr3"	129534775	"-"	"chr3-129534775"
"Polyclonal_95pct"	"chr3"	130870670	"-"	"chr3-130870670"
"Polyclonal_95pct"	"chr3"	131838869	"-"	"chr3-131838869"
"Polyclonal_95pct"	"chr3"	132496329	"-"	"chr3-132496329"
"Polyclonal_95pct"	"chr3"	132636436	"-"	"chr3-132636436"
"Polyclonal_95pct"	"chr3"	133637036	"-"	"chr3-133637036"
"Polyclonal_95pct"	"chr3"	134521051	"-"	"chr3-134521051"
"Polyclonal_95pct"	"chr3"	135294350	"-"	"chr3-135294350"
"Polyclonal_95pct"	"chr3"	137432904	"-"	"chr3-137432904"
"Polyclonal_95pct"	"chr3"	139357578	"-"	"chr3-139357578"
"Polyclonal_95pct"	"chr3"	142412032	"-"	"chr3-142412032"
"Polyclonal_95pct"	"chr3"	142608158	"-"	"chr3-142608158"
"Polyclonal_95pct"	"chr3"	143956731	"-"	"chr3-143956731"
"Polyclonal_95pct"	"chr3"	143983801	"-"	"chr3-143983801"
"Polyclonal_95pct"	"chr3"	144042324	"-"	"chr3-144042324"
"Polyclonal_95pct"	"chr3"	144172576	"-"	"chr3-144172576"
"Polyclonal_95pct"	"chr3"	145176328	"-"	"chr3-145176328"
"Polyclonal_95pct"	"chr3"	147051574	"-"	"chr3-147051574"
"Polyclonal_95pct"	"chr3"	147104636	"-"	"chr3-147104636"
"Polyclonal_95pct"	"chr3"	147241854	"-"	"chr3-147241854"
"Polyclonal_95pct"	"chr3"	147624138	"-"	"chr3-147624138"
"Polyclonal_95pct"	"chr3"	147659406	"-"	"chr3-147659406"
"Polyclonal_95pct"	"chr3"	147732136	"-"	"chr3-147732136"
"Polyclonal_95pct"	"chr3"	147732723	"-"	"chr3-147732723"
"Polyclonal_95pct"	"chr3"	147818895	"-"	"chr3-147818895"
"Polyclonal_95pct"	"chr3"	147821966	"-"	"chr3-147821966"
"Polyclonal_95pct"	"chr3"	149049114	"-"	"chr3-149049114"
"Polyclonal_95pct"	"chr3"	150442184	"-"	"chr3-150442184"
"Polyclonal_95pct"	"chr3"	150456780	"-"	"chr3-150456780"
"Polyclonal_95pct"	"chr3"	150546650	"-"	"chr3-150546650"
"Polyclonal_95pct"	"chr3"	150610034	"-"	"chr3-150610034"
"Polyclonal_95pct"	"chr3"	151295482	"-"	"chr3-151295482"
"Polyclonal_95pct"	"chr3"	152237377	"-"	"chr3-152237377"
"Polyclonal_95pct"	"chr3"	152404321	"-"	"chr3-152404321"
"Polyclonal_95pct"	"chr3"	152412562	"-"	"chr3-152412562"
"Polyclonal_95pct"	"chr3"	152804861	"-"	"chr3-152804861"
"Polyclonal_95pct"	"chr3"	152815632	"-"	"chr3-152815632"
"Polyclonal_95pct"	"chr3"	153513933	"-"	"chr3-153513933"
"Polyclonal_95pct"	"chr3"	153948967	"-"	"chr3-153948967"
"Polyclonal_95pct"	"chr3"	154311969	"-"	"chr3-154311969"
"Polyclonal_95pct"	"chr3"	155300634	"-"	"chr3-155300634"
"Polyclonal_95pct"	"chr3"	155613649	"-"	"chr3-155613649"
"Polyclonal_95pct"	"chr3"	155921248	"-"	"chr3-155921248"
"Polyclonal_95pct"	"chr3"	156130656	"-"	"chr3-156130656"
"Polyclonal_95pct"	"chr3"	158189018	"-"	"chr3-158189018"
"Polyclonal_95pct"	"chr3"	158304190	"-"	"chr3-158304190"
"Polyclonal_95pct"	"chr3"	158425581	"-"	"chr3-158425581"
"Polyclonal_95pct"	"chr3"	158483586	"-"	"chr3-158483586"
"Polyclonal_95pct"	"chr3"	159175094	"-"	"chr3-159175094"
"Polyclonal_95pct"	"chr3"	160266049	"-"	"chr3-160266049"
"Polyclonal_95pct"	"chr3"	160383368	"-"	"chr3-160383368"
"Polyclonal_95pct"	"chr3"	160411211	"-"	"chr3-160411211"
"Polyclonal_95pct"	"chr3"	160638721	"-"	"chr3-160638721"
"Polyclonal_95pct"	"chr3"	161625340	"-"	"chr3-161625340"
"Polyclonal_95pct"	"chr3"	161785254	"-"	"chr3-161785254"
"Polyclonal_95pct"	"chr3"	162009985	"-"	"chr3-162009985"
"Polyclonal_95pct"	"chr3"	162559224	"-"	"chr3-162559224"
"Polyclonal_95pct"	"chr3"	162619580	"-"	"chr3-162619580"
"Polyclonal_95pct"	"chr3"	162737670	"-"	"chr3-162737670"
"Polyclonal_95pct"	"chr3"	163145388	"-"	"chr3-163145388"
"Polyclonal_95pct"	"chr3"	163233144	"-"	"chr3-163233144"
"Polyclonal_95pct"	"chr3"	163575656	"-"	"chr3-163575656"
"Polyclonal_95pct"	"chr3"	164152698	"-"	"chr3-164152698"
"Polyclonal_95pct"	"chr3"	164174831	"-"	"chr3-164174831"
"Polyclonal_95pct"	"chr3"	164315392	"-"	"chr3-164315392"
"Polyclonal_95pct"	"chr3"	164550645	"-"	"chr3-164550645"
"Polyclonal_95pct"	"chr3"	164587056	"-"	"chr3-164587056"
"Polyclonal_95pct"	"chr3"	165038278	"-"	"chr3-165038278"
"Polyclonal_95pct"	"chr3"	165527183	"-"	"chr3-165527183"
"Polyclonal_95pct"	"chr3"	166557603	"-"	"chr3-166557603"
"Polyclonal_95pct"	"chr3"	166743094	"-"	"chr3-166743094"
"Polyclonal_95pct"	"chr3"	167789078	"-"	"chr3-167789078"
"Polyclonal_95pct"	"chr3"	168068278	"-"	"chr3-168068278"
"Polyclonal_95pct"	"chr3"	168299947	"-"	"chr3-168299947"
"Polyclonal_95pct"	"chr3"	168513039	"-"	"chr3-168513039"
"Polyclonal_95pct"	"chr3"	169486985	"-"	"chr3-169486985"
"Polyclonal_95pct"	"chr3"	169498276	"-"	"chr3-169498276"
"Polyclonal_95pct"	"chr3"	169783437	"-"	"chr3-169783437"
"Polyclonal_95pct"	"chr3"	169929118	"-"	"chr3-169929118"
"Polyclonal_95pct"	"chr3"	170362994	"-"	"chr3-170362994"
"Polyclonal_95pct"	"chr3"	172345623	"-"	"chr3-172345623"
"Polyclonal_95pct"	"chr3"	172897333	"-"	"chr3-172897333"
"Polyclonal_95pct"	"chr3"	173290180	"-"	"chr3-173290180"
"Polyclonal_95pct"	"chr3"	173354662	"-"	"chr3-173354662"
"Polyclonal_95pct"	"chr3"	173756682	"-"	"chr3-173756682"
"Polyclonal_95pct"	"chr3"	174464778	"-"	"chr3-174464778"
"Polyclonal_95pct"	"chr3"	174982978	"-"	"chr3-174982978"
"Polyclonal_95pct"	"chr3"	175237844	"-"	"chr3-175237844"
"Polyclonal_95pct"	"chr3"	175275799	"-"	"chr3-175275799"
"Polyclonal_95pct"	"chr3"	176383045	"-"	"chr3-176383045"
"Polyclonal_95pct"	"chr3"	176750624	"-"	"chr3-176750624"
"Polyclonal_95pct"	"chr3"	177100350	"-"	"chr3-177100350"
"Polyclonal_95pct"	"chr3"	177126484	"-"	"chr3-177126484"
"Polyclonal_95pct"	"chr3"	177308469	"-"	"chr3-177308469"
"Polyclonal_95pct"	"chr3"	177652558	"-"	"chr3-177652558"
"Polyclonal_95pct"	"chr3"	177947902	"-"	"chr3-177947902"
"Polyclonal_95pct"	"chr3"	178713239	"-"	"chr3-178713239"
"Polyclonal_95pct"	"chr3"	178778792	"-"	"chr3-178778792"
"Polyclonal_95pct"	"chr3"	179225488	"-"	"chr3-179225488"
"Polyclonal_95pct"	"chr3"	179855444	"-"	"chr3-179855444"
"Polyclonal_95pct"	"chr3"	180352985	"-"	"chr3-180352985"
"Polyclonal_95pct"	"chr3"	180732548	"-"	"chr3-180732548"
"Polyclonal_95pct"	"chr3"	180964137	"-"	"chr3-180964137"
"Polyclonal_95pct"	"chr3"	181333967	"-"	"chr3-181333967"
"Polyclonal_95pct"	"chr3"	181752984	"-"	"chr3-181752984"
"Polyclonal_95pct"	"chr3"	181791785	"-"	"chr3-181791785"
"Polyclonal_95pct"	"chr3"	182028315	"-"	"chr3-182028315"
"Polyclonal_95pct"	"chr3"	182041865	"-"	"chr3-182041865"
"Polyclonal_95pct"	"chr3"	182375599	"-"	"chr3-182375599"
"Polyclonal_95pct"	"chr3"	182555010	"-"	"chr3-182555010"
"Polyclonal_95pct"	"chr3"	182833694	"-"	"chr3-182833694"
"Polyclonal_95pct"	"chr3"	182834465	"-"	"chr3-182834465"
"Polyclonal_95pct"	"chr3"	182968154	"-"	"chr3-182968154"
"Polyclonal_95pct"	"chr3"	184064524	"-"	"chr3-184064524"
"Polyclonal_95pct"	"chr3"	185600301	"-"	"chr3-185600301"
"Polyclonal_95pct"	"chr3"	187051750	"-"	"chr3-187051750"
"Polyclonal_95pct"	"chr3"	189401852	"-"	"chr3-189401852"
"Polyclonal_95pct"	"chr3"	189708359	"-"	"chr3-189708359"
"Polyclonal_95pct"	"chr3"	190341696	"-"	"chr3-190341696"
"Polyclonal_95pct"	"chr3"	190420728	"-"	"chr3-190420728"
"Polyclonal_95pct"	"chr3"	190720408	"-"	"chr3-190720408"
"Polyclonal_95pct"	"chr3"	190943770	"-"	"chr3-190943770"
"Polyclonal_95pct"	"chr3"	190968815	"-"	"chr3-190968815"
"Polyclonal_95pct"	"chr3"	191469122	"-"	"chr3-191469122"
"Polyclonal_95pct"	"chr3"	191883223	"-"	"chr3-191883223"
"Polyclonal_95pct"	"chr3"	192099510	"-"	"chr3-192099510"
"Polyclonal_95pct"	"chr3"	192348393	"-"	"chr3-192348393"
"Polyclonal_95pct"	"chr3"	192587776	"-"	"chr3-192587776"
"Polyclonal_95pct"	"chr3"	192926034	"-"	"chr3-192926034"
"Polyclonal_95pct"	"chr3"	193082370	"-"	"chr3-193082370"
"Polyclonal_95pct"	"chr3"	194458227	"-"	"chr3-194458227"
"Polyclonal_95pct"	"chr3"	195052920	"-"	"chr3-195052920"
"Polyclonal_95pct"	"chr3"	196471414	"-"	"chr3-196471414"
"Polyclonal_95pct"	"chr3"	196479748	"-"	"chr3-196479748"
"Polyclonal_95pct"	"chr3"	196723908	"-"	"chr3-196723908"
"Polyclonal_95pct"	"chr3"	196876172	"-"	"chr3-196876172"
"Polyclonal_95pct"	"chr3"	197138995	"-"	"chr3-197138995"
"Polyclonal_95pct"	"chr3"	197210695	"-"	"chr3-197210695"
"Polyclonal_95pct"	"chr3"	197761734	"-"	"chr3-197761734"
"Polyclonal_95pct"	"chr3"	197862927	"-"	"chr3-197862927"
"Polyclonal_95pct"	"chr4"	864174	"+"	"chr4+864174"
"Polyclonal_95pct"	"chr4"	1135782	"+"	"chr4+1135782"
"Polyclonal_95pct"	"chr4"	1290181	"+"	"chr4+1290181"
"Polyclonal_95pct"	"chr4"	2778965	"+"	"chr4+2778965"
"Polyclonal_95pct"	"chr4"	2874153	"+"	"chr4+2874153"
"Polyclonal_95pct"	"chr4"	5302062	"+"	"chr4+5302062"
"Polyclonal_95pct"	"chr4"	6738435	"+"	"chr4+6738435"
"Polyclonal_95pct"	"chr4"	8361562	"+"	"chr4+8361562"
"Polyclonal_95pct"	"chr4"	13517757	"+"	"chr4+13517757"
"Polyclonal_95pct"	"chr4"	13518216	"+"	"chr4+13518216"
"Polyclonal_95pct"	"chr4"	17068446	"+"	"chr4+17068446"
"Polyclonal_95pct"	"chr4"	17834958	"+"	"chr4+17834958"
"Polyclonal_95pct"	"chr4"	18651692	"+"	"chr4+18651692"
"Polyclonal_95pct"	"chr4"	19397241	"+"	"chr4+19397241"
"Polyclonal_95pct"	"chr4"	20041299	"+"	"chr4+20041299"
"Polyclonal_95pct"	"chr4"	20890844	"+"	"chr4+20890844"
"Polyclonal_95pct"	"chr4"	21274918	"+"	"chr4+21274918"
"Polyclonal_95pct"	"chr4"	21811114	"+"	"chr4+21811114"
"Polyclonal_95pct"	"chr4"	22290371	"+"	"chr4+22290371"
"Polyclonal_95pct"	"chr4"	22903331	"+"	"chr4+22903331"
"Polyclonal_95pct"	"chr4"	23821191	"+"	"chr4+23821191"
"Polyclonal_95pct"	"chr4"	23909412	"+"	"chr4+23909412"
"Polyclonal_95pct"	"chr4"	24114871	"+"	"chr4+24114871"
"Polyclonal_95pct"	"chr4"	24391791	"+"	"chr4+24391791"
"Polyclonal_95pct"	"chr4"	25277686	"+"	"chr4+25277686"
"Polyclonal_95pct"	"chr4"	26915482	"+"	"chr4+26915482"
"Polyclonal_95pct"	"chr4"	27409160	"+"	"chr4+27409160"
"Polyclonal_95pct"	"chr4"	27615584	"+"	"chr4+27615584"
"Polyclonal_95pct"	"chr4"	28380171	"+"	"chr4+28380171"
"Polyclonal_95pct"	"chr4"	29657417	"+"	"chr4+29657417"
"Polyclonal_95pct"	"chr4"	30362413	"+"	"chr4+30362413"
"Polyclonal_95pct"	"chr4"	30619883	"+"	"chr4+30619883"
"Polyclonal_95pct"	"chr4"	31397986	"+"	"chr4+31397986"
"Polyclonal_95pct"	"chr4"	31664244	"+"	"chr4+31664244"
"Polyclonal_95pct"	"chr4"	32666605	"+"	"chr4+32666605"
"Polyclonal_95pct"	"chr4"	32674511	"+"	"chr4+32674511"
"Polyclonal_95pct"	"chr4"	33381546	"+"	"chr4+33381546"
"Polyclonal_95pct"	"chr4"	33938742	"+"	"chr4+33938742"
"Polyclonal_95pct"	"chr4"	35050295	"+"	"chr4+35050295"
"Polyclonal_95pct"	"chr4"	35485236	"+"	"chr4+35485236"
"Polyclonal_95pct"	"chr4"	36214612	"+"	"chr4+36214612"
"Polyclonal_95pct"	"chr4"	36262589	"+"	"chr4+36262589"
"Polyclonal_95pct"	"chr4"	36907570	"+"	"chr4+36907570"
"Polyclonal_95pct"	"chr4"	37030617	"+"	"chr4+37030617"
"Polyclonal_95pct"	"chr4"	37096077	"+"	"chr4+37096077"
"Polyclonal_95pct"	"chr4"	37378926	"+"	"chr4+37378926"
"Polyclonal_95pct"	"chr4"	38402120	"+"	"chr4+38402120"
"Polyclonal_95pct"	"chr4"	39122383	"+"	"chr4+39122383"
"Polyclonal_95pct"	"chr4"	39122602	"+"	"chr4+39122602"
"Polyclonal_95pct"	"chr4"	39122615	"+"	"chr4+39122615"
"Polyclonal_95pct"	"chr4"	39123472	"+"	"chr4+39123472"
"Polyclonal_95pct"	"chr4"	39855513	"+"	"chr4+39855513"
"Polyclonal_95pct"	"chr4"	40867372	"+"	"chr4+40867372"
"Polyclonal_95pct"	"chr4"	42269839	"+"	"chr4+42269839"
"Polyclonal_95pct"	"chr4"	43162594	"+"	"chr4+43162594"
"Polyclonal_95pct"	"chr4"	43544478	"+"	"chr4+43544478"
"Polyclonal_95pct"	"chr4"	44304894	"+"	"chr4+44304894"
"Polyclonal_95pct"	"chr4"	44445313	"+"	"chr4+44445313"
"Polyclonal_95pct"	"chr4"	46204945	"+"	"chr4+46204945"
"Polyclonal_95pct"	"chr4"	46353497	"+"	"chr4+46353497"
"Polyclonal_95pct"	"chr4"	47514227	"+"	"chr4+47514227"
"Polyclonal_95pct"	"chr4"	48391165	"+"	"chr4+48391165"
"Polyclonal_95pct"	"chr4"	49709336	"+"	"chr4+49709336"
"Polyclonal_95pct"	"chr4"	52474491	"+"	"chr4+52474491"
"Polyclonal_95pct"	"chr4"	54848586	"+"	"chr4+54848586"
"Polyclonal_95pct"	"chr4"	55106096	"+"	"chr4+55106096"
"Polyclonal_95pct"	"chr4"	55886598	"+"	"chr4+55886598"
"Polyclonal_95pct"	"chr4"	56053744	"+"	"chr4+56053744"
"Polyclonal_95pct"	"chr4"	56546160	"+"	"chr4+56546160"
"Polyclonal_95pct"	"chr4"	58032903	"+"	"chr4+58032903"
"Polyclonal_95pct"	"chr4"	58203761	"+"	"chr4+58203761"
"Polyclonal_95pct"	"chr4"	58233557	"+"	"chr4+58233557"
"Polyclonal_95pct"	"chr4"	58498289	"+"	"chr4+58498289"
"Polyclonal_95pct"	"chr4"	58557642	"+"	"chr4+58557642"
"Polyclonal_95pct"	"chr4"	59314608	"+"	"chr4+59314608"
"Polyclonal_95pct"	"chr4"	59465714	"+"	"chr4+59465714"
"Polyclonal_95pct"	"chr4"	59794218	"+"	"chr4+59794218"
"Polyclonal_95pct"	"chr4"	60375993	"+"	"chr4+60375993"
"Polyclonal_95pct"	"chr4"	60727401	"+"	"chr4+60727401"
"Polyclonal_95pct"	"chr4"	61680044	"+"	"chr4+61680044"
"Polyclonal_95pct"	"chr4"	62066983	"+"	"chr4+62066983"
"Polyclonal_95pct"	"chr4"	62665355	"+"	"chr4+62665355"
"Polyclonal_95pct"	"chr4"	62989681	"+"	"chr4+62989681"
"Polyclonal_95pct"	"chr4"	63406336	"+"	"chr4+63406336"
"Polyclonal_95pct"	"chr4"	63516777	"+"	"chr4+63516777"
"Polyclonal_95pct"	"chr4"	63720815	"+"	"chr4+63720815"
"Polyclonal_95pct"	"chr4"	63790729	"+"	"chr4+63790729"
"Polyclonal_95pct"	"chr4"	63888133	"+"	"chr4+63888133"
"Polyclonal_95pct"	"chr4"	63928038	"+"	"chr4+63928038"
"Polyclonal_95pct"	"chr4"	63947321	"+"	"chr4+63947321"
"Polyclonal_95pct"	"chr4"	65366387	"+"	"chr4+65366387"
"Polyclonal_95pct"	"chr4"	65562574	"+"	"chr4+65562574"
"Polyclonal_95pct"	"chr4"	66553507	"+"	"chr4+66553507"
"Polyclonal_95pct"	"chr4"	67536058	"+"	"chr4+67536058"
"Polyclonal_95pct"	"chr4"	68190506	"+"	"chr4+68190506"
"Polyclonal_95pct"	"chr4"	69307014	"+"	"chr4+69307014"
"Polyclonal_95pct"	"chr4"	69571025	"+"	"chr4+69571025"
"Polyclonal_95pct"	"chr4"	69812473	"+"	"chr4+69812473"
"Polyclonal_95pct"	"chr4"	69854976	"+"	"chr4+69854976"
"Polyclonal_95pct"	"chr4"	70348040	"+"	"chr4+70348040"
"Polyclonal_95pct"	"chr4"	70444776	"+"	"chr4+70444776"
"Polyclonal_95pct"	"chr4"	71017370	"+"	"chr4+71017370"
"Polyclonal_95pct"	"chr4"	72457796	"+"	"chr4+72457796"
"Polyclonal_95pct"	"chr4"	72525140	"+"	"chr4+72525140"
"Polyclonal_95pct"	"chr4"	72989371	"+"	"chr4+72989371"
"Polyclonal_95pct"	"chr4"	73205137	"+"	"chr4+73205137"
"Polyclonal_95pct"	"chr4"	73749262	"+"	"chr4+73749262"
"Polyclonal_95pct"	"chr4"	75795607	"+"	"chr4+75795607"
"Polyclonal_95pct"	"chr4"	75947429	"+"	"chr4+75947429"
"Polyclonal_95pct"	"chr4"	78710834	"+"	"chr4+78710834"
"Polyclonal_95pct"	"chr4"	79151904	"+"	"chr4+79151904"
"Polyclonal_95pct"	"chr4"	79378429	"+"	"chr4+79378429"
"Polyclonal_95pct"	"chr4"	79387905	"+"	"chr4+79387905"
"Polyclonal_95pct"	"chr4"	79453359	"+"	"chr4+79453359"
"Polyclonal_95pct"	"chr4"	79779676	"+"	"chr4+79779676"
"Polyclonal_95pct"	"chr4"	81149550	"+"	"chr4+81149550"
"Polyclonal_95pct"	"chr4"	81171710	"+"	"chr4+81171710"
"Polyclonal_95pct"	"chr4"	81180866	"+"	"chr4+81180866"
"Polyclonal_95pct"	"chr4"	81592094	"+"	"chr4+81592094"
"Polyclonal_95pct"	"chr4"	82863831	"+"	"chr4+82863831"
"Polyclonal_95pct"	"chr4"	83354725	"+"	"chr4+83354725"
"Polyclonal_95pct"	"chr4"	83372289	"+"	"chr4+83372289"
"Polyclonal_95pct"	"chr4"	83837894	"+"	"chr4+83837894"
"Polyclonal_95pct"	"chr4"	85270333	"+"	"chr4+85270333"
"Polyclonal_95pct"	"chr4"	85894872	"+"	"chr4+85894872"
"Polyclonal_95pct"	"chr4"	85904377	"+"	"chr4+85904377"
"Polyclonal_95pct"	"chr4"	85976013	"+"	"chr4+85976013"
"Polyclonal_95pct"	"chr4"	86600188	"+"	"chr4+86600188"
"Polyclonal_95pct"	"chr4"	87193120	"+"	"chr4+87193120"
"Polyclonal_95pct"	"chr4"	87369225	"+"	"chr4+87369225"
"Polyclonal_95pct"	"chr4"	88098238	"+"	"chr4+88098238"
"Polyclonal_95pct"	"chr4"	88270648	"+"	"chr4+88270648"
"Polyclonal_95pct"	"chr4"	88821215	"+"	"chr4+88821215"
"Polyclonal_95pct"	"chr4"	88866517	"+"	"chr4+88866517"
"Polyclonal_95pct"	"chr4"	89243847	"+"	"chr4+89243847"
"Polyclonal_95pct"	"chr4"	89244955	"+"	"chr4+89244955"
"Polyclonal_95pct"	"chr4"	89455725	"+"	"chr4+89455725"
"Polyclonal_95pct"	"chr4"	89826199	"+"	"chr4+89826199"
"Polyclonal_95pct"	"chr4"	91286523	"+"	"chr4+91286523"
"Polyclonal_95pct"	"chr4"	91691505	"+"	"chr4+91691505"
"Polyclonal_95pct"	"chr4"	92636720	"+"	"chr4+92636720"
"Polyclonal_95pct"	"chr4"	94893095	"+"	"chr4+94893095"
"Polyclonal_95pct"	"chr4"	95538866	"+"	"chr4+95538866"
"Polyclonal_95pct"	"chr4"	95878341	"+"	"chr4+95878341"
"Polyclonal_95pct"	"chr4"	96163318	"+"	"chr4+96163318"
"Polyclonal_95pct"	"chr4"	96322927	"+"	"chr4+96322927"
"Polyclonal_95pct"	"chr4"	96493197	"+"	"chr4+96493197"
"Polyclonal_95pct"	"chr4"	97505643	"+"	"chr4+97505643"
"Polyclonal_95pct"	"chr4"	97589620	"+"	"chr4+97589620"
"Polyclonal_95pct"	"chr4"	97612475	"+"	"chr4+97612475"
"Polyclonal_95pct"	"chr4"	98355719	"+"	"chr4+98355719"
"Polyclonal_95pct"	"chr4"	98420279	"+"	"chr4+98420279"
"Polyclonal_95pct"	"chr4"	98700985	"+"	"chr4+98700985"
"Polyclonal_95pct"	"chr4"	100890934	"+"	"chr4+100890934"
"Polyclonal_95pct"	"chr4"	100972906	"+"	"chr4+100972906"
"Polyclonal_95pct"	"chr4"	102130600	"+"	"chr4+102130600"
"Polyclonal_95pct"	"chr4"	102649563	"+"	"chr4+102649563"
"Polyclonal_95pct"	"chr4"	102986149	"+"	"chr4+102986149"
"Polyclonal_95pct"	"chr4"	104129333	"+"	"chr4+104129333"
"Polyclonal_95pct"	"chr4"	104225607	"+"	"chr4+104225607"
"Polyclonal_95pct"	"chr4"	104287358	"+"	"chr4+104287358"
"Polyclonal_95pct"	"chr4"	104425573	"+"	"chr4+104425573"
"Polyclonal_95pct"	"chr4"	104747668	"+"	"chr4+104747668"
"Polyclonal_95pct"	"chr4"	104850253	"+"	"chr4+104850253"
"Polyclonal_95pct"	"chr4"	104970719	"+"	"chr4+104970719"
"Polyclonal_95pct"	"chr4"	105136254	"+"	"chr4+105136254"
"Polyclonal_95pct"	"chr4"	105441008	"+"	"chr4+105441008"
"Polyclonal_95pct"	"chr4"	105445095	"+"	"chr4+105445095"
"Polyclonal_95pct"	"chr4"	105819871	"+"	"chr4+105819871"
"Polyclonal_95pct"	"chr4"	106241190	"+"	"chr4+106241190"
"Polyclonal_95pct"	"chr4"	107559947	"+"	"chr4+107559947"
"Polyclonal_95pct"	"chr4"	107777477	"+"	"chr4+107777477"
"Polyclonal_95pct"	"chr4"	109061914	"+"	"chr4+109061914"
"Polyclonal_95pct"	"chr4"	109118160	"+"	"chr4+109118160"
"Polyclonal_95pct"	"chr4"	110189659	"+"	"chr4+110189659"
"Polyclonal_95pct"	"chr4"	110956589	"+"	"chr4+110956589"
"Polyclonal_95pct"	"chr4"	112545418	"+"	"chr4+112545418"
"Polyclonal_95pct"	"chr4"	112551419	"+"	"chr4+112551419"
"Polyclonal_95pct"	"chr4"	113244009	"+"	"chr4+113244009"
"Polyclonal_95pct"	"chr4"	113349583	"+"	"chr4+113349583"
"Polyclonal_95pct"	"chr4"	113662090	"+"	"chr4+113662090"
"Polyclonal_95pct"	"chr4"	113739552	"+"	"chr4+113739552"
"Polyclonal_95pct"	"chr4"	114367106	"+"	"chr4+114367106"
"Polyclonal_95pct"	"chr4"	114570380	"+"	"chr4+114570380"
"Polyclonal_95pct"	"chr4"	114606426	"+"	"chr4+114606426"
"Polyclonal_95pct"	"chr4"	114974033	"+"	"chr4+114974033"
"Polyclonal_95pct"	"chr4"	115226557	"+"	"chr4+115226557"
"Polyclonal_95pct"	"chr4"	115346372	"+"	"chr4+115346372"
"Polyclonal_95pct"	"chr4"	115587128	"+"	"chr4+115587128"
"Polyclonal_95pct"	"chr4"	116005740	"+"	"chr4+116005740"
"Polyclonal_95pct"	"chr4"	116245467	"+"	"chr4+116245467"
"Polyclonal_95pct"	"chr4"	117230429	"+"	"chr4+117230429"
"Polyclonal_95pct"	"chr4"	117230798	"+"	"chr4+117230798"
"Polyclonal_95pct"	"chr4"	117402674	"+"	"chr4+117402674"
"Polyclonal_95pct"	"chr4"	117699429	"+"	"chr4+117699429"
"Polyclonal_95pct"	"chr4"	118692302	"+"	"chr4+118692302"
"Polyclonal_95pct"	"chr4"	119240865	"+"	"chr4+119240865"
"Polyclonal_95pct"	"chr4"	119676814	"+"	"chr4+119676814"
"Polyclonal_95pct"	"chr4"	119859429	"+"	"chr4+119859429"
"Polyclonal_95pct"	"chr4"	120689465	"+"	"chr4+120689465"
"Polyclonal_95pct"	"chr4"	121475258	"+"	"chr4+121475258"
"Polyclonal_95pct"	"chr4"	121821180	"+"	"chr4+121821180"
"Polyclonal_95pct"	"chr4"	122806173	"+"	"chr4+122806173"
"Polyclonal_95pct"	"chr4"	123138973	"+"	"chr4+123138973"
"Polyclonal_95pct"	"chr4"	123944855	"+"	"chr4+123944855"
"Polyclonal_95pct"	"chr4"	124221599	"+"	"chr4+124221599"
"Polyclonal_95pct"	"chr4"	124537810	"+"	"chr4+124537810"
"Polyclonal_95pct"	"chr4"	125791783	"+"	"chr4+125791783"
"Polyclonal_95pct"	"chr4"	125848715	"+"	"chr4+125848715"
"Polyclonal_95pct"	"chr4"	125949861	"+"	"chr4+125949861"
"Polyclonal_95pct"	"chr4"	125979630	"+"	"chr4+125979630"
"Polyclonal_95pct"	"chr4"	126006832	"+"	"chr4+126006832"
"Polyclonal_95pct"	"chr4"	126084568	"+"	"chr4+126084568"
"Polyclonal_95pct"	"chr4"	126097774	"+"	"chr4+126097774"
"Polyclonal_95pct"	"chr4"	126231483	"+"	"chr4+126231483"
"Polyclonal_95pct"	"chr4"	126356928	"+"	"chr4+126356928"
"Polyclonal_95pct"	"chr4"	126522015	"+"	"chr4+126522015"
"Polyclonal_95pct"	"chr4"	126851417	"+"	"chr4+126851417"
"Polyclonal_95pct"	"chr4"	127669818	"+"	"chr4+127669818"
"Polyclonal_95pct"	"chr4"	129041075	"+"	"chr4+129041075"
"Polyclonal_95pct"	"chr4"	129090330	"+"	"chr4+129090330"
"Polyclonal_95pct"	"chr4"	130610407	"+"	"chr4+130610407"
"Polyclonal_95pct"	"chr4"	131148668	"+"	"chr4+131148668"
"Polyclonal_95pct"	"chr4"	131559883	"+"	"chr4+131559883"
"Polyclonal_95pct"	"chr4"	132027901	"+"	"chr4+132027901"
"Polyclonal_95pct"	"chr4"	132049763	"+"	"chr4+132049763"
"Polyclonal_95pct"	"chr4"	132301658	"+"	"chr4+132301658"
"Polyclonal_95pct"	"chr4"	132317690	"+"	"chr4+132317690"
"Polyclonal_95pct"	"chr4"	132672360	"+"	"chr4+132672360"
"Polyclonal_95pct"	"chr4"	132712301	"+"	"chr4+132712301"
"Polyclonal_95pct"	"chr4"	132805780	"+"	"chr4+132805780"
"Polyclonal_95pct"	"chr4"	132974024	"+"	"chr4+132974024"
"Polyclonal_95pct"	"chr4"	133035853	"+"	"chr4+133035853"
"Polyclonal_95pct"	"chr4"	134100478	"+"	"chr4+134100478"
"Polyclonal_95pct"	"chr4"	134592785	"+"	"chr4+134592785"
"Polyclonal_95pct"	"chr4"	136006482	"+"	"chr4+136006482"
"Polyclonal_95pct"	"chr4"	136064464	"+"	"chr4+136064464"
"Polyclonal_95pct"	"chr4"	136134784	"+"	"chr4+136134784"
"Polyclonal_95pct"	"chr4"	136421423	"+"	"chr4+136421423"
"Polyclonal_95pct"	"chr4"	137574569	"+"	"chr4+137574569"
"Polyclonal_95pct"	"chr4"	139321300	"+"	"chr4+139321300"
"Polyclonal_95pct"	"chr4"	139358054	"+"	"chr4+139358054"
"Polyclonal_95pct"	"chr4"	139489561	"+"	"chr4+139489561"
"Polyclonal_95pct"	"chr4"	139981038	"+"	"chr4+139981038"
"Polyclonal_95pct"	"chr4"	141322505	"+"	"chr4+141322505"
"Polyclonal_95pct"	"chr4"	141466035	"+"	"chr4+141466035"
"Polyclonal_95pct"	"chr4"	141513284	"+"	"chr4+141513284"
"Polyclonal_95pct"	"chr4"	142272696	"+"	"chr4+142272696"
"Polyclonal_95pct"	"chr4"	142559964	"+"	"chr4+142559964"
"Polyclonal_95pct"	"chr4"	142864924	"+"	"chr4+142864924"
"Polyclonal_95pct"	"chr4"	143459754	"+"	"chr4+143459754"
"Polyclonal_95pct"	"chr4"	144225315	"+"	"chr4+144225315"
"Polyclonal_95pct"	"chr4"	144630085	"+"	"chr4+144630085"
"Polyclonal_95pct"	"chr4"	144803020	"+"	"chr4+144803020"
"Polyclonal_95pct"	"chr4"	145149737	"+"	"chr4+145149737"
"Polyclonal_95pct"	"chr4"	145162148	"+"	"chr4+145162148"
"Polyclonal_95pct"	"chr4"	145772988	"+"	"chr4+145772988"
"Polyclonal_95pct"	"chr4"	146235239	"+"	"chr4+146235239"
"Polyclonal_95pct"	"chr4"	146480187	"+"	"chr4+146480187"
"Polyclonal_95pct"	"chr4"	146921307	"+"	"chr4+146921307"
"Polyclonal_95pct"	"chr4"	148409015	"+"	"chr4+148409015"
"Polyclonal_95pct"	"chr4"	148430880	"+"	"chr4+148430880"
"Polyclonal_95pct"	"chr4"	150033766	"+"	"chr4+150033766"
"Polyclonal_95pct"	"chr4"	150331663	"+"	"chr4+150331663"
"Polyclonal_95pct"	"chr4"	150496203	"+"	"chr4+150496203"
"Polyclonal_95pct"	"chr4"	150899132	"+"	"chr4+150899132"
"Polyclonal_95pct"	"chr4"	150943983	"+"	"chr4+150943983"
"Polyclonal_95pct"	"chr4"	155528544	"+"	"chr4+155528544"
"Polyclonal_95pct"	"chr4"	155763181	"+"	"chr4+155763181"
"Polyclonal_95pct"	"chr4"	156337413	"+"	"chr4+156337413"
"Polyclonal_95pct"	"chr4"	156373860	"+"	"chr4+156373860"
"Polyclonal_95pct"	"chr4"	156707727	"+"	"chr4+156707727"
"Polyclonal_95pct"	"chr4"	156745571	"+"	"chr4+156745571"
"Polyclonal_95pct"	"chr4"	157293471	"+"	"chr4+157293471"
"Polyclonal_95pct"	"chr4"	157703124	"+"	"chr4+157703124"
"Polyclonal_95pct"	"chr4"	158070391	"+"	"chr4+158070391"
"Polyclonal_95pct"	"chr4"	158721352	"+"	"chr4+158721352"
"Polyclonal_95pct"	"chr4"	159327019	"+"	"chr4+159327019"
"Polyclonal_95pct"	"chr4"	160192072	"+"	"chr4+160192072"
"Polyclonal_95pct"	"chr4"	160281998	"+"	"chr4+160281998"
"Polyclonal_95pct"	"chr4"	160945886	"+"	"chr4+160945886"
"Polyclonal_95pct"	"chr4"	161166771	"+"	"chr4+161166771"
"Polyclonal_95pct"	"chr4"	161381378	"+"	"chr4+161381378"
"Polyclonal_95pct"	"chr4"	161440496	"+"	"chr4+161440496"
"Polyclonal_95pct"	"chr4"	161467787	"+"	"chr4+161467787"
"Polyclonal_95pct"	"chr4"	161701392	"+"	"chr4+161701392"
"Polyclonal_95pct"	"chr4"	162296229	"+"	"chr4+162296229"
"Polyclonal_95pct"	"chr4"	163945723	"+"	"chr4+163945723"
"Polyclonal_95pct"	"chr4"	163976421	"+"	"chr4+163976421"
"Polyclonal_95pct"	"chr4"	164697932	"+"	"chr4+164697932"
"Polyclonal_95pct"	"chr4"	164840002	"+"	"chr4+164840002"
"Polyclonal_95pct"	"chr4"	165558772	"+"	"chr4+165558772"
"Polyclonal_95pct"	"chr4"	165756174	"+"	"chr4+165756174"
"Polyclonal_95pct"	"chr4"	165991819	"+"	"chr4+165991819"
"Polyclonal_95pct"	"chr4"	166531751	"+"	"chr4+166531751"
"Polyclonal_95pct"	"chr4"	166578323	"+"	"chr4+166578323"
"Polyclonal_95pct"	"chr4"	166804820	"+"	"chr4+166804820"
"Polyclonal_95pct"	"chr4"	166887195	"+"	"chr4+166887195"
"Polyclonal_95pct"	"chr4"	166887681	"+"	"chr4+166887681"
"Polyclonal_95pct"	"chr4"	167524586	"+"	"chr4+167524586"
"Polyclonal_95pct"	"chr4"	167776429	"+"	"chr4+167776429"
"Polyclonal_95pct"	"chr4"	168477445	"+"	"chr4+168477445"
"Polyclonal_95pct"	"chr4"	169579272	"+"	"chr4+169579272"
"Polyclonal_95pct"	"chr4"	169657454	"+"	"chr4+169657454"
"Polyclonal_95pct"	"chr4"	170762932	"+"	"chr4+170762932"
"Polyclonal_95pct"	"chr4"	170919940	"+"	"chr4+170919940"
"Polyclonal_95pct"	"chr4"	171104439	"+"	"chr4+171104439"
"Polyclonal_95pct"	"chr4"	172055720	"+"	"chr4+172055720"
"Polyclonal_95pct"	"chr4"	172157506	"+"	"chr4+172157506"
"Polyclonal_95pct"	"chr4"	172395776	"+"	"chr4+172395776"
"Polyclonal_95pct"	"chr4"	172581334	"+"	"chr4+172581334"
"Polyclonal_95pct"	"chr4"	173318957	"+"	"chr4+173318957"
"Polyclonal_95pct"	"chr4"	174562455	"+"	"chr4+174562455"
"Polyclonal_95pct"	"chr4"	175070421	"+"	"chr4+175070421"
"Polyclonal_95pct"	"chr4"	175903893	"+"	"chr4+175903893"
"Polyclonal_95pct"	"chr4"	176086276	"+"	"chr4+176086276"
"Polyclonal_95pct"	"chr4"	176171301	"+"	"chr4+176171301"
"Polyclonal_95pct"	"chr4"	176553748	"+"	"chr4+176553748"
"Polyclonal_95pct"	"chr4"	176795434	"+"	"chr4+176795434"
"Polyclonal_95pct"	"chr4"	177203477	"+"	"chr4+177203477"
"Polyclonal_95pct"	"chr4"	177485234	"+"	"chr4+177485234"
"Polyclonal_95pct"	"chr4"	178048094	"+"	"chr4+178048094"
"Polyclonal_95pct"	"chr4"	178058439	"+"	"chr4+178058439"
"Polyclonal_95pct"	"chr4"	178218535	"+"	"chr4+178218535"
"Polyclonal_95pct"	"chr4"	178320933	"+"	"chr4+178320933"
"Polyclonal_95pct"	"chr4"	178386943	"+"	"chr4+178386943"
"Polyclonal_95pct"	"chr4"	179593987	"+"	"chr4+179593987"
"Polyclonal_95pct"	"chr4"	179970403	"+"	"chr4+179970403"
"Polyclonal_95pct"	"chr4"	180103777	"+"	"chr4+180103777"
"Polyclonal_95pct"	"chr4"	180346141	"+"	"chr4+180346141"
"Polyclonal_95pct"	"chr4"	180442150	"+"	"chr4+180442150"
"Polyclonal_95pct"	"chr4"	180615501	"+"	"chr4+180615501"
"Polyclonal_95pct"	"chr4"	181042454	"+"	"chr4+181042454"
"Polyclonal_95pct"	"chr4"	182151998	"+"	"chr4+182151998"
"Polyclonal_95pct"	"chr4"	183146839	"+"	"chr4+183146839"
"Polyclonal_95pct"	"chr4"	184296626	"+"	"chr4+184296626"
"Polyclonal_95pct"	"chr4"	184372125	"+"	"chr4+184372125"
"Polyclonal_95pct"	"chr4"	185116666	"+"	"chr4+185116666"
"Polyclonal_95pct"	"chr4"	185260013	"+"	"chr4+185260013"
"Polyclonal_95pct"	"chr4"	185285980	"+"	"chr4+185285980"
"Polyclonal_95pct"	"chr4"	185407981	"+"	"chr4+185407981"
"Polyclonal_95pct"	"chr4"	186790442	"+"	"chr4+186790442"
"Polyclonal_95pct"	"chr4"	186806447	"+"	"chr4+186806447"
"Polyclonal_95pct"	"chr4"	937642	"-"	"chr4-937642"
"Polyclonal_95pct"	"chr4"	1067826	"-"	"chr4-1067826"
"Polyclonal_95pct"	"chr4"	1159448	"-"	"chr4-1159448"
"Polyclonal_95pct"	"chr4"	2215403	"-"	"chr4-2215403"
"Polyclonal_95pct"	"chr4"	2317819	"-"	"chr4-2317819"
"Polyclonal_95pct"	"chr4"	3044552	"-"	"chr4-3044552"
"Polyclonal_95pct"	"chr4"	3356461	"-"	"chr4-3356461"
"Polyclonal_95pct"	"chr4"	3400131	"-"	"chr4-3400131"
"Polyclonal_95pct"	"chr4"	4090804	"-"	"chr4-4090804"
"Polyclonal_95pct"	"chr4"	15021314	"-"	"chr4-15021314"
"Polyclonal_95pct"	"chr4"	15219760	"-"	"chr4-15219760"
"Polyclonal_95pct"	"chr4"	16181718	"-"	"chr4-16181718"
"Polyclonal_95pct"	"chr4"	16257434	"-"	"chr4-16257434"
"Polyclonal_95pct"	"chr4"	18002246	"-"	"chr4-18002246"
"Polyclonal_95pct"	"chr4"	18473317	"-"	"chr4-18473317"
"Polyclonal_95pct"	"chr4"	18779308	"-"	"chr4-18779308"
"Polyclonal_95pct"	"chr4"	19404394	"-"	"chr4-19404394"
"Polyclonal_95pct"	"chr4"	19631998	"-"	"chr4-19631998"
"Polyclonal_95pct"	"chr4"	19787633	"-"	"chr4-19787633"
"Polyclonal_95pct"	"chr4"	21053182	"-"	"chr4-21053182"
"Polyclonal_95pct"	"chr4"	22120698	"-"	"chr4-22120698"
"Polyclonal_95pct"	"chr4"	23013083	"-"	"chr4-23013083"
"Polyclonal_95pct"	"chr4"	23651206	"-"	"chr4-23651206"
"Polyclonal_95pct"	"chr4"	25390369	"-"	"chr4-25390369"
"Polyclonal_95pct"	"chr4"	26416388	"-"	"chr4-26416388"
"Polyclonal_95pct"	"chr4"	28619686	"-"	"chr4-28619686"
"Polyclonal_95pct"	"chr4"	29024934	"-"	"chr4-29024934"
"Polyclonal_95pct"	"chr4"	30770090	"-"	"chr4-30770090"
"Polyclonal_95pct"	"chr4"	31520223	"-"	"chr4-31520223"
"Polyclonal_95pct"	"chr4"	32286662	"-"	"chr4-32286662"
"Polyclonal_95pct"	"chr4"	32548591	"-"	"chr4-32548591"
"Polyclonal_95pct"	"chr4"	32718619	"-"	"chr4-32718619"
"Polyclonal_95pct"	"chr4"	33655326	"-"	"chr4-33655326"
"Polyclonal_95pct"	"chr4"	33796677	"-"	"chr4-33796677"
"Polyclonal_95pct"	"chr4"	33949098	"-"	"chr4-33949098"
"Polyclonal_95pct"	"chr4"	34072024	"-"	"chr4-34072024"
"Polyclonal_95pct"	"chr4"	34496726	"-"	"chr4-34496726"
"Polyclonal_95pct"	"chr4"	35003013	"-"	"chr4-35003013"
"Polyclonal_95pct"	"chr4"	35574414	"-"	"chr4-35574414"
"Polyclonal_95pct"	"chr4"	35601455	"-"	"chr4-35601455"
"Polyclonal_95pct"	"chr4"	35790722	"-"	"chr4-35790722"
"Polyclonal_95pct"	"chr4"	36907613	"-"	"chr4-36907613"
"Polyclonal_95pct"	"chr4"	37883860	"-"	"chr4-37883860"
"Polyclonal_95pct"	"chr4"	41049610	"-"	"chr4-41049610"
"Polyclonal_95pct"	"chr4"	43500745	"-"	"chr4-43500745"
"Polyclonal_95pct"	"chr4"	44121642	"-"	"chr4-44121642"
"Polyclonal_95pct"	"chr4"	44527686	"-"	"chr4-44527686"
"Polyclonal_95pct"	"chr4"	44692931	"-"	"chr4-44692931"
"Polyclonal_95pct"	"chr4"	44692980	"-"	"chr4-44692980"
"Polyclonal_95pct"	"chr4"	44701027	"-"	"chr4-44701027"
"Polyclonal_95pct"	"chr4"	44702062	"-"	"chr4-44702062"
"Polyclonal_95pct"	"chr4"	44997746	"-"	"chr4-44997746"
"Polyclonal_95pct"	"chr4"	45871190	"-"	"chr4-45871190"
"Polyclonal_95pct"	"chr4"	46216411	"-"	"chr4-46216411"
"Polyclonal_95pct"	"chr4"	46341463	"-"	"chr4-46341463"
"Polyclonal_95pct"	"chr4"	46589796	"-"	"chr4-46589796"
"Polyclonal_95pct"	"chr4"	47505505	"-"	"chr4-47505505"
"Polyclonal_95pct"	"chr4"	47889083	"-"	"chr4-47889083"
"Polyclonal_95pct"	"chr4"	48573931	"-"	"chr4-48573931"
"Polyclonal_95pct"	"chr4"	51891693	"-"	"chr4-51891693"
"Polyclonal_95pct"	"chr4"	51922956	"-"	"chr4-51922956"
"Polyclonal_95pct"	"chr4"	52474495	"-"	"chr4-52474495"
"Polyclonal_95pct"	"chr4"	52497163	"-"	"chr4-52497163"
"Polyclonal_95pct"	"chr4"	53282695	"-"	"chr4-53282695"
"Polyclonal_95pct"	"chr4"	54563699	"-"	"chr4-54563699"
"Polyclonal_95pct"	"chr4"	55023129	"-"	"chr4-55023129"
"Polyclonal_95pct"	"chr4"	56432186	"-"	"chr4-56432186"
"Polyclonal_95pct"	"chr4"	56742915	"-"	"chr4-56742915"
"Polyclonal_95pct"	"chr4"	60196553	"-"	"chr4-60196553"
"Polyclonal_95pct"	"chr4"	60846449	"-"	"chr4-60846449"
"Polyclonal_95pct"	"chr4"	61658752	"-"	"chr4-61658752"
"Polyclonal_95pct"	"chr4"	61932900	"-"	"chr4-61932900"
"Polyclonal_95pct"	"chr4"	62184835	"-"	"chr4-62184835"
"Polyclonal_95pct"	"chr4"	63317846	"-"	"chr4-63317846"
"Polyclonal_95pct"	"chr4"	63439847	"-"	"chr4-63439847"
"Polyclonal_95pct"	"chr4"	63653830	"-"	"chr4-63653830"
"Polyclonal_95pct"	"chr4"	63986970	"-"	"chr4-63986970"
"Polyclonal_95pct"	"chr4"	64119412	"-"	"chr4-64119412"
"Polyclonal_95pct"	"chr4"	64246294	"-"	"chr4-64246294"
"Polyclonal_95pct"	"chr4"	64247963	"-"	"chr4-64247963"
"Polyclonal_95pct"	"chr4"	64295912	"-"	"chr4-64295912"
"Polyclonal_95pct"	"chr4"	65009825	"-"	"chr4-65009825"
"Polyclonal_95pct"	"chr4"	67666965	"-"	"chr4-67666965"
"Polyclonal_95pct"	"chr4"	67679792	"-"	"chr4-67679792"
"Polyclonal_95pct"	"chr4"	67692358	"-"	"chr4-67692358"
"Polyclonal_95pct"	"chr4"	69451318	"-"	"chr4-69451318"
"Polyclonal_95pct"	"chr4"	69457396	"-"	"chr4-69457396"
"Polyclonal_95pct"	"chr4"	70334104	"-"	"chr4-70334104"
"Polyclonal_95pct"	"chr4"	70653938	"-"	"chr4-70653938"
"Polyclonal_95pct"	"chr4"	72382540	"-"	"chr4-72382540"
"Polyclonal_95pct"	"chr4"	73804249	"-"	"chr4-73804249"
"Polyclonal_95pct"	"chr4"	74114077	"-"	"chr4-74114077"
"Polyclonal_95pct"	"chr4"	74161647	"-"	"chr4-74161647"
"Polyclonal_95pct"	"chr4"	76102142	"-"	"chr4-76102142"
"Polyclonal_95pct"	"chr4"	76578160	"-"	"chr4-76578160"
"Polyclonal_95pct"	"chr4"	77640605	"-"	"chr4-77640605"
"Polyclonal_95pct"	"chr4"	79033436	"-"	"chr4-79033436"
"Polyclonal_95pct"	"chr4"	79384285	"-"	"chr4-79384285"
"Polyclonal_95pct"	"chr4"	79920738	"-"	"chr4-79920738"
"Polyclonal_95pct"	"chr4"	80180806	"-"	"chr4-80180806"
"Polyclonal_95pct"	"chr4"	80384759	"-"	"chr4-80384759"
"Polyclonal_95pct"	"chr4"	80963404	"-"	"chr4-80963404"
"Polyclonal_95pct"	"chr4"	81269943	"-"	"chr4-81269943"
"Polyclonal_95pct"	"chr4"	82863835	"-"	"chr4-82863835"
"Polyclonal_95pct"	"chr4"	84797365	"-"	"chr4-84797365"
"Polyclonal_95pct"	"chr4"	85164478	"-"	"chr4-85164478"
"Polyclonal_95pct"	"chr4"	85883579	"-"	"chr4-85883579"
"Polyclonal_95pct"	"chr4"	86096113	"-"	"chr4-86096113"
"Polyclonal_95pct"	"chr4"	86617572	"-"	"chr4-86617572"
"Polyclonal_95pct"	"chr4"	86752573	"-"	"chr4-86752573"
"Polyclonal_95pct"	"chr4"	87010244	"-"	"chr4-87010244"
"Polyclonal_95pct"	"chr4"	88566765	"-"	"chr4-88566765"
"Polyclonal_95pct"	"chr4"	90394365	"-"	"chr4-90394365"
"Polyclonal_95pct"	"chr4"	90541740	"-"	"chr4-90541740"
"Polyclonal_95pct"	"chr4"	90931294	"-"	"chr4-90931294"
"Polyclonal_95pct"	"chr4"	90939619	"-"	"chr4-90939619"
"Polyclonal_95pct"	"chr4"	91158872	"-"	"chr4-91158872"
"Polyclonal_95pct"	"chr4"	91387756	"-"	"chr4-91387756"
"Polyclonal_95pct"	"chr4"	92908189	"-"	"chr4-92908189"
"Polyclonal_95pct"	"chr4"	93298938	"-"	"chr4-93298938"
"Polyclonal_95pct"	"chr4"	93367425	"-"	"chr4-93367425"
"Polyclonal_95pct"	"chr4"	93801365	"-"	"chr4-93801365"
"Polyclonal_95pct"	"chr4"	93912090	"-"	"chr4-93912090"
"Polyclonal_95pct"	"chr4"	94141533	"-"	"chr4-94141533"
"Polyclonal_95pct"	"chr4"	94173694	"-"	"chr4-94173694"
"Polyclonal_95pct"	"chr4"	94219205	"-"	"chr4-94219205"
"Polyclonal_95pct"	"chr4"	94421271	"-"	"chr4-94421271"
"Polyclonal_95pct"	"chr4"	94544378	"-"	"chr4-94544378"
"Polyclonal_95pct"	"chr4"	94892623	"-"	"chr4-94892623"
"Polyclonal_95pct"	"chr4"	94902118	"-"	"chr4-94902118"
"Polyclonal_95pct"	"chr4"	95939635	"-"	"chr4-95939635"
"Polyclonal_95pct"	"chr4"	97057035	"-"	"chr4-97057035"
"Polyclonal_95pct"	"chr4"	97474015	"-"	"chr4-97474015"
"Polyclonal_95pct"	"chr4"	98106584	"-"	"chr4-98106584"
"Polyclonal_95pct"	"chr4"	98210125	"-"	"chr4-98210125"
"Polyclonal_95pct"	"chr4"	98286246	"-"	"chr4-98286246"
"Polyclonal_95pct"	"chr4"	98385193	"-"	"chr4-98385193"
"Polyclonal_95pct"	"chr4"	100470813	"-"	"chr4-100470813"
"Polyclonal_95pct"	"chr4"	100545964	"-"	"chr4-100545964"
"Polyclonal_95pct"	"chr4"	101179383	"-"	"chr4-101179383"
"Polyclonal_95pct"	"chr4"	101556858	"-"	"chr4-101556858"
"Polyclonal_95pct"	"chr4"	102804053	"-"	"chr4-102804053"
"Polyclonal_95pct"	"chr4"	102822163	"-"	"chr4-102822163"
"Polyclonal_95pct"	"chr4"	102853722	"-"	"chr4-102853722"
"Polyclonal_95pct"	"chr4"	102888489	"-"	"chr4-102888489"
"Polyclonal_95pct"	"chr4"	105266795	"-"	"chr4-105266795"
"Polyclonal_95pct"	"chr4"	105613594	"-"	"chr4-105613594"
"Polyclonal_95pct"	"chr4"	106078233	"-"	"chr4-106078233"
"Polyclonal_95pct"	"chr4"	106100434	"-"	"chr4-106100434"
"Polyclonal_95pct"	"chr4"	106988970	"-"	"chr4-106988970"
"Polyclonal_95pct"	"chr4"	109091178	"-"	"chr4-109091178"
"Polyclonal_95pct"	"chr4"	109118869	"-"	"chr4-109118869"
"Polyclonal_95pct"	"chr4"	109337540	"-"	"chr4-109337540"
"Polyclonal_95pct"	"chr4"	110880417	"-"	"chr4-110880417"
"Polyclonal_95pct"	"chr4"	110902096	"-"	"chr4-110902096"
"Polyclonal_95pct"	"chr4"	111392507	"-"	"chr4-111392507"
"Polyclonal_95pct"	"chr4"	111541799	"-"	"chr4-111541799"
"Polyclonal_95pct"	"chr4"	111618798	"-"	"chr4-111618798"
"Polyclonal_95pct"	"chr4"	111742256	"-"	"chr4-111742256"
"Polyclonal_95pct"	"chr4"	112281024	"-"	"chr4-112281024"
"Polyclonal_95pct"	"chr4"	113452501	"-"	"chr4-113452501"
"Polyclonal_95pct"	"chr4"	113882067	"-"	"chr4-113882067"
"Polyclonal_95pct"	"chr4"	115036212	"-"	"chr4-115036212"
"Polyclonal_95pct"	"chr4"	115532815	"-"	"chr4-115532815"
"Polyclonal_95pct"	"chr4"	115642935	"-"	"chr4-115642935"
"Polyclonal_95pct"	"chr4"	116047782	"-"	"chr4-116047782"
"Polyclonal_95pct"	"chr4"	116439061	"-"	"chr4-116439061"
"Polyclonal_95pct"	"chr4"	116463260	"-"	"chr4-116463260"
"Polyclonal_95pct"	"chr4"	117699433	"-"	"chr4-117699433"
"Polyclonal_95pct"	"chr4"	117704061	"-"	"chr4-117704061"
"Polyclonal_95pct"	"chr4"	118161328	"-"	"chr4-118161328"
"Polyclonal_95pct"	"chr4"	118500121	"-"	"chr4-118500121"
"Polyclonal_95pct"	"chr4"	118799046	"-"	"chr4-118799046"
"Polyclonal_95pct"	"chr4"	119568101	"-"	"chr4-119568101"
"Polyclonal_95pct"	"chr4"	119654617	"-"	"chr4-119654617"
"Polyclonal_95pct"	"chr4"	119966805	"-"	"chr4-119966805"
"Polyclonal_95pct"	"chr4"	120123652	"-"	"chr4-120123652"
"Polyclonal_95pct"	"chr4"	120431253	"-"	"chr4-120431253"
"Polyclonal_95pct"	"chr4"	120557533	"-"	"chr4-120557533"
"Polyclonal_95pct"	"chr4"	120611474	"-"	"chr4-120611474"
"Polyclonal_95pct"	"chr4"	120716691	"-"	"chr4-120716691"
"Polyclonal_95pct"	"chr4"	121209876	"-"	"chr4-121209876"
"Polyclonal_95pct"	"chr4"	121225132	"-"	"chr4-121225132"
"Polyclonal_95pct"	"chr4"	122029187	"-"	"chr4-122029187"
"Polyclonal_95pct"	"chr4"	122196258	"-"	"chr4-122196258"
"Polyclonal_95pct"	"chr4"	122217069	"-"	"chr4-122217069"
"Polyclonal_95pct"	"chr4"	122255509	"-"	"chr4-122255509"
"Polyclonal_95pct"	"chr4"	123035662	"-"	"chr4-123035662"
"Polyclonal_95pct"	"chr4"	123262793	"-"	"chr4-123262793"
"Polyclonal_95pct"	"chr4"	123513062	"-"	"chr4-123513062"
"Polyclonal_95pct"	"chr4"	123774894	"-"	"chr4-123774894"
"Polyclonal_95pct"	"chr4"	124929051	"-"	"chr4-124929051"
"Polyclonal_95pct"	"chr4"	124942101	"-"	"chr4-124942101"
"Polyclonal_95pct"	"chr4"	125673722	"-"	"chr4-125673722"
"Polyclonal_95pct"	"chr4"	125810618	"-"	"chr4-125810618"
"Polyclonal_95pct"	"chr4"	126084572	"-"	"chr4-126084572"
"Polyclonal_95pct"	"chr4"	126276348	"-"	"chr4-126276348"
"Polyclonal_95pct"	"chr4"	126357209	"-"	"chr4-126357209"
"Polyclonal_95pct"	"chr4"	126375484	"-"	"chr4-126375484"
"Polyclonal_95pct"	"chr4"	126918975	"-"	"chr4-126918975"
"Polyclonal_95pct"	"chr4"	127230908	"-"	"chr4-127230908"
"Polyclonal_95pct"	"chr4"	127788052	"-"	"chr4-127788052"
"Polyclonal_95pct"	"chr4"	127805633	"-"	"chr4-127805633"
"Polyclonal_95pct"	"chr4"	127931763	"-"	"chr4-127931763"
"Polyclonal_95pct"	"chr4"	127987481	"-"	"chr4-127987481"
"Polyclonal_95pct"	"chr4"	128409893	"-"	"chr4-128409893"
"Polyclonal_95pct"	"chr4"	129051352	"-"	"chr4-129051352"
"Polyclonal_95pct"	"chr4"	129193574	"-"	"chr4-129193574"
"Polyclonal_95pct"	"chr4"	129494972	"-"	"chr4-129494972"
"Polyclonal_95pct"	"chr4"	129735087	"-"	"chr4-129735087"
"Polyclonal_95pct"	"chr4"	129938474	"-"	"chr4-129938474"
"Polyclonal_95pct"	"chr4"	130237775	"-"	"chr4-130237775"
"Polyclonal_95pct"	"chr4"	130589419	"-"	"chr4-130589419"
"Polyclonal_95pct"	"chr4"	130661523	"-"	"chr4-130661523"
"Polyclonal_95pct"	"chr4"	130663309	"-"	"chr4-130663309"
"Polyclonal_95pct"	"chr4"	130832004	"-"	"chr4-130832004"
"Polyclonal_95pct"	"chr4"	130954244	"-"	"chr4-130954244"
"Polyclonal_95pct"	"chr4"	130993619	"-"	"chr4-130993619"
"Polyclonal_95pct"	"chr4"	131044915	"-"	"chr4-131044915"
"Polyclonal_95pct"	"chr4"	131148572	"-"	"chr4-131148572"
"Polyclonal_95pct"	"chr4"	131447144	"-"	"chr4-131447144"
"Polyclonal_95pct"	"chr4"	131521264	"-"	"chr4-131521264"
"Polyclonal_95pct"	"chr4"	131531049	"-"	"chr4-131531049"
"Polyclonal_95pct"	"chr4"	132049767	"-"	"chr4-132049767"
"Polyclonal_95pct"	"chr4"	132731099	"-"	"chr4-132731099"
"Polyclonal_95pct"	"chr4"	133130312	"-"	"chr4-133130312"
"Polyclonal_95pct"	"chr4"	133231060	"-"	"chr4-133231060"
"Polyclonal_95pct"	"chr4"	133974066	"-"	"chr4-133974066"
"Polyclonal_95pct"	"chr4"	134242295	"-"	"chr4-134242295"
"Polyclonal_95pct"	"chr4"	134553004	"-"	"chr4-134553004"
"Polyclonal_95pct"	"chr4"	134628514	"-"	"chr4-134628514"
"Polyclonal_95pct"	"chr4"	134812143	"-"	"chr4-134812143"
"Polyclonal_95pct"	"chr4"	134889271	"-"	"chr4-134889271"
"Polyclonal_95pct"	"chr4"	135623903	"-"	"chr4-135623903"
"Polyclonal_95pct"	"chr4"	135796311	"-"	"chr4-135796311"
"Polyclonal_95pct"	"chr4"	135798679	"-"	"chr4-135798679"
"Polyclonal_95pct"	"chr4"	136001482	"-"	"chr4-136001482"
"Polyclonal_95pct"	"chr4"	136105408	"-"	"chr4-136105408"
"Polyclonal_95pct"	"chr4"	136266181	"-"	"chr4-136266181"
"Polyclonal_95pct"	"chr4"	136419402	"-"	"chr4-136419402"
"Polyclonal_95pct"	"chr4"	136499637	"-"	"chr4-136499637"
"Polyclonal_95pct"	"chr4"	136534469	"-"	"chr4-136534469"
"Polyclonal_95pct"	"chr4"	137398263	"-"	"chr4-137398263"
"Polyclonal_95pct"	"chr4"	137801198	"-"	"chr4-137801198"
"Polyclonal_95pct"	"chr4"	137879247	"-"	"chr4-137879247"
"Polyclonal_95pct"	"chr4"	138030447	"-"	"chr4-138030447"
"Polyclonal_95pct"	"chr4"	138030830	"-"	"chr4-138030830"
"Polyclonal_95pct"	"chr4"	138158989	"-"	"chr4-138158989"
"Polyclonal_95pct"	"chr4"	138238232	"-"	"chr4-138238232"
"Polyclonal_95pct"	"chr4"	139313530	"-"	"chr4-139313530"
"Polyclonal_95pct"	"chr4"	139687432	"-"	"chr4-139687432"
"Polyclonal_95pct"	"chr4"	140410592	"-"	"chr4-140410592"
"Polyclonal_95pct"	"chr4"	140984621	"-"	"chr4-140984621"
"Polyclonal_95pct"	"chr4"	140986167	"-"	"chr4-140986167"
"Polyclonal_95pct"	"chr4"	141673475	"-"	"chr4-141673475"
"Polyclonal_95pct"	"chr4"	141983644	"-"	"chr4-141983644"
"Polyclonal_95pct"	"chr4"	142344134	"-"	"chr4-142344134"
"Polyclonal_95pct"	"chr4"	142564397	"-"	"chr4-142564397"
"Polyclonal_95pct"	"chr4"	142678905	"-"	"chr4-142678905"
"Polyclonal_95pct"	"chr4"	142775471	"-"	"chr4-142775471"
"Polyclonal_95pct"	"chr4"	143273751	"-"	"chr4-143273751"
"Polyclonal_95pct"	"chr4"	144381805	"-"	"chr4-144381805"
"Polyclonal_95pct"	"chr4"	144877571	"-"	"chr4-144877571"
"Polyclonal_95pct"	"chr4"	144877088	"-"	"chr4-144877088"
"Polyclonal_95pct"	"chr4"	145065071	"-"	"chr4-145065071"
"Polyclonal_95pct"	"chr4"	147210579	"-"	"chr4-147210579"
"Polyclonal_95pct"	"chr4"	147313494	"-"	"chr4-147313494"
"Polyclonal_95pct"	"chr4"	147525529	"-"	"chr4-147525529"
"Polyclonal_95pct"	"chr4"	147675928	"-"	"chr4-147675928"
"Polyclonal_95pct"	"chr4"	147725713	"-"	"chr4-147725713"
"Polyclonal_95pct"	"chr4"	148934213	"-"	"chr4-148934213"
"Polyclonal_95pct"	"chr4"	148994561	"-"	"chr4-148994561"
"Polyclonal_95pct"	"chr4"	149047280	"-"	"chr4-149047280"
"Polyclonal_95pct"	"chr4"	149745835	"-"	"chr4-149745835"
"Polyclonal_95pct"	"chr4"	149930896	"-"	"chr4-149930896"
"Polyclonal_95pct"	"chr4"	150814165	"-"	"chr4-150814165"
"Polyclonal_95pct"	"chr4"	150903427	"-"	"chr4-150903427"
"Polyclonal_95pct"	"chr4"	152372651	"-"	"chr4-152372651"
"Polyclonal_95pct"	"chr4"	152518310	"-"	"chr4-152518310"
"Polyclonal_95pct"	"chr4"	152527286	"-"	"chr4-152527286"
"Polyclonal_95pct"	"chr4"	153562410	"-"	"chr4-153562410"
"Polyclonal_95pct"	"chr4"	153905917	"-"	"chr4-153905917"
"Polyclonal_95pct"	"chr4"	153955016	"-"	"chr4-153955016"
"Polyclonal_95pct"	"chr4"	155221005	"-"	"chr4-155221005"
"Polyclonal_95pct"	"chr4"	155615591	"-"	"chr4-155615591"
"Polyclonal_95pct"	"chr4"	156073701	"-"	"chr4-156073701"
"Polyclonal_95pct"	"chr4"	156180198	"-"	"chr4-156180198"
"Polyclonal_95pct"	"chr4"	156244521	"-"	"chr4-156244521"
"Polyclonal_95pct"	"chr4"	156586066	"-"	"chr4-156586066"
"Polyclonal_95pct"	"chr4"	156699074	"-"	"chr4-156699074"
"Polyclonal_95pct"	"chr4"	157237652	"-"	"chr4-157237652"
"Polyclonal_95pct"	"chr4"	157368599	"-"	"chr4-157368599"
"Polyclonal_95pct"	"chr4"	157668410	"-"	"chr4-157668410"
"Polyclonal_95pct"	"chr4"	157750020	"-"	"chr4-157750020"
"Polyclonal_95pct"	"chr4"	157955511	"-"	"chr4-157955511"
"Polyclonal_95pct"	"chr4"	158060433	"-"	"chr4-158060433"
"Polyclonal_95pct"	"chr4"	158254026	"-"	"chr4-158254026"
"Polyclonal_95pct"	"chr4"	158630385	"-"	"chr4-158630385"
"Polyclonal_95pct"	"chr4"	158818304	"-"	"chr4-158818304"
"Polyclonal_95pct"	"chr4"	159143005	"-"	"chr4-159143005"
"Polyclonal_95pct"	"chr4"	159182718	"-"	"chr4-159182718"
"Polyclonal_95pct"	"chr4"	160927935	"-"	"chr4-160927935"
"Polyclonal_95pct"	"chr4"	160947542	"-"	"chr4-160947542"
"Polyclonal_95pct"	"chr4"	161053212	"-"	"chr4-161053212"
"Polyclonal_95pct"	"chr4"	161531006	"-"	"chr4-161531006"
"Polyclonal_95pct"	"chr4"	161540949	"-"	"chr4-161540949"
"Polyclonal_95pct"	"chr4"	161704982	"-"	"chr4-161704982"
"Polyclonal_95pct"	"chr4"	162136847	"-"	"chr4-162136847"
"Polyclonal_95pct"	"chr4"	163045026	"-"	"chr4-163045026"
"Polyclonal_95pct"	"chr4"	163050678	"-"	"chr4-163050678"
"Polyclonal_95pct"	"chr4"	163156866	"-"	"chr4-163156866"
"Polyclonal_95pct"	"chr4"	163196205	"-"	"chr4-163196205"
"Polyclonal_95pct"	"chr4"	164110881	"-"	"chr4-164110881"
"Polyclonal_95pct"	"chr4"	164846395	"-"	"chr4-164846395"
"Polyclonal_95pct"	"chr4"	165252579	"-"	"chr4-165252579"
"Polyclonal_95pct"	"chr4"	165766595	"-"	"chr4-165766595"
"Polyclonal_95pct"	"chr4"	165795343	"-"	"chr4-165795343"
"Polyclonal_95pct"	"chr4"	166127590	"-"	"chr4-166127590"
"Polyclonal_95pct"	"chr4"	166352487	"-"	"chr4-166352487"
"Polyclonal_95pct"	"chr4"	166393546	"-"	"chr4-166393546"
"Polyclonal_95pct"	"chr4"	166471592	"-"	"chr4-166471592"
"Polyclonal_95pct"	"chr4"	166783456	"-"	"chr4-166783456"
"Polyclonal_95pct"	"chr4"	167133927	"-"	"chr4-167133927"
"Polyclonal_95pct"	"chr4"	167218818	"-"	"chr4-167218818"
"Polyclonal_95pct"	"chr4"	168010568	"-"	"chr4-168010568"
"Polyclonal_95pct"	"chr4"	168844002	"-"	"chr4-168844002"
"Polyclonal_95pct"	"chr4"	168925611	"-"	"chr4-168925611"
"Polyclonal_95pct"	"chr4"	169363762	"-"	"chr4-169363762"
"Polyclonal_95pct"	"chr4"	169585087	"-"	"chr4-169585087"
"Polyclonal_95pct"	"chr4"	170257376	"-"	"chr4-170257376"
"Polyclonal_95pct"	"chr4"	170335024	"-"	"chr4-170335024"
"Polyclonal_95pct"	"chr4"	170386699	"-"	"chr4-170386699"
"Polyclonal_95pct"	"chr4"	170425407	"-"	"chr4-170425407"
"Polyclonal_95pct"	"chr4"	171110304	"-"	"chr4-171110304"
"Polyclonal_95pct"	"chr4"	171557378	"-"	"chr4-171557378"
"Polyclonal_95pct"	"chr4"	171606440	"-"	"chr4-171606440"
"Polyclonal_95pct"	"chr4"	171705850	"-"	"chr4-171705850"
"Polyclonal_95pct"	"chr4"	171847441	"-"	"chr4-171847441"
"Polyclonal_95pct"	"chr4"	171863351	"-"	"chr4-171863351"
"Polyclonal_95pct"	"chr4"	172111420	"-"	"chr4-172111420"
"Polyclonal_95pct"	"chr4"	172203164	"-"	"chr4-172203164"
"Polyclonal_95pct"	"chr4"	173094777	"-"	"chr4-173094777"
"Polyclonal_95pct"	"chr4"	174667483	"-"	"chr4-174667483"
"Polyclonal_95pct"	"chr4"	174900153	"-"	"chr4-174900153"
"Polyclonal_95pct"	"chr4"	174920192	"-"	"chr4-174920192"
"Polyclonal_95pct"	"chr4"	175512003	"-"	"chr4-175512003"
"Polyclonal_95pct"	"chr4"	175654100	"-"	"chr4-175654100"
"Polyclonal_95pct"	"chr4"	175729051	"-"	"chr4-175729051"
"Polyclonal_95pct"	"chr4"	176727341	"-"	"chr4-176727341"
"Polyclonal_95pct"	"chr4"	176867729	"-"	"chr4-176867729"
"Polyclonal_95pct"	"chr4"	177338148	"-"	"chr4-177338148"
"Polyclonal_95pct"	"chr4"	177544509	"-"	"chr4-177544509"
"Polyclonal_95pct"	"chr4"	178009205	"-"	"chr4-178009205"
"Polyclonal_95pct"	"chr4"	178218539	"-"	"chr4-178218539"
"Polyclonal_95pct"	"chr4"	178502761	"-"	"chr4-178502761"
"Polyclonal_95pct"	"chr4"	180054252	"-"	"chr4-180054252"
"Polyclonal_95pct"	"chr4"	180782752	"-"	"chr4-180782752"
"Polyclonal_95pct"	"chr4"	181222840	"-"	"chr4-181222840"
"Polyclonal_95pct"	"chr4"	181680466	"-"	"chr4-181680466"
"Polyclonal_95pct"	"chr4"	181839348	"-"	"chr4-181839348"
"Polyclonal_95pct"	"chr4"	182113931	"-"	"chr4-182113931"
"Polyclonal_95pct"	"chr4"	182481053	"-"	"chr4-182481053"
"Polyclonal_95pct"	"chr4"	183298095	"-"	"chr4-183298095"
"Polyclonal_95pct"	"chr4"	184452566	"-"	"chr4-184452566"
"Polyclonal_95pct"	"chr4"	184674158	"-"	"chr4-184674158"
"Polyclonal_95pct"	"chr4"	185408676	"-"	"chr4-185408676"
"Polyclonal_95pct"	"chr4"	185881779	"-"	"chr4-185881779"
"Polyclonal_95pct"	"chr4"	186372382	"-"	"chr4-186372382"
"Polyclonal_95pct"	"chr4"	187323641	"-"	"chr4-187323641"
"Polyclonal_95pct"	"chr4"	189169446	"-"	"chr4-189169446"
"Polyclonal_95pct"	"chr5"	339977	"+"	"chr5+339977"
"Polyclonal_95pct"	"chr5"	409724	"+"	"chr5+409724"
"Polyclonal_95pct"	"chr5"	1534138	"+"	"chr5+1534138"
"Polyclonal_95pct"	"chr5"	1945890	"+"	"chr5+1945890"
"Polyclonal_95pct"	"chr5"	4284659	"+"	"chr5+4284659"
"Polyclonal_95pct"	"chr5"	5592987	"+"	"chr5+5592987"
"Polyclonal_95pct"	"chr5"	5636293	"+"	"chr5+5636293"
"Polyclonal_95pct"	"chr5"	6618198	"+"	"chr5+6618198"
"Polyclonal_95pct"	"chr5"	8927554	"+"	"chr5+8927554"
"Polyclonal_95pct"	"chr5"	8969333	"+"	"chr5+8969333"
"Polyclonal_95pct"	"chr5"	9022559	"+"	"chr5+9022559"
"Polyclonal_95pct"	"chr5"	11640428	"+"	"chr5+11640428"
"Polyclonal_95pct"	"chr5"	11876771	"+"	"chr5+11876771"
"Polyclonal_95pct"	"chr5"	12085131	"+"	"chr5+12085131"
"Polyclonal_95pct"	"chr5"	12506951	"+"	"chr5+12506951"
"Polyclonal_95pct"	"chr5"	12850815	"+"	"chr5+12850815"
"Polyclonal_95pct"	"chr5"	13015923	"+"	"chr5+13015923"
"Polyclonal_95pct"	"chr5"	13109743	"+"	"chr5+13109743"
"Polyclonal_95pct"	"chr5"	15749495	"+"	"chr5+15749495"
"Polyclonal_95pct"	"chr5"	15933632	"+"	"chr5+15933632"
"Polyclonal_95pct"	"chr5"	18197010	"+"	"chr5+18197010"
"Polyclonal_95pct"	"chr5"	18355167	"+"	"chr5+18355167"
"Polyclonal_95pct"	"chr5"	18558786	"+"	"chr5+18558786"
"Polyclonal_95pct"	"chr5"	18756878	"+"	"chr5+18756878"
"Polyclonal_95pct"	"chr5"	18833416	"+"	"chr5+18833416"
"Polyclonal_95pct"	"chr5"	18933150	"+"	"chr5+18933150"
"Polyclonal_95pct"	"chr5"	19420703	"+"	"chr5+19420703"
"Polyclonal_95pct"	"chr5"	19421047	"+"	"chr5+19421047"
"Polyclonal_95pct"	"chr5"	19663012	"+"	"chr5+19663012"
"Polyclonal_95pct"	"chr5"	19749369	"+"	"chr5+19749369"
"Polyclonal_95pct"	"chr5"	19893606	"+"	"chr5+19893606"
"Polyclonal_95pct"	"chr5"	20090140	"+"	"chr5+20090140"
"Polyclonal_95pct"	"chr5"	20115899	"+"	"chr5+20115899"
"Polyclonal_95pct"	"chr5"	20861757	"+"	"chr5+20861757"
"Polyclonal_95pct"	"chr5"	20950692	"+"	"chr5+20950692"
"Polyclonal_95pct"	"chr5"	21972854	"+"	"chr5+21972854"
"Polyclonal_95pct"	"chr5"	21979181	"+"	"chr5+21979181"
"Polyclonal_95pct"	"chr5"	22081121	"+"	"chr5+22081121"
"Polyclonal_95pct"	"chr5"	22301871	"+"	"chr5+22301871"
"Polyclonal_95pct"	"chr5"	22548994	"+"	"chr5+22548994"
"Polyclonal_95pct"	"chr5"	23700862	"+"	"chr5+23700862"
"Polyclonal_95pct"	"chr5"	23934361	"+"	"chr5+23934361"
"Polyclonal_95pct"	"chr5"	24007574	"+"	"chr5+24007574"
"Polyclonal_95pct"	"chr5"	24185510	"+"	"chr5+24185510"
"Polyclonal_95pct"	"chr5"	24535130	"+"	"chr5+24535130"
"Polyclonal_95pct"	"chr5"	25303888	"+"	"chr5+25303888"
"Polyclonal_95pct"	"chr5"	25492409	"+"	"chr5+25492409"
"Polyclonal_95pct"	"chr5"	25749991	"+"	"chr5+25749991"
"Polyclonal_95pct"	"chr5"	26479933	"+"	"chr5+26479933"
"Polyclonal_95pct"	"chr5"	26590768	"+"	"chr5+26590768"
"Polyclonal_95pct"	"chr5"	27401024	"+"	"chr5+27401024"
"Polyclonal_95pct"	"chr5"	27658102	"+"	"chr5+27658102"
"Polyclonal_95pct"	"chr5"	28123458	"+"	"chr5+28123458"
"Polyclonal_95pct"	"chr5"	28227062	"+"	"chr5+28227062"
"Polyclonal_95pct"	"chr5"	29764055	"+"	"chr5+29764055"
"Polyclonal_95pct"	"chr5"	31716670	"+"	"chr5+31716670"
"Polyclonal_95pct"	"chr5"	32561883	"+"	"chr5+32561883"
"Polyclonal_95pct"	"chr5"	34195619	"+"	"chr5+34195619"
"Polyclonal_95pct"	"chr5"	34219467	"+"	"chr5+34219467"
"Polyclonal_95pct"	"chr5"	34284584	"+"	"chr5+34284584"
"Polyclonal_95pct"	"chr5"	34334413	"+"	"chr5+34334413"
"Polyclonal_95pct"	"chr5"	34912738	"+"	"chr5+34912738"
"Polyclonal_95pct"	"chr5"	35694026	"+"	"chr5+35694026"
"Polyclonal_95pct"	"chr5"	36172715	"+"	"chr5+36172715"
"Polyclonal_95pct"	"chr5"	37038211	"+"	"chr5+37038211"
"Polyclonal_95pct"	"chr5"	39832922	"+"	"chr5+39832922"
"Polyclonal_95pct"	"chr5"	40063753	"+"	"chr5+40063753"
"Polyclonal_95pct"	"chr5"	41920209	"+"	"chr5+41920209"
"Polyclonal_95pct"	"chr5"	43619121	"+"	"chr5+43619121"
"Polyclonal_95pct"	"chr5"	44442959	"+"	"chr5+44442959"
"Polyclonal_95pct"	"chr5"	44521480	"+"	"chr5+44521480"
"Polyclonal_95pct"	"chr5"	44550043	"+"	"chr5+44550043"
"Polyclonal_95pct"	"chr5"	45452972	"+"	"chr5+45452972"
"Polyclonal_95pct"	"chr5"	46827899	"+"	"chr5+46827899"
"Polyclonal_95pct"	"chr5"	47108416	"+"	"chr5+47108416"
"Polyclonal_95pct"	"chr5"	47112504	"+"	"chr5+47112504"
"Polyclonal_95pct"	"chr5"	47126306	"+"	"chr5+47126306"
"Polyclonal_95pct"	"chr5"	47130396	"+"	"chr5+47130396"
"Polyclonal_95pct"	"chr5"	47134485	"+"	"chr5+47134485"
"Polyclonal_95pct"	"chr5"	51509763	"+"	"chr5+51509763"
"Polyclonal_95pct"	"chr5"	52037418	"+"	"chr5+52037418"
"Polyclonal_95pct"	"chr5"	52197707	"+"	"chr5+52197707"
"Polyclonal_95pct"	"chr5"	52226428	"+"	"chr5+52226428"
"Polyclonal_95pct"	"chr5"	52417083	"+"	"chr5+52417083"
"Polyclonal_95pct"	"chr5"	52747943	"+"	"chr5+52747943"
"Polyclonal_95pct"	"chr5"	52841112	"+"	"chr5+52841112"
"Polyclonal_95pct"	"chr5"	54232661	"+"	"chr5+54232661"
"Polyclonal_95pct"	"chr5"	54287695	"+"	"chr5+54287695"
"Polyclonal_95pct"	"chr5"	54683530	"+"	"chr5+54683530"
"Polyclonal_95pct"	"chr5"	54868035	"+"	"chr5+54868035"
"Polyclonal_95pct"	"chr5"	55643046	"+"	"chr5+55643046"
"Polyclonal_95pct"	"chr5"	55948175	"+"	"chr5+55948175"
"Polyclonal_95pct"	"chr5"	55950401	"+"	"chr5+55950401"
"Polyclonal_95pct"	"chr5"	55987362	"+"	"chr5+55987362"
"Polyclonal_95pct"	"chr5"	56066831	"+"	"chr5+56066831"
"Polyclonal_95pct"	"chr5"	56948533	"+"	"chr5+56948533"
"Polyclonal_95pct"	"chr5"	57485167	"+"	"chr5+57485167"
"Polyclonal_95pct"	"chr5"	59377006	"+"	"chr5+59377006"
"Polyclonal_95pct"	"chr5"	59532125	"+"	"chr5+59532125"
"Polyclonal_95pct"	"chr5"	59774162	"+"	"chr5+59774162"
"Polyclonal_95pct"	"chr5"	61014199	"+"	"chr5+61014199"
"Polyclonal_95pct"	"chr5"	63143104	"+"	"chr5+63143104"
"Polyclonal_95pct"	"chr5"	63449035	"+"	"chr5+63449035"
"Polyclonal_95pct"	"chr5"	64779230	"+"	"chr5+64779230"
"Polyclonal_95pct"	"chr5"	64794894	"+"	"chr5+64794894"
"Polyclonal_95pct"	"chr5"	65433113	"+"	"chr5+65433113"
"Polyclonal_95pct"	"chr5"	65621596	"+"	"chr5+65621596"
"Polyclonal_95pct"	"chr5"	67526496	"+"	"chr5+67526496"
"Polyclonal_95pct"	"chr5"	67715651	"+"	"chr5+67715651"
"Polyclonal_95pct"	"chr5"	71168419	"+"	"chr5+71168419"
"Polyclonal_95pct"	"chr5"	73014184	"+"	"chr5+73014184"
"Polyclonal_95pct"	"chr5"	74739852	"+"	"chr5+74739852"
"Polyclonal_95pct"	"chr5"	75676071	"+"	"chr5+75676071"
"Polyclonal_95pct"	"chr5"	78056367	"+"	"chr5+78056367"
"Polyclonal_95pct"	"chr5"	80445472	"+"	"chr5+80445472"
"Polyclonal_95pct"	"chr5"	81351708	"+"	"chr5+81351708"
"Polyclonal_95pct"	"chr5"	81744005	"+"	"chr5+81744005"
"Polyclonal_95pct"	"chr5"	83637804	"+"	"chr5+83637804"
"Polyclonal_95pct"	"chr5"	83860015	"+"	"chr5+83860015"
"Polyclonal_95pct"	"chr5"	86062053	"+"	"chr5+86062053"
"Polyclonal_95pct"	"chr5"	86817538	"+"	"chr5+86817538"
"Polyclonal_95pct"	"chr5"	87331916	"+"	"chr5+87331916"
"Polyclonal_95pct"	"chr5"	87337513	"+"	"chr5+87337513"
"Polyclonal_95pct"	"chr5"	87776269	"+"	"chr5+87776269"
"Polyclonal_95pct"	"chr5"	87889945	"+"	"chr5+87889945"
"Polyclonal_95pct"	"chr5"	88484561	"+"	"chr5+88484561"
"Polyclonal_95pct"	"chr5"	89358718	"+"	"chr5+89358718"
"Polyclonal_95pct"	"chr5"	90418331	"+"	"chr5+90418331"
"Polyclonal_95pct"	"chr5"	90519115	"+"	"chr5+90519115"
"Polyclonal_95pct"	"chr5"	91262786	"+"	"chr5+91262786"
"Polyclonal_95pct"	"chr5"	92323652	"+"	"chr5+92323652"
"Polyclonal_95pct"	"chr5"	92397073	"+"	"chr5+92397073"
"Polyclonal_95pct"	"chr5"	92401409	"+"	"chr5+92401409"
"Polyclonal_95pct"	"chr5"	94361495	"+"	"chr5+94361495"
"Polyclonal_95pct"	"chr5"	95087227	"+"	"chr5+95087227"
"Polyclonal_95pct"	"chr5"	95145561	"+"	"chr5+95145561"
"Polyclonal_95pct"	"chr5"	98299551	"+"	"chr5+98299551"
"Polyclonal_95pct"	"chr5"	98421049	"+"	"chr5+98421049"
"Polyclonal_95pct"	"chr5"	98677502	"+"	"chr5+98677502"
"Polyclonal_95pct"	"chr5"	99390190	"+"	"chr5+99390190"
"Polyclonal_95pct"	"chr5"	99394037	"+"	"chr5+99394037"
"Polyclonal_95pct"	"chr5"	99652600	"+"	"chr5+99652600"
"Polyclonal_95pct"	"chr5"	99725119	"+"	"chr5+99725119"
"Polyclonal_95pct"	"chr5"	99811410	"+"	"chr5+99811410"
"Polyclonal_95pct"	"chr5"	100525462	"+"	"chr5+100525462"
"Polyclonal_95pct"	"chr5"	100590804	"+"	"chr5+100590804"
"Polyclonal_95pct"	"chr5"	100749292	"+"	"chr5+100749292"
"Polyclonal_95pct"	"chr5"	100848302	"+"	"chr5+100848302"
"Polyclonal_95pct"	"chr5"	101899476	"+"	"chr5+101899476"
"Polyclonal_95pct"	"chr5"	102946614	"+"	"chr5+102946614"
"Polyclonal_95pct"	"chr5"	103934145	"+"	"chr5+103934145"
"Polyclonal_95pct"	"chr5"	104338670	"+"	"chr5+104338670"
"Polyclonal_95pct"	"chr5"	104927038	"+"	"chr5+104927038"
"Polyclonal_95pct"	"chr5"	105017067	"+"	"chr5+105017067"
"Polyclonal_95pct"	"chr5"	107182001	"+"	"chr5+107182001"
"Polyclonal_95pct"	"chr5"	107427491	"+"	"chr5+107427491"
"Polyclonal_95pct"	"chr5"	107647123	"+"	"chr5+107647123"
"Polyclonal_95pct"	"chr5"	108707373	"+"	"chr5+108707373"
"Polyclonal_95pct"	"chr5"	108960411	"+"	"chr5+108960411"
"Polyclonal_95pct"	"chr5"	109622223	"+"	"chr5+109622223"
"Polyclonal_95pct"	"chr5"	110148779	"+"	"chr5+110148779"
"Polyclonal_95pct"	"chr5"	110682752	"+"	"chr5+110682752"
"Polyclonal_95pct"	"chr5"	113255042	"+"	"chr5+113255042"
"Polyclonal_95pct"	"chr5"	115645973	"+"	"chr5+115645973"
"Polyclonal_95pct"	"chr5"	116827208	"+"	"chr5+116827208"
"Polyclonal_95pct"	"chr5"	117980479	"+"	"chr5+117980479"
"Polyclonal_95pct"	"chr5"	118049244	"+"	"chr5+118049244"
"Polyclonal_95pct"	"chr5"	118054148	"+"	"chr5+118054148"
"Polyclonal_95pct"	"chr5"	118168304	"+"	"chr5+118168304"
"Polyclonal_95pct"	"chr5"	119177930	"+"	"chr5+119177930"
"Polyclonal_95pct"	"chr5"	119217653	"+"	"chr5+119217653"
"Polyclonal_95pct"	"chr5"	120333527	"+"	"chr5+120333527"
"Polyclonal_95pct"	"chr5"	120385885	"+"	"chr5+120385885"
"Polyclonal_95pct"	"chr5"	120480681	"+"	"chr5+120480681"
"Polyclonal_95pct"	"chr5"	121181753	"+"	"chr5+121181753"
"Polyclonal_95pct"	"chr5"	121432015	"+"	"chr5+121432015"
"Polyclonal_95pct"	"chr5"	121840461	"+"	"chr5+121840461"
"Polyclonal_95pct"	"chr5"	123473584	"+"	"chr5+123473584"
"Polyclonal_95pct"	"chr5"	123763518	"+"	"chr5+123763518"
"Polyclonal_95pct"	"chr5"	124317441	"+"	"chr5+124317441"
"Polyclonal_95pct"	"chr5"	125655893	"+"	"chr5+125655893"
"Polyclonal_95pct"	"chr5"	125806411	"+"	"chr5+125806411"
"Polyclonal_95pct"	"chr5"	125819471	"+"	"chr5+125819471"
"Polyclonal_95pct"	"chr5"	125821002	"+"	"chr5+125821002"
"Polyclonal_95pct"	"chr5"	125942837	"+"	"chr5+125942837"
"Polyclonal_95pct"	"chr5"	128452993	"+"	"chr5+128452993"
"Polyclonal_95pct"	"chr5"	128681193	"+"	"chr5+128681193"
"Polyclonal_95pct"	"chr5"	128814988	"+"	"chr5+128814988"
"Polyclonal_95pct"	"chr5"	129594292	"+"	"chr5+129594292"
"Polyclonal_95pct"	"chr5"	129853441	"+"	"chr5+129853441"
"Polyclonal_95pct"	"chr5"	130388021	"+"	"chr5+130388021"
"Polyclonal_95pct"	"chr5"	130563212	"+"	"chr5+130563212"
"Polyclonal_95pct"	"chr5"	131121852	"+"	"chr5+131121852"
"Polyclonal_95pct"	"chr5"	131653516	"+"	"chr5+131653516"
"Polyclonal_95pct"	"chr5"	132405034	"+"	"chr5+132405034"
"Polyclonal_95pct"	"chr5"	134223330	"+"	"chr5+134223330"
"Polyclonal_95pct"	"chr5"	135638969	"+"	"chr5+135638969"
"Polyclonal_95pct"	"chr5"	137924184	"+"	"chr5+137924184"
"Polyclonal_95pct"	"chr5"	138160784	"+"	"chr5+138160784"
"Polyclonal_95pct"	"chr5"	140739323	"+"	"chr5+140739323"
"Polyclonal_95pct"	"chr5"	141933646	"+"	"chr5+141933646"
"Polyclonal_95pct"	"chr5"	143339588	"+"	"chr5+143339588"
"Polyclonal_95pct"	"chr5"	144253561	"+"	"chr5+144253561"
"Polyclonal_95pct"	"chr5"	145649370	"+"	"chr5+145649370"
"Polyclonal_95pct"	"chr5"	145789474	"+"	"chr5+145789474"
"Polyclonal_95pct"	"chr5"	146103497	"+"	"chr5+146103497"
"Polyclonal_95pct"	"chr5"	146264816	"+"	"chr5+146264816"
"Polyclonal_95pct"	"chr5"	146277011	"+"	"chr5+146277011"
"Polyclonal_95pct"	"chr5"	146485604	"+"	"chr5+146485604"
"Polyclonal_95pct"	"chr5"	146485718	"+"	"chr5+146485718"
"Polyclonal_95pct"	"chr5"	146485821	"+"	"chr5+146485821"
"Polyclonal_95pct"	"chr5"	149927423	"+"	"chr5+149927423"
"Polyclonal_95pct"	"chr5"	154000618	"+"	"chr5+154000618"
"Polyclonal_95pct"	"chr5"	156016767	"+"	"chr5+156016767"
"Polyclonal_95pct"	"chr5"	156900279	"+"	"chr5+156900279"
"Polyclonal_95pct"	"chr5"	157222427	"+"	"chr5+157222427"
"Polyclonal_95pct"	"chr5"	157649752	"+"	"chr5+157649752"
"Polyclonal_95pct"	"chr5"	157817925	"+"	"chr5+157817925"
"Polyclonal_95pct"	"chr5"	158697786	"+"	"chr5+158697786"
"Polyclonal_95pct"	"chr5"	159043214	"+"	"chr5+159043214"
"Polyclonal_95pct"	"chr5"	159194056	"+"	"chr5+159194056"
"Polyclonal_95pct"	"chr5"	159409049	"+"	"chr5+159409049"
"Polyclonal_95pct"	"chr5"	161453524	"+"	"chr5+161453524"
"Polyclonal_95pct"	"chr5"	163444616	"+"	"chr5+163444616"
"Polyclonal_95pct"	"chr5"	163511090	"+"	"chr5+163511090"
"Polyclonal_95pct"	"chr5"	164043625	"+"	"chr5+164043625"
"Polyclonal_95pct"	"chr5"	164207408	"+"	"chr5+164207408"
"Polyclonal_95pct"	"chr5"	165432299	"+"	"chr5+165432299"
"Polyclonal_95pct"	"chr5"	165837002	"+"	"chr5+165837002"
"Polyclonal_95pct"	"chr5"	165888136	"+"	"chr5+165888136"
"Polyclonal_95pct"	"chr5"	165959218	"+"	"chr5+165959218"
"Polyclonal_95pct"	"chr5"	166283938	"+"	"chr5+166283938"
"Polyclonal_95pct"	"chr5"	168238220	"+"	"chr5+168238220"
"Polyclonal_95pct"	"chr5"	168238275	"+"	"chr5+168238275"
"Polyclonal_95pct"	"chr5"	168500721	"+"	"chr5+168500721"
"Polyclonal_95pct"	"chr5"	170144861	"+"	"chr5+170144861"
"Polyclonal_95pct"	"chr5"	170986936	"+"	"chr5+170986936"
"Polyclonal_95pct"	"chr5"	173910973	"+"	"chr5+173910973"
"Polyclonal_95pct"	"chr5"	173936547	"+"	"chr5+173936547"
"Polyclonal_95pct"	"chr5"	177250278	"+"	"chr5+177250278"
"Polyclonal_95pct"	"chr5"	177420357	"+"	"chr5+177420357"
"Polyclonal_95pct"	"chr5"	178177307	"+"	"chr5+178177307"
"Polyclonal_95pct"	"chr5"	178598764	"+"	"chr5+178598764"
"Polyclonal_95pct"	"chr5"	179709959	"+"	"chr5+179709959"
"Polyclonal_95pct"	"chr5"	181280168	"+"	"chr5+181280168"
"Polyclonal_95pct"	"chr5"	909009	"-"	"chr5-909009"
"Polyclonal_95pct"	"chr5"	2502940	"-"	"chr5-2502940"
"Polyclonal_95pct"	"chr5"	5797685	"-"	"chr5-5797685"
"Polyclonal_95pct"	"chr5"	5833136	"-"	"chr5-5833136"
"Polyclonal_95pct"	"chr5"	6742614	"-"	"chr5-6742614"
"Polyclonal_95pct"	"chr5"	7940836	"-"	"chr5-7940836"
"Polyclonal_95pct"	"chr5"	9140048	"-"	"chr5-9140048"
"Polyclonal_95pct"	"chr5"	10397630	"-"	"chr5-10397630"
"Polyclonal_95pct"	"chr5"	10542957	"-"	"chr5-10542957"
"Polyclonal_95pct"	"chr5"	10578098	"-"	"chr5-10578098"
"Polyclonal_95pct"	"chr5"	11588750	"-"	"chr5-11588750"
"Polyclonal_95pct"	"chr5"	11958291	"-"	"chr5-11958291"
"Polyclonal_95pct"	"chr5"	11970555	"-"	"chr5-11970555"
"Polyclonal_95pct"	"chr5"	12221440	"-"	"chr5-12221440"
"Polyclonal_95pct"	"chr5"	12520561	"-"	"chr5-12520561"
"Polyclonal_95pct"	"chr5"	12678232	"-"	"chr5-12678232"
"Polyclonal_95pct"	"chr5"	12751087	"-"	"chr5-12751087"
"Polyclonal_95pct"	"chr5"	12844831	"-"	"chr5-12844831"
"Polyclonal_95pct"	"chr5"	12961973	"-"	"chr5-12961973"
"Polyclonal_95pct"	"chr5"	13573859	"-"	"chr5-13573859"
"Polyclonal_95pct"	"chr5"	14155247	"-"	"chr5-14155247"
"Polyclonal_95pct"	"chr5"	14425294	"-"	"chr5-14425294"
"Polyclonal_95pct"	"chr5"	14739288	"-"	"chr5-14739288"
"Polyclonal_95pct"	"chr5"	14789266	"-"	"chr5-14789266"
"Polyclonal_95pct"	"chr5"	15188954	"-"	"chr5-15188954"
"Polyclonal_95pct"	"chr5"	16110920	"-"	"chr5-16110920"
"Polyclonal_95pct"	"chr5"	17896213	"-"	"chr5-17896213"
"Polyclonal_95pct"	"chr5"	18131782	"-"	"chr5-18131782"
"Polyclonal_95pct"	"chr5"	18303609	"-"	"chr5-18303609"
"Polyclonal_95pct"	"chr5"	18574754	"-"	"chr5-18574754"
"Polyclonal_95pct"	"chr5"	18935466	"-"	"chr5-18935466"
"Polyclonal_95pct"	"chr5"	21061566	"-"	"chr5-21061566"
"Polyclonal_95pct"	"chr5"	21249695	"-"	"chr5-21249695"
"Polyclonal_95pct"	"chr5"	21266863	"-"	"chr5-21266863"
"Polyclonal_95pct"	"chr5"	21329430	"-"	"chr5-21329430"
"Polyclonal_95pct"	"chr5"	22411228	"-"	"chr5-22411228"
"Polyclonal_95pct"	"chr5"	23358907	"-"	"chr5-23358907"
"Polyclonal_95pct"	"chr5"	23816945	"-"	"chr5-23816945"
"Polyclonal_95pct"	"chr5"	23960025	"-"	"chr5-23960025"
"Polyclonal_95pct"	"chr5"	24126934	"-"	"chr5-24126934"
"Polyclonal_95pct"	"chr5"	24143273	"-"	"chr5-24143273"
"Polyclonal_95pct"	"chr5"	24222731	"-"	"chr5-24222731"
"Polyclonal_95pct"	"chr5"	24552873	"-"	"chr5-24552873"
"Polyclonal_95pct"	"chr5"	24605213	"-"	"chr5-24605213"
"Polyclonal_95pct"	"chr5"	24970129	"-"	"chr5-24970129"
"Polyclonal_95pct"	"chr5"	25537403	"-"	"chr5-25537403"
"Polyclonal_95pct"	"chr5"	26311655	"-"	"chr5-26311655"
"Polyclonal_95pct"	"chr5"	26887531	"-"	"chr5-26887531"
"Polyclonal_95pct"	"chr5"	26987597	"-"	"chr5-26987597"
"Polyclonal_95pct"	"chr5"	27131107	"-"	"chr5-27131107"
"Polyclonal_95pct"	"chr5"	27209605	"-"	"chr5-27209605"
"Polyclonal_95pct"	"chr5"	27288875	"-"	"chr5-27288875"
"Polyclonal_95pct"	"chr5"	27401789	"-"	"chr5-27401789"
"Polyclonal_95pct"	"chr5"	27457105	"-"	"chr5-27457105"
"Polyclonal_95pct"	"chr5"	27484126	"-"	"chr5-27484126"
"Polyclonal_95pct"	"chr5"	27782875	"-"	"chr5-27782875"
"Polyclonal_95pct"	"chr5"	27782622	"-"	"chr5-27782622"
"Polyclonal_95pct"	"chr5"	28094316	"-"	"chr5-28094316"
"Polyclonal_95pct"	"chr5"	28093649	"-"	"chr5-28093649"
"Polyclonal_95pct"	"chr5"	28203141	"-"	"chr5-28203141"
"Polyclonal_95pct"	"chr5"	29615053	"-"	"chr5-29615053"
"Polyclonal_95pct"	"chr5"	29638692	"-"	"chr5-29638692"
"Polyclonal_95pct"	"chr5"	30340317	"-"	"chr5-30340317"
"Polyclonal_95pct"	"chr5"	30419860	"-"	"chr5-30419860"
"Polyclonal_95pct"	"chr5"	30441343	"-"	"chr5-30441343"
"Polyclonal_95pct"	"chr5"	30523586	"-"	"chr5-30523586"
"Polyclonal_95pct"	"chr5"	30789199	"-"	"chr5-30789199"
"Polyclonal_95pct"	"chr5"	32436606	"-"	"chr5-32436606"
"Polyclonal_95pct"	"chr5"	32564723	"-"	"chr5-32564723"
"Polyclonal_95pct"	"chr5"	33203472	"-"	"chr5-33203472"
"Polyclonal_95pct"	"chr5"	34565451	"-"	"chr5-34565451"
"Polyclonal_95pct"	"chr5"	35341588	"-"	"chr5-35341588"
"Polyclonal_95pct"	"chr5"	35840548	"-"	"chr5-35840548"
"Polyclonal_95pct"	"chr5"	37017997	"-"	"chr5-37017997"
"Polyclonal_95pct"	"chr5"	39023668	"-"	"chr5-39023668"
"Polyclonal_95pct"	"chr5"	39521038	"-"	"chr5-39521038"
"Polyclonal_95pct"	"chr5"	40508130	"-"	"chr5-40508130"
"Polyclonal_95pct"	"chr5"	42015044	"-"	"chr5-42015044"
"Polyclonal_95pct"	"chr5"	43081216	"-"	"chr5-43081216"
"Polyclonal_95pct"	"chr5"	43711774	"-"	"chr5-43711774"
"Polyclonal_95pct"	"chr5"	44513207	"-"	"chr5-44513207"
"Polyclonal_95pct"	"chr5"	45043782	"-"	"chr5-45043782"
"Polyclonal_95pct"	"chr5"	45319778	"-"	"chr5-45319778"
"Polyclonal_95pct"	"chr5"	45328554	"-"	"chr5-45328554"
"Polyclonal_95pct"	"chr5"	50568736	"-"	"chr5-50568736"
"Polyclonal_95pct"	"chr5"	50570129	"-"	"chr5-50570129"
"Polyclonal_95pct"	"chr5"	50725105	"-"	"chr5-50725105"
"Polyclonal_95pct"	"chr5"	50842394	"-"	"chr5-50842394"
"Polyclonal_95pct"	"chr5"	50849955	"-"	"chr5-50849955"
"Polyclonal_95pct"	"chr5"	51022863	"-"	"chr5-51022863"
"Polyclonal_95pct"	"chr5"	51624374	"-"	"chr5-51624374"
"Polyclonal_95pct"	"chr5"	52264013	"-"	"chr5-52264013"
"Polyclonal_95pct"	"chr5"	52478965	"-"	"chr5-52478965"
"Polyclonal_95pct"	"chr5"	52638613	"-"	"chr5-52638613"
"Polyclonal_95pct"	"chr5"	53501676	"-"	"chr5-53501676"
"Polyclonal_95pct"	"chr5"	53593587	"-"	"chr5-53593587"
"Polyclonal_95pct"	"chr5"	53731725	"-"	"chr5-53731725"
"Polyclonal_95pct"	"chr5"	54162970	"-"	"chr5-54162970"
"Polyclonal_95pct"	"chr5"	54274218	"-"	"chr5-54274218"
"Polyclonal_95pct"	"chr5"	55669607	"-"	"chr5-55669607"
"Polyclonal_95pct"	"chr5"	55948596	"-"	"chr5-55948596"
"Polyclonal_95pct"	"chr5"	56129180	"-"	"chr5-56129180"
"Polyclonal_95pct"	"chr5"	56668713	"-"	"chr5-56668713"
"Polyclonal_95pct"	"chr5"	57183934	"-"	"chr5-57183934"
"Polyclonal_95pct"	"chr5"	58994047	"-"	"chr5-58994047"
"Polyclonal_95pct"	"chr5"	59095347	"-"	"chr5-59095347"
"Polyclonal_95pct"	"chr5"	59518387	"-"	"chr5-59518387"
"Polyclonal_95pct"	"chr5"	59661615	"-"	"chr5-59661615"
"Polyclonal_95pct"	"chr5"	59788943	"-"	"chr5-59788943"
"Polyclonal_95pct"	"chr5"	59862257	"-"	"chr5-59862257"
"Polyclonal_95pct"	"chr5"	60957451	"-"	"chr5-60957451"
"Polyclonal_95pct"	"chr5"	62370086	"-"	"chr5-62370086"
"Polyclonal_95pct"	"chr5"	62715683	"-"	"chr5-62715683"
"Polyclonal_95pct"	"chr5"	63478399	"-"	"chr5-63478399"
"Polyclonal_95pct"	"chr5"	63667311	"-"	"chr5-63667311"
"Polyclonal_95pct"	"chr5"	64052495	"-"	"chr5-64052495"
"Polyclonal_95pct"	"chr5"	64664238	"-"	"chr5-64664238"
"Polyclonal_95pct"	"chr5"	64803196	"-"	"chr5-64803196"
"Polyclonal_95pct"	"chr5"	65226930	"-"	"chr5-65226930"
"Polyclonal_95pct"	"chr5"	65297502	"-"	"chr5-65297502"
"Polyclonal_95pct"	"chr5"	65933573	"-"	"chr5-65933573"
"Polyclonal_95pct"	"chr5"	66014429	"-"	"chr5-66014429"
"Polyclonal_95pct"	"chr5"	69989256	"-"	"chr5-69989256"
"Polyclonal_95pct"	"chr5"	72335410	"-"	"chr5-72335410"
"Polyclonal_95pct"	"chr5"	73032600	"-"	"chr5-73032600"
"Polyclonal_95pct"	"chr5"	73075374	"-"	"chr5-73075374"
"Polyclonal_95pct"	"chr5"	73492460	"-"	"chr5-73492460"
"Polyclonal_95pct"	"chr5"	73863136	"-"	"chr5-73863136"
"Polyclonal_95pct"	"chr5"	75689277	"-"	"chr5-75689277"
"Polyclonal_95pct"	"chr5"	77064522	"-"	"chr5-77064522"
"Polyclonal_95pct"	"chr5"	78040415	"-"	"chr5-78040415"
"Polyclonal_95pct"	"chr5"	79401152	"-"	"chr5-79401152"
"Polyclonal_95pct"	"chr5"	80448773	"-"	"chr5-80448773"
"Polyclonal_95pct"	"chr5"	83942466	"-"	"chr5-83942466"
"Polyclonal_95pct"	"chr5"	83968966	"-"	"chr5-83968966"
"Polyclonal_95pct"	"chr5"	84039315	"-"	"chr5-84039315"
"Polyclonal_95pct"	"chr5"	84269334	"-"	"chr5-84269334"
"Polyclonal_95pct"	"chr5"	84736637	"-"	"chr5-84736637"
"Polyclonal_95pct"	"chr5"	85220538	"-"	"chr5-85220538"
"Polyclonal_95pct"	"chr5"	85449543	"-"	"chr5-85449543"
"Polyclonal_95pct"	"chr5"	86564303	"-"	"chr5-86564303"
"Polyclonal_95pct"	"chr5"	87304491	"-"	"chr5-87304491"
"Polyclonal_95pct"	"chr5"	87645629	"-"	"chr5-87645629"
"Polyclonal_95pct"	"chr5"	89113887	"-"	"chr5-89113887"
"Polyclonal_95pct"	"chr5"	89192240	"-"	"chr5-89192240"
"Polyclonal_95pct"	"chr5"	89739715	"-"	"chr5-89739715"
"Polyclonal_95pct"	"chr5"	90162568	"-"	"chr5-90162568"
"Polyclonal_95pct"	"chr5"	90487855	"-"	"chr5-90487855"
"Polyclonal_95pct"	"chr5"	90659263	"-"	"chr5-90659263"
"Polyclonal_95pct"	"chr5"	91033816	"-"	"chr5-91033816"
"Polyclonal_95pct"	"chr5"	91475687	"-"	"chr5-91475687"
"Polyclonal_95pct"	"chr5"	91887187	"-"	"chr5-91887187"
"Polyclonal_95pct"	"chr5"	92749029	"-"	"chr5-92749029"
"Polyclonal_95pct"	"chr5"	92784741	"-"	"chr5-92784741"
"Polyclonal_95pct"	"chr5"	92990840	"-"	"chr5-92990840"
"Polyclonal_95pct"	"chr5"	93187745	"-"	"chr5-93187745"
"Polyclonal_95pct"	"chr5"	93817825	"-"	"chr5-93817825"
"Polyclonal_95pct"	"chr5"	93984986	"-"	"chr5-93984986"
"Polyclonal_95pct"	"chr5"	94168748	"-"	"chr5-94168748"
"Polyclonal_95pct"	"chr5"	94633020	"-"	"chr5-94633020"
"Polyclonal_95pct"	"chr5"	95279113	"-"	"chr5-95279113"
"Polyclonal_95pct"	"chr5"	95479872	"-"	"chr5-95479872"
"Polyclonal_95pct"	"chr5"	96080596	"-"	"chr5-96080596"
"Polyclonal_95pct"	"chr5"	96588287	"-"	"chr5-96588287"
"Polyclonal_95pct"	"chr5"	97925103	"-"	"chr5-97925103"
"Polyclonal_95pct"	"chr5"	98221272	"-"	"chr5-98221272"
"Polyclonal_95pct"	"chr5"	99390194	"-"	"chr5-99390194"
"Polyclonal_95pct"	"chr5"	99550657	"-"	"chr5-99550657"
"Polyclonal_95pct"	"chr5"	99669994	"-"	"chr5-99669994"
"Polyclonal_95pct"	"chr5"	100371260	"-"	"chr5-100371260"
"Polyclonal_95pct"	"chr5"	100552296	"-"	"chr5-100552296"
"Polyclonal_95pct"	"chr5"	101274090	"-"	"chr5-101274090"
"Polyclonal_95pct"	"chr5"	101281296	"-"	"chr5-101281296"
"Polyclonal_95pct"	"chr5"	101703051	"-"	"chr5-101703051"
"Polyclonal_95pct"	"chr5"	101740652	"-"	"chr5-101740652"
"Polyclonal_95pct"	"chr5"	103164724	"-"	"chr5-103164724"
"Polyclonal_95pct"	"chr5"	104255292	"-"	"chr5-104255292"
"Polyclonal_95pct"	"chr5"	105547306	"-"	"chr5-105547306"
"Polyclonal_95pct"	"chr5"	105662558	"-"	"chr5-105662558"
"Polyclonal_95pct"	"chr5"	105894794	"-"	"chr5-105894794"
"Polyclonal_95pct"	"chr5"	105959923	"-"	"chr5-105959923"
"Polyclonal_95pct"	"chr5"	106214425	"-"	"chr5-106214425"
"Polyclonal_95pct"	"chr5"	108125446	"-"	"chr5-108125446"
"Polyclonal_95pct"	"chr5"	108284489	"-"	"chr5-108284489"
"Polyclonal_95pct"	"chr5"	108319036	"-"	"chr5-108319036"
"Polyclonal_95pct"	"chr5"	108884444	"-"	"chr5-108884444"
"Polyclonal_95pct"	"chr5"	108894305	"-"	"chr5-108894305"
"Polyclonal_95pct"	"chr5"	109761081	"-"	"chr5-109761081"
"Polyclonal_95pct"	"chr5"	111201234	"-"	"chr5-111201234"
"Polyclonal_95pct"	"chr5"	112771536	"-"	"chr5-112771536"
"Polyclonal_95pct"	"chr5"	112854324	"-"	"chr5-112854324"
"Polyclonal_95pct"	"chr5"	112983447	"-"	"chr5-112983447"
"Polyclonal_95pct"	"chr5"	113749461	"-"	"chr5-113749461"
"Polyclonal_95pct"	"chr5"	117215020	"-"	"chr5-117215020"
"Polyclonal_95pct"	"chr5"	117421567	"-"	"chr5-117421567"
"Polyclonal_95pct"	"chr5"	117634804	"-"	"chr5-117634804"
"Polyclonal_95pct"	"chr5"	117644566	"-"	"chr5-117644566"
"Polyclonal_95pct"	"chr5"	118277859	"-"	"chr5-118277859"
"Polyclonal_95pct"	"chr5"	119474925	"-"	"chr5-119474925"
"Polyclonal_95pct"	"chr5"	120188296	"-"	"chr5-120188296"
"Polyclonal_95pct"	"chr5"	120588068	"-"	"chr5-120588068"
"Polyclonal_95pct"	"chr5"	121567669	"-"	"chr5-121567669"
"Polyclonal_95pct"	"chr5"	121926819	"-"	"chr5-121926819"
"Polyclonal_95pct"	"chr5"	121979741	"-"	"chr5-121979741"
"Polyclonal_95pct"	"chr5"	122038745	"-"	"chr5-122038745"
"Polyclonal_95pct"	"chr5"	122296386	"-"	"chr5-122296386"
"Polyclonal_95pct"	"chr5"	122966912	"-"	"chr5-122966912"
"Polyclonal_95pct"	"chr5"	123101724	"-"	"chr5-123101724"
"Polyclonal_95pct"	"chr5"	123521942	"-"	"chr5-123521942"
"Polyclonal_95pct"	"chr5"	123763522	"-"	"chr5-123763522"
"Polyclonal_95pct"	"chr5"	124271561	"-"	"chr5-124271561"
"Polyclonal_95pct"	"chr5"	126005667	"-"	"chr5-126005667"
"Polyclonal_95pct"	"chr5"	126146475	"-"	"chr5-126146475"
"Polyclonal_95pct"	"chr5"	127079768	"-"	"chr5-127079768"
"Polyclonal_95pct"	"chr5"	127341018	"-"	"chr5-127341018"
"Polyclonal_95pct"	"chr5"	127348170	"-"	"chr5-127348170"
"Polyclonal_95pct"	"chr5"	127741974	"-"	"chr5-127741974"
"Polyclonal_95pct"	"chr5"	129671786	"-"	"chr5-129671786"
"Polyclonal_95pct"	"chr5"	131570335	"-"	"chr5-131570335"
"Polyclonal_95pct"	"chr5"	132606855	"-"	"chr5-132606855"
"Polyclonal_95pct"	"chr5"	132888047	"-"	"chr5-132888047"
"Polyclonal_95pct"	"chr5"	132914904	"-"	"chr5-132914904"
"Polyclonal_95pct"	"chr5"	134156584	"-"	"chr5-134156584"
"Polyclonal_95pct"	"chr5"	134642042	"-"	"chr5-134642042"
"Polyclonal_95pct"	"chr5"	134675711	"-"	"chr5-134675711"
"Polyclonal_95pct"	"chr5"	134678635	"-"	"chr5-134678635"
"Polyclonal_95pct"	"chr5"	137995600	"-"	"chr5-137995600"
"Polyclonal_95pct"	"chr5"	139021481	"-"	"chr5-139021481"
"Polyclonal_95pct"	"chr5"	139603875	"-"	"chr5-139603875"
"Polyclonal_95pct"	"chr5"	140096115	"-"	"chr5-140096115"
"Polyclonal_95pct"	"chr5"	140490072	"-"	"chr5-140490072"
"Polyclonal_95pct"	"chr5"	140580910	"-"	"chr5-140580910"
"Polyclonal_95pct"	"chr5"	140627287	"-"	"chr5-140627287"
"Polyclonal_95pct"	"chr5"	141620403	"-"	"chr5-141620403"
"Polyclonal_95pct"	"chr5"	143240354	"-"	"chr5-143240354"
"Polyclonal_95pct"	"chr5"	143290332	"-"	"chr5-143290332"
"Polyclonal_95pct"	"chr5"	144108555	"-"	"chr5-144108555"
"Polyclonal_95pct"	"chr5"	144670376	"-"	"chr5-144670376"
"Polyclonal_95pct"	"chr5"	146122128	"-"	"chr5-146122128"
"Polyclonal_95pct"	"chr5"	149523655	"-"	"chr5-149523655"
"Polyclonal_95pct"	"chr5"	153149358	"-"	"chr5-153149358"
"Polyclonal_95pct"	"chr5"	153622143	"-"	"chr5-153622143"
"Polyclonal_95pct"	"chr5"	153852468	"-"	"chr5-153852468"
"Polyclonal_95pct"	"chr5"	154904790	"-"	"chr5-154904790"
"Polyclonal_95pct"	"chr5"	155144978	"-"	"chr5-155144978"
"Polyclonal_95pct"	"chr5"	155190486	"-"	"chr5-155190486"
"Polyclonal_95pct"	"chr5"	157432628	"-"	"chr5-157432628"
"Polyclonal_95pct"	"chr5"	157764945	"-"	"chr5-157764945"
"Polyclonal_95pct"	"chr5"	159283193	"-"	"chr5-159283193"
"Polyclonal_95pct"	"chr5"	160838601	"-"	"chr5-160838601"
"Polyclonal_95pct"	"chr5"	161884996	"-"	"chr5-161884996"
"Polyclonal_95pct"	"chr5"	162095969	"-"	"chr5-162095969"
"Polyclonal_95pct"	"chr5"	162132224	"-"	"chr5-162132224"
"Polyclonal_95pct"	"chr5"	163972626	"-"	"chr5-163972626"
"Polyclonal_95pct"	"chr5"	164651180	"-"	"chr5-164651180"
"Polyclonal_95pct"	"chr5"	164662244	"-"	"chr5-164662244"
"Polyclonal_95pct"	"chr5"	165257080	"-"	"chr5-165257080"
"Polyclonal_95pct"	"chr5"	166152589	"-"	"chr5-166152589"
"Polyclonal_95pct"	"chr5"	167088771	"-"	"chr5-167088771"
"Polyclonal_95pct"	"chr5"	167405556	"-"	"chr5-167405556"
"Polyclonal_95pct"	"chr5"	171134285	"-"	"chr5-171134285"
"Polyclonal_95pct"	"chr5"	172836078	"-"	"chr5-172836078"
"Polyclonal_95pct"	"chr5"	172984470	"-"	"chr5-172984470"
"Polyclonal_95pct"	"chr5"	176139126	"-"	"chr5-176139126"
"Polyclonal_95pct"	"chr5"	176159633	"-"	"chr5-176159633"
"Polyclonal_95pct"	"chr5"	176168136	"-"	"chr5-176168136"
"Polyclonal_95pct"	"chr5"	177143775	"-"	"chr5-177143775"
"Polyclonal_95pct"	"chr5"	177245159	"-"	"chr5-177245159"
"Polyclonal_95pct"	"chr5"	180827186	"-"	"chr5-180827186"
"Polyclonal_95pct"	"chr6"	72164	"+"	"chr6+72164"
"Polyclonal_95pct"	"chr6"	4700974	"+"	"chr6+4700974"
"Polyclonal_95pct"	"chr6"	4922871	"+"	"chr6+4922871"
"Polyclonal_95pct"	"chr6"	6394128	"+"	"chr6+6394128"
"Polyclonal_95pct"	"chr6"	9694009	"+"	"chr6+9694009"
"Polyclonal_95pct"	"chr6"	11732722	"+"	"chr6+11732722"
"Polyclonal_95pct"	"chr6"	12187130	"+"	"chr6+12187130"
"Polyclonal_95pct"	"chr6"	13609922	"+"	"chr6+13609922"
"Polyclonal_95pct"	"chr6"	14989304	"+"	"chr6+14989304"
"Polyclonal_95pct"	"chr6"	15543499	"+"	"chr6+15543499"
"Polyclonal_95pct"	"chr6"	22253469	"+"	"chr6+22253469"
"Polyclonal_95pct"	"chr6"	22457916	"+"	"chr6+22457916"
"Polyclonal_95pct"	"chr6"	24616919	"+"	"chr6+24616919"
"Polyclonal_95pct"	"chr6"	25524309	"+"	"chr6+25524309"
"Polyclonal_95pct"	"chr6"	26114586	"+"	"chr6+26114586"
"Polyclonal_95pct"	"chr6"	26920099	"+"	"chr6+26920099"
"Polyclonal_95pct"	"chr6"	28418773	"+"	"chr6+28418773"
"Polyclonal_95pct"	"chr6"	33625384	"+"	"chr6+33625384"
"Polyclonal_95pct"	"chr6"	34326479	"+"	"chr6+34326479"
"Polyclonal_95pct"	"chr6"	34483623	"+"	"chr6+34483623"
"Polyclonal_95pct"	"chr6"	34643567	"+"	"chr6+34643567"
"Polyclonal_95pct"	"chr6"	34815527	"+"	"chr6+34815527"
"Polyclonal_95pct"	"chr6"	34816417	"+"	"chr6+34816417"
"Polyclonal_95pct"	"chr6"	34993217	"+"	"chr6+34993217"
"Polyclonal_95pct"	"chr6"	35158417	"+"	"chr6+35158417"
"Polyclonal_95pct"	"chr6"	35635017	"+"	"chr6+35635017"
"Polyclonal_95pct"	"chr6"	35685370	"+"	"chr6+35685370"
"Polyclonal_95pct"	"chr6"	35936582	"+"	"chr6+35936582"
"Polyclonal_95pct"	"chr6"	35977560	"+"	"chr6+35977560"
"Polyclonal_95pct"	"chr6"	36537039	"+"	"chr6+36537039"
"Polyclonal_95pct"	"chr6"	37078259	"+"	"chr6+37078259"
"Polyclonal_95pct"	"chr6"	37479021	"+"	"chr6+37479021"
"Polyclonal_95pct"	"chr6"	42414969	"+"	"chr6+42414969"
"Polyclonal_95pct"	"chr6"	42478038	"+"	"chr6+42478038"
"Polyclonal_95pct"	"chr6"	42606186	"+"	"chr6+42606186"
"Polyclonal_95pct"	"chr6"	42624105	"+"	"chr6+42624105"
"Polyclonal_95pct"	"chr6"	43042401	"+"	"chr6+43042401"
"Polyclonal_95pct"	"chr6"	43374034	"+"	"chr6+43374034"
"Polyclonal_95pct"	"chr6"	43374907	"+"	"chr6+43374907"
"Polyclonal_95pct"	"chr6"	43565804	"+"	"chr6+43565804"
"Polyclonal_95pct"	"chr6"	43572080	"+"	"chr6+43572080"
"Polyclonal_95pct"	"chr6"	43596748	"+"	"chr6+43596748"
"Polyclonal_95pct"	"chr6"	44996214	"+"	"chr6+44996214"
"Polyclonal_95pct"	"chr6"	45524229	"+"	"chr6+45524229"
"Polyclonal_95pct"	"chr6"	48352352	"+"	"chr6+48352352"
"Polyclonal_95pct"	"chr6"	48725041	"+"	"chr6+48725041"
"Polyclonal_95pct"	"chr6"	48971963	"+"	"chr6+48971963"
"Polyclonal_95pct"	"chr6"	50058410	"+"	"chr6+50058410"
"Polyclonal_95pct"	"chr6"	50172792	"+"	"chr6+50172792"
"Polyclonal_95pct"	"chr6"	50991293	"+"	"chr6+50991293"
"Polyclonal_95pct"	"chr6"	51388907	"+"	"chr6+51388907"
"Polyclonal_95pct"	"chr6"	51428770	"+"	"chr6+51428770"
"Polyclonal_95pct"	"chr6"	53079733	"+"	"chr6+53079733"
"Polyclonal_95pct"	"chr6"	54473278	"+"	"chr6+54473278"
"Polyclonal_95pct"	"chr6"	55444262	"+"	"chr6+55444262"
"Polyclonal_95pct"	"chr6"	55566466	"+"	"chr6+55566466"
"Polyclonal_95pct"	"chr6"	56062145	"+"	"chr6+56062145"
"Polyclonal_95pct"	"chr6"	56063159	"+"	"chr6+56063159"
"Polyclonal_95pct"	"chr6"	56985100	"+"	"chr6+56985100"
"Polyclonal_95pct"	"chr6"	57005167	"+"	"chr6+57005167"
"Polyclonal_95pct"	"chr6"	58062805	"+"	"chr6+58062805"
"Polyclonal_95pct"	"chr6"	61727099	"+"	"chr6+61727099"
"Polyclonal_95pct"	"chr6"	62199443	"+"	"chr6+62199443"
"Polyclonal_95pct"	"chr6"	62471126	"+"	"chr6+62471126"
"Polyclonal_95pct"	"chr6"	62718633	"+"	"chr6+62718633"
"Polyclonal_95pct"	"chr6"	64062859	"+"	"chr6+64062859"
"Polyclonal_95pct"	"chr6"	64102558	"+"	"chr6+64102558"
"Polyclonal_95pct"	"chr6"	64654572	"+"	"chr6+64654572"
"Polyclonal_95pct"	"chr6"	64958178	"+"	"chr6+64958178"
"Polyclonal_95pct"	"chr6"	65702019	"+"	"chr6+65702019"
"Polyclonal_95pct"	"chr6"	67044986	"+"	"chr6+67044986"
"Polyclonal_95pct"	"chr6"	67083256	"+"	"chr6+67083256"
"Polyclonal_95pct"	"chr6"	67373639	"+"	"chr6+67373639"
"Polyclonal_95pct"	"chr6"	68644789	"+"	"chr6+68644789"
"Polyclonal_95pct"	"chr6"	68923348	"+"	"chr6+68923348"
"Polyclonal_95pct"	"chr6"	69753553	"+"	"chr6+69753553"
"Polyclonal_95pct"	"chr6"	69930855	"+"	"chr6+69930855"
"Polyclonal_95pct"	"chr6"	70490931	"+"	"chr6+70490931"
"Polyclonal_95pct"	"chr6"	71373149	"+"	"chr6+71373149"
"Polyclonal_95pct"	"chr6"	71608167	"+"	"chr6+71608167"
"Polyclonal_95pct"	"chr6"	72257401	"+"	"chr6+72257401"
"Polyclonal_95pct"	"chr6"	72304878	"+"	"chr6+72304878"
"Polyclonal_95pct"	"chr6"	72934908	"+"	"chr6+72934908"
"Polyclonal_95pct"	"chr6"	73069811	"+"	"chr6+73069811"
"Polyclonal_95pct"	"chr6"	73425080	"+"	"chr6+73425080"
"Polyclonal_95pct"	"chr6"	73444455	"+"	"chr6+73444455"
"Polyclonal_95pct"	"chr6"	73606530	"+"	"chr6+73606530"
"Polyclonal_95pct"	"chr6"	73931941	"+"	"chr6+73931941"
"Polyclonal_95pct"	"chr6"	74067903	"+"	"chr6+74067903"
"Polyclonal_95pct"	"chr6"	74380367	"+"	"chr6+74380367"
"Polyclonal_95pct"	"chr6"	74778039	"+"	"chr6+74778039"
"Polyclonal_95pct"	"chr6"	75153337	"+"	"chr6+75153337"
"Polyclonal_95pct"	"chr6"	75437917	"+"	"chr6+75437917"
"Polyclonal_95pct"	"chr6"	76286119	"+"	"chr6+76286119"
"Polyclonal_95pct"	"chr6"	77144960	"+"	"chr6+77144960"
"Polyclonal_95pct"	"chr6"	77637314	"+"	"chr6+77637314"
"Polyclonal_95pct"	"chr6"	78109395	"+"	"chr6+78109395"
"Polyclonal_95pct"	"chr6"	78361486	"+"	"chr6+78361486"
"Polyclonal_95pct"	"chr6"	79072213	"+"	"chr6+79072213"
"Polyclonal_95pct"	"chr6"	82749886	"+"	"chr6+82749886"
"Polyclonal_95pct"	"chr6"	82777404	"+"	"chr6+82777404"
"Polyclonal_95pct"	"chr6"	83101436	"+"	"chr6+83101436"
"Polyclonal_95pct"	"chr6"	83112979	"+"	"chr6+83112979"
"Polyclonal_95pct"	"chr6"	84331156	"+"	"chr6+84331156"
"Polyclonal_95pct"	"chr6"	84954137	"+"	"chr6+84954137"
"Polyclonal_95pct"	"chr6"	85846315	"+"	"chr6+85846315"
"Polyclonal_95pct"	"chr6"	85847923	"+"	"chr6+85847923"
"Polyclonal_95pct"	"chr6"	86106021	"+"	"chr6+86106021"
"Polyclonal_95pct"	"chr6"	88397754	"+"	"chr6+88397754"
"Polyclonal_95pct"	"chr6"	89654772	"+"	"chr6+89654772"
"Polyclonal_95pct"	"chr6"	90318679	"+"	"chr6+90318679"
"Polyclonal_95pct"	"chr6"	92242913	"+"	"chr6+92242913"
"Polyclonal_95pct"	"chr6"	92910842	"+"	"chr6+92910842"
"Polyclonal_95pct"	"chr6"	93550246	"+"	"chr6+93550246"
"Polyclonal_95pct"	"chr6"	93860265	"+"	"chr6+93860265"
"Polyclonal_95pct"	"chr6"	94004166	"+"	"chr6+94004166"
"Polyclonal_95pct"	"chr6"	94055298	"+"	"chr6+94055298"
"Polyclonal_95pct"	"chr6"	94634391	"+"	"chr6+94634391"
"Polyclonal_95pct"	"chr6"	94683631	"+"	"chr6+94683631"
"Polyclonal_95pct"	"chr6"	95207339	"+"	"chr6+95207339"
"Polyclonal_95pct"	"chr6"	95493660	"+"	"chr6+95493660"
"Polyclonal_95pct"	"chr6"	96320354	"+"	"chr6+96320354"
"Polyclonal_95pct"	"chr6"	96540852	"+"	"chr6+96540852"
"Polyclonal_95pct"	"chr6"	96631781	"+"	"chr6+96631781"
"Polyclonal_95pct"	"chr6"	96756726	"+"	"chr6+96756726"
"Polyclonal_95pct"	"chr6"	97037848	"+"	"chr6+97037848"
"Polyclonal_95pct"	"chr6"	97211303	"+"	"chr6+97211303"
"Polyclonal_95pct"	"chr6"	97280142	"+"	"chr6+97280142"
"Polyclonal_95pct"	"chr6"	97483230	"+"	"chr6+97483230"
"Polyclonal_95pct"	"chr6"	97631934	"+"	"chr6+97631934"
"Polyclonal_95pct"	"chr6"	97985481	"+"	"chr6+97985481"
"Polyclonal_95pct"	"chr6"	98186459	"+"	"chr6+98186459"
"Polyclonal_95pct"	"chr6"	98414794	"+"	"chr6+98414794"
"Polyclonal_95pct"	"chr6"	100867897	"+"	"chr6+100867897"
"Polyclonal_95pct"	"chr6"	102038862	"+"	"chr6+102038862"
"Polyclonal_95pct"	"chr6"	102508355	"+"	"chr6+102508355"
"Polyclonal_95pct"	"chr6"	102732057	"+"	"chr6+102732057"
"Polyclonal_95pct"	"chr6"	103109666	"+"	"chr6+103109666"
"Polyclonal_95pct"	"chr6"	103333798	"+"	"chr6+103333798"
"Polyclonal_95pct"	"chr6"	103552364	"+"	"chr6+103552364"
"Polyclonal_95pct"	"chr6"	104631575	"+"	"chr6+104631575"
"Polyclonal_95pct"	"chr6"	106214600	"+"	"chr6+106214600"
"Polyclonal_95pct"	"chr6"	106238396	"+"	"chr6+106238396"
"Polyclonal_95pct"	"chr6"	108365145	"+"	"chr6+108365145"
"Polyclonal_95pct"	"chr6"	109021758	"+"	"chr6+109021758"
"Polyclonal_95pct"	"chr6"	112178080	"+"	"chr6+112178080"
"Polyclonal_95pct"	"chr6"	112487398	"+"	"chr6+112487398"
"Polyclonal_95pct"	"chr6"	112515631	"+"	"chr6+112515631"
"Polyclonal_95pct"	"chr6"	112737072	"+"	"chr6+112737072"
"Polyclonal_95pct"	"chr6"	113316938	"+"	"chr6+113316938"
"Polyclonal_95pct"	"chr6"	113344928	"+"	"chr6+113344928"
"Polyclonal_95pct"	"chr6"	113675470	"+"	"chr6+113675470"
"Polyclonal_95pct"	"chr6"	114345221	"+"	"chr6+114345221"
"Polyclonal_95pct"	"chr6"	114401052	"+"	"chr6+114401052"
"Polyclonal_95pct"	"chr6"	114553945	"+"	"chr6+114553945"
"Polyclonal_95pct"	"chr6"	116479415	"+"	"chr6+116479415"
"Polyclonal_95pct"	"chr6"	116482048	"+"	"chr6+116482048"
"Polyclonal_95pct"	"chr6"	116600802	"+"	"chr6+116600802"
"Polyclonal_95pct"	"chr6"	116624478	"+"	"chr6+116624478"
"Polyclonal_95pct"	"chr6"	117788226	"+"	"chr6+117788226"
"Polyclonal_95pct"	"chr6"	117889185	"+"	"chr6+117889185"
"Polyclonal_95pct"	"chr6"	119335276	"+"	"chr6+119335276"
"Polyclonal_95pct"	"chr6"	120347229	"+"	"chr6+120347229"
"Polyclonal_95pct"	"chr6"	120796960	"+"	"chr6+120796960"
"Polyclonal_95pct"	"chr6"	121120824	"+"	"chr6+121120824"
"Polyclonal_95pct"	"chr6"	122112337	"+"	"chr6+122112337"
"Polyclonal_95pct"	"chr6"	122230150	"+"	"chr6+122230150"
"Polyclonal_95pct"	"chr6"	122262546	"+"	"chr6+122262546"
"Polyclonal_95pct"	"chr6"	123357792	"+"	"chr6+123357792"
"Polyclonal_95pct"	"chr6"	123422196	"+"	"chr6+123422196"
"Polyclonal_95pct"	"chr6"	123896957	"+"	"chr6+123896957"
"Polyclonal_95pct"	"chr6"	123899369	"+"	"chr6+123899369"
"Polyclonal_95pct"	"chr6"	124480621	"+"	"chr6+124480621"
"Polyclonal_95pct"	"chr6"	124837358	"+"	"chr6+124837358"
"Polyclonal_95pct"	"chr6"	124944867	"+"	"chr6+124944867"
"Polyclonal_95pct"	"chr6"	125018414	"+"	"chr6+125018414"
"Polyclonal_95pct"	"chr6"	126026204	"+"	"chr6+126026204"
"Polyclonal_95pct"	"chr6"	126026411	"+"	"chr6+126026411"
"Polyclonal_95pct"	"chr6"	126026501	"+"	"chr6+126026501"
"Polyclonal_95pct"	"chr6"	126026571	"+"	"chr6+126026571"
"Polyclonal_95pct"	"chr6"	126026617	"+"	"chr6+126026617"
"Polyclonal_95pct"	"chr6"	126026631	"+"	"chr6+126026631"
"Polyclonal_95pct"	"chr6"	126151198	"+"	"chr6+126151198"
"Polyclonal_95pct"	"chr6"	126540648	"+"	"chr6+126540648"
"Polyclonal_95pct"	"chr6"	126634588	"+"	"chr6+126634588"
"Polyclonal_95pct"	"chr6"	127280507	"+"	"chr6+127280507"
"Polyclonal_95pct"	"chr6"	128728254	"+"	"chr6+128728254"
"Polyclonal_95pct"	"chr6"	129043951	"+"	"chr6+129043951"
"Polyclonal_95pct"	"chr6"	130141632	"+"	"chr6+130141632"
"Polyclonal_95pct"	"chr6"	131496053	"+"	"chr6+131496053"
"Polyclonal_95pct"	"chr6"	131977736	"+"	"chr6+131977736"
"Polyclonal_95pct"	"chr6"	132104956	"+"	"chr6+132104956"
"Polyclonal_95pct"	"chr6"	132472871	"+"	"chr6+132472871"
"Polyclonal_95pct"	"chr6"	134981974	"+"	"chr6+134981974"
"Polyclonal_95pct"	"chr6"	135360577	"+"	"chr6+135360577"
"Polyclonal_95pct"	"chr6"	135683437	"+"	"chr6+135683437"
"Polyclonal_95pct"	"chr6"	136042498	"+"	"chr6+136042498"
"Polyclonal_95pct"	"chr6"	137992737	"+"	"chr6+137992737"
"Polyclonal_95pct"	"chr6"	139017271	"+"	"chr6+139017271"
"Polyclonal_95pct"	"chr6"	139116901	"+"	"chr6+139116901"
"Polyclonal_95pct"	"chr6"	139668597	"+"	"chr6+139668597"
"Polyclonal_95pct"	"chr6"	139714294	"+"	"chr6+139714294"
"Polyclonal_95pct"	"chr6"	139715657	"+"	"chr6+139715657"
"Polyclonal_95pct"	"chr6"	140425064	"+"	"chr6+140425064"
"Polyclonal_95pct"	"chr6"	140619173	"+"	"chr6+140619173"
"Polyclonal_95pct"	"chr6"	140929691	"+"	"chr6+140929691"
"Polyclonal_95pct"	"chr6"	141228210	"+"	"chr6+141228210"
"Polyclonal_95pct"	"chr6"	141249967	"+"	"chr6+141249967"
"Polyclonal_95pct"	"chr6"	141268797	"+"	"chr6+141268797"
"Polyclonal_95pct"	"chr6"	141717340	"+"	"chr6+141717340"
"Polyclonal_95pct"	"chr6"	141883863	"+"	"chr6+141883863"
"Polyclonal_95pct"	"chr6"	142211028	"+"	"chr6+142211028"
"Polyclonal_95pct"	"chr6"	142904360	"+"	"chr6+142904360"
"Polyclonal_95pct"	"chr6"	142923460	"+"	"chr6+142923460"
"Polyclonal_95pct"	"chr6"	144417082	"+"	"chr6+144417082"
"Polyclonal_95pct"	"chr6"	144729750	"+"	"chr6+144729750"
"Polyclonal_95pct"	"chr6"	145258451	"+"	"chr6+145258451"
"Polyclonal_95pct"	"chr6"	145873457	"+"	"chr6+145873457"
"Polyclonal_95pct"	"chr6"	147061038	"+"	"chr6+147061038"
"Polyclonal_95pct"	"chr6"	147361318	"+"	"chr6+147361318"
"Polyclonal_95pct"	"chr6"	149408433	"+"	"chr6+149408433"
"Polyclonal_95pct"	"chr6"	149630560	"+"	"chr6+149630560"
"Polyclonal_95pct"	"chr6"	149631325	"+"	"chr6+149631325"
"Polyclonal_95pct"	"chr6"	149631331	"+"	"chr6+149631331"
"Polyclonal_95pct"	"chr6"	152359082	"+"	"chr6+152359082"
"Polyclonal_95pct"	"chr6"	152485030	"+"	"chr6+152485030"
"Polyclonal_95pct"	"chr6"	155474345	"+"	"chr6+155474345"
"Polyclonal_95pct"	"chr6"	156366364	"+"	"chr6+156366364"
"Polyclonal_95pct"	"chr6"	157095736	"+"	"chr6+157095736"
"Polyclonal_95pct"	"chr6"	158296397	"+"	"chr6+158296397"
"Polyclonal_95pct"	"chr6"	159752051	"+"	"chr6+159752051"
"Polyclonal_95pct"	"chr6"	161091645	"+"	"chr6+161091645"
"Polyclonal_95pct"	"chr6"	162264178	"+"	"chr6+162264178"
"Polyclonal_95pct"	"chr6"	162833188	"+"	"chr6+162833188"
"Polyclonal_95pct"	"chr6"	163083203	"+"	"chr6+163083203"
"Polyclonal_95pct"	"chr6"	164427022	"+"	"chr6+164427022"
"Polyclonal_95pct"	"chr6"	164629255	"+"	"chr6+164629255"
"Polyclonal_95pct"	"chr6"	169425840	"+"	"chr6+169425840"
"Polyclonal_95pct"	"chr6"	529038	"-"	"chr6-529038"
"Polyclonal_95pct"	"chr6"	2879025	"-"	"chr6-2879025"
"Polyclonal_95pct"	"chr6"	2879618	"-"	"chr6-2879618"
"Polyclonal_95pct"	"chr6"	4005183	"-"	"chr6-4005183"
"Polyclonal_95pct"	"chr6"	6185798	"-"	"chr6-6185798"
"Polyclonal_95pct"	"chr6"	6756277	"-"	"chr6-6756277"
"Polyclonal_95pct"	"chr6"	7059696	"-"	"chr6-7059696"
"Polyclonal_95pct"	"chr6"	7718896	"-"	"chr6-7718896"
"Polyclonal_95pct"	"chr6"	8343432	"-"	"chr6-8343432"
"Polyclonal_95pct"	"chr6"	8487037	"-"	"chr6-8487037"
"Polyclonal_95pct"	"chr6"	9052627	"-"	"chr6-9052627"
"Polyclonal_95pct"	"chr6"	9502664	"-"	"chr6-9502664"
"Polyclonal_95pct"	"chr6"	10854473	"-"	"chr6-10854473"
"Polyclonal_95pct"	"chr6"	11865966	"-"	"chr6-11865966"
"Polyclonal_95pct"	"chr6"	12056731	"-"	"chr6-12056731"
"Polyclonal_95pct"	"chr6"	12096392	"-"	"chr6-12096392"
"Polyclonal_95pct"	"chr6"	13971917	"-"	"chr6-13971917"
"Polyclonal_95pct"	"chr6"	16624290	"-"	"chr6-16624290"
"Polyclonal_95pct"	"chr6"	16957286	"-"	"chr6-16957286"
"Polyclonal_95pct"	"chr6"	17901457	"-"	"chr6-17901457"
"Polyclonal_95pct"	"chr6"	18171316	"-"	"chr6-18171316"
"Polyclonal_95pct"	"chr6"	20664855	"-"	"chr6-20664855"
"Polyclonal_95pct"	"chr6"	22983137	"-"	"chr6-22983137"
"Polyclonal_95pct"	"chr6"	23425110	"-"	"chr6-23425110"
"Polyclonal_95pct"	"chr6"	23425083	"-"	"chr6-23425083"
"Polyclonal_95pct"	"chr6"	25535751	"-"	"chr6-25535751"
"Polyclonal_95pct"	"chr6"	25648974	"-"	"chr6-25648974"
"Polyclonal_95pct"	"chr6"	27851888	"-"	"chr6-27851888"
"Polyclonal_95pct"	"chr6"	28041156	"-"	"chr6-28041156"
"Polyclonal_95pct"	"chr6"	30041524	"-"	"chr6-30041524"
"Polyclonal_95pct"	"chr6"	33511468	"-"	"chr6-33511468"
"Polyclonal_95pct"	"chr6"	34363800	"-"	"chr6-34363800"
"Polyclonal_95pct"	"chr6"	34897849	"-"	"chr6-34897849"
"Polyclonal_95pct"	"chr6"	35022863	"-"	"chr6-35022863"
"Polyclonal_95pct"	"chr6"	35632056	"-"	"chr6-35632056"
"Polyclonal_95pct"	"chr6"	35666001	"-"	"chr6-35666001"
"Polyclonal_95pct"	"chr6"	35670558	"-"	"chr6-35670558"
"Polyclonal_95pct"	"chr6"	35881575	"-"	"chr6-35881575"
"Polyclonal_95pct"	"chr6"	36169344	"-"	"chr6-36169344"
"Polyclonal_95pct"	"chr6"	38417734	"-"	"chr6-38417734"
"Polyclonal_95pct"	"chr6"	42518484	"-"	"chr6-42518484"
"Polyclonal_95pct"	"chr6"	42586808	"-"	"chr6-42586808"
"Polyclonal_95pct"	"chr6"	42795065	"-"	"chr6-42795065"
"Polyclonal_95pct"	"chr6"	43101585	"-"	"chr6-43101585"
"Polyclonal_95pct"	"chr6"	43169917	"-"	"chr6-43169917"
"Polyclonal_95pct"	"chr6"	43599049	"-"	"chr6-43599049"
"Polyclonal_95pct"	"chr6"	44124815	"-"	"chr6-44124815"
"Polyclonal_95pct"	"chr6"	44925817	"-"	"chr6-44925817"
"Polyclonal_95pct"	"chr6"	45043439	"-"	"chr6-45043439"
"Polyclonal_95pct"	"chr6"	45383896	"-"	"chr6-45383896"
"Polyclonal_95pct"	"chr6"	48630018	"-"	"chr6-48630018"
"Polyclonal_95pct"	"chr6"	48672090	"-"	"chr6-48672090"
"Polyclonal_95pct"	"chr6"	49010752	"-"	"chr6-49010752"
"Polyclonal_95pct"	"chr6"	49774874	"-"	"chr6-49774874"
"Polyclonal_95pct"	"chr6"	49928261	"-"	"chr6-49928261"
"Polyclonal_95pct"	"chr6"	50284933	"-"	"chr6-50284933"
"Polyclonal_95pct"	"chr6"	50618849	"-"	"chr6-50618849"
"Polyclonal_95pct"	"chr6"	51976582	"-"	"chr6-51976582"
"Polyclonal_95pct"	"chr6"	52168791	"-"	"chr6-52168791"
"Polyclonal_95pct"	"chr6"	52192663	"-"	"chr6-52192663"
"Polyclonal_95pct"	"chr6"	52630179	"-"	"chr6-52630179"
"Polyclonal_95pct"	"chr6"	52811037	"-"	"chr6-52811037"
"Polyclonal_95pct"	"chr6"	54320823	"-"	"chr6-54320823"
"Polyclonal_95pct"	"chr6"	54454254	"-"	"chr6-54454254"
"Polyclonal_95pct"	"chr6"	54890126	"-"	"chr6-54890126"
"Polyclonal_95pct"	"chr6"	55835456	"-"	"chr6-55835456"
"Polyclonal_95pct"	"chr6"	55843406	"-"	"chr6-55843406"
"Polyclonal_95pct"	"chr6"	56123069	"-"	"chr6-56123069"
"Polyclonal_95pct"	"chr6"	56776955	"-"	"chr6-56776955"
"Polyclonal_95pct"	"chr6"	56985104	"-"	"chr6-56985104"
"Polyclonal_95pct"	"chr6"	57052815	"-"	"chr6-57052815"
"Polyclonal_95pct"	"chr6"	57947186	"-"	"chr6-57947186"
"Polyclonal_95pct"	"chr6"	58085878	"-"	"chr6-58085878"
"Polyclonal_95pct"	"chr6"	61584583	"-"	"chr6-61584583"
"Polyclonal_95pct"	"chr6"	62029342	"-"	"chr6-62029342"
"Polyclonal_95pct"	"chr6"	62129235	"-"	"chr6-62129235"
"Polyclonal_95pct"	"chr6"	62366855	"-"	"chr6-62366855"
"Polyclonal_95pct"	"chr6"	62459919	"-"	"chr6-62459919"
"Polyclonal_95pct"	"chr6"	62528857	"-"	"chr6-62528857"
"Polyclonal_95pct"	"chr6"	62679075	"-"	"chr6-62679075"
"Polyclonal_95pct"	"chr6"	62892082	"-"	"chr6-62892082"
"Polyclonal_95pct"	"chr6"	62974802	"-"	"chr6-62974802"
"Polyclonal_95pct"	"chr6"	63044111	"-"	"chr6-63044111"
"Polyclonal_95pct"	"chr6"	63640375	"-"	"chr6-63640375"
"Polyclonal_95pct"	"chr6"	63651960	"-"	"chr6-63651960"
"Polyclonal_95pct"	"chr6"	63665708	"-"	"chr6-63665708"
"Polyclonal_95pct"	"chr6"	64400281	"-"	"chr6-64400281"
"Polyclonal_95pct"	"chr6"	64674631	"-"	"chr6-64674631"
"Polyclonal_95pct"	"chr6"	64813031	"-"	"chr6-64813031"
"Polyclonal_95pct"	"chr6"	65261946	"-"	"chr6-65261946"
"Polyclonal_95pct"	"chr6"	66515264	"-"	"chr6-66515264"
"Polyclonal_95pct"	"chr6"	66956036	"-"	"chr6-66956036"
"Polyclonal_95pct"	"chr6"	67006877	"-"	"chr6-67006877"
"Polyclonal_95pct"	"chr6"	67129048	"-"	"chr6-67129048"
"Polyclonal_95pct"	"chr6"	67227194	"-"	"chr6-67227194"
"Polyclonal_95pct"	"chr6"	67388703	"-"	"chr6-67388703"
"Polyclonal_95pct"	"chr6"	67411528	"-"	"chr6-67411528"
"Polyclonal_95pct"	"chr6"	68893121	"-"	"chr6-68893121"
"Polyclonal_95pct"	"chr6"	69316448	"-"	"chr6-69316448"
"Polyclonal_95pct"	"chr6"	69635144	"-"	"chr6-69635144"
"Polyclonal_95pct"	"chr6"	69705101	"-"	"chr6-69705101"
"Polyclonal_95pct"	"chr6"	69752553	"-"	"chr6-69752553"
"Polyclonal_95pct"	"chr6"	69880450	"-"	"chr6-69880450"
"Polyclonal_95pct"	"chr6"	71210174	"-"	"chr6-71210174"
"Polyclonal_95pct"	"chr6"	71373153	"-"	"chr6-71373153"
"Polyclonal_95pct"	"chr6"	71541389	"-"	"chr6-71541389"
"Polyclonal_95pct"	"chr6"	71608171	"-"	"chr6-71608171"
"Polyclonal_95pct"	"chr6"	72875942	"-"	"chr6-72875942"
"Polyclonal_95pct"	"chr6"	73424668	"-"	"chr6-73424668"
"Polyclonal_95pct"	"chr6"	73689255	"-"	"chr6-73689255"
"Polyclonal_95pct"	"chr6"	74306297	"-"	"chr6-74306297"
"Polyclonal_95pct"	"chr6"	74667646	"-"	"chr6-74667646"
"Polyclonal_95pct"	"chr6"	74675178	"-"	"chr6-74675178"
"Polyclonal_95pct"	"chr6"	74855631	"-"	"chr6-74855631"
"Polyclonal_95pct"	"chr6"	75621716	"-"	"chr6-75621716"
"Polyclonal_95pct"	"chr6"	75844719	"-"	"chr6-75844719"
"Polyclonal_95pct"	"chr6"	76341980	"-"	"chr6-76341980"
"Polyclonal_95pct"	"chr6"	76396251	"-"	"chr6-76396251"
"Polyclonal_95pct"	"chr6"	76610825	"-"	"chr6-76610825"
"Polyclonal_95pct"	"chr6"	76970087	"-"	"chr6-76970087"
"Polyclonal_95pct"	"chr6"	77271770	"-"	"chr6-77271770"
"Polyclonal_95pct"	"chr6"	77446508	"-"	"chr6-77446508"
"Polyclonal_95pct"	"chr6"	77536537	"-"	"chr6-77536537"
"Polyclonal_95pct"	"chr6"	77637318	"-"	"chr6-77637318"
"Polyclonal_95pct"	"chr6"	77805285	"-"	"chr6-77805285"
"Polyclonal_95pct"	"chr6"	78361490	"-"	"chr6-78361490"
"Polyclonal_95pct"	"chr6"	79069651	"-"	"chr6-79069651"
"Polyclonal_95pct"	"chr6"	79521280	"-"	"chr6-79521280"
"Polyclonal_95pct"	"chr6"	80270490	"-"	"chr6-80270490"
"Polyclonal_95pct"	"chr6"	80931996	"-"	"chr6-80931996"
"Polyclonal_95pct"	"chr6"	80997959	"-"	"chr6-80997959"
"Polyclonal_95pct"	"chr6"	81693562	"-"	"chr6-81693562"
"Polyclonal_95pct"	"chr6"	82565931	"-"	"chr6-82565931"
"Polyclonal_95pct"	"chr6"	82983187	"-"	"chr6-82983187"
"Polyclonal_95pct"	"chr6"	83308165	"-"	"chr6-83308165"
"Polyclonal_95pct"	"chr6"	86147501	"-"	"chr6-86147501"
"Polyclonal_95pct"	"chr6"	88769612	"-"	"chr6-88769612"
"Polyclonal_95pct"	"chr6"	88769566	"-"	"chr6-88769566"
"Polyclonal_95pct"	"chr6"	88820265	"-"	"chr6-88820265"
"Polyclonal_95pct"	"chr6"	88924632	"-"	"chr6-88924632"
"Polyclonal_95pct"	"chr6"	90141145	"-"	"chr6-90141145"
"Polyclonal_95pct"	"chr6"	90551348	"-"	"chr6-90551348"
"Polyclonal_95pct"	"chr6"	90989959	"-"	"chr6-90989959"
"Polyclonal_95pct"	"chr6"	91252024	"-"	"chr6-91252024"
"Polyclonal_95pct"	"chr6"	91798715	"-"	"chr6-91798715"
"Polyclonal_95pct"	"chr6"	92476306	"-"	"chr6-92476306"
"Polyclonal_95pct"	"chr6"	93243851	"-"	"chr6-93243851"
"Polyclonal_95pct"	"chr6"	93289310	"-"	"chr6-93289310"
"Polyclonal_95pct"	"chr6"	93350423	"-"	"chr6-93350423"
"Polyclonal_95pct"	"chr6"	93741952	"-"	"chr6-93741952"
"Polyclonal_95pct"	"chr6"	94881885	"-"	"chr6-94881885"
"Polyclonal_95pct"	"chr6"	95181723	"-"	"chr6-95181723"
"Polyclonal_95pct"	"chr6"	95265597	"-"	"chr6-95265597"
"Polyclonal_95pct"	"chr6"	96034366	"-"	"chr6-96034366"
"Polyclonal_95pct"	"chr6"	96052905	"-"	"chr6-96052905"
"Polyclonal_95pct"	"chr6"	96563307	"-"	"chr6-96563307"
"Polyclonal_95pct"	"chr6"	97212149	"-"	"chr6-97212149"
"Polyclonal_95pct"	"chr6"	97635515	"-"	"chr6-97635515"
"Polyclonal_95pct"	"chr6"	97881669	"-"	"chr6-97881669"
"Polyclonal_95pct"	"chr6"	98227875	"-"	"chr6-98227875"
"Polyclonal_95pct"	"chr6"	98407893	"-"	"chr6-98407893"
"Polyclonal_95pct"	"chr6"	99400006	"-"	"chr6-99400006"
"Polyclonal_95pct"	"chr6"	99687208	"-"	"chr6-99687208"
"Polyclonal_95pct"	"chr6"	100242390	"-"	"chr6-100242390"
"Polyclonal_95pct"	"chr6"	100384884	"-"	"chr6-100384884"
"Polyclonal_95pct"	"chr6"	100384882	"-"	"chr6-100384882"
"Polyclonal_95pct"	"chr6"	100384880	"-"	"chr6-100384880"
"Polyclonal_95pct"	"chr6"	101558652	"-"	"chr6-101558652"
"Polyclonal_95pct"	"chr6"	102147240	"-"	"chr6-102147240"
"Polyclonal_95pct"	"chr6"	102709550	"-"	"chr6-102709550"
"Polyclonal_95pct"	"chr6"	103659911	"-"	"chr6-103659911"
"Polyclonal_95pct"	"chr6"	104114534	"-"	"chr6-104114534"
"Polyclonal_95pct"	"chr6"	104786448	"-"	"chr6-104786448"
"Polyclonal_95pct"	"chr6"	104890223	"-"	"chr6-104890223"
"Polyclonal_95pct"	"chr6"	105468123	"-"	"chr6-105468123"
"Polyclonal_95pct"	"chr6"	106185430	"-"	"chr6-106185430"
"Polyclonal_95pct"	"chr6"	106207362	"-"	"chr6-106207362"
"Polyclonal_95pct"	"chr6"	106215771	"-"	"chr6-106215771"
"Polyclonal_95pct"	"chr6"	106239515	"-"	"chr6-106239515"
"Polyclonal_95pct"	"chr6"	107875394	"-"	"chr6-107875394"
"Polyclonal_95pct"	"chr6"	107902759	"-"	"chr6-107902759"
"Polyclonal_95pct"	"chr6"	107951548	"-"	"chr6-107951548"
"Polyclonal_95pct"	"chr6"	109091318	"-"	"chr6-109091318"
"Polyclonal_95pct"	"chr6"	110210919	"-"	"chr6-110210919"
"Polyclonal_95pct"	"chr6"	111398527	"-"	"chr6-111398527"
"Polyclonal_95pct"	"chr6"	111453011	"-"	"chr6-111453011"
"Polyclonal_95pct"	"chr6"	112578598	"-"	"chr6-112578598"
"Polyclonal_95pct"	"chr6"	112851613	"-"	"chr6-112851613"
"Polyclonal_95pct"	"chr6"	112952129	"-"	"chr6-112952129"
"Polyclonal_95pct"	"chr6"	113125599	"-"	"chr6-113125599"
"Polyclonal_95pct"	"chr6"	113164368	"-"	"chr6-113164368"
"Polyclonal_95pct"	"chr6"	113243792	"-"	"chr6-113243792"
"Polyclonal_95pct"	"chr6"	113388884	"-"	"chr6-113388884"
"Polyclonal_95pct"	"chr6"	114002951	"-"	"chr6-114002951"
"Polyclonal_95pct"	"chr6"	114322668	"-"	"chr6-114322668"
"Polyclonal_95pct"	"chr6"	116139351	"-"	"chr6-116139351"
"Polyclonal_95pct"	"chr6"	116152753	"-"	"chr6-116152753"
"Polyclonal_95pct"	"chr6"	116431449	"-"	"chr6-116431449"
"Polyclonal_95pct"	"chr6"	116647951	"-"	"chr6-116647951"
"Polyclonal_95pct"	"chr6"	116725046	"-"	"chr6-116725046"
"Polyclonal_95pct"	"chr6"	117393648	"-"	"chr6-117393648"
"Polyclonal_95pct"	"chr6"	118714962	"-"	"chr6-118714962"
"Polyclonal_95pct"	"chr6"	119636935	"-"	"chr6-119636935"
"Polyclonal_95pct"	"chr6"	119912636	"-"	"chr6-119912636"
"Polyclonal_95pct"	"chr6"	120052285	"-"	"chr6-120052285"
"Polyclonal_95pct"	"chr6"	120074415	"-"	"chr6-120074415"
"Polyclonal_95pct"	"chr6"	120424197	"-"	"chr6-120424197"
"Polyclonal_95pct"	"chr6"	121120828	"-"	"chr6-121120828"
"Polyclonal_95pct"	"chr6"	121690435	"-"	"chr6-121690435"
"Polyclonal_95pct"	"chr6"	121814879	"-"	"chr6-121814879"
"Polyclonal_95pct"	"chr6"	122660341	"-"	"chr6-122660341"
"Polyclonal_95pct"	"chr6"	122986413	"-"	"chr6-122986413"
"Polyclonal_95pct"	"chr6"	123422200	"-"	"chr6-123422200"
"Polyclonal_95pct"	"chr6"	123885901	"-"	"chr6-123885901"
"Polyclonal_95pct"	"chr6"	123923729	"-"	"chr6-123923729"
"Polyclonal_95pct"	"chr6"	124463040	"-"	"chr6-124463040"
"Polyclonal_95pct"	"chr6"	124925649	"-"	"chr6-124925649"
"Polyclonal_95pct"	"chr6"	126802693	"-"	"chr6-126802693"
"Polyclonal_95pct"	"chr6"	127492128	"-"	"chr6-127492128"
"Polyclonal_95pct"	"chr6"	127574658	"-"	"chr6-127574658"
"Polyclonal_95pct"	"chr6"	129113932	"-"	"chr6-129113932"
"Polyclonal_95pct"	"chr6"	129289857	"-"	"chr6-129289857"
"Polyclonal_95pct"	"chr6"	129295168	"-"	"chr6-129295168"
"Polyclonal_95pct"	"chr6"	129943083	"-"	"chr6-129943083"
"Polyclonal_95pct"	"chr6"	130108507	"-"	"chr6-130108507"
"Polyclonal_95pct"	"chr6"	130587580	"-"	"chr6-130587580"
"Polyclonal_95pct"	"chr6"	130634133	"-"	"chr6-130634133"
"Polyclonal_95pct"	"chr6"	130870190	"-"	"chr6-130870190"
"Polyclonal_95pct"	"chr6"	130890587	"-"	"chr6-130890587"
"Polyclonal_95pct"	"chr6"	132153140	"-"	"chr6-132153140"
"Polyclonal_95pct"	"chr6"	132359022	"-"	"chr6-132359022"
"Polyclonal_95pct"	"chr6"	132546698	"-"	"chr6-132546698"
"Polyclonal_95pct"	"chr6"	132563959	"-"	"chr6-132563959"
"Polyclonal_95pct"	"chr6"	132839461	"-"	"chr6-132839461"
"Polyclonal_95pct"	"chr6"	133401992	"-"	"chr6-133401992"
"Polyclonal_95pct"	"chr6"	133713952	"-"	"chr6-133713952"
"Polyclonal_95pct"	"chr6"	133731781	"-"	"chr6-133731781"
"Polyclonal_95pct"	"chr6"	133960413	"-"	"chr6-133960413"
"Polyclonal_95pct"	"chr6"	134019605	"-"	"chr6-134019605"
"Polyclonal_95pct"	"chr6"	134403548	"-"	"chr6-134403548"
"Polyclonal_95pct"	"chr6"	135197148	"-"	"chr6-135197148"
"Polyclonal_95pct"	"chr6"	135389338	"-"	"chr6-135389338"
"Polyclonal_95pct"	"chr6"	137148743	"-"	"chr6-137148743"
"Polyclonal_95pct"	"chr6"	137934836	"-"	"chr6-137934836"
"Polyclonal_95pct"	"chr6"	137957732	"-"	"chr6-137957732"
"Polyclonal_95pct"	"chr6"	139225469	"-"	"chr6-139225469"
"Polyclonal_95pct"	"chr6"	140111885	"-"	"chr6-140111885"
"Polyclonal_95pct"	"chr6"	140154511	"-"	"chr6-140154511"
"Polyclonal_95pct"	"chr6"	140609096	"-"	"chr6-140609096"
"Polyclonal_95pct"	"chr6"	140939503	"-"	"chr6-140939503"
"Polyclonal_95pct"	"chr6"	141299422	"-"	"chr6-141299422"
"Polyclonal_95pct"	"chr6"	142718498	"-"	"chr6-142718498"
"Polyclonal_95pct"	"chr6"	144424350	"-"	"chr6-144424350"
"Polyclonal_95pct"	"chr6"	145406304	"-"	"chr6-145406304"
"Polyclonal_95pct"	"chr6"	146800474	"-"	"chr6-146800474"
"Polyclonal_95pct"	"chr6"	147217089	"-"	"chr6-147217089"
"Polyclonal_95pct"	"chr6"	147261103	"-"	"chr6-147261103"
"Polyclonal_95pct"	"chr6"	147291554	"-"	"chr6-147291554"
"Polyclonal_95pct"	"chr6"	147373014	"-"	"chr6-147373014"
"Polyclonal_95pct"	"chr6"	149371455	"-"	"chr6-149371455"
"Polyclonal_95pct"	"chr6"	151486223	"-"	"chr6-151486223"
"Polyclonal_95pct"	"chr6"	151907297	"-"	"chr6-151907297"
"Polyclonal_95pct"	"chr6"	153189943	"-"	"chr6-153189943"
"Polyclonal_95pct"	"chr6"	153522261	"-"	"chr6-153522261"
"Polyclonal_95pct"	"chr6"	153635066	"-"	"chr6-153635066"
"Polyclonal_95pct"	"chr6"	155722143	"-"	"chr6-155722143"
"Polyclonal_95pct"	"chr6"	155787093	"-"	"chr6-155787093"
"Polyclonal_95pct"	"chr6"	156209087	"-"	"chr6-156209087"
"Polyclonal_95pct"	"chr6"	158105473	"-"	"chr6-158105473"
"Polyclonal_95pct"	"chr6"	158259244	"-"	"chr6-158259244"
"Polyclonal_95pct"	"chr6"	159083266	"-"	"chr6-159083266"
"Polyclonal_95pct"	"chr6"	161101186	"-"	"chr6-161101186"
"Polyclonal_95pct"	"chr6"	161927711	"-"	"chr6-161927711"
"Polyclonal_95pct"	"chr6"	162166677	"-"	"chr6-162166677"
"Polyclonal_95pct"	"chr6"	163050374	"-"	"chr6-163050374"
"Polyclonal_95pct"	"chr6"	163457458	"-"	"chr6-163457458"
"Polyclonal_95pct"	"chr6"	165249169	"-"	"chr6-165249169"
"Polyclonal_95pct"	"chr6"	167051530	"-"	"chr6-167051530"
"Polyclonal_95pct"	"chr7"	2552865	"+"	"chr7+2552865"
"Polyclonal_95pct"	"chr7"	2753909	"+"	"chr7+2753909"
"Polyclonal_95pct"	"chr7"	3523528	"+"	"chr7+3523528"
"Polyclonal_95pct"	"chr7"	5640580	"+"	"chr7+5640580"
"Polyclonal_95pct"	"chr7"	5751068	"+"	"chr7+5751068"
"Polyclonal_95pct"	"chr7"	5752331	"+"	"chr7+5752331"
"Polyclonal_95pct"	"chr7"	6128505	"+"	"chr7+6128505"
"Polyclonal_95pct"	"chr7"	7710663	"+"	"chr7+7710663"
"Polyclonal_95pct"	"chr7"	7780771	"+"	"chr7+7780771"
"Polyclonal_95pct"	"chr7"	7787629	"+"	"chr7+7787629"
"Polyclonal_95pct"	"chr7"	7819301	"+"	"chr7+7819301"
"Polyclonal_95pct"	"chr7"	8031499	"+"	"chr7+8031499"
"Polyclonal_95pct"	"chr7"	8506574	"+"	"chr7+8506574"
"Polyclonal_95pct"	"chr7"	8999920	"+"	"chr7+8999920"
"Polyclonal_95pct"	"chr7"	9645720	"+"	"chr7+9645720"
"Polyclonal_95pct"	"chr7"	10042978	"+"	"chr7+10042978"
"Polyclonal_95pct"	"chr7"	10164103	"+"	"chr7+10164103"
"Polyclonal_95pct"	"chr7"	10170319	"+"	"chr7+10170319"
"Polyclonal_95pct"	"chr7"	10528512	"+"	"chr7+10528512"
"Polyclonal_95pct"	"chr7"	10773853	"+"	"chr7+10773853"
"Polyclonal_95pct"	"chr7"	10783449	"+"	"chr7+10783449"
"Polyclonal_95pct"	"chr7"	11040641	"+"	"chr7+11040641"
"Polyclonal_95pct"	"chr7"	11651559	"+"	"chr7+11651559"
"Polyclonal_95pct"	"chr7"	11935898	"+"	"chr7+11935898"
"Polyclonal_95pct"	"chr7"	12202259	"+"	"chr7+12202259"
"Polyclonal_95pct"	"chr7"	12357329	"+"	"chr7+12357329"
"Polyclonal_95pct"	"chr7"	13325913	"+"	"chr7+13325913"
"Polyclonal_95pct"	"chr7"	13504098	"+"	"chr7+13504098"
"Polyclonal_95pct"	"chr7"	13750328	"+"	"chr7+13750328"
"Polyclonal_95pct"	"chr7"	14669369	"+"	"chr7+14669369"
"Polyclonal_95pct"	"chr7"	16194402	"+"	"chr7+16194402"
"Polyclonal_95pct"	"chr7"	16312000	"+"	"chr7+16312000"
"Polyclonal_95pct"	"chr7"	16624701	"+"	"chr7+16624701"
"Polyclonal_95pct"	"chr7"	17323579	"+"	"chr7+17323579"
"Polyclonal_95pct"	"chr7"	17887697	"+"	"chr7+17887697"
"Polyclonal_95pct"	"chr7"	17892084	"+"	"chr7+17892084"
"Polyclonal_95pct"	"chr7"	18300023	"+"	"chr7+18300023"
"Polyclonal_95pct"	"chr7"	18609718	"+"	"chr7+18609718"
"Polyclonal_95pct"	"chr7"	18666163	"+"	"chr7+18666163"
"Polyclonal_95pct"	"chr7"	19380984	"+"	"chr7+19380984"
"Polyclonal_95pct"	"chr7"	19473338	"+"	"chr7+19473338"
"Polyclonal_95pct"	"chr7"	20105781	"+"	"chr7+20105781"
"Polyclonal_95pct"	"chr7"	20285139	"+"	"chr7+20285139"
"Polyclonal_95pct"	"chr7"	23093986	"+"	"chr7+23093986"
"Polyclonal_95pct"	"chr7"	23756878	"+"	"chr7+23756878"
"Polyclonal_95pct"	"chr7"	23771383	"+"	"chr7+23771383"
"Polyclonal_95pct"	"chr7"	24480013	"+"	"chr7+24480013"
"Polyclonal_95pct"	"chr7"	24651991	"+"	"chr7+24651991"
"Polyclonal_95pct"	"chr7"	27760711	"+"	"chr7+27760711"
"Polyclonal_95pct"	"chr7"	29718752	"+"	"chr7+29718752"
"Polyclonal_95pct"	"chr7"	31902864	"+"	"chr7+31902864"
"Polyclonal_95pct"	"chr7"	31910411	"+"	"chr7+31910411"
"Polyclonal_95pct"	"chr7"	32902632	"+"	"chr7+32902632"
"Polyclonal_95pct"	"chr7"	33486336	"+"	"chr7+33486336"
"Polyclonal_95pct"	"chr7"	34389397	"+"	"chr7+34389397"
"Polyclonal_95pct"	"chr7"	35177136	"+"	"chr7+35177136"
"Polyclonal_95pct"	"chr7"	35675647	"+"	"chr7+35675647"
"Polyclonal_95pct"	"chr7"	35959313	"+"	"chr7+35959313"
"Polyclonal_95pct"	"chr7"	36407053	"+"	"chr7+36407053"
"Polyclonal_95pct"	"chr7"	40024991	"+"	"chr7+40024991"
"Polyclonal_95pct"	"chr7"	40039931	"+"	"chr7+40039931"
"Polyclonal_95pct"	"chr7"	40761196	"+"	"chr7+40761196"
"Polyclonal_95pct"	"chr7"	41961002	"+"	"chr7+41961002"
"Polyclonal_95pct"	"chr7"	43097789	"+"	"chr7+43097789"
"Polyclonal_95pct"	"chr7"	43144360	"+"	"chr7+43144360"
"Polyclonal_95pct"	"chr7"	43934990	"+"	"chr7+43934990"
"Polyclonal_95pct"	"chr7"	44875333	"+"	"chr7+44875333"
"Polyclonal_95pct"	"chr7"	46093093	"+"	"chr7+46093093"
"Polyclonal_95pct"	"chr7"	46304979	"+"	"chr7+46304979"
"Polyclonal_95pct"	"chr7"	46686533	"+"	"chr7+46686533"
"Polyclonal_95pct"	"chr7"	47112330	"+"	"chr7+47112330"
"Polyclonal_95pct"	"chr7"	49045963	"+"	"chr7+49045963"
"Polyclonal_95pct"	"chr7"	49492230	"+"	"chr7+49492230"
"Polyclonal_95pct"	"chr7"	49529132	"+"	"chr7+49529132"
"Polyclonal_95pct"	"chr7"	49880421	"+"	"chr7+49880421"
"Polyclonal_95pct"	"chr7"	52533930	"+"	"chr7+52533930"
"Polyclonal_95pct"	"chr7"	52851347	"+"	"chr7+52851347"
"Polyclonal_95pct"	"chr7"	62414838	"+"	"chr7+62414838"
"Polyclonal_95pct"	"chr7"	64422920	"+"	"chr7+64422920"
"Polyclonal_95pct"	"chr7"	65514589	"+"	"chr7+65514589"
"Polyclonal_95pct"	"chr7"	66312176	"+"	"chr7+66312176"
"Polyclonal_95pct"	"chr7"	66927424	"+"	"chr7+66927424"
"Polyclonal_95pct"	"chr7"	72668926	"+"	"chr7+72668926"
"Polyclonal_95pct"	"chr7"	74715021	"+"	"chr7+74715021"
"Polyclonal_95pct"	"chr7"	74716788	"+"	"chr7+74716788"
"Polyclonal_95pct"	"chr7"	77179291	"+"	"chr7+77179291"
"Polyclonal_95pct"	"chr7"	77599631	"+"	"chr7+77599631"
"Polyclonal_95pct"	"chr7"	78430877	"+"	"chr7+78430877"
"Polyclonal_95pct"	"chr7"	78439591	"+"	"chr7+78439591"
"Polyclonal_95pct"	"chr7"	78565130	"+"	"chr7+78565130"
"Polyclonal_95pct"	"chr7"	78948285	"+"	"chr7+78948285"
"Polyclonal_95pct"	"chr7"	79005497	"+"	"chr7+79005497"
"Polyclonal_95pct"	"chr7"	79170481	"+"	"chr7+79170481"
"Polyclonal_95pct"	"chr7"	79334547	"+"	"chr7+79334547"
"Polyclonal_95pct"	"chr7"	79619757	"+"	"chr7+79619757"
"Polyclonal_95pct"	"chr7"	79802547	"+"	"chr7+79802547"
"Polyclonal_95pct"	"chr7"	80593358	"+"	"chr7+80593358"
"Polyclonal_95pct"	"chr7"	81187059	"+"	"chr7+81187059"
"Polyclonal_95pct"	"chr7"	81514348	"+"	"chr7+81514348"
"Polyclonal_95pct"	"chr7"	81662595	"+"	"chr7+81662595"
"Polyclonal_95pct"	"chr7"	81714559	"+"	"chr7+81714559"
"Polyclonal_95pct"	"chr7"	81948658	"+"	"chr7+81948658"
"Polyclonal_95pct"	"chr7"	81949368	"+"	"chr7+81949368"
"Polyclonal_95pct"	"chr7"	81961964	"+"	"chr7+81961964"
"Polyclonal_95pct"	"chr7"	82814575	"+"	"chr7+82814575"
"Polyclonal_95pct"	"chr7"	83396205	"+"	"chr7+83396205"
"Polyclonal_95pct"	"chr7"	83788110	"+"	"chr7+83788110"
"Polyclonal_95pct"	"chr7"	84060868	"+"	"chr7+84060868"
"Polyclonal_95pct"	"chr7"	84103598	"+"	"chr7+84103598"
"Polyclonal_95pct"	"chr7"	84226705	"+"	"chr7+84226705"
"Polyclonal_95pct"	"chr7"	84346327	"+"	"chr7+84346327"
"Polyclonal_95pct"	"chr7"	84646326	"+"	"chr7+84646326"
"Polyclonal_95pct"	"chr7"	84709144	"+"	"chr7+84709144"
"Polyclonal_95pct"	"chr7"	84839827	"+"	"chr7+84839827"
"Polyclonal_95pct"	"chr7"	85340867	"+"	"chr7+85340867"
"Polyclonal_95pct"	"chr7"	85401159	"+"	"chr7+85401159"
"Polyclonal_95pct"	"chr7"	85466494	"+"	"chr7+85466494"
"Polyclonal_95pct"	"chr7"	85503252	"+"	"chr7+85503252"
"Polyclonal_95pct"	"chr7"	85848528	"+"	"chr7+85848528"
"Polyclonal_95pct"	"chr7"	86294791	"+"	"chr7+86294791"
"Polyclonal_95pct"	"chr7"	86296012	"+"	"chr7+86296012"
"Polyclonal_95pct"	"chr7"	86518289	"+"	"chr7+86518289"
"Polyclonal_95pct"	"chr7"	86589125	"+"	"chr7+86589125"
"Polyclonal_95pct"	"chr7"	87000045	"+"	"chr7+87000045"
"Polyclonal_95pct"	"chr7"	87034544	"+"	"chr7+87034544"
"Polyclonal_95pct"	"chr7"	87091636	"+"	"chr7+87091636"
"Polyclonal_95pct"	"chr7"	87500700	"+"	"chr7+87500700"
"Polyclonal_95pct"	"chr7"	88028243	"+"	"chr7+88028243"
"Polyclonal_95pct"	"chr7"	88656292	"+"	"chr7+88656292"
"Polyclonal_95pct"	"chr7"	88668593	"+"	"chr7+88668593"
"Polyclonal_95pct"	"chr7"	88911188	"+"	"chr7+88911188"
"Polyclonal_95pct"	"chr7"	89187197	"+"	"chr7+89187197"
"Polyclonal_95pct"	"chr7"	89257620	"+"	"chr7+89257620"
"Polyclonal_95pct"	"chr7"	89643695	"+"	"chr7+89643695"
"Polyclonal_95pct"	"chr7"	90742438	"+"	"chr7+90742438"
"Polyclonal_95pct"	"chr7"	90877260	"+"	"chr7+90877260"
"Polyclonal_95pct"	"chr7"	90947278	"+"	"chr7+90947278"
"Polyclonal_95pct"	"chr7"	90975012	"+"	"chr7+90975012"
"Polyclonal_95pct"	"chr7"	92310589	"+"	"chr7+92310589"
"Polyclonal_95pct"	"chr7"	92949385	"+"	"chr7+92949385"
"Polyclonal_95pct"	"chr7"	93298287	"+"	"chr7+93298287"
"Polyclonal_95pct"	"chr7"	93987505	"+"	"chr7+93987505"
"Polyclonal_95pct"	"chr7"	94148828	"+"	"chr7+94148828"
"Polyclonal_95pct"	"chr7"	94637719	"+"	"chr7+94637719"
"Polyclonal_95pct"	"chr7"	95405746	"+"	"chr7+95405746"
"Polyclonal_95pct"	"chr7"	95845461	"+"	"chr7+95845461"
"Polyclonal_95pct"	"chr7"	98605268	"+"	"chr7+98605268"
"Polyclonal_95pct"	"chr7"	99083453	"+"	"chr7+99083453"
"Polyclonal_95pct"	"chr7"	99083660	"+"	"chr7+99083660"
"Polyclonal_95pct"	"chr7"	99713670	"+"	"chr7+99713670"
"Polyclonal_95pct"	"chr7"	100019601	"+"	"chr7+100019601"
"Polyclonal_95pct"	"chr7"	100378133	"+"	"chr7+100378133"
"Polyclonal_95pct"	"chr7"	100385913	"+"	"chr7+100385913"
"Polyclonal_95pct"	"chr7"	100623044	"+"	"chr7+100623044"
"Polyclonal_95pct"	"chr7"	100906608	"+"	"chr7+100906608"
"Polyclonal_95pct"	"chr7"	101030098	"+"	"chr7+101030098"
"Polyclonal_95pct"	"chr7"	101226204	"+"	"chr7+101226204"
"Polyclonal_95pct"	"chr7"	101226674	"+"	"chr7+101226674"
"Polyclonal_95pct"	"chr7"	101873213	"+"	"chr7+101873213"
"Polyclonal_95pct"	"chr7"	102374515	"+"	"chr7+102374515"
"Polyclonal_95pct"	"chr7"	104153291	"+"	"chr7+104153291"
"Polyclonal_95pct"	"chr7"	104992769	"+"	"chr7+104992769"
"Polyclonal_95pct"	"chr7"	105278200	"+"	"chr7+105278200"
"Polyclonal_95pct"	"chr7"	107753949	"+"	"chr7+107753949"
"Polyclonal_95pct"	"chr7"	108380463	"+"	"chr7+108380463"
"Polyclonal_95pct"	"chr7"	109895264	"+"	"chr7+109895264"
"Polyclonal_95pct"	"chr7"	110165882	"+"	"chr7+110165882"
"Polyclonal_95pct"	"chr7"	110388882	"+"	"chr7+110388882"
"Polyclonal_95pct"	"chr7"	110979065	"+"	"chr7+110979065"
"Polyclonal_95pct"	"chr7"	111131296	"+"	"chr7+111131296"
"Polyclonal_95pct"	"chr7"	111603977	"+"	"chr7+111603977"
"Polyclonal_95pct"	"chr7"	112214576	"+"	"chr7+112214576"
"Polyclonal_95pct"	"chr7"	112532329	"+"	"chr7+112532329"
"Polyclonal_95pct"	"chr7"	112579969	"+"	"chr7+112579969"
"Polyclonal_95pct"	"chr7"	112633817	"+"	"chr7+112633817"
"Polyclonal_95pct"	"chr7"	114363157	"+"	"chr7+114363157"
"Polyclonal_95pct"	"chr7"	115364279	"+"	"chr7+115364279"
"Polyclonal_95pct"	"chr7"	115473033	"+"	"chr7+115473033"
"Polyclonal_95pct"	"chr7"	115696752	"+"	"chr7+115696752"
"Polyclonal_95pct"	"chr7"	115960895	"+"	"chr7+115960895"
"Polyclonal_95pct"	"chr7"	116072429	"+"	"chr7+116072429"
"Polyclonal_95pct"	"chr7"	116085119	"+"	"chr7+116085119"
"Polyclonal_95pct"	"chr7"	116335573	"+"	"chr7+116335573"
"Polyclonal_95pct"	"chr7"	117006396	"+"	"chr7+117006396"
"Polyclonal_95pct"	"chr7"	117658203	"+"	"chr7+117658203"
"Polyclonal_95pct"	"chr7"	118293145	"+"	"chr7+118293145"
"Polyclonal_95pct"	"chr7"	118293663	"+"	"chr7+118293663"
"Polyclonal_95pct"	"chr7"	118646172	"+"	"chr7+118646172"
"Polyclonal_95pct"	"chr7"	118755793	"+"	"chr7+118755793"
"Polyclonal_95pct"	"chr7"	118848717	"+"	"chr7+118848717"
"Polyclonal_95pct"	"chr7"	118938895	"+"	"chr7+118938895"
"Polyclonal_95pct"	"chr7"	118966379	"+"	"chr7+118966379"
"Polyclonal_95pct"	"chr7"	119081440	"+"	"chr7+119081440"
"Polyclonal_95pct"	"chr7"	119251486	"+"	"chr7+119251486"
"Polyclonal_95pct"	"chr7"	119655877	"+"	"chr7+119655877"
"Polyclonal_95pct"	"chr7"	119674217	"+"	"chr7+119674217"
"Polyclonal_95pct"	"chr7"	119742294	"+"	"chr7+119742294"
"Polyclonal_95pct"	"chr7"	119993477	"+"	"chr7+119993477"
"Polyclonal_95pct"	"chr7"	120177445	"+"	"chr7+120177445"
"Polyclonal_95pct"	"chr7"	120408421	"+"	"chr7+120408421"
"Polyclonal_95pct"	"chr7"	120421929	"+"	"chr7+120421929"
"Polyclonal_95pct"	"chr7"	120636950	"+"	"chr7+120636950"
"Polyclonal_95pct"	"chr7"	120907574	"+"	"chr7+120907574"
"Polyclonal_95pct"	"chr7"	121155342	"+"	"chr7+121155342"
"Polyclonal_95pct"	"chr7"	121423377	"+"	"chr7+121423377"
"Polyclonal_95pct"	"chr7"	121423672	"+"	"chr7+121423672"
"Polyclonal_95pct"	"chr7"	121493948	"+"	"chr7+121493948"
"Polyclonal_95pct"	"chr7"	121673214	"+"	"chr7+121673214"
"Polyclonal_95pct"	"chr7"	121747233	"+"	"chr7+121747233"
"Polyclonal_95pct"	"chr7"	121784829	"+"	"chr7+121784829"
"Polyclonal_95pct"	"chr7"	122633529	"+"	"chr7+122633529"
"Polyclonal_95pct"	"chr7"	122978985	"+"	"chr7+122978985"
"Polyclonal_95pct"	"chr7"	123187612	"+"	"chr7+123187612"
"Polyclonal_95pct"	"chr7"	123225096	"+"	"chr7+123225096"
"Polyclonal_95pct"	"chr7"	123286132	"+"	"chr7+123286132"
"Polyclonal_95pct"	"chr7"	123325606	"+"	"chr7+123325606"
"Polyclonal_95pct"	"chr7"	123728527	"+"	"chr7+123728527"
"Polyclonal_95pct"	"chr7"	123973837	"+"	"chr7+123973837"
"Polyclonal_95pct"	"chr7"	124115406	"+"	"chr7+124115406"
"Polyclonal_95pct"	"chr7"	124380723	"+"	"chr7+124380723"
"Polyclonal_95pct"	"chr7"	124422399	"+"	"chr7+124422399"
"Polyclonal_95pct"	"chr7"	124538344	"+"	"chr7+124538344"
"Polyclonal_95pct"	"chr7"	124574734	"+"	"chr7+124574734"
"Polyclonal_95pct"	"chr7"	124824979	"+"	"chr7+124824979"
"Polyclonal_95pct"	"chr7"	124850252	"+"	"chr7+124850252"
"Polyclonal_95pct"	"chr7"	124880517	"+"	"chr7+124880517"
"Polyclonal_95pct"	"chr7"	124911373	"+"	"chr7+124911373"
"Polyclonal_95pct"	"chr7"	125867131	"+"	"chr7+125867131"
"Polyclonal_95pct"	"chr7"	126252655	"+"	"chr7+126252655"
"Polyclonal_95pct"	"chr7"	126307485	"+"	"chr7+126307485"
"Polyclonal_95pct"	"chr7"	126400104	"+"	"chr7+126400104"
"Polyclonal_95pct"	"chr7"	126430927	"+"	"chr7+126430927"
"Polyclonal_95pct"	"chr7"	128313031	"+"	"chr7+128313031"
"Polyclonal_95pct"	"chr7"	129635079	"+"	"chr7+129635079"
"Polyclonal_95pct"	"chr7"	132815550	"+"	"chr7+132815550"
"Polyclonal_95pct"	"chr7"	133359811	"+"	"chr7+133359811"
"Polyclonal_95pct"	"chr7"	134305895	"+"	"chr7+134305895"
"Polyclonal_95pct"	"chr7"	134639914	"+"	"chr7+134639914"
"Polyclonal_95pct"	"chr7"	134930946	"+"	"chr7+134930946"
"Polyclonal_95pct"	"chr7"	135387430	"+"	"chr7+135387430"
"Polyclonal_95pct"	"chr7"	135967657	"+"	"chr7+135967657"
"Polyclonal_95pct"	"chr7"	138570173	"+"	"chr7+138570173"
"Polyclonal_95pct"	"chr7"	145296928	"+"	"chr7+145296928"
"Polyclonal_95pct"	"chr7"	145528469	"+"	"chr7+145528469"
"Polyclonal_95pct"	"chr7"	145567965	"+"	"chr7+145567965"
"Polyclonal_95pct"	"chr7"	146972474	"+"	"chr7+146972474"
"Polyclonal_95pct"	"chr7"	147135653	"+"	"chr7+147135653"
"Polyclonal_95pct"	"chr7"	147185735	"+"	"chr7+147185735"
"Polyclonal_95pct"	"chr7"	147820103	"+"	"chr7+147820103"
"Polyclonal_95pct"	"chr7"	147908906	"+"	"chr7+147908906"
"Polyclonal_95pct"	"chr7"	148578184	"+"	"chr7+148578184"
"Polyclonal_95pct"	"chr7"	148931521	"+"	"chr7+148931521"
"Polyclonal_95pct"	"chr7"	149545712	"+"	"chr7+149545712"
"Polyclonal_95pct"	"chr7"	150203171	"+"	"chr7+150203171"
"Polyclonal_95pct"	"chr7"	150582576	"+"	"chr7+150582576"
"Polyclonal_95pct"	"chr7"	150683826	"+"	"chr7+150683826"
"Polyclonal_95pct"	"chr7"	151481516	"+"	"chr7+151481516"
"Polyclonal_95pct"	"chr7"	152103112	"+"	"chr7+152103112"
"Polyclonal_95pct"	"chr7"	152167231	"+"	"chr7+152167231"
"Polyclonal_95pct"	"chr7"	155687008	"+"	"chr7+155687008"
"Polyclonal_95pct"	"chr7"	159242879	"+"	"chr7+159242879"
"Polyclonal_95pct"	"chr7"	1479521	"-"	"chr7-1479521"
"Polyclonal_95pct"	"chr7"	1521231	"-"	"chr7-1521231"
"Polyclonal_95pct"	"chr7"	2177552	"-"	"chr7-2177552"
"Polyclonal_95pct"	"chr7"	4765307	"-"	"chr7-4765307"
"Polyclonal_95pct"	"chr7"	4844408	"-"	"chr7-4844408"
"Polyclonal_95pct"	"chr7"	5747480	"-"	"chr7-5747480"
"Polyclonal_95pct"	"chr7"	7025799	"-"	"chr7-7025799"
"Polyclonal_95pct"	"chr7"	7750170	"-"	"chr7-7750170"
"Polyclonal_95pct"	"chr7"	7998355	"-"	"chr7-7998355"
"Polyclonal_95pct"	"chr7"	8010892	"-"	"chr7-8010892"
"Polyclonal_95pct"	"chr7"	8689165	"-"	"chr7-8689165"
"Polyclonal_95pct"	"chr7"	8969369	"-"	"chr7-8969369"
"Polyclonal_95pct"	"chr7"	9216576	"-"	"chr7-9216576"
"Polyclonal_95pct"	"chr7"	9432247	"-"	"chr7-9432247"
"Polyclonal_95pct"	"chr7"	9630663	"-"	"chr7-9630663"
"Polyclonal_95pct"	"chr7"	9971282	"-"	"chr7-9971282"
"Polyclonal_95pct"	"chr7"	11030535	"-"	"chr7-11030535"
"Polyclonal_95pct"	"chr7"	11167706	"-"	"chr7-11167706"
"Polyclonal_95pct"	"chr7"	11276213	"-"	"chr7-11276213"
"Polyclonal_95pct"	"chr7"	11581543	"-"	"chr7-11581543"
"Polyclonal_95pct"	"chr7"	11627379	"-"	"chr7-11627379"
"Polyclonal_95pct"	"chr7"	11744999	"-"	"chr7-11744999"
"Polyclonal_95pct"	"chr7"	12001391	"-"	"chr7-12001391"
"Polyclonal_95pct"	"chr7"	12229395	"-"	"chr7-12229395"
"Polyclonal_95pct"	"chr7"	12230508	"-"	"chr7-12230508"
"Polyclonal_95pct"	"chr7"	12262987	"-"	"chr7-12262987"
"Polyclonal_95pct"	"chr7"	12468119	"-"	"chr7-12468119"
"Polyclonal_95pct"	"chr7"	12486606	"-"	"chr7-12486606"
"Polyclonal_95pct"	"chr7"	12829329	"-"	"chr7-12829329"
"Polyclonal_95pct"	"chr7"	13566938	"-"	"chr7-13566938"
"Polyclonal_95pct"	"chr7"	13615110	"-"	"chr7-13615110"
"Polyclonal_95pct"	"chr7"	13650714	"-"	"chr7-13650714"
"Polyclonal_95pct"	"chr7"	13746532	"-"	"chr7-13746532"
"Polyclonal_95pct"	"chr7"	13983164	"-"	"chr7-13983164"
"Polyclonal_95pct"	"chr7"	14230186	"-"	"chr7-14230186"
"Polyclonal_95pct"	"chr7"	14556258	"-"	"chr7-14556258"
"Polyclonal_95pct"	"chr7"	15026024	"-"	"chr7-15026024"
"Polyclonal_95pct"	"chr7"	15139191	"-"	"chr7-15139191"
"Polyclonal_95pct"	"chr7"	15205423	"-"	"chr7-15205423"
"Polyclonal_95pct"	"chr7"	15605934	"-"	"chr7-15605934"
"Polyclonal_95pct"	"chr7"	16579746	"-"	"chr7-16579746"
"Polyclonal_95pct"	"chr7"	16580345	"-"	"chr7-16580345"
"Polyclonal_95pct"	"chr7"	16613862	"-"	"chr7-16613862"
"Polyclonal_95pct"	"chr7"	17003921	"-"	"chr7-17003921"
"Polyclonal_95pct"	"chr7"	17199473	"-"	"chr7-17199473"
"Polyclonal_95pct"	"chr7"	17286177	"-"	"chr7-17286177"
"Polyclonal_95pct"	"chr7"	17333923	"-"	"chr7-17333923"
"Polyclonal_95pct"	"chr7"	17346130	"-"	"chr7-17346130"
"Polyclonal_95pct"	"chr7"	18191017	"-"	"chr7-18191017"
"Polyclonal_95pct"	"chr7"	19067111	"-"	"chr7-19067111"
"Polyclonal_95pct"	"chr7"	19395300	"-"	"chr7-19395300"
"Polyclonal_95pct"	"chr7"	19699151	"-"	"chr7-19699151"
"Polyclonal_95pct"	"chr7"	19750118	"-"	"chr7-19750118"
"Polyclonal_95pct"	"chr7"	19961401	"-"	"chr7-19961401"
"Polyclonal_95pct"	"chr7"	20303660	"-"	"chr7-20303660"
"Polyclonal_95pct"	"chr7"	20552377	"-"	"chr7-20552377"
"Polyclonal_95pct"	"chr7"	22946951	"-"	"chr7-22946951"
"Polyclonal_95pct"	"chr7"	22952271	"-"	"chr7-22952271"
"Polyclonal_95pct"	"chr7"	23442889	"-"	"chr7-23442889"
"Polyclonal_95pct"	"chr7"	24953158	"-"	"chr7-24953158"
"Polyclonal_95pct"	"chr7"	26331132	"-"	"chr7-26331132"
"Polyclonal_95pct"	"chr7"	26352170	"-"	"chr7-26352170"
"Polyclonal_95pct"	"chr7"	28040048	"-"	"chr7-28040048"
"Polyclonal_95pct"	"chr7"	28943553	"-"	"chr7-28943553"
"Polyclonal_95pct"	"chr7"	29652197	"-"	"chr7-29652197"
"Polyclonal_95pct"	"chr7"	30232750	"-"	"chr7-30232750"
"Polyclonal_95pct"	"chr7"	31611482	"-"	"chr7-31611482"
"Polyclonal_95pct"	"chr7"	33042208	"-"	"chr7-33042208"
"Polyclonal_95pct"	"chr7"	33281053	"-"	"chr7-33281053"
"Polyclonal_95pct"	"chr7"	34377611	"-"	"chr7-34377611"
"Polyclonal_95pct"	"chr7"	34700188	"-"	"chr7-34700188"
"Polyclonal_95pct"	"chr7"	35289093	"-"	"chr7-35289093"
"Polyclonal_95pct"	"chr7"	35853922	"-"	"chr7-35853922"
"Polyclonal_95pct"	"chr7"	36434307	"-"	"chr7-36434307"
"Polyclonal_95pct"	"chr7"	37081612	"-"	"chr7-37081612"
"Polyclonal_95pct"	"chr7"	37634362	"-"	"chr7-37634362"
"Polyclonal_95pct"	"chr7"	37670729	"-"	"chr7-37670729"
"Polyclonal_95pct"	"chr7"	38004583	"-"	"chr7-38004583"
"Polyclonal_95pct"	"chr7"	38884820	"-"	"chr7-38884820"
"Polyclonal_95pct"	"chr7"	40027640	"-"	"chr7-40027640"
"Polyclonal_95pct"	"chr7"	40728694	"-"	"chr7-40728694"
"Polyclonal_95pct"	"chr7"	40728511	"-"	"chr7-40728511"
"Polyclonal_95pct"	"chr7"	41914061	"-"	"chr7-41914061"
"Polyclonal_95pct"	"chr7"	41914067	"-"	"chr7-41914067"
"Polyclonal_95pct"	"chr7"	41973531	"-"	"chr7-41973531"
"Polyclonal_95pct"	"chr7"	44119111	"-"	"chr7-44119111"
"Polyclonal_95pct"	"chr7"	45356882	"-"	"chr7-45356882"
"Polyclonal_95pct"	"chr7"	45435463	"-"	"chr7-45435463"
"Polyclonal_95pct"	"chr7"	45822649	"-"	"chr7-45822649"
"Polyclonal_95pct"	"chr7"	46230461	"-"	"chr7-46230461"
"Polyclonal_95pct"	"chr7"	46236713	"-"	"chr7-46236713"
"Polyclonal_95pct"	"chr7"	48222139	"-"	"chr7-48222139"
"Polyclonal_95pct"	"chr7"	48537133	"-"	"chr7-48537133"
"Polyclonal_95pct"	"chr7"	49588645	"-"	"chr7-49588645"
"Polyclonal_95pct"	"chr7"	49635137	"-"	"chr7-49635137"
"Polyclonal_95pct"	"chr7"	49694623	"-"	"chr7-49694623"
"Polyclonal_95pct"	"chr7"	49971702	"-"	"chr7-49971702"
"Polyclonal_95pct"	"chr7"	50512510	"-"	"chr7-50512510"
"Polyclonal_95pct"	"chr7"	50581210	"-"	"chr7-50581210"
"Polyclonal_95pct"	"chr7"	53870596	"-"	"chr7-53870596"
"Polyclonal_95pct"	"chr7"	54604530	"-"	"chr7-54604530"
"Polyclonal_95pct"	"chr7"	54625178	"-"	"chr7-54625178"
"Polyclonal_95pct"	"chr7"	54708800	"-"	"chr7-54708800"
"Polyclonal_95pct"	"chr7"	57857625	"-"	"chr7-57857625"
"Polyclonal_95pct"	"chr7"	62728964	"-"	"chr7-62728964"
"Polyclonal_95pct"	"chr7"	64512785	"-"	"chr7-64512785"
"Polyclonal_95pct"	"chr7"	65246128	"-"	"chr7-65246128"
"Polyclonal_95pct"	"chr7"	73253153	"-"	"chr7-73253153"
"Polyclonal_95pct"	"chr7"	73639303	"-"	"chr7-73639303"
"Polyclonal_95pct"	"chr7"	74242588	"-"	"chr7-74242588"
"Polyclonal_95pct"	"chr7"	74681542	"-"	"chr7-74681542"
"Polyclonal_95pct"	"chr7"	77778791	"-"	"chr7-77778791"
"Polyclonal_95pct"	"chr7"	78507389	"-"	"chr7-78507389"
"Polyclonal_95pct"	"chr7"	78829568	"-"	"chr7-78829568"
"Polyclonal_95pct"	"chr7"	79172263	"-"	"chr7-79172263"
"Polyclonal_95pct"	"chr7"	79609925	"-"	"chr7-79609925"
"Polyclonal_95pct"	"chr7"	79795392	"-"	"chr7-79795392"
"Polyclonal_95pct"	"chr7"	79846100	"-"	"chr7-79846100"
"Polyclonal_95pct"	"chr7"	79901172	"-"	"chr7-79901172"
"Polyclonal_95pct"	"chr7"	80817584	"-"	"chr7-80817584"
"Polyclonal_95pct"	"chr7"	80871927	"-"	"chr7-80871927"
"Polyclonal_95pct"	"chr7"	81148104	"-"	"chr7-81148104"
"Polyclonal_95pct"	"chr7"	81283362	"-"	"chr7-81283362"
"Polyclonal_95pct"	"chr7"	81489345	"-"	"chr7-81489345"
"Polyclonal_95pct"	"chr7"	81508914	"-"	"chr7-81508914"
"Polyclonal_95pct"	"chr7"	81647781	"-"	"chr7-81647781"
"Polyclonal_95pct"	"chr7"	81657126	"-"	"chr7-81657126"
"Polyclonal_95pct"	"chr7"	81878028	"-"	"chr7-81878028"
"Polyclonal_95pct"	"chr7"	81984671	"-"	"chr7-81984671"
"Polyclonal_95pct"	"chr7"	82147954	"-"	"chr7-82147954"
"Polyclonal_95pct"	"chr7"	82688824	"-"	"chr7-82688824"
"Polyclonal_95pct"	"chr7"	82871900	"-"	"chr7-82871900"
"Polyclonal_95pct"	"chr7"	82998100	"-"	"chr7-82998100"
"Polyclonal_95pct"	"chr7"	83294911	"-"	"chr7-83294911"
"Polyclonal_95pct"	"chr7"	83393734	"-"	"chr7-83393734"
"Polyclonal_95pct"	"chr7"	83444448	"-"	"chr7-83444448"
"Polyclonal_95pct"	"chr7"	83491680	"-"	"chr7-83491680"
"Polyclonal_95pct"	"chr7"	83624186	"-"	"chr7-83624186"
"Polyclonal_95pct"	"chr7"	83769945	"-"	"chr7-83769945"
"Polyclonal_95pct"	"chr7"	83788114	"-"	"chr7-83788114"
"Polyclonal_95pct"	"chr7"	84355644	"-"	"chr7-84355644"
"Polyclonal_95pct"	"chr7"	84378756	"-"	"chr7-84378756"
"Polyclonal_95pct"	"chr7"	85577523	"-"	"chr7-85577523"
"Polyclonal_95pct"	"chr7"	85645761	"-"	"chr7-85645761"
"Polyclonal_95pct"	"chr7"	86900752	"-"	"chr7-86900752"
"Polyclonal_95pct"	"chr7"	87095415	"-"	"chr7-87095415"
"Polyclonal_95pct"	"chr7"	87193671	"-"	"chr7-87193671"
"Polyclonal_95pct"	"chr7"	87378404	"-"	"chr7-87378404"
"Polyclonal_95pct"	"chr7"	87675292	"-"	"chr7-87675292"
"Polyclonal_95pct"	"chr7"	87694881	"-"	"chr7-87694881"
"Polyclonal_95pct"	"chr7"	87741486	"-"	"chr7-87741486"
"Polyclonal_95pct"	"chr7"	87850432	"-"	"chr7-87850432"
"Polyclonal_95pct"	"chr7"	87905406	"-"	"chr7-87905406"
"Polyclonal_95pct"	"chr7"	88673133	"-"	"chr7-88673133"
"Polyclonal_95pct"	"chr7"	89498983	"-"	"chr7-89498983"
"Polyclonal_95pct"	"chr7"	89526606	"-"	"chr7-89526606"
"Polyclonal_95pct"	"chr7"	89593371	"-"	"chr7-89593371"
"Polyclonal_95pct"	"chr7"	89705717	"-"	"chr7-89705717"
"Polyclonal_95pct"	"chr7"	89847937	"-"	"chr7-89847937"
"Polyclonal_95pct"	"chr7"	90275506	"-"	"chr7-90275506"
"Polyclonal_95pct"	"chr7"	92608059	"-"	"chr7-92608059"
"Polyclonal_95pct"	"chr7"	92821840	"-"	"chr7-92821840"
"Polyclonal_95pct"	"chr7"	93433589	"-"	"chr7-93433589"
"Polyclonal_95pct"	"chr7"	93452832	"-"	"chr7-93452832"
"Polyclonal_95pct"	"chr7"	93478421	"-"	"chr7-93478421"
"Polyclonal_95pct"	"chr7"	94590109	"-"	"chr7-94590109"
"Polyclonal_95pct"	"chr7"	97280363	"-"	"chr7-97280363"
"Polyclonal_95pct"	"chr7"	97649740	"-"	"chr7-97649740"
"Polyclonal_95pct"	"chr7"	97912421	"-"	"chr7-97912421"
"Polyclonal_95pct"	"chr7"	98893444	"-"	"chr7-98893444"
"Polyclonal_95pct"	"chr7"	98896563	"-"	"chr7-98896563"
"Polyclonal_95pct"	"chr7"	98979828	"-"	"chr7-98979828"
"Polyclonal_95pct"	"chr7"	99371200	"-"	"chr7-99371200"
"Polyclonal_95pct"	"chr7"	99371006	"-"	"chr7-99371006"
"Polyclonal_95pct"	"chr7"	99592761	"-"	"chr7-99592761"
"Polyclonal_95pct"	"chr7"	99592578	"-"	"chr7-99592578"
"Polyclonal_95pct"	"chr7"	100536997	"-"	"chr7-100536997"
"Polyclonal_95pct"	"chr7"	102405133	"-"	"chr7-102405133"
"Polyclonal_95pct"	"chr7"	102856238	"-"	"chr7-102856238"
"Polyclonal_95pct"	"chr7"	102908557	"-"	"chr7-102908557"
"Polyclonal_95pct"	"chr7"	103733036	"-"	"chr7-103733036"
"Polyclonal_95pct"	"chr7"	104050165	"-"	"chr7-104050165"
"Polyclonal_95pct"	"chr7"	105266220	"-"	"chr7-105266220"
"Polyclonal_95pct"	"chr7"	106275799	"-"	"chr7-106275799"
"Polyclonal_95pct"	"chr7"	107335548	"-"	"chr7-107335548"
"Polyclonal_95pct"	"chr7"	107477019	"-"	"chr7-107477019"
"Polyclonal_95pct"	"chr7"	108350922	"-"	"chr7-108350922"
"Polyclonal_95pct"	"chr7"	108907481	"-"	"chr7-108907481"
"Polyclonal_95pct"	"chr7"	109498682	"-"	"chr7-109498682"
"Polyclonal_95pct"	"chr7"	109609393	"-"	"chr7-109609393"
"Polyclonal_95pct"	"chr7"	110499574	"-"	"chr7-110499574"
"Polyclonal_95pct"	"chr7"	111621844	"-"	"chr7-111621844"
"Polyclonal_95pct"	"chr7"	111694781	"-"	"chr7-111694781"
"Polyclonal_95pct"	"chr7"	112843153	"-"	"chr7-112843153"
"Polyclonal_95pct"	"chr7"	112899770	"-"	"chr7-112899770"
"Polyclonal_95pct"	"chr7"	113116375	"-"	"chr7-113116375"
"Polyclonal_95pct"	"chr7"	113431811	"-"	"chr7-113431811"
"Polyclonal_95pct"	"chr7"	113606866	"-"	"chr7-113606866"
"Polyclonal_95pct"	"chr7"	113865925	"-"	"chr7-113865925"
"Polyclonal_95pct"	"chr7"	113994188	"-"	"chr7-113994188"
"Polyclonal_95pct"	"chr7"	114110720	"-"	"chr7-114110720"
"Polyclonal_95pct"	"chr7"	114646702	"-"	"chr7-114646702"
"Polyclonal_95pct"	"chr7"	115145983	"-"	"chr7-115145983"
"Polyclonal_95pct"	"chr7"	115502345	"-"	"chr7-115502345"
"Polyclonal_95pct"	"chr7"	115564690	"-"	"chr7-115564690"
"Polyclonal_95pct"	"chr7"	115567479	"-"	"chr7-115567479"
"Polyclonal_95pct"	"chr7"	115744978	"-"	"chr7-115744978"
"Polyclonal_95pct"	"chr7"	116619605	"-"	"chr7-116619605"
"Polyclonal_95pct"	"chr7"	116958798	"-"	"chr7-116958798"
"Polyclonal_95pct"	"chr7"	117019605	"-"	"chr7-117019605"
"Polyclonal_95pct"	"chr7"	117051752	"-"	"chr7-117051752"
"Polyclonal_95pct"	"chr7"	118386760	"-"	"chr7-118386760"
"Polyclonal_95pct"	"chr7"	118531305	"-"	"chr7-118531305"
"Polyclonal_95pct"	"chr7"	118581963	"-"	"chr7-118581963"
"Polyclonal_95pct"	"chr7"	118829177	"-"	"chr7-118829177"
"Polyclonal_95pct"	"chr7"	119251490	"-"	"chr7-119251490"
"Polyclonal_95pct"	"chr7"	119494014	"-"	"chr7-119494014"
"Polyclonal_95pct"	"chr7"	119502234	"-"	"chr7-119502234"
"Polyclonal_95pct"	"chr7"	119623427	"-"	"chr7-119623427"
"Polyclonal_95pct"	"chr7"	119741279	"-"	"chr7-119741279"
"Polyclonal_95pct"	"chr7"	119921438	"-"	"chr7-119921438"
"Polyclonal_95pct"	"chr7"	119933046	"-"	"chr7-119933046"
"Polyclonal_95pct"	"chr7"	120074932	"-"	"chr7-120074932"
"Polyclonal_95pct"	"chr7"	120177449	"-"	"chr7-120177449"
"Polyclonal_95pct"	"chr7"	120317264	"-"	"chr7-120317264"
"Polyclonal_95pct"	"chr7"	120590146	"-"	"chr7-120590146"
"Polyclonal_95pct"	"chr7"	121063777	"-"	"chr7-121063777"
"Polyclonal_95pct"	"chr7"	122000110	"-"	"chr7-122000110"
"Polyclonal_95pct"	"chr7"	122024757	"-"	"chr7-122024757"
"Polyclonal_95pct"	"chr7"	122442922	"-"	"chr7-122442922"
"Polyclonal_95pct"	"chr7"	122661450	"-"	"chr7-122661450"
"Polyclonal_95pct"	"chr7"	122921151	"-"	"chr7-122921151"
"Polyclonal_95pct"	"chr7"	122943492	"-"	"chr7-122943492"
"Polyclonal_95pct"	"chr7"	123140101	"-"	"chr7-123140101"
"Polyclonal_95pct"	"chr7"	123150172	"-"	"chr7-123150172"
"Polyclonal_95pct"	"chr7"	123516635	"-"	"chr7-123516635"
"Polyclonal_95pct"	"chr7"	123615854	"-"	"chr7-123615854"
"Polyclonal_95pct"	"chr7"	123941678	"-"	"chr7-123941678"
"Polyclonal_95pct"	"chr7"	124426748	"-"	"chr7-124426748"
"Polyclonal_95pct"	"chr7"	124571360	"-"	"chr7-124571360"
"Polyclonal_95pct"	"chr7"	124847728	"-"	"chr7-124847728"
"Polyclonal_95pct"	"chr7"	124849259	"-"	"chr7-124849259"
"Polyclonal_95pct"	"chr7"	125212675	"-"	"chr7-125212675"
"Polyclonal_95pct"	"chr7"	125258170	"-"	"chr7-125258170"
"Polyclonal_95pct"	"chr7"	125404121	"-"	"chr7-125404121"
"Polyclonal_95pct"	"chr7"	125880196	"-"	"chr7-125880196"
"Polyclonal_95pct"	"chr7"	125961220	"-"	"chr7-125961220"
"Polyclonal_95pct"	"chr7"	126036176	"-"	"chr7-126036176"
"Polyclonal_95pct"	"chr7"	126402267	"-"	"chr7-126402267"
"Polyclonal_95pct"	"chr7"	126744499	"-"	"chr7-126744499"
"Polyclonal_95pct"	"chr7"	127237907	"-"	"chr7-127237907"
"Polyclonal_95pct"	"chr7"	129238645	"-"	"chr7-129238645"
"Polyclonal_95pct"	"chr7"	129669495	"-"	"chr7-129669495"
"Polyclonal_95pct"	"chr7"	129918516	"-"	"chr7-129918516"
"Polyclonal_95pct"	"chr7"	130748935	"-"	"chr7-130748935"
"Polyclonal_95pct"	"chr7"	131405539	"-"	"chr7-131405539"
"Polyclonal_95pct"	"chr7"	132949601	"-"	"chr7-132949601"
"Polyclonal_95pct"	"chr7"	133817934	"-"	"chr7-133817934"
"Polyclonal_95pct"	"chr7"	135411734	"-"	"chr7-135411734"
"Polyclonal_95pct"	"chr7"	135501311	"-"	"chr7-135501311"
"Polyclonal_95pct"	"chr7"	135953609	"-"	"chr7-135953609"
"Polyclonal_95pct"	"chr7"	136792601	"-"	"chr7-136792601"
"Polyclonal_95pct"	"chr7"	137147424	"-"	"chr7-137147424"
"Polyclonal_95pct"	"chr7"	139241354	"-"	"chr7-139241354"
"Polyclonal_95pct"	"chr7"	139253721	"-"	"chr7-139253721"
"Polyclonal_95pct"	"chr7"	140122277	"-"	"chr7-140122277"
"Polyclonal_95pct"	"chr7"	140138740	"-"	"chr7-140138740"
"Polyclonal_95pct"	"chr7"	145101337	"-"	"chr7-145101337"
"Polyclonal_95pct"	"chr7"	145549863	"-"	"chr7-145549863"
"Polyclonal_95pct"	"chr7"	145624589	"-"	"chr7-145624589"
"Polyclonal_95pct"	"chr7"	145679277	"-"	"chr7-145679277"
"Polyclonal_95pct"	"chr7"	145816357	"-"	"chr7-145816357"
"Polyclonal_95pct"	"chr7"	146224548	"-"	"chr7-146224548"
"Polyclonal_95pct"	"chr7"	146572873	"-"	"chr7-146572873"
"Polyclonal_95pct"	"chr7"	146731879	"-"	"chr7-146731879"
"Polyclonal_95pct"	"chr7"	147124860	"-"	"chr7-147124860"
"Polyclonal_95pct"	"chr7"	147324068	"-"	"chr7-147324068"
"Polyclonal_95pct"	"chr7"	147512562	"-"	"chr7-147512562"
"Polyclonal_95pct"	"chr7"	148624259	"-"	"chr7-148624259"
"Polyclonal_95pct"	"chr7"	148768705	"-"	"chr7-148768705"
"Polyclonal_95pct"	"chr7"	149545716	"-"	"chr7-149545716"
"Polyclonal_95pct"	"chr7"	150075820	"-"	"chr7-150075820"
"Polyclonal_95pct"	"chr7"	150834540	"-"	"chr7-150834540"
"Polyclonal_95pct"	"chr7"	156797473	"-"	"chr7-156797473"
"Polyclonal_95pct"	"chr7"	156848842	"-"	"chr7-156848842"
"Polyclonal_95pct"	"chr7"	157200017	"-"	"chr7-157200017"
"Polyclonal_95pct"	"chr7"	158818187	"-"	"chr7-158818187"
"Polyclonal_95pct"	"chr7"	159245728	"-"	"chr7-159245728"
"Polyclonal_95pct"	"chr8"	3724045	"+"	"chr8+3724045"
"Polyclonal_95pct"	"chr8"	11882016	"+"	"chr8+11882016"
"Polyclonal_95pct"	"chr8"	13960664	"+"	"chr8+13960664"
"Polyclonal_95pct"	"chr8"	14076371	"+"	"chr8+14076371"
"Polyclonal_95pct"	"chr8"	14603410	"+"	"chr8+14603410"
"Polyclonal_95pct"	"chr8"	15567472	"+"	"chr8+15567472"
"Polyclonal_95pct"	"chr8"	16209812	"+"	"chr8+16209812"
"Polyclonal_95pct"	"chr8"	16255173	"+"	"chr8+16255173"
"Polyclonal_95pct"	"chr8"	16819771	"+"	"chr8+16819771"
"Polyclonal_95pct"	"chr8"	17079017	"+"	"chr8+17079017"
"Polyclonal_95pct"	"chr8"	17956251	"+"	"chr8+17956251"
"Polyclonal_95pct"	"chr8"	17989980	"+"	"chr8+17989980"
"Polyclonal_95pct"	"chr8"	22499622	"+"	"chr8+22499622"
"Polyclonal_95pct"	"chr8"	22620002	"+"	"chr8+22620002"
"Polyclonal_95pct"	"chr8"	25432688	"+"	"chr8+25432688"
"Polyclonal_95pct"	"chr8"	26203860	"+"	"chr8+26203860"
"Polyclonal_95pct"	"chr8"	26394965	"+"	"chr8+26394965"
"Polyclonal_95pct"	"chr8"	27072721	"+"	"chr8+27072721"
"Polyclonal_95pct"	"chr8"	29712438	"+"	"chr8+29712438"
"Polyclonal_95pct"	"chr8"	29717101	"+"	"chr8+29717101"
"Polyclonal_95pct"	"chr8"	29813989	"+"	"chr8+29813989"
"Polyclonal_95pct"	"chr8"	31098034	"+"	"chr8+31098034"
"Polyclonal_95pct"	"chr8"	32628824	"+"	"chr8+32628824"
"Polyclonal_95pct"	"chr8"	32981620	"+"	"chr8+32981620"
"Polyclonal_95pct"	"chr8"	38307177	"+"	"chr8+38307177"
"Polyclonal_95pct"	"chr8"	38340799	"+"	"chr8+38340799"
"Polyclonal_95pct"	"chr8"	39270022	"+"	"chr8+39270022"
"Polyclonal_95pct"	"chr8"	40076909	"+"	"chr8+40076909"
"Polyclonal_95pct"	"chr8"	42049686	"+"	"chr8+42049686"
"Polyclonal_95pct"	"chr8"	50428549	"+"	"chr8+50428549"
"Polyclonal_95pct"	"chr8"	50927685	"+"	"chr8+50927685"
"Polyclonal_95pct"	"chr8"	51081585	"+"	"chr8+51081585"
"Polyclonal_95pct"	"chr8"	51170280	"+"	"chr8+51170280"
"Polyclonal_95pct"	"chr8"	52646301	"+"	"chr8+52646301"
"Polyclonal_95pct"	"chr8"	54088379	"+"	"chr8+54088379"
"Polyclonal_95pct"	"chr8"	54653222	"+"	"chr8+54653222"
"Polyclonal_95pct"	"chr8"	54664692	"+"	"chr8+54664692"
"Polyclonal_95pct"	"chr8"	56700366	"+"	"chr8+56700366"
"Polyclonal_95pct"	"chr8"	58866380	"+"	"chr8+58866380"
"Polyclonal_95pct"	"chr8"	59049440	"+"	"chr8+59049440"
"Polyclonal_95pct"	"chr8"	59935573	"+"	"chr8+59935573"
"Polyclonal_95pct"	"chr8"	60203053	"+"	"chr8+60203053"
"Polyclonal_95pct"	"chr8"	60568486	"+"	"chr8+60568486"
"Polyclonal_95pct"	"chr8"	61046968	"+"	"chr8+61046968"
"Polyclonal_95pct"	"chr8"	64057384	"+"	"chr8+64057384"
"Polyclonal_95pct"	"chr8"	64231195	"+"	"chr8+64231195"
"Polyclonal_95pct"	"chr8"	64667835	"+"	"chr8+64667835"
"Polyclonal_95pct"	"chr8"	65441038	"+"	"chr8+65441038"
"Polyclonal_95pct"	"chr8"	65852273	"+"	"chr8+65852273"
"Polyclonal_95pct"	"chr8"	67152194	"+"	"chr8+67152194"
"Polyclonal_95pct"	"chr8"	70370603	"+"	"chr8+70370603"
"Polyclonal_95pct"	"chr8"	71139069	"+"	"chr8+71139069"
"Polyclonal_95pct"	"chr8"	71990478	"+"	"chr8+71990478"
"Polyclonal_95pct"	"chr8"	73018618	"+"	"chr8+73018618"
"Polyclonal_95pct"	"chr8"	73808086	"+"	"chr8+73808086"
"Polyclonal_95pct"	"chr8"	77099684	"+"	"chr8+77099684"
"Polyclonal_95pct"	"chr8"	78572540	"+"	"chr8+78572540"
"Polyclonal_95pct"	"chr8"	78572544	"+"	"chr8+78572544"
"Polyclonal_95pct"	"chr8"	79129527	"+"	"chr8+79129527"
"Polyclonal_95pct"	"chr8"	80126457	"+"	"chr8+80126457"
"Polyclonal_95pct"	"chr8"	81319313	"+"	"chr8+81319313"
"Polyclonal_95pct"	"chr8"	81678081	"+"	"chr8+81678081"
"Polyclonal_95pct"	"chr8"	81823139	"+"	"chr8+81823139"
"Polyclonal_95pct"	"chr8"	81825700	"+"	"chr8+81825700"
"Polyclonal_95pct"	"chr8"	82675957	"+"	"chr8+82675957"
"Polyclonal_95pct"	"chr8"	83635596	"+"	"chr8+83635596"
"Polyclonal_95pct"	"chr8"	84557909	"+"	"chr8+84557909"
"Polyclonal_95pct"	"chr8"	86487038	"+"	"chr8+86487038"
"Polyclonal_95pct"	"chr8"	86564691	"+"	"chr8+86564691"
"Polyclonal_95pct"	"chr8"	86632063	"+"	"chr8+86632063"
"Polyclonal_95pct"	"chr8"	86890269	"+"	"chr8+86890269"
"Polyclonal_95pct"	"chr8"	87205543	"+"	"chr8+87205543"
"Polyclonal_95pct"	"chr8"	87774649	"+"	"chr8+87774649"
"Polyclonal_95pct"	"chr8"	87924858	"+"	"chr8+87924858"
"Polyclonal_95pct"	"chr8"	88097005	"+"	"chr8+88097005"
"Polyclonal_95pct"	"chr8"	88104148	"+"	"chr8+88104148"
"Polyclonal_95pct"	"chr8"	88338976	"+"	"chr8+88338976"
"Polyclonal_95pct"	"chr8"	88778552	"+"	"chr8+88778552"
"Polyclonal_95pct"	"chr8"	88869176	"+"	"chr8+88869176"
"Polyclonal_95pct"	"chr8"	91190702	"+"	"chr8+91190702"
"Polyclonal_95pct"	"chr8"	91278515	"+"	"chr8+91278515"
"Polyclonal_95pct"	"chr8"	91774934	"+"	"chr8+91774934"
"Polyclonal_95pct"	"chr8"	93724092	"+"	"chr8+93724092"
"Polyclonal_95pct"	"chr8"	94690369	"+"	"chr8+94690369"
"Polyclonal_95pct"	"chr8"	94882635	"+"	"chr8+94882635"
"Polyclonal_95pct"	"chr8"	95037022	"+"	"chr8+95037022"
"Polyclonal_95pct"	"chr8"	96819942	"+"	"chr8+96819942"
"Polyclonal_95pct"	"chr8"	99035222	"+"	"chr8+99035222"
"Polyclonal_95pct"	"chr8"	99481790	"+"	"chr8+99481790"
"Polyclonal_95pct"	"chr8"	99637870	"+"	"chr8+99637870"
"Polyclonal_95pct"	"chr8"	99806198	"+"	"chr8+99806198"
"Polyclonal_95pct"	"chr8"	99836336	"+"	"chr8+99836336"
"Polyclonal_95pct"	"chr8"	100472650	"+"	"chr8+100472650"
"Polyclonal_95pct"	"chr8"	101572726	"+"	"chr8+101572726"
"Polyclonal_95pct"	"chr8"	101683516	"+"	"chr8+101683516"
"Polyclonal_95pct"	"chr8"	102405993	"+"	"chr8+102405993"
"Polyclonal_95pct"	"chr8"	104195419	"+"	"chr8+104195419"
"Polyclonal_95pct"	"chr8"	106042696	"+"	"chr8+106042696"
"Polyclonal_95pct"	"chr8"	106879143	"+"	"chr8+106879143"
"Polyclonal_95pct"	"chr8"	107408006	"+"	"chr8+107408006"
"Polyclonal_95pct"	"chr8"	107991052	"+"	"chr8+107991052"
"Polyclonal_95pct"	"chr8"	108475597	"+"	"chr8+108475597"
"Polyclonal_95pct"	"chr8"	109286485	"+"	"chr8+109286485"
"Polyclonal_95pct"	"chr8"	110426284	"+"	"chr8+110426284"
"Polyclonal_95pct"	"chr8"	111124523	"+"	"chr8+111124523"
"Polyclonal_95pct"	"chr8"	111584594	"+"	"chr8+111584594"
"Polyclonal_95pct"	"chr8"	111954401	"+"	"chr8+111954401"
"Polyclonal_95pct"	"chr8"	112911872	"+"	"chr8+112911872"
"Polyclonal_95pct"	"chr8"	112925868	"+"	"chr8+112925868"
"Polyclonal_95pct"	"chr8"	112956620	"+"	"chr8+112956620"
"Polyclonal_95pct"	"chr8"	113070514	"+"	"chr8+113070514"
"Polyclonal_95pct"	"chr8"	113160903	"+"	"chr8+113160903"
"Polyclonal_95pct"	"chr8"	113188236	"+"	"chr8+113188236"
"Polyclonal_95pct"	"chr8"	113241105	"+"	"chr8+113241105"
"Polyclonal_95pct"	"chr8"	113252337	"+"	"chr8+113252337"
"Polyclonal_95pct"	"chr8"	113399142	"+"	"chr8+113399142"
"Polyclonal_95pct"	"chr8"	113557534	"+"	"chr8+113557534"
"Polyclonal_95pct"	"chr8"	114211567	"+"	"chr8+114211567"
"Polyclonal_95pct"	"chr8"	114301036	"+"	"chr8+114301036"
"Polyclonal_95pct"	"chr8"	114469643	"+"	"chr8+114469643"
"Polyclonal_95pct"	"chr8"	114744144	"+"	"chr8+114744144"
"Polyclonal_95pct"	"chr8"	116863192	"+"	"chr8+116863192"
"Polyclonal_95pct"	"chr8"	120037875	"+"	"chr8+120037875"
"Polyclonal_95pct"	"chr8"	120780332	"+"	"chr8+120780332"
"Polyclonal_95pct"	"chr8"	122377131	"+"	"chr8+122377131"
"Polyclonal_95pct"	"chr8"	122388812	"+"	"chr8+122388812"
"Polyclonal_95pct"	"chr8"	124319318	"+"	"chr8+124319318"
"Polyclonal_95pct"	"chr8"	125148781	"+"	"chr8+125148781"
"Polyclonal_95pct"	"chr8"	125948006	"+"	"chr8+125948006"
"Polyclonal_95pct"	"chr8"	127492514	"+"	"chr8+127492514"
"Polyclonal_95pct"	"chr8"	131223534	"+"	"chr8+131223534"
"Polyclonal_95pct"	"chr8"	131386551	"+"	"chr8+131386551"
"Polyclonal_95pct"	"chr8"	132815271	"+"	"chr8+132815271"
"Polyclonal_95pct"	"chr8"	135102953	"+"	"chr8+135102953"
"Polyclonal_95pct"	"chr8"	136604452	"+"	"chr8+136604452"
"Polyclonal_95pct"	"chr8"	143301195	"+"	"chr8+143301195"
"Polyclonal_95pct"	"chr8"	144002557	"+"	"chr8+144002557"
"Polyclonal_95pct"	"chr8"	144135457	"+"	"chr8+144135457"
"Polyclonal_95pct"	"chr8"	144236416	"+"	"chr8+144236416"
"Polyclonal_95pct"	"chr8"	144255745	"+"	"chr8+144255745"
"Polyclonal_95pct"	"chr8"	144832400	"+"	"chr8+144832400"
"Polyclonal_95pct"	"chr8"	144884541	"+"	"chr8+144884541"
"Polyclonal_95pct"	"chr8"	144930193	"+"	"chr8+144930193"
"Polyclonal_95pct"	"chr8"	145014929	"+"	"chr8+145014929"
"Polyclonal_95pct"	"chr8"	145017984	"+"	"chr8+145017984"
"Polyclonal_95pct"	"chr8"	4298048	"-"	"chr8-4298048"
"Polyclonal_95pct"	"chr8"	5487185	"-"	"chr8-5487185"
"Polyclonal_95pct"	"chr8"	13834766	"-"	"chr8-13834766"
"Polyclonal_95pct"	"chr8"	14517640	"-"	"chr8-14517640"
"Polyclonal_95pct"	"chr8"	14684395	"-"	"chr8-14684395"
"Polyclonal_95pct"	"chr8"	15912569	"-"	"chr8-15912569"
"Polyclonal_95pct"	"chr8"	17688168	"-"	"chr8-17688168"
"Polyclonal_95pct"	"chr8"	18758781	"-"	"chr8-18758781"
"Polyclonal_95pct"	"chr8"	19799991	"-"	"chr8-19799991"
"Polyclonal_95pct"	"chr8"	21930510	"-"	"chr8-21930510"
"Polyclonal_95pct"	"chr8"	22344861	"-"	"chr8-22344861"
"Polyclonal_95pct"	"chr8"	23013958	"-"	"chr8-23013958"
"Polyclonal_95pct"	"chr8"	25570912	"-"	"chr8-25570912"
"Polyclonal_95pct"	"chr8"	25717609	"-"	"chr8-25717609"
"Polyclonal_95pct"	"chr8"	25931089	"-"	"chr8-25931089"
"Polyclonal_95pct"	"chr8"	26284538	"-"	"chr8-26284538"
"Polyclonal_95pct"	"chr8"	29029963	"-"	"chr8-29029963"
"Polyclonal_95pct"	"chr8"	31064007	"-"	"chr8-31064007"
"Polyclonal_95pct"	"chr8"	36208942	"-"	"chr8-36208942"
"Polyclonal_95pct"	"chr8"	37125803	"-"	"chr8-37125803"
"Polyclonal_95pct"	"chr8"	39034236	"-"	"chr8-39034236"
"Polyclonal_95pct"	"chr8"	39049236	"-"	"chr8-39049236"
"Polyclonal_95pct"	"chr8"	39469141	"-"	"chr8-39469141"
"Polyclonal_95pct"	"chr8"	40125731	"-"	"chr8-40125731"
"Polyclonal_95pct"	"chr8"	40330524	"-"	"chr8-40330524"
"Polyclonal_95pct"	"chr8"	51389335	"-"	"chr8-51389335"
"Polyclonal_95pct"	"chr8"	54332237	"-"	"chr8-54332237"
"Polyclonal_95pct"	"chr8"	55356821	"-"	"chr8-55356821"
"Polyclonal_95pct"	"chr8"	56004282	"-"	"chr8-56004282"
"Polyclonal_95pct"	"chr8"	56806189	"-"	"chr8-56806189"
"Polyclonal_95pct"	"chr8"	59020947	"-"	"chr8-59020947"
"Polyclonal_95pct"	"chr8"	59440942	"-"	"chr8-59440942"
"Polyclonal_95pct"	"chr8"	59953805	"-"	"chr8-59953805"
"Polyclonal_95pct"	"chr8"	60146867	"-"	"chr8-60146867"
"Polyclonal_95pct"	"chr8"	60572404	"-"	"chr8-60572404"
"Polyclonal_95pct"	"chr8"	60581483	"-"	"chr8-60581483"
"Polyclonal_95pct"	"chr8"	61664043	"-"	"chr8-61664043"
"Polyclonal_95pct"	"chr8"	61880038	"-"	"chr8-61880038"
"Polyclonal_95pct"	"chr8"	62077502	"-"	"chr8-62077502"
"Polyclonal_95pct"	"chr8"	63765076	"-"	"chr8-63765076"
"Polyclonal_95pct"	"chr8"	63808166	"-"	"chr8-63808166"
"Polyclonal_95pct"	"chr8"	63980713	"-"	"chr8-63980713"
"Polyclonal_95pct"	"chr8"	64600023	"-"	"chr8-64600023"
"Polyclonal_95pct"	"chr8"	64660575	"-"	"chr8-64660575"
"Polyclonal_95pct"	"chr8"	64783360	"-"	"chr8-64783360"
"Polyclonal_95pct"	"chr8"	65441629	"-"	"chr8-65441629"
"Polyclonal_95pct"	"chr8"	65581718	"-"	"chr8-65581718"
"Polyclonal_95pct"	"chr8"	65715095	"-"	"chr8-65715095"
"Polyclonal_95pct"	"chr8"	66765051	"-"	"chr8-66765051"
"Polyclonal_95pct"	"chr8"	66971505	"-"	"chr8-66971505"
"Polyclonal_95pct"	"chr8"	67253959	"-"	"chr8-67253959"
"Polyclonal_95pct"	"chr8"	68627913	"-"	"chr8-68627913"
"Polyclonal_95pct"	"chr8"	69475610	"-"	"chr8-69475610"
"Polyclonal_95pct"	"chr8"	70170948	"-"	"chr8-70170948"
"Polyclonal_95pct"	"chr8"	70179165	"-"	"chr8-70179165"
"Polyclonal_95pct"	"chr8"	70307775	"-"	"chr8-70307775"
"Polyclonal_95pct"	"chr8"	71516495	"-"	"chr8-71516495"
"Polyclonal_95pct"	"chr8"	72085814	"-"	"chr8-72085814"
"Polyclonal_95pct"	"chr8"	73528386	"-"	"chr8-73528386"
"Polyclonal_95pct"	"chr8"	73614935	"-"	"chr8-73614935"
"Polyclonal_95pct"	"chr8"	74422776	"-"	"chr8-74422776"
"Polyclonal_95pct"	"chr8"	74484638	"-"	"chr8-74484638"
"Polyclonal_95pct"	"chr8"	75142275	"-"	"chr8-75142275"
"Polyclonal_95pct"	"chr8"	75224165	"-"	"chr8-75224165"
"Polyclonal_95pct"	"chr8"	75228446	"-"	"chr8-75228446"
"Polyclonal_95pct"	"chr8"	75761972	"-"	"chr8-75761972"
"Polyclonal_95pct"	"chr8"	76926975	"-"	"chr8-76926975"
"Polyclonal_95pct"	"chr8"	78068910	"-"	"chr8-78068910"
"Polyclonal_95pct"	"chr8"	78558448	"-"	"chr8-78558448"
"Polyclonal_95pct"	"chr8"	78937054	"-"	"chr8-78937054"
"Polyclonal_95pct"	"chr8"	79155867	"-"	"chr8-79155867"
"Polyclonal_95pct"	"chr8"	79324190	"-"	"chr8-79324190"
"Polyclonal_95pct"	"chr8"	80154304	"-"	"chr8-80154304"
"Polyclonal_95pct"	"chr8"	81217061	"-"	"chr8-81217061"
"Polyclonal_95pct"	"chr8"	82208657	"-"	"chr8-82208657"
"Polyclonal_95pct"	"chr8"	82348021	"-"	"chr8-82348021"
"Polyclonal_95pct"	"chr8"	82614702	"-"	"chr8-82614702"
"Polyclonal_95pct"	"chr8"	83035766	"-"	"chr8-83035766"
"Polyclonal_95pct"	"chr8"	83174641	"-"	"chr8-83174641"
"Polyclonal_95pct"	"chr8"	83305035	"-"	"chr8-83305035"
"Polyclonal_95pct"	"chr8"	84217592	"-"	"chr8-84217592"
"Polyclonal_95pct"	"chr8"	84408343	"-"	"chr8-84408343"
"Polyclonal_95pct"	"chr8"	85089730	"-"	"chr8-85089730"
"Polyclonal_95pct"	"chr8"	87587340	"-"	"chr8-87587340"
"Polyclonal_95pct"	"chr8"	87645044	"-"	"chr8-87645044"
"Polyclonal_95pct"	"chr8"	89190795	"-"	"chr8-89190795"
"Polyclonal_95pct"	"chr8"	89287731	"-"	"chr8-89287731"
"Polyclonal_95pct"	"chr8"	92590739	"-"	"chr8-92590739"
"Polyclonal_95pct"	"chr8"	93446295	"-"	"chr8-93446295"
"Polyclonal_95pct"	"chr8"	93643307	"-"	"chr8-93643307"
"Polyclonal_95pct"	"chr8"	93795911	"-"	"chr8-93795911"
"Polyclonal_95pct"	"chr8"	95350289	"-"	"chr8-95350289"
"Polyclonal_95pct"	"chr8"	95579756	"-"	"chr8-95579756"
"Polyclonal_95pct"	"chr8"	95644667	"-"	"chr8-95644667"
"Polyclonal_95pct"	"chr8"	95904232	"-"	"chr8-95904232"
"Polyclonal_95pct"	"chr8"	96034238	"-"	"chr8-96034238"
"Polyclonal_95pct"	"chr8"	96991892	"-"	"chr8-96991892"
"Polyclonal_95pct"	"chr8"	98042230	"-"	"chr8-98042230"
"Polyclonal_95pct"	"chr8"	99043834	"-"	"chr8-99043834"
"Polyclonal_95pct"	"chr8"	99513857	"-"	"chr8-99513857"
"Polyclonal_95pct"	"chr8"	99548692	"-"	"chr8-99548692"
"Polyclonal_95pct"	"chr8"	99637874	"-"	"chr8-99637874"
"Polyclonal_95pct"	"chr8"	99836717	"-"	"chr8-99836717"
"Polyclonal_95pct"	"chr8"	100363120	"-"	"chr8-100363120"
"Polyclonal_95pct"	"chr8"	101719056	"-"	"chr8-101719056"
"Polyclonal_95pct"	"chr8"	101808168	"-"	"chr8-101808168"
"Polyclonal_95pct"	"chr8"	102182430	"-"	"chr8-102182430"
"Polyclonal_95pct"	"chr8"	103328248	"-"	"chr8-103328248"
"Polyclonal_95pct"	"chr8"	103927747	"-"	"chr8-103927747"
"Polyclonal_95pct"	"chr8"	103930470	"-"	"chr8-103930470"
"Polyclonal_95pct"	"chr8"	104039067	"-"	"chr8-104039067"
"Polyclonal_95pct"	"chr8"	104071802	"-"	"chr8-104071802"
"Polyclonal_95pct"	"chr8"	104598244	"-"	"chr8-104598244"
"Polyclonal_95pct"	"chr8"	105311312	"-"	"chr8-105311312"
"Polyclonal_95pct"	"chr8"	105315220	"-"	"chr8-105315220"
"Polyclonal_95pct"	"chr8"	106042700	"-"	"chr8-106042700"
"Polyclonal_95pct"	"chr8"	106278634	"-"	"chr8-106278634"
"Polyclonal_95pct"	"chr8"	107039887	"-"	"chr8-107039887"
"Polyclonal_95pct"	"chr8"	108473904	"-"	"chr8-108473904"
"Polyclonal_95pct"	"chr8"	109826333	"-"	"chr8-109826333"
"Polyclonal_95pct"	"chr8"	110283917	"-"	"chr8-110283917"
"Polyclonal_95pct"	"chr8"	110490571	"-"	"chr8-110490571"
"Polyclonal_95pct"	"chr8"	110768946	"-"	"chr8-110768946"
"Polyclonal_95pct"	"chr8"	110841800	"-"	"chr8-110841800"
"Polyclonal_95pct"	"chr8"	111050560	"-"	"chr8-111050560"
"Polyclonal_95pct"	"chr8"	111587529	"-"	"chr8-111587529"
"Polyclonal_95pct"	"chr8"	111730479	"-"	"chr8-111730479"
"Polyclonal_95pct"	"chr8"	112256941	"-"	"chr8-112256941"
"Polyclonal_95pct"	"chr8"	112591358	"-"	"chr8-112591358"
"Polyclonal_95pct"	"chr8"	113188240	"-"	"chr8-113188240"
"Polyclonal_95pct"	"chr8"	113415537	"-"	"chr8-113415537"
"Polyclonal_95pct"	"chr8"	113583091	"-"	"chr8-113583091"
"Polyclonal_95pct"	"chr8"	113944059	"-"	"chr8-113944059"
"Polyclonal_95pct"	"chr8"	117493424	"-"	"chr8-117493424"
"Polyclonal_95pct"	"chr8"	118044290	"-"	"chr8-118044290"
"Polyclonal_95pct"	"chr8"	118286039	"-"	"chr8-118286039"
"Polyclonal_95pct"	"chr8"	118398277	"-"	"chr8-118398277"
"Polyclonal_95pct"	"chr8"	118497021	"-"	"chr8-118497021"
"Polyclonal_95pct"	"chr8"	119736036	"-"	"chr8-119736036"
"Polyclonal_95pct"	"chr8"	120788042	"-"	"chr8-120788042"
"Polyclonal_95pct"	"chr8"	122101877	"-"	"chr8-122101877"
"Polyclonal_95pct"	"chr8"	125138417	"-"	"chr8-125138417"
"Polyclonal_95pct"	"chr8"	128469543	"-"	"chr8-128469543"
"Polyclonal_95pct"	"chr8"	129899281	"-"	"chr8-129899281"
"Polyclonal_95pct"	"chr8"	131680665	"-"	"chr8-131680665"
"Polyclonal_95pct"	"chr8"	136304182	"-"	"chr8-136304182"
"Polyclonal_95pct"	"chr8"	136709671	"-"	"chr8-136709671"
"Polyclonal_95pct"	"chr8"	137545456	"-"	"chr8-137545456"
"Polyclonal_95pct"	"chr8"	144236143	"-"	"chr8-144236143"
"Polyclonal_95pct"	"chr8"	144266231	"-"	"chr8-144266231"
"Polyclonal_95pct"	"chr8"	144832404	"-"	"chr8-144832404"
"Polyclonal_95pct"	"chr8"	144961466	"-"	"chr8-144961466"
"Polyclonal_95pct"	"chr9"	257545	"+"	"chr9+257545"
"Polyclonal_95pct"	"chr9"	1820196	"+"	"chr9+1820196"
"Polyclonal_95pct"	"chr9"	2031445	"+"	"chr9+2031445"
"Polyclonal_95pct"	"chr9"	3491303	"+"	"chr9+3491303"
"Polyclonal_95pct"	"chr9"	5990536	"+"	"chr9+5990536"
"Polyclonal_95pct"	"chr9"	6945224	"+"	"chr9+6945224"
"Polyclonal_95pct"	"chr9"	8510315	"+"	"chr9+8510315"
"Polyclonal_95pct"	"chr9"	8754345	"+"	"chr9+8754345"
"Polyclonal_95pct"	"chr9"	8813429	"+"	"chr9+8813429"
"Polyclonal_95pct"	"chr9"	8972207	"+"	"chr9+8972207"
"Polyclonal_95pct"	"chr9"	9330681	"+"	"chr9+9330681"
"Polyclonal_95pct"	"chr9"	9416691	"+"	"chr9+9416691"
"Polyclonal_95pct"	"chr9"	9592822	"+"	"chr9+9592822"
"Polyclonal_95pct"	"chr9"	10496741	"+"	"chr9+10496741"
"Polyclonal_95pct"	"chr9"	11274013	"+"	"chr9+11274013"
"Polyclonal_95pct"	"chr9"	11352457	"+"	"chr9+11352457"
"Polyclonal_95pct"	"chr9"	11755400	"+"	"chr9+11755400"
"Polyclonal_95pct"	"chr9"	11971575	"+"	"chr9+11971575"
"Polyclonal_95pct"	"chr9"	12103720	"+"	"chr9+12103720"
"Polyclonal_95pct"	"chr9"	12117825	"+"	"chr9+12117825"
"Polyclonal_95pct"	"chr9"	12209880	"+"	"chr9+12209880"
"Polyclonal_95pct"	"chr9"	12706684	"+"	"chr9+12706684"
"Polyclonal_95pct"	"chr9"	12806214	"+"	"chr9+12806214"
"Polyclonal_95pct"	"chr9"	16722890	"+"	"chr9+16722890"
"Polyclonal_95pct"	"chr9"	17337665	"+"	"chr9+17337665"
"Polyclonal_95pct"	"chr9"	17564287	"+"	"chr9+17564287"
"Polyclonal_95pct"	"chr9"	17739606	"+"	"chr9+17739606"
"Polyclonal_95pct"	"chr9"	18337389	"+"	"chr9+18337389"
"Polyclonal_95pct"	"chr9"	19319696	"+"	"chr9+19319696"
"Polyclonal_95pct"	"chr9"	19622429	"+"	"chr9+19622429"
"Polyclonal_95pct"	"chr9"	20127982	"+"	"chr9+20127982"
"Polyclonal_95pct"	"chr9"	21417145	"+"	"chr9+21417145"
"Polyclonal_95pct"	"chr9"	22084563	"+"	"chr9+22084563"
"Polyclonal_95pct"	"chr9"	22720954	"+"	"chr9+22720954"
"Polyclonal_95pct"	"chr9"	24541422	"+"	"chr9+24541422"
"Polyclonal_95pct"	"chr9"	24708632	"+"	"chr9+24708632"
"Polyclonal_95pct"	"chr9"	26289128	"+"	"chr9+26289128"
"Polyclonal_95pct"	"chr9"	28200829	"+"	"chr9+28200829"
"Polyclonal_95pct"	"chr9"	28215332	"+"	"chr9+28215332"
"Polyclonal_95pct"	"chr9"	28391318	"+"	"chr9+28391318"
"Polyclonal_95pct"	"chr9"	28866314	"+"	"chr9+28866314"
"Polyclonal_95pct"	"chr9"	29698686	"+"	"chr9+29698686"
"Polyclonal_95pct"	"chr9"	30126860	"+"	"chr9+30126860"
"Polyclonal_95pct"	"chr9"	31452267	"+"	"chr9+31452267"
"Polyclonal_95pct"	"chr9"	33782408	"+"	"chr9+33782408"
"Polyclonal_95pct"	"chr9"	34742667	"+"	"chr9+34742667"
"Polyclonal_95pct"	"chr9"	34806899	"+"	"chr9+34806899"
"Polyclonal_95pct"	"chr9"	35238796	"+"	"chr9+35238796"
"Polyclonal_95pct"	"chr9"	35711497	"+"	"chr9+35711497"
"Polyclonal_95pct"	"chr9"	37264366	"+"	"chr9+37264366"
"Polyclonal_95pct"	"chr9"	37293351	"+"	"chr9+37293351"
"Polyclonal_95pct"	"chr9"	37764868	"+"	"chr9+37764868"
"Polyclonal_95pct"	"chr9"	40014710	"+"	"chr9+40014710"
"Polyclonal_95pct"	"chr9"	42330009	"+"	"chr9+42330009"
"Polyclonal_95pct"	"chr9"	42837150	"+"	"chr9+42837150"
"Polyclonal_95pct"	"chr9"	68654978	"+"	"chr9+68654978"
"Polyclonal_95pct"	"chr9"	68755240	"+"	"chr9+68755240"
"Polyclonal_95pct"	"chr9"	68822884	"+"	"chr9+68822884"
"Polyclonal_95pct"	"chr9"	68837597	"+"	"chr9+68837597"
"Polyclonal_95pct"	"chr9"	69888927	"+"	"chr9+69888927"
"Polyclonal_95pct"	"chr9"	71431441	"+"	"chr9+71431441"
"Polyclonal_95pct"	"chr9"	71431654	"+"	"chr9+71431654"
"Polyclonal_95pct"	"chr9"	71888496	"+"	"chr9+71888496"
"Polyclonal_95pct"	"chr9"	71951722	"+"	"chr9+71951722"
"Polyclonal_95pct"	"chr9"	73150477	"+"	"chr9+73150477"
"Polyclonal_95pct"	"chr9"	73510909	"+"	"chr9+73510909"
"Polyclonal_95pct"	"chr9"	73543931	"+"	"chr9+73543931"
"Polyclonal_95pct"	"chr9"	73544032	"+"	"chr9+73544032"
"Polyclonal_95pct"	"chr9"	73745941	"+"	"chr9+73745941"
"Polyclonal_95pct"	"chr9"	73797489	"+"	"chr9+73797489"
"Polyclonal_95pct"	"chr9"	74256645	"+"	"chr9+74256645"
"Polyclonal_95pct"	"chr9"	74286483	"+"	"chr9+74286483"
"Polyclonal_95pct"	"chr9"	75129243	"+"	"chr9+75129243"
"Polyclonal_95pct"	"chr9"	76250563	"+"	"chr9+76250563"
"Polyclonal_95pct"	"chr9"	79448735	"+"	"chr9+79448735"
"Polyclonal_95pct"	"chr9"	80440843	"+"	"chr9+80440843"
"Polyclonal_95pct"	"chr9"	80852305	"+"	"chr9+80852305"
"Polyclonal_95pct"	"chr9"	82308252	"+"	"chr9+82308252"
"Polyclonal_95pct"	"chr9"	83933427	"+"	"chr9+83933427"
"Polyclonal_95pct"	"chr9"	85053664	"+"	"chr9+85053664"
"Polyclonal_95pct"	"chr9"	85666487	"+"	"chr9+85666487"
"Polyclonal_95pct"	"chr9"	86294051	"+"	"chr9+86294051"
"Polyclonal_95pct"	"chr9"	89767256	"+"	"chr9+89767256"
"Polyclonal_95pct"	"chr9"	91290227	"+"	"chr9+91290227"
"Polyclonal_95pct"	"chr9"	91404629	"+"	"chr9+91404629"
"Polyclonal_95pct"	"chr9"	95904515	"+"	"chr9+95904515"
"Polyclonal_95pct"	"chr9"	96828526	"+"	"chr9+96828526"
"Polyclonal_95pct"	"chr9"	99151481	"+"	"chr9+99151481"
"Polyclonal_95pct"	"chr9"	100577293	"+"	"chr9+100577293"
"Polyclonal_95pct"	"chr9"	102084752	"+"	"chr9+102084752"
"Polyclonal_95pct"	"chr9"	102406131	"+"	"chr9+102406131"
"Polyclonal_95pct"	"chr9"	102463874	"+"	"chr9+102463874"
"Polyclonal_95pct"	"chr9"	102565345	"+"	"chr9+102565345"
"Polyclonal_95pct"	"chr9"	102722084	"+"	"chr9+102722084"
"Polyclonal_95pct"	"chr9"	102739963	"+"	"chr9+102739963"
"Polyclonal_95pct"	"chr9"	104615780	"+"	"chr9+104615780"
"Polyclonal_95pct"	"chr9"	104635669	"+"	"chr9+104635669"
"Polyclonal_95pct"	"chr9"	104676572	"+"	"chr9+104676572"
"Polyclonal_95pct"	"chr9"	105141306	"+"	"chr9+105141306"
"Polyclonal_95pct"	"chr9"	106092962	"+"	"chr9+106092962"
"Polyclonal_95pct"	"chr9"	107245193	"+"	"chr9+107245193"
"Polyclonal_95pct"	"chr9"	107262108	"+"	"chr9+107262108"
"Polyclonal_95pct"	"chr9"	108130399	"+"	"chr9+108130399"
"Polyclonal_95pct"	"chr9"	108175648	"+"	"chr9+108175648"
"Polyclonal_95pct"	"chr9"	108282815	"+"	"chr9+108282815"
"Polyclonal_95pct"	"chr9"	110460614	"+"	"chr9+110460614"
"Polyclonal_95pct"	"chr9"	110832337	"+"	"chr9+110832337"
"Polyclonal_95pct"	"chr9"	111232805	"+"	"chr9+111232805"
"Polyclonal_95pct"	"chr9"	114564051	"+"	"chr9+114564051"
"Polyclonal_95pct"	"chr9"	117030630	"+"	"chr9+117030630"
"Polyclonal_95pct"	"chr9"	117111722	"+"	"chr9+117111722"
"Polyclonal_95pct"	"chr9"	117673043	"+"	"chr9+117673043"
"Polyclonal_95pct"	"chr9"	118055494	"+"	"chr9+118055494"
"Polyclonal_95pct"	"chr9"	118286233	"+"	"chr9+118286233"
"Polyclonal_95pct"	"chr9"	118429747	"+"	"chr9+118429747"
"Polyclonal_95pct"	"chr9"	120610471	"+"	"chr9+120610471"
"Polyclonal_95pct"	"chr9"	120678237	"+"	"chr9+120678237"
"Polyclonal_95pct"	"chr9"	120923004	"+"	"chr9+120923004"
"Polyclonal_95pct"	"chr9"	123049522	"+"	"chr9+123049522"
"Polyclonal_95pct"	"chr9"	127279349	"+"	"chr9+127279349"
"Polyclonal_95pct"	"chr9"	127841505	"+"	"chr9+127841505"
"Polyclonal_95pct"	"chr9"	127842627	"+"	"chr9+127842627"
"Polyclonal_95pct"	"chr9"	127984777	"+"	"chr9+127984777"
"Polyclonal_95pct"	"chr9"	128063059	"+"	"chr9+128063059"
"Polyclonal_95pct"	"chr9"	128669659	"+"	"chr9+128669659"
"Polyclonal_95pct"	"chr9"	128759035	"+"	"chr9+128759035"
"Polyclonal_95pct"	"chr9"	128960821	"+"	"chr9+128960821"
"Polyclonal_95pct"	"chr9"	128968554	"+"	"chr9+128968554"
"Polyclonal_95pct"	"chr9"	128983591	"+"	"chr9+128983591"
"Polyclonal_95pct"	"chr9"	129935600	"+"	"chr9+129935600"
"Polyclonal_95pct"	"chr9"	131168438	"+"	"chr9+131168438"
"Polyclonal_95pct"	"chr9"	131217485	"+"	"chr9+131217485"
"Polyclonal_95pct"	"chr9"	132918081	"+"	"chr9+132918081"
"Polyclonal_95pct"	"chr9"	132920052	"+"	"chr9+132920052"
"Polyclonal_95pct"	"chr9"	133054871	"+"	"chr9+133054871"
"Polyclonal_95pct"	"chr9"	135232680	"+"	"chr9+135232680"
"Polyclonal_95pct"	"chr9"	135897140	"+"	"chr9+135897140"
"Polyclonal_95pct"	"chr9"	136235382	"+"	"chr9+136235382"
"Polyclonal_95pct"	"chr9"	136412724	"+"	"chr9+136412724"
"Polyclonal_95pct"	"chr9"	136923330	"+"	"chr9+136923330"
"Polyclonal_95pct"	"chr9"	136925632	"+"	"chr9+136925632"
"Polyclonal_95pct"	"chr9"	136930231	"+"	"chr9+136930231"
"Polyclonal_95pct"	"chr9"	136930999	"+"	"chr9+136930999"
"Polyclonal_95pct"	"chr9"	137263716	"+"	"chr9+137263716"
"Polyclonal_95pct"	"chr9"	1598006	"-"	"chr9-1598006"
"Polyclonal_95pct"	"chr9"	1906781	"-"	"chr9-1906781"
"Polyclonal_95pct"	"chr9"	3599331	"-"	"chr9-3599331"
"Polyclonal_95pct"	"chr9"	4537341	"-"	"chr9-4537341"
"Polyclonal_95pct"	"chr9"	5748411	"-"	"chr9-5748411"
"Polyclonal_95pct"	"chr9"	5962552	"-"	"chr9-5962552"
"Polyclonal_95pct"	"chr9"	6361292	"-"	"chr9-6361292"
"Polyclonal_95pct"	"chr9"	9434185	"-"	"chr9-9434185"
"Polyclonal_95pct"	"chr9"	9515140	"-"	"chr9-9515140"
"Polyclonal_95pct"	"chr9"	9528886	"-"	"chr9-9528886"
"Polyclonal_95pct"	"chr9"	9632730	"-"	"chr9-9632730"
"Polyclonal_95pct"	"chr9"	9849384	"-"	"chr9-9849384"
"Polyclonal_95pct"	"chr9"	9894638	"-"	"chr9-9894638"
"Polyclonal_95pct"	"chr9"	9896302	"-"	"chr9-9896302"
"Polyclonal_95pct"	"chr9"	10009052	"-"	"chr9-10009052"
"Polyclonal_95pct"	"chr9"	10221927	"-"	"chr9-10221927"
"Polyclonal_95pct"	"chr9"	11937804	"-"	"chr9-11937804"
"Polyclonal_95pct"	"chr9"	12059991	"-"	"chr9-12059991"
"Polyclonal_95pct"	"chr9"	12650163	"-"	"chr9-12650163"
"Polyclonal_95pct"	"chr9"	14093132	"-"	"chr9-14093132"
"Polyclonal_95pct"	"chr9"	14914553	"-"	"chr9-14914553"
"Polyclonal_95pct"	"chr9"	17143180	"-"	"chr9-17143180"
"Polyclonal_95pct"	"chr9"	17507686	"-"	"chr9-17507686"
"Polyclonal_95pct"	"chr9"	17971525	"-"	"chr9-17971525"
"Polyclonal_95pct"	"chr9"	18233298	"-"	"chr9-18233298"
"Polyclonal_95pct"	"chr9"	20677835	"-"	"chr9-20677835"
"Polyclonal_95pct"	"chr9"	21751897	"-"	"chr9-21751897"
"Polyclonal_95pct"	"chr9"	22867333	"-"	"chr9-22867333"
"Polyclonal_95pct"	"chr9"	23886532	"-"	"chr9-23886532"
"Polyclonal_95pct"	"chr9"	23990125	"-"	"chr9-23990125"
"Polyclonal_95pct"	"chr9"	24474503	"-"	"chr9-24474503"
"Polyclonal_95pct"	"chr9"	24566164	"-"	"chr9-24566164"
"Polyclonal_95pct"	"chr9"	24701613	"-"	"chr9-24701613"
"Polyclonal_95pct"	"chr9"	25215194	"-"	"chr9-25215194"
"Polyclonal_95pct"	"chr9"	25237263	"-"	"chr9-25237263"
"Polyclonal_95pct"	"chr9"	27951930	"-"	"chr9-27951930"
"Polyclonal_95pct"	"chr9"	28213374	"-"	"chr9-28213374"
"Polyclonal_95pct"	"chr9"	28309957	"-"	"chr9-28309957"
"Polyclonal_95pct"	"chr9"	28505730	"-"	"chr9-28505730"
"Polyclonal_95pct"	"chr9"	28538585	"-"	"chr9-28538585"
"Polyclonal_95pct"	"chr9"	29392766	"-"	"chr9-29392766"
"Polyclonal_95pct"	"chr9"	29518847	"-"	"chr9-29518847"
"Polyclonal_95pct"	"chr9"	29755271	"-"	"chr9-29755271"
"Polyclonal_95pct"	"chr9"	30218678	"-"	"chr9-30218678"
"Polyclonal_95pct"	"chr9"	31499481	"-"	"chr9-31499481"
"Polyclonal_95pct"	"chr9"	31674793	"-"	"chr9-31674793"
"Polyclonal_95pct"	"chr9"	32130477	"-"	"chr9-32130477"
"Polyclonal_95pct"	"chr9"	33543114	"-"	"chr9-33543114"
"Polyclonal_95pct"	"chr9"	33564678	"-"	"chr9-33564678"
"Polyclonal_95pct"	"chr9"	35411227	"-"	"chr9-35411227"
"Polyclonal_95pct"	"chr9"	36067963	"-"	"chr9-36067963"
"Polyclonal_95pct"	"chr9"	37142777	"-"	"chr9-37142777"
"Polyclonal_95pct"	"chr9"	37331964	"-"	"chr9-37331964"
"Polyclonal_95pct"	"chr9"	41449926	"-"	"chr9-41449926"
"Polyclonal_95pct"	"chr9"	41930550	"-"	"chr9-41930550"
"Polyclonal_95pct"	"chr9"	42407315	"-"	"chr9-42407315"
"Polyclonal_95pct"	"chr9"	65684863	"-"	"chr9-65684863"
"Polyclonal_95pct"	"chr9"	69560719	"-"	"chr9-69560719"
"Polyclonal_95pct"	"chr9"	70433665	"-"	"chr9-70433665"
"Polyclonal_95pct"	"chr9"	70863707	"-"	"chr9-70863707"
"Polyclonal_95pct"	"chr9"	71627204	"-"	"chr9-71627204"
"Polyclonal_95pct"	"chr9"	72338785	"-"	"chr9-72338785"
"Polyclonal_95pct"	"chr9"	72647175	"-"	"chr9-72647175"
"Polyclonal_95pct"	"chr9"	73426102	"-"	"chr9-73426102"
"Polyclonal_95pct"	"chr9"	74334677	"-"	"chr9-74334677"
"Polyclonal_95pct"	"chr9"	74511994	"-"	"chr9-74511994"
"Polyclonal_95pct"	"chr9"	74583167	"-"	"chr9-74583167"
"Polyclonal_95pct"	"chr9"	74988978	"-"	"chr9-74988978"
"Polyclonal_95pct"	"chr9"	76827625	"-"	"chr9-76827625"
"Polyclonal_95pct"	"chr9"	80712012	"-"	"chr9-80712012"
"Polyclonal_95pct"	"chr9"	81402392	"-"	"chr9-81402392"
"Polyclonal_95pct"	"chr9"	83040226	"-"	"chr9-83040226"
"Polyclonal_95pct"	"chr9"	83168768	"-"	"chr9-83168768"
"Polyclonal_95pct"	"chr9"	83662069	"-"	"chr9-83662069"
"Polyclonal_95pct"	"chr9"	85994835	"-"	"chr9-85994835"
"Polyclonal_95pct"	"chr9"	86007458	"-"	"chr9-86007458"
"Polyclonal_95pct"	"chr9"	86294055	"-"	"chr9-86294055"
"Polyclonal_95pct"	"chr9"	87135829	"-"	"chr9-87135829"
"Polyclonal_95pct"	"chr9"	90313364	"-"	"chr9-90313364"
"Polyclonal_95pct"	"chr9"	91322707	"-"	"chr9-91322707"
"Polyclonal_95pct"	"chr9"	100495093	"-"	"chr9-100495093"
"Polyclonal_95pct"	"chr9"	100519887	"-"	"chr9-100519887"
"Polyclonal_95pct"	"chr9"	101389474	"-"	"chr9-101389474"
"Polyclonal_95pct"	"chr9"	101674758	"-"	"chr9-101674758"
"Polyclonal_95pct"	"chr9"	102679752	"-"	"chr9-102679752"
"Polyclonal_95pct"	"chr9"	102691306	"-"	"chr9-102691306"
"Polyclonal_95pct"	"chr9"	103337172	"-"	"chr9-103337172"
"Polyclonal_95pct"	"chr9"	104249609	"-"	"chr9-104249609"
"Polyclonal_95pct"	"chr9"	105025586	"-"	"chr9-105025586"
"Polyclonal_95pct"	"chr9"	106849606	"-"	"chr9-106849606"
"Polyclonal_95pct"	"chr9"	109018771	"-"	"chr9-109018771"
"Polyclonal_95pct"	"chr9"	109149280	"-"	"chr9-109149280"
"Polyclonal_95pct"	"chr9"	109936293	"-"	"chr9-109936293"
"Polyclonal_95pct"	"chr9"	111055421	"-"	"chr9-111055421"
"Polyclonal_95pct"	"chr9"	111444353	"-"	"chr9-111444353"
"Polyclonal_95pct"	"chr9"	111494010	"-"	"chr9-111494010"
"Polyclonal_95pct"	"chr9"	112874737	"-"	"chr9-112874737"
"Polyclonal_95pct"	"chr9"	113724789	"-"	"chr9-113724789"
"Polyclonal_95pct"	"chr9"	114189399	"-"	"chr9-114189399"
"Polyclonal_95pct"	"chr9"	114444373	"-"	"chr9-114444373"
"Polyclonal_95pct"	"chr9"	115183935	"-"	"chr9-115183935"
"Polyclonal_95pct"	"chr9"	117176484	"-"	"chr9-117176484"
"Polyclonal_95pct"	"chr9"	117571180	"-"	"chr9-117571180"
"Polyclonal_95pct"	"chr9"	118436865	"-"	"chr9-118436865"
"Polyclonal_95pct"	"chr9"	119145091	"-"	"chr9-119145091"
"Polyclonal_95pct"	"chr9"	120651185	"-"	"chr9-120651185"
"Polyclonal_95pct"	"chr9"	120991907	"-"	"chr9-120991907"
"Polyclonal_95pct"	"chr9"	123319665	"-"	"chr9-123319665"
"Polyclonal_95pct"	"chr9"	123752147	"-"	"chr9-123752147"
"Polyclonal_95pct"	"chr9"	123839910	"-"	"chr9-123839910"
"Polyclonal_95pct"	"chr9"	124755092	"-"	"chr9-124755092"
"Polyclonal_95pct"	"chr9"	124953142	"-"	"chr9-124953142"
"Polyclonal_95pct"	"chr9"	125916851	"-"	"chr9-125916851"
"Polyclonal_95pct"	"chr9"	127397977	"-"	"chr9-127397977"
"Polyclonal_95pct"	"chr9"	127657449	"-"	"chr9-127657449"
"Polyclonal_95pct"	"chr9"	128638380	"-"	"chr9-128638380"
"Polyclonal_95pct"	"chr9"	129055810	"-"	"chr9-129055810"
"Polyclonal_95pct"	"chr9"	129249317	"-"	"chr9-129249317"
"Polyclonal_95pct"	"chr9"	129943457	"-"	"chr9-129943457"
"Polyclonal_95pct"	"chr9"	130019007	"-"	"chr9-130019007"
"Polyclonal_95pct"	"chr9"	132304099	"-"	"chr9-132304099"
"Polyclonal_95pct"	"chr9"	132650833	"-"	"chr9-132650833"
"Polyclonal_95pct"	"chr9"	136446486	"-"	"chr9-136446486"
"Polyclonal_95pct"	"chr9"	136878554	"-"	"chr9-136878554"
"Polyclonal_95pct"	"chr9"	136912361	"-"	"chr9-136912361"
"Polyclonal_95pct"	"chr9"	136920175	"-"	"chr9-136920175"
"Polyclonal_95pct"	"chr9"	136929576	"-"	"chr9-136929576"
"Polyclonal_95pct"	"chr9"	136930235	"-"	"chr9-136930235"
"Polyclonal_95pct"	"chr9"	136931920	"-"	"chr9-136931920"
"Polyclonal_95pct"	"chr9"	136932303	"-"	"chr9-136932303"
"Polyclonal_95pct"	"chr10"	120383	"+"	"chr10+120383"
"Polyclonal_95pct"	"chr10"	876606	"+"	"chr10+876606"
"Polyclonal_95pct"	"chr10"	1002028	"+"	"chr10+1002028"
"Polyclonal_95pct"	"chr10"	1081820	"+"	"chr10+1081820"
"Polyclonal_95pct"	"chr10"	4216217	"+"	"chr10+4216217"
"Polyclonal_95pct"	"chr10"	5193954	"+"	"chr10+5193954"
"Polyclonal_95pct"	"chr10"	6980533	"+"	"chr10+6980533"
"Polyclonal_95pct"	"chr10"	10232540	"+"	"chr10+10232540"
"Polyclonal_95pct"	"chr10"	12429424	"+"	"chr10+12429424"
"Polyclonal_95pct"	"chr10"	14468225	"+"	"chr10+14468225"
"Polyclonal_95pct"	"chr10"	17767635	"+"	"chr10+17767635"
"Polyclonal_95pct"	"chr10"	18761872	"+"	"chr10+18761872"
"Polyclonal_95pct"	"chr10"	19367758	"+"	"chr10+19367758"
"Polyclonal_95pct"	"chr10"	19983890	"+"	"chr10+19983890"
"Polyclonal_95pct"	"chr10"	21915207	"+"	"chr10+21915207"
"Polyclonal_95pct"	"chr10"	21978627	"+"	"chr10+21978627"
"Polyclonal_95pct"	"chr10"	22548862	"+"	"chr10+22548862"
"Polyclonal_95pct"	"chr10"	22668317	"+"	"chr10+22668317"
"Polyclonal_95pct"	"chr10"	23501555	"+"	"chr10+23501555"
"Polyclonal_95pct"	"chr10"	24142128	"+"	"chr10+24142128"
"Polyclonal_95pct"	"chr10"	24629142	"+"	"chr10+24629142"
"Polyclonal_95pct"	"chr10"	24996788	"+"	"chr10+24996788"
"Polyclonal_95pct"	"chr10"	25483816	"+"	"chr10+25483816"
"Polyclonal_95pct"	"chr10"	26116144	"+"	"chr10+26116144"
"Polyclonal_95pct"	"chr10"	26803542	"+"	"chr10+26803542"
"Polyclonal_95pct"	"chr10"	27121488	"+"	"chr10+27121488"
"Polyclonal_95pct"	"chr10"	31898899	"+"	"chr10+31898899"
"Polyclonal_95pct"	"chr10"	32026669	"+"	"chr10+32026669"
"Polyclonal_95pct"	"chr10"	32407546	"+"	"chr10+32407546"
"Polyclonal_95pct"	"chr10"	34614451	"+"	"chr10+34614451"
"Polyclonal_95pct"	"chr10"	35020503	"+"	"chr10+35020503"
"Polyclonal_95pct"	"chr10"	36171183	"+"	"chr10+36171183"
"Polyclonal_95pct"	"chr10"	37223737	"+"	"chr10+37223737"
"Polyclonal_95pct"	"chr10"	37848406	"+"	"chr10+37848406"
"Polyclonal_95pct"	"chr10"	47004412	"+"	"chr10+47004412"
"Polyclonal_95pct"	"chr10"	47114052	"+"	"chr10+47114052"
"Polyclonal_95pct"	"chr10"	48753313	"+"	"chr10+48753313"
"Polyclonal_95pct"	"chr10"	48851196	"+"	"chr10+48851196"
"Polyclonal_95pct"	"chr10"	50976339	"+"	"chr10+50976339"
"Polyclonal_95pct"	"chr10"	51696669	"+"	"chr10+51696669"
"Polyclonal_95pct"	"chr10"	52649155	"+"	"chr10+52649155"
"Polyclonal_95pct"	"chr10"	52975457	"+"	"chr10+52975457"
"Polyclonal_95pct"	"chr10"	53459730	"+"	"chr10+53459730"
"Polyclonal_95pct"	"chr10"	53866853	"+"	"chr10+53866853"
"Polyclonal_95pct"	"chr10"	54568892	"+"	"chr10+54568892"
"Polyclonal_95pct"	"chr10"	55722418	"+"	"chr10+55722418"
"Polyclonal_95pct"	"chr10"	56389084	"+"	"chr10+56389084"
"Polyclonal_95pct"	"chr10"	56648299	"+"	"chr10+56648299"
"Polyclonal_95pct"	"chr10"	57553722	"+"	"chr10+57553722"
"Polyclonal_95pct"	"chr10"	58277823	"+"	"chr10+58277823"
"Polyclonal_95pct"	"chr10"	60507566	"+"	"chr10+60507566"
"Polyclonal_95pct"	"chr10"	60563956	"+"	"chr10+60563956"
"Polyclonal_95pct"	"chr10"	60801361	"+"	"chr10+60801361"
"Polyclonal_95pct"	"chr10"	63494504	"+"	"chr10+63494504"
"Polyclonal_95pct"	"chr10"	63623763	"+"	"chr10+63623763"
"Polyclonal_95pct"	"chr10"	65145117	"+"	"chr10+65145117"
"Polyclonal_95pct"	"chr10"	65764709	"+"	"chr10+65764709"
"Polyclonal_95pct"	"chr10"	66683094	"+"	"chr10+66683094"
"Polyclonal_95pct"	"chr10"	66766158	"+"	"chr10+66766158"
"Polyclonal_95pct"	"chr10"	72177246	"+"	"chr10+72177246"
"Polyclonal_95pct"	"chr10"	72270935	"+"	"chr10+72270935"
"Polyclonal_95pct"	"chr10"	72606596	"+"	"chr10+72606596"
"Polyclonal_95pct"	"chr10"	72791984	"+"	"chr10+72791984"
"Polyclonal_95pct"	"chr10"	73211415	"+"	"chr10+73211415"
"Polyclonal_95pct"	"chr10"	73650508	"+"	"chr10+73650508"
"Polyclonal_95pct"	"chr10"	73751544	"+"	"chr10+73751544"
"Polyclonal_95pct"	"chr10"	74167612	"+"	"chr10+74167612"
"Polyclonal_95pct"	"chr10"	74289365	"+"	"chr10+74289365"
"Polyclonal_95pct"	"chr10"	74686497	"+"	"chr10+74686497"
"Polyclonal_95pct"	"chr10"	82073030	"+"	"chr10+82073030"
"Polyclonal_95pct"	"chr10"	83280171	"+"	"chr10+83280171"
"Polyclonal_95pct"	"chr10"	83577540	"+"	"chr10+83577540"
"Polyclonal_95pct"	"chr10"	88211687	"+"	"chr10+88211687"
"Polyclonal_95pct"	"chr10"	89456911	"+"	"chr10+89456911"
"Polyclonal_95pct"	"chr10"	89717770	"+"	"chr10+89717770"
"Polyclonal_95pct"	"chr10"	89857902	"+"	"chr10+89857902"
"Polyclonal_95pct"	"chr10"	92028152	"+"	"chr10+92028152"
"Polyclonal_95pct"	"chr10"	92353023	"+"	"chr10+92353023"
"Polyclonal_95pct"	"chr10"	93739850	"+"	"chr10+93739850"
"Polyclonal_95pct"	"chr10"	95043819	"+"	"chr10+95043819"
"Polyclonal_95pct"	"chr10"	97250476	"+"	"chr10+97250476"
"Polyclonal_95pct"	"chr10"	97577852	"+"	"chr10+97577852"
"Polyclonal_95pct"	"chr10"	99231340	"+"	"chr10+99231340"
"Polyclonal_95pct"	"chr10"	99667354	"+"	"chr10+99667354"
"Polyclonal_95pct"	"chr10"	101522477	"+"	"chr10+101522477"
"Polyclonal_95pct"	"chr10"	101933885	"+"	"chr10+101933885"
"Polyclonal_95pct"	"chr10"	102702624	"+"	"chr10+102702624"
"Polyclonal_95pct"	"chr10"	103391941	"+"	"chr10+103391941"
"Polyclonal_95pct"	"chr10"	104349180	"+"	"chr10+104349180"
"Polyclonal_95pct"	"chr10"	105670001	"+"	"chr10+105670001"
"Polyclonal_95pct"	"chr10"	106068096	"+"	"chr10+106068096"
"Polyclonal_95pct"	"chr10"	106163890	"+"	"chr10+106163890"
"Polyclonal_95pct"	"chr10"	107369165	"+"	"chr10+107369165"
"Polyclonal_95pct"	"chr10"	108624992	"+"	"chr10+108624992"
"Polyclonal_95pct"	"chr10"	108721896	"+"	"chr10+108721896"
"Polyclonal_95pct"	"chr10"	109607624	"+"	"chr10+109607624"
"Polyclonal_95pct"	"chr10"	110263169	"+"	"chr10+110263169"
"Polyclonal_95pct"	"chr10"	110421804	"+"	"chr10+110421804"
"Polyclonal_95pct"	"chr10"	110450874	"+"	"chr10+110450874"
"Polyclonal_95pct"	"chr10"	110988607	"+"	"chr10+110988607"
"Polyclonal_95pct"	"chr10"	111749343	"+"	"chr10+111749343"
"Polyclonal_95pct"	"chr10"	112180178	"+"	"chr10+112180178"
"Polyclonal_95pct"	"chr10"	113707735	"+"	"chr10+113707735"
"Polyclonal_95pct"	"chr10"	113909236	"+"	"chr10+113909236"
"Polyclonal_95pct"	"chr10"	114951254	"+"	"chr10+114951254"
"Polyclonal_95pct"	"chr10"	114965856	"+"	"chr10+114965856"
"Polyclonal_95pct"	"chr10"	115121021	"+"	"chr10+115121021"
"Polyclonal_95pct"	"chr10"	115752522	"+"	"chr10+115752522"
"Polyclonal_95pct"	"chr10"	119804245	"+"	"chr10+119804245"
"Polyclonal_95pct"	"chr10"	120894293	"+"	"chr10+120894293"
"Polyclonal_95pct"	"chr10"	124981221	"+"	"chr10+124981221"
"Polyclonal_95pct"	"chr10"	125885506	"+"	"chr10+125885506"
"Polyclonal_95pct"	"chr10"	221380	"-"	"chr10-221380"
"Polyclonal_95pct"	"chr10"	221944	"-"	"chr10-221944"
"Polyclonal_95pct"	"chr10"	299578	"-"	"chr10-299578"
"Polyclonal_95pct"	"chr10"	472136	"-"	"chr10-472136"
"Polyclonal_95pct"	"chr10"	2743606	"-"	"chr10-2743606"
"Polyclonal_95pct"	"chr10"	2938260	"-"	"chr10-2938260"
"Polyclonal_95pct"	"chr10"	3997225	"-"	"chr10-3997225"
"Polyclonal_95pct"	"chr10"	4442763	"-"	"chr10-4442763"
"Polyclonal_95pct"	"chr10"	4913873	"-"	"chr10-4913873"
"Polyclonal_95pct"	"chr10"	4916273	"-"	"chr10-4916273"
"Polyclonal_95pct"	"chr10"	8435345	"-"	"chr10-8435345"
"Polyclonal_95pct"	"chr10"	8742848	"-"	"chr10-8742848"
"Polyclonal_95pct"	"chr10"	9188114	"-"	"chr10-9188114"
"Polyclonal_95pct"	"chr10"	10548887	"-"	"chr10-10548887"
"Polyclonal_95pct"	"chr10"	15795279	"-"	"chr10-15795279"
"Polyclonal_95pct"	"chr10"	15819251	"-"	"chr10-15819251"
"Polyclonal_95pct"	"chr10"	15972642	"-"	"chr10-15972642"
"Polyclonal_95pct"	"chr10"	16562752	"-"	"chr10-16562752"
"Polyclonal_95pct"	"chr10"	17096418	"-"	"chr10-17096418"
"Polyclonal_95pct"	"chr10"	17993774	"-"	"chr10-17993774"
"Polyclonal_95pct"	"chr10"	18507855	"-"	"chr10-18507855"
"Polyclonal_95pct"	"chr10"	19521415	"-"	"chr10-19521415"
"Polyclonal_95pct"	"chr10"	20030864	"-"	"chr10-20030864"
"Polyclonal_95pct"	"chr10"	20869025	"-"	"chr10-20869025"
"Polyclonal_95pct"	"chr10"	24380359	"-"	"chr10-24380359"
"Polyclonal_95pct"	"chr10"	24823675	"-"	"chr10-24823675"
"Polyclonal_95pct"	"chr10"	25298319	"-"	"chr10-25298319"
"Polyclonal_95pct"	"chr10"	27449743	"-"	"chr10-27449743"
"Polyclonal_95pct"	"chr10"	29244860	"-"	"chr10-29244860"
"Polyclonal_95pct"	"chr10"	31804577	"-"	"chr10-31804577"
"Polyclonal_95pct"	"chr10"	31810326	"-"	"chr10-31810326"
"Polyclonal_95pct"	"chr10"	32010447	"-"	"chr10-32010447"
"Polyclonal_95pct"	"chr10"	32931841	"-"	"chr10-32931841"
"Polyclonal_95pct"	"chr10"	34255817	"-"	"chr10-34255817"
"Polyclonal_95pct"	"chr10"	34343437	"-"	"chr10-34343437"
"Polyclonal_95pct"	"chr10"	36710091	"-"	"chr10-36710091"
"Polyclonal_95pct"	"chr10"	37140438	"-"	"chr10-37140438"
"Polyclonal_95pct"	"chr10"	37369528	"-"	"chr10-37369528"
"Polyclonal_95pct"	"chr10"	37564808	"-"	"chr10-37564808"
"Polyclonal_95pct"	"chr10"	37696405	"-"	"chr10-37696405"
"Polyclonal_95pct"	"chr10"	40070984	"-"	"chr10-40070984"
"Polyclonal_95pct"	"chr10"	42600483	"-"	"chr10-42600483"
"Polyclonal_95pct"	"chr10"	45501872	"-"	"chr10-45501872"
"Polyclonal_95pct"	"chr10"	48116625	"-"	"chr10-48116625"
"Polyclonal_95pct"	"chr10"	50466784	"-"	"chr10-50466784"
"Polyclonal_95pct"	"chr10"	50601706	"-"	"chr10-50601706"
"Polyclonal_95pct"	"chr10"	51731799	"-"	"chr10-51731799"
"Polyclonal_95pct"	"chr10"	53321972	"-"	"chr10-53321972"
"Polyclonal_95pct"	"chr10"	53603379	"-"	"chr10-53603379"
"Polyclonal_95pct"	"chr10"	53884187	"-"	"chr10-53884187"
"Polyclonal_95pct"	"chr10"	54588499	"-"	"chr10-54588499"
"Polyclonal_95pct"	"chr10"	54688842	"-"	"chr10-54688842"
"Polyclonal_95pct"	"chr10"	54926979	"-"	"chr10-54926979"
"Polyclonal_95pct"	"chr10"	56055875	"-"	"chr10-56055875"
"Polyclonal_95pct"	"chr10"	56347319	"-"	"chr10-56347319"
"Polyclonal_95pct"	"chr10"	56475101	"-"	"chr10-56475101"
"Polyclonal_95pct"	"chr10"	56817697	"-"	"chr10-56817697"
"Polyclonal_95pct"	"chr10"	56841410	"-"	"chr10-56841410"
"Polyclonal_95pct"	"chr10"	57951075	"-"	"chr10-57951075"
"Polyclonal_95pct"	"chr10"	58470087	"-"	"chr10-58470087"
"Polyclonal_95pct"	"chr10"	58534465	"-"	"chr10-58534465"
"Polyclonal_95pct"	"chr10"	62459966	"-"	"chr10-62459966"
"Polyclonal_95pct"	"chr10"	62604566	"-"	"chr10-62604566"
"Polyclonal_95pct"	"chr10"	64790678	"-"	"chr10-64790678"
"Polyclonal_95pct"	"chr10"	66409606	"-"	"chr10-66409606"
"Polyclonal_95pct"	"chr10"	68346082	"-"	"chr10-68346082"
"Polyclonal_95pct"	"chr10"	68663826	"-"	"chr10-68663826"
"Polyclonal_95pct"	"chr10"	72101635	"-"	"chr10-72101635"
"Polyclonal_95pct"	"chr10"	72123525	"-"	"chr10-72123525"
"Polyclonal_95pct"	"chr10"	72177703	"-"	"chr10-72177703"
"Polyclonal_95pct"	"chr10"	72282980	"-"	"chr10-72282980"
"Polyclonal_95pct"	"chr10"	73288571	"-"	"chr10-73288571"
"Polyclonal_95pct"	"chr10"	73582858	"-"	"chr10-73582858"
"Polyclonal_95pct"	"chr10"	79325930	"-"	"chr10-79325930"
"Polyclonal_95pct"	"chr10"	81117909	"-"	"chr10-81117909"
"Polyclonal_95pct"	"chr10"	81544157	"-"	"chr10-81544157"
"Polyclonal_95pct"	"chr10"	83078063	"-"	"chr10-83078063"
"Polyclonal_95pct"	"chr10"	86853897	"-"	"chr10-86853897"
"Polyclonal_95pct"	"chr10"	88694281	"-"	"chr10-88694281"
"Polyclonal_95pct"	"chr10"	88705777	"-"	"chr10-88705777"
"Polyclonal_95pct"	"chr10"	90321764	"-"	"chr10-90321764"
"Polyclonal_95pct"	"chr10"	90402135	"-"	"chr10-90402135"
"Polyclonal_95pct"	"chr10"	91944635	"-"	"chr10-91944635"
"Polyclonal_95pct"	"chr10"	92123145	"-"	"chr10-92123145"
"Polyclonal_95pct"	"chr10"	97075057	"-"	"chr10-97075057"
"Polyclonal_95pct"	"chr10"	97810838	"-"	"chr10-97810838"
"Polyclonal_95pct"	"chr10"	100170417	"-"	"chr10-100170417"
"Polyclonal_95pct"	"chr10"	100921156	"-"	"chr10-100921156"
"Polyclonal_95pct"	"chr10"	100953892	"-"	"chr10-100953892"
"Polyclonal_95pct"	"chr10"	101892226	"-"	"chr10-101892226"
"Polyclonal_95pct"	"chr10"	102277529	"-"	"chr10-102277529"
"Polyclonal_95pct"	"chr10"	102283004	"-"	"chr10-102283004"
"Polyclonal_95pct"	"chr10"	102285159	"-"	"chr10-102285159"
"Polyclonal_95pct"	"chr10"	102300306	"-"	"chr10-102300306"
"Polyclonal_95pct"	"chr10"	102305274	"-"	"chr10-102305274"
"Polyclonal_95pct"	"chr10"	102445136	"-"	"chr10-102445136"
"Polyclonal_95pct"	"chr10"	102539016	"-"	"chr10-102539016"
"Polyclonal_95pct"	"chr10"	103099809	"-"	"chr10-103099809"
"Polyclonal_95pct"	"chr10"	106058772	"-"	"chr10-106058772"
"Polyclonal_95pct"	"chr10"	106467683	"-"	"chr10-106467683"
"Polyclonal_95pct"	"chr10"	107103486	"-"	"chr10-107103486"
"Polyclonal_95pct"	"chr10"	108099303	"-"	"chr10-108099303"
"Polyclonal_95pct"	"chr10"	108105377	"-"	"chr10-108105377"
"Polyclonal_95pct"	"chr10"	108306893	"-"	"chr10-108306893"
"Polyclonal_95pct"	"chr10"	108628557	"-"	"chr10-108628557"
"Polyclonal_95pct"	"chr10"	108767500	"-"	"chr10-108767500"
"Polyclonal_95pct"	"chr10"	109232067	"-"	"chr10-109232067"
"Polyclonal_95pct"	"chr10"	109964248	"-"	"chr10-109964248"
"Polyclonal_95pct"	"chr10"	113880315	"-"	"chr10-113880315"
"Polyclonal_95pct"	"chr10"	114144251	"-"	"chr10-114144251"
"Polyclonal_95pct"	"chr10"	114812678	"-"	"chr10-114812678"
"Polyclonal_95pct"	"chr10"	116951815	"-"	"chr10-116951815"
"Polyclonal_95pct"	"chr10"	117353614	"-"	"chr10-117353614"
"Polyclonal_95pct"	"chr10"	118228029	"-"	"chr10-118228029"
"Polyclonal_95pct"	"chr10"	119071843	"-"	"chr10-119071843"
"Polyclonal_95pct"	"chr10"	119924289	"-"	"chr10-119924289"
"Polyclonal_95pct"	"chr10"	120894297	"-"	"chr10-120894297"
"Polyclonal_95pct"	"chr10"	121793533	"-"	"chr10-121793533"
"Polyclonal_95pct"	"chr10"	121879896	"-"	"chr10-121879896"
"Polyclonal_95pct"	"chr10"	128117974	"-"	"chr10-128117974"
"Polyclonal_95pct"	"chr10"	128346627	"-"	"chr10-128346627"
"Polyclonal_95pct"	"chr10"	132314748	"-"	"chr10-132314748"
"Polyclonal_95pct"	"chr10"	133786405	"-"	"chr10-133786405"
"Polyclonal_95pct"	"chr11"	682891	"+"	"chr11+682891"
"Polyclonal_95pct"	"chr11"	771341	"+"	"chr11+771341"
"Polyclonal_95pct"	"chr11"	5953676	"+"	"chr11+5953676"
"Polyclonal_95pct"	"chr11"	6936242	"+"	"chr11+6936242"
"Polyclonal_95pct"	"chr11"	9414580	"+"	"chr11+9414580"
"Polyclonal_95pct"	"chr11"	9963128	"+"	"chr11+9963128"
"Polyclonal_95pct"	"chr11"	11763841	"+"	"chr11+11763841"
"Polyclonal_95pct"	"chr11"	11904020	"+"	"chr11+11904020"
"Polyclonal_95pct"	"chr11"	19132455	"+"	"chr11+19132455"
"Polyclonal_95pct"	"chr11"	20835840	"+"	"chr11+20835840"
"Polyclonal_95pct"	"chr11"	21651452	"+"	"chr11+21651452"
"Polyclonal_95pct"	"chr11"	21691186	"+"	"chr11+21691186"
"Polyclonal_95pct"	"chr11"	21710198	"+"	"chr11+21710198"
"Polyclonal_95pct"	"chr11"	22697163	"+"	"chr11+22697163"
"Polyclonal_95pct"	"chr11"	24061612	"+"	"chr11+24061612"
"Polyclonal_95pct"	"chr11"	24262625	"+"	"chr11+24262625"
"Polyclonal_95pct"	"chr11"	24596949	"+"	"chr11+24596949"
"Polyclonal_95pct"	"chr11"	24624495	"+"	"chr11+24624495"
"Polyclonal_95pct"	"chr11"	25421681	"+"	"chr11+25421681"
"Polyclonal_95pct"	"chr11"	25962540	"+"	"chr11+25962540"
"Polyclonal_95pct"	"chr11"	26060696	"+"	"chr11+26060696"
"Polyclonal_95pct"	"chr11"	26431520	"+"	"chr11+26431520"
"Polyclonal_95pct"	"chr11"	26557170	"+"	"chr11+26557170"
"Polyclonal_95pct"	"chr11"	26603072	"+"	"chr11+26603072"
"Polyclonal_95pct"	"chr11"	27315773	"+"	"chr11+27315773"
"Polyclonal_95pct"	"chr11"	29981174	"+"	"chr11+29981174"
"Polyclonal_95pct"	"chr11"	30860992	"+"	"chr11+30860992"
"Polyclonal_95pct"	"chr11"	31587908	"+"	"chr11+31587908"
"Polyclonal_95pct"	"chr11"	32696169	"+"	"chr11+32696169"
"Polyclonal_95pct"	"chr11"	32962807	"+"	"chr11+32962807"
"Polyclonal_95pct"	"chr11"	33143479	"+"	"chr11+33143479"
"Polyclonal_95pct"	"chr11"	34237633	"+"	"chr11+34237633"
"Polyclonal_95pct"	"chr11"	36651199	"+"	"chr11+36651199"
"Polyclonal_95pct"	"chr11"	37464266	"+"	"chr11+37464266"
"Polyclonal_95pct"	"chr11"	39070655	"+"	"chr11+39070655"
"Polyclonal_95pct"	"chr11"	39358872	"+"	"chr11+39358872"
"Polyclonal_95pct"	"chr11"	40018365	"+"	"chr11+40018365"
"Polyclonal_95pct"	"chr11"	40365030	"+"	"chr11+40365030"
"Polyclonal_95pct"	"chr11"	42000681	"+"	"chr11+42000681"
"Polyclonal_95pct"	"chr11"	42061043	"+"	"chr11+42061043"
"Polyclonal_95pct"	"chr11"	42453258	"+"	"chr11+42453258"
"Polyclonal_95pct"	"chr11"	46960082	"+"	"chr11+46960082"
"Polyclonal_95pct"	"chr11"	46960662	"+"	"chr11+46960662"
"Polyclonal_95pct"	"chr11"	49176340	"+"	"chr11+49176340"
"Polyclonal_95pct"	"chr11"	49242254	"+"	"chr11+49242254"
"Polyclonal_95pct"	"chr11"	49334526	"+"	"chr11+49334526"
"Polyclonal_95pct"	"chr11"	49508701	"+"	"chr11+49508701"
"Polyclonal_95pct"	"chr11"	54687807	"+"	"chr11+54687807"
"Polyclonal_95pct"	"chr11"	57509733	"+"	"chr11+57509733"
"Polyclonal_95pct"	"chr11"	57673475	"+"	"chr11+57673475"
"Polyclonal_95pct"	"chr11"	58347900	"+"	"chr11+58347900"
"Polyclonal_95pct"	"chr11"	58407136	"+"	"chr11+58407136"
"Polyclonal_95pct"	"chr11"	58581064	"+"	"chr11+58581064"
"Polyclonal_95pct"	"chr11"	58885594	"+"	"chr11+58885594"
"Polyclonal_95pct"	"chr11"	59635679	"+"	"chr11+59635679"
"Polyclonal_95pct"	"chr11"	59644291	"+"	"chr11+59644291"
"Polyclonal_95pct"	"chr11"	59816508	"+"	"chr11+59816508"
"Polyclonal_95pct"	"chr11"	60956160	"+"	"chr11+60956160"
"Polyclonal_95pct"	"chr11"	62464812	"+"	"chr11+62464812"
"Polyclonal_95pct"	"chr11"	62614802	"+"	"chr11+62614802"
"Polyclonal_95pct"	"chr11"	62718224	"+"	"chr11+62718224"
"Polyclonal_95pct"	"chr11"	62846323	"+"	"chr11+62846323"
"Polyclonal_95pct"	"chr11"	62846559	"+"	"chr11+62846559"
"Polyclonal_95pct"	"chr11"	63403236	"+"	"chr11+63403236"
"Polyclonal_95pct"	"chr11"	63751103	"+"	"chr11+63751103"
"Polyclonal_95pct"	"chr11"	64262223	"+"	"chr11+64262223"
"Polyclonal_95pct"	"chr11"	64481220	"+"	"chr11+64481220"
"Polyclonal_95pct"	"chr11"	64516638	"+"	"chr11+64516638"
"Polyclonal_95pct"	"chr11"	64786134	"+"	"chr11+64786134"
"Polyclonal_95pct"	"chr11"	65103836	"+"	"chr11+65103836"
"Polyclonal_95pct"	"chr11"	65259269	"+"	"chr11+65259269"
"Polyclonal_95pct"	"chr11"	65278217	"+"	"chr11+65278217"
"Polyclonal_95pct"	"chr11"	65432440	"+"	"chr11+65432440"
"Polyclonal_95pct"	"chr11"	65434074	"+"	"chr11+65434074"
"Polyclonal_95pct"	"chr11"	65591173	"+"	"chr11+65591173"
"Polyclonal_95pct"	"chr11"	65659187	"+"	"chr11+65659187"
"Polyclonal_95pct"	"chr11"	65690297	"+"	"chr11+65690297"
"Polyclonal_95pct"	"chr11"	65690329	"+"	"chr11+65690329"
"Polyclonal_95pct"	"chr11"	65691273	"+"	"chr11+65691273"
"Polyclonal_95pct"	"chr11"	65906653	"+"	"chr11+65906653"
"Polyclonal_95pct"	"chr11"	66027943	"+"	"chr11+66027943"
"Polyclonal_95pct"	"chr11"	66063391	"+"	"chr11+66063391"
"Polyclonal_95pct"	"chr11"	66166077	"+"	"chr11+66166077"
"Polyclonal_95pct"	"chr11"	66670276	"+"	"chr11+66670276"
"Polyclonal_95pct"	"chr11"	66751225	"+"	"chr11+66751225"
"Polyclonal_95pct"	"chr11"	66782755	"+"	"chr11+66782755"
"Polyclonal_95pct"	"chr11"	66938189	"+"	"chr11+66938189"
"Polyclonal_95pct"	"chr11"	67109316	"+"	"chr11+67109316"
"Polyclonal_95pct"	"chr11"	67180484	"+"	"chr11+67180484"
"Polyclonal_95pct"	"chr11"	67183073	"+"	"chr11+67183073"
"Polyclonal_95pct"	"chr11"	67294077	"+"	"chr11+67294077"
"Polyclonal_95pct"	"chr11"	67596228	"+"	"chr11+67596228"
"Polyclonal_95pct"	"chr11"	68611421	"+"	"chr11+68611421"
"Polyclonal_95pct"	"chr11"	69806431	"+"	"chr11+69806431"
"Polyclonal_95pct"	"chr11"	71656231	"+"	"chr11+71656231"
"Polyclonal_95pct"	"chr11"	71947145	"+"	"chr11+71947145"
"Polyclonal_95pct"	"chr11"	72049110	"+"	"chr11+72049110"
"Polyclonal_95pct"	"chr11"	72049692	"+"	"chr11+72049692"
"Polyclonal_95pct"	"chr11"	72163970	"+"	"chr11+72163970"
"Polyclonal_95pct"	"chr11"	73073868	"+"	"chr11+73073868"
"Polyclonal_95pct"	"chr11"	73124224	"+"	"chr11+73124224"
"Polyclonal_95pct"	"chr11"	73125980	"+"	"chr11+73125980"
"Polyclonal_95pct"	"chr11"	74150769	"+"	"chr11+74150769"
"Polyclonal_95pct"	"chr11"	74620543	"+"	"chr11+74620543"
"Polyclonal_95pct"	"chr11"	74900958	"+"	"chr11+74900958"
"Polyclonal_95pct"	"chr11"	75940727	"+"	"chr11+75940727"
"Polyclonal_95pct"	"chr11"	81007599	"+"	"chr11+81007599"
"Polyclonal_95pct"	"chr11"	81649814	"+"	"chr11+81649814"
"Polyclonal_95pct"	"chr11"	82038501	"+"	"chr11+82038501"
"Polyclonal_95pct"	"chr11"	82993225	"+"	"chr11+82993225"
"Polyclonal_95pct"	"chr11"	84044008	"+"	"chr11+84044008"
"Polyclonal_95pct"	"chr11"	85238979	"+"	"chr11+85238979"
"Polyclonal_95pct"	"chr11"	86266313	"+"	"chr11+86266313"
"Polyclonal_95pct"	"chr11"	87317436	"+"	"chr11+87317436"
"Polyclonal_95pct"	"chr11"	87483479	"+"	"chr11+87483479"
"Polyclonal_95pct"	"chr11"	87870072	"+"	"chr11+87870072"
"Polyclonal_95pct"	"chr11"	88353137	"+"	"chr11+88353137"
"Polyclonal_95pct"	"chr11"	89056562	"+"	"chr11+89056562"
"Polyclonal_95pct"	"chr11"	89138705	"+"	"chr11+89138705"
"Polyclonal_95pct"	"chr11"	95181123	"+"	"chr11+95181123"
"Polyclonal_95pct"	"chr11"	95596741	"+"	"chr11+95596741"
"Polyclonal_95pct"	"chr11"	95953910	"+"	"chr11+95953910"
"Polyclonal_95pct"	"chr11"	96351052	"+"	"chr11+96351052"
"Polyclonal_95pct"	"chr11"	97480297	"+"	"chr11+97480297"
"Polyclonal_95pct"	"chr11"	97721259	"+"	"chr11+97721259"
"Polyclonal_95pct"	"chr11"	97930682	"+"	"chr11+97930682"
"Polyclonal_95pct"	"chr11"	98212908	"+"	"chr11+98212908"
"Polyclonal_95pct"	"chr11"	99079558	"+"	"chr11+99079558"
"Polyclonal_95pct"	"chr11"	100810226	"+"	"chr11+100810226"
"Polyclonal_95pct"	"chr11"	101733970	"+"	"chr11+101733970"
"Polyclonal_95pct"	"chr11"	101924812	"+"	"chr11+101924812"
"Polyclonal_95pct"	"chr11"	102292516	"+"	"chr11+102292516"
"Polyclonal_95pct"	"chr11"	102364728	"+"	"chr11+102364728"
"Polyclonal_95pct"	"chr11"	102984430	"+"	"chr11+102984430"
"Polyclonal_95pct"	"chr11"	105158667	"+"	"chr11+105158667"
"Polyclonal_95pct"	"chr11"	105797853	"+"	"chr11+105797853"
"Polyclonal_95pct"	"chr11"	105797994	"+"	"chr11+105797994"
"Polyclonal_95pct"	"chr11"	105853292	"+"	"chr11+105853292"
"Polyclonal_95pct"	"chr11"	107836241	"+"	"chr11+107836241"
"Polyclonal_95pct"	"chr11"	108195362	"+"	"chr11+108195362"
"Polyclonal_95pct"	"chr11"	108263350	"+"	"chr11+108263350"
"Polyclonal_95pct"	"chr11"	109933525	"+"	"chr11+109933525"
"Polyclonal_95pct"	"chr11"	109962036	"+"	"chr11+109962036"
"Polyclonal_95pct"	"chr11"	110369721	"+"	"chr11+110369721"
"Polyclonal_95pct"	"chr11"	112045779	"+"	"chr11+112045779"
"Polyclonal_95pct"	"chr11"	118726256	"+"	"chr11+118726256"
"Polyclonal_95pct"	"chr11"	118764388	"+"	"chr11+118764388"
"Polyclonal_95pct"	"chr11"	119098126	"+"	"chr11+119098126"
"Polyclonal_95pct"	"chr11"	120340512	"+"	"chr11+120340512"
"Polyclonal_95pct"	"chr11"	123921744	"+"	"chr11+123921744"
"Polyclonal_95pct"	"chr11"	125565846	"+"	"chr11+125565846"
"Polyclonal_95pct"	"chr11"	126300175	"+"	"chr11+126300175"
"Polyclonal_95pct"	"chr11"	682095	"-"	"chr11-682095"
"Polyclonal_95pct"	"chr11"	3067889	"-"	"chr11-3067889"
"Polyclonal_95pct"	"chr11"	5192293	"-"	"chr11-5192293"
"Polyclonal_95pct"	"chr11"	5481269	"-"	"chr11-5481269"
"Polyclonal_95pct"	"chr11"	5674158	"-"	"chr11-5674158"
"Polyclonal_95pct"	"chr11"	5726301	"-"	"chr11-5726301"
"Polyclonal_95pct"	"chr11"	5896639	"-"	"chr11-5896639"
"Polyclonal_95pct"	"chr11"	6140639	"-"	"chr11-6140639"
"Polyclonal_95pct"	"chr11"	6964369	"-"	"chr11-6964369"
"Polyclonal_95pct"	"chr11"	7658514	"-"	"chr11-7658514"
"Polyclonal_95pct"	"chr11"	9200937	"-"	"chr11-9200937"
"Polyclonal_95pct"	"chr11"	11927211	"-"	"chr11-11927211"
"Polyclonal_95pct"	"chr11"	16203400	"-"	"chr11-16203400"
"Polyclonal_95pct"	"chr11"	16296784	"-"	"chr11-16296784"
"Polyclonal_95pct"	"chr11"	17170285	"-"	"chr11-17170285"
"Polyclonal_95pct"	"chr11"	17966062	"-"	"chr11-17966062"
"Polyclonal_95pct"	"chr11"	18532152	"-"	"chr11-18532152"
"Polyclonal_95pct"	"chr11"	20449459	"-"	"chr11-20449459"
"Polyclonal_95pct"	"chr11"	21343854	"-"	"chr11-21343854"
"Polyclonal_95pct"	"chr11"	22221472	"-"	"chr11-22221472"
"Polyclonal_95pct"	"chr11"	22228839	"-"	"chr11-22228839"
"Polyclonal_95pct"	"chr11"	22755032	"-"	"chr11-22755032"
"Polyclonal_95pct"	"chr11"	22842319	"-"	"chr11-22842319"
"Polyclonal_95pct"	"chr11"	22939034	"-"	"chr11-22939034"
"Polyclonal_95pct"	"chr11"	23695398	"-"	"chr11-23695398"
"Polyclonal_95pct"	"chr11"	25599064	"-"	"chr11-25599064"
"Polyclonal_95pct"	"chr11"	25702047	"-"	"chr11-25702047"
"Polyclonal_95pct"	"chr11"	25973272	"-"	"chr11-25973272"
"Polyclonal_95pct"	"chr11"	26108584	"-"	"chr11-26108584"
"Polyclonal_95pct"	"chr11"	26518974	"-"	"chr11-26518974"
"Polyclonal_95pct"	"chr11"	26531093	"-"	"chr11-26531093"
"Polyclonal_95pct"	"chr11"	27316956	"-"	"chr11-27316956"
"Polyclonal_95pct"	"chr11"	27446617	"-"	"chr11-27446617"
"Polyclonal_95pct"	"chr11"	27495202	"-"	"chr11-27495202"
"Polyclonal_95pct"	"chr11"	28209810	"-"	"chr11-28209810"
"Polyclonal_95pct"	"chr11"	30340144	"-"	"chr11-30340144"
"Polyclonal_95pct"	"chr11"	30614669	"-"	"chr11-30614669"
"Polyclonal_95pct"	"chr11"	31418903	"-"	"chr11-31418903"
"Polyclonal_95pct"	"chr11"	31632118	"-"	"chr11-31632118"
"Polyclonal_95pct"	"chr11"	32565713	"-"	"chr11-32565713"
"Polyclonal_95pct"	"chr11"	32699326	"-"	"chr11-32699326"
"Polyclonal_95pct"	"chr11"	33222539	"-"	"chr11-33222539"
"Polyclonal_95pct"	"chr11"	37274331	"-"	"chr11-37274331"
"Polyclonal_95pct"	"chr11"	38559460	"-"	"chr11-38559460"
"Polyclonal_95pct"	"chr11"	38569941	"-"	"chr11-38569941"
"Polyclonal_95pct"	"chr11"	41662052	"-"	"chr11-41662052"
"Polyclonal_95pct"	"chr11"	43122418	"-"	"chr11-43122418"
"Polyclonal_95pct"	"chr11"	44841332	"-"	"chr11-44841332"
"Polyclonal_95pct"	"chr11"	46090454	"-"	"chr11-46090454"
"Polyclonal_95pct"	"chr11"	46446948	"-"	"chr11-46446948"
"Polyclonal_95pct"	"chr11"	46582460	"-"	"chr11-46582460"
"Polyclonal_95pct"	"chr11"	47536180	"-"	"chr11-47536180"
"Polyclonal_95pct"	"chr11"	51129051	"-"	"chr11-51129051"
"Polyclonal_95pct"	"chr11"	54923568	"-"	"chr11-54923568"
"Polyclonal_95pct"	"chr11"	56160495	"-"	"chr11-56160495"
"Polyclonal_95pct"	"chr11"	56171365	"-"	"chr11-56171365"
"Polyclonal_95pct"	"chr11"	57445229	"-"	"chr11-57445229"
"Polyclonal_95pct"	"chr11"	58173991	"-"	"chr11-58173991"
"Polyclonal_95pct"	"chr11"	58541303	"-"	"chr11-58541303"
"Polyclonal_95pct"	"chr11"	58595572	"-"	"chr11-58595572"
"Polyclonal_95pct"	"chr11"	59480762	"-"	"chr11-59480762"
"Polyclonal_95pct"	"chr11"	62282306	"-"	"chr11-62282306"
"Polyclonal_95pct"	"chr11"	62363699	"-"	"chr11-62363699"
"Polyclonal_95pct"	"chr11"	62439337	"-"	"chr11-62439337"
"Polyclonal_95pct"	"chr11"	62572632	"-"	"chr11-62572632"
"Polyclonal_95pct"	"chr11"	62824761	"-"	"chr11-62824761"
"Polyclonal_95pct"	"chr11"	62945112	"-"	"chr11-62945112"
"Polyclonal_95pct"	"chr11"	63254389	"-"	"chr11-63254389"
"Polyclonal_95pct"	"chr11"	63330236	"-"	"chr11-63330236"
"Polyclonal_95pct"	"chr11"	63346135	"-"	"chr11-63346135"
"Polyclonal_95pct"	"chr11"	63370920	"-"	"chr11-63370920"
"Polyclonal_95pct"	"chr11"	63652777	"-"	"chr11-63652777"
"Polyclonal_95pct"	"chr11"	63954577	"-"	"chr11-63954577"
"Polyclonal_95pct"	"chr11"	64330336	"-"	"chr11-64330336"
"Polyclonal_95pct"	"chr11"	65125292	"-"	"chr11-65125292"
"Polyclonal_95pct"	"chr11"	65189932	"-"	"chr11-65189932"
"Polyclonal_95pct"	"chr11"	65295551	"-"	"chr11-65295551"
"Polyclonal_95pct"	"chr11"	65423688	"-"	"chr11-65423688"
"Polyclonal_95pct"	"chr11"	65526749	"-"	"chr11-65526749"
"Polyclonal_95pct"	"chr11"	65594661	"-"	"chr11-65594661"
"Polyclonal_95pct"	"chr11"	65826398	"-"	"chr11-65826398"
"Polyclonal_95pct"	"chr11"	66057455	"-"	"chr11-66057455"
"Polyclonal_95pct"	"chr11"	66074875	"-"	"chr11-66074875"
"Polyclonal_95pct"	"chr11"	66160029	"-"	"chr11-66160029"
"Polyclonal_95pct"	"chr11"	66168557	"-"	"chr11-66168557"
"Polyclonal_95pct"	"chr11"	66201977	"-"	"chr11-66201977"
"Polyclonal_95pct"	"chr11"	66760929	"-"	"chr11-66760929"
"Polyclonal_95pct"	"chr11"	66779990	"-"	"chr11-66779990"
"Polyclonal_95pct"	"chr11"	66784702	"-"	"chr11-66784702"
"Polyclonal_95pct"	"chr11"	66807814	"-"	"chr11-66807814"
"Polyclonal_95pct"	"chr11"	66841711	"-"	"chr11-66841711"
"Polyclonal_95pct"	"chr11"	67153506	"-"	"chr11-67153506"
"Polyclonal_95pct"	"chr11"	67157942	"-"	"chr11-67157942"
"Polyclonal_95pct"	"chr11"	67180488	"-"	"chr11-67180488"
"Polyclonal_95pct"	"chr11"	67194602	"-"	"chr11-67194602"
"Polyclonal_95pct"	"chr11"	67451397	"-"	"chr11-67451397"
"Polyclonal_95pct"	"chr11"	67760133	"-"	"chr11-67760133"
"Polyclonal_95pct"	"chr11"	67760479	"-"	"chr11-67760479"
"Polyclonal_95pct"	"chr11"	68324913	"-"	"chr11-68324913"
"Polyclonal_95pct"	"chr11"	69042714	"-"	"chr11-69042714"
"Polyclonal_95pct"	"chr11"	71922174	"-"	"chr11-71922174"
"Polyclonal_95pct"	"chr11"	72535748	"-"	"chr11-72535748"
"Polyclonal_95pct"	"chr11"	72874843	"-"	"chr11-72874843"
"Polyclonal_95pct"	"chr11"	72897872	"-"	"chr11-72897872"
"Polyclonal_95pct"	"chr11"	73730899	"-"	"chr11-73730899"
"Polyclonal_95pct"	"chr11"	74189424	"-"	"chr11-74189424"
"Polyclonal_95pct"	"chr11"	74776352	"-"	"chr11-74776352"
"Polyclonal_95pct"	"chr11"	78447043	"-"	"chr11-78447043"
"Polyclonal_95pct"	"chr11"	78479799	"-"	"chr11-78479799"
"Polyclonal_95pct"	"chr11"	79483103	"-"	"chr11-79483103"
"Polyclonal_95pct"	"chr11"	80310643	"-"	"chr11-80310643"
"Polyclonal_95pct"	"chr11"	81522022	"-"	"chr11-81522022"
"Polyclonal_95pct"	"chr11"	81773481	"-"	"chr11-81773481"
"Polyclonal_95pct"	"chr11"	82387589	"-"	"chr11-82387589"
"Polyclonal_95pct"	"chr11"	82930073	"-"	"chr11-82930073"
"Polyclonal_95pct"	"chr11"	83322289	"-"	"chr11-83322289"
"Polyclonal_95pct"	"chr11"	83709093	"-"	"chr11-83709093"
"Polyclonal_95pct"	"chr11"	84044012	"-"	"chr11-84044012"
"Polyclonal_95pct"	"chr11"	84200572	"-"	"chr11-84200572"
"Polyclonal_95pct"	"chr11"	85102494	"-"	"chr11-85102494"
"Polyclonal_95pct"	"chr11"	85597357	"-"	"chr11-85597357"
"Polyclonal_95pct"	"chr11"	86003969	"-"	"chr11-86003969"
"Polyclonal_95pct"	"chr11"	86046796	"-"	"chr11-86046796"
"Polyclonal_95pct"	"chr11"	86306446	"-"	"chr11-86306446"
"Polyclonal_95pct"	"chr11"	86727764	"-"	"chr11-86727764"
"Polyclonal_95pct"	"chr11"	87082396	"-"	"chr11-87082396"
"Polyclonal_95pct"	"chr11"	87104803	"-"	"chr11-87104803"
"Polyclonal_95pct"	"chr11"	87237304	"-"	"chr11-87237304"
"Polyclonal_95pct"	"chr11"	87309708	"-"	"chr11-87309708"
"Polyclonal_95pct"	"chr11"	87380803	"-"	"chr11-87380803"
"Polyclonal_95pct"	"chr11"	87775564	"-"	"chr11-87775564"
"Polyclonal_95pct"	"chr11"	88503217	"-"	"chr11-88503217"
"Polyclonal_95pct"	"chr11"	88634009	"-"	"chr11-88634009"
"Polyclonal_95pct"	"chr11"	88672776	"-"	"chr11-88672776"
"Polyclonal_95pct"	"chr11"	88853902	"-"	"chr11-88853902"
"Polyclonal_95pct"	"chr11"	89034052	"-"	"chr11-89034052"
"Polyclonal_95pct"	"chr11"	89669022	"-"	"chr11-89669022"
"Polyclonal_95pct"	"chr11"	94455733	"-"	"chr11-94455733"
"Polyclonal_95pct"	"chr11"	95834111	"-"	"chr11-95834111"
"Polyclonal_95pct"	"chr11"	97449682	"-"	"chr11-97449682"
"Polyclonal_95pct"	"chr11"	97702344	"-"	"chr11-97702344"
"Polyclonal_95pct"	"chr11"	98146985	"-"	"chr11-98146985"
"Polyclonal_95pct"	"chr11"	98198364	"-"	"chr11-98198364"
"Polyclonal_95pct"	"chr11"	98261016	"-"	"chr11-98261016"
"Polyclonal_95pct"	"chr11"	98283641	"-"	"chr11-98283641"
"Polyclonal_95pct"	"chr11"	101039299	"-"	"chr11-101039299"
"Polyclonal_95pct"	"chr11"	106057586	"-"	"chr11-106057586"
"Polyclonal_95pct"	"chr11"	106676788	"-"	"chr11-106676788"
"Polyclonal_95pct"	"chr11"	108190176	"-"	"chr11-108190176"
"Polyclonal_95pct"	"chr11"	108903714	"-"	"chr11-108903714"
"Polyclonal_95pct"	"chr11"	110243057	"-"	"chr11-110243057"
"Polyclonal_95pct"	"chr11"	111686120	"-"	"chr11-111686120"
"Polyclonal_95pct"	"chr11"	114374893	"-"	"chr11-114374893"
"Polyclonal_95pct"	"chr11"	114465769	"-"	"chr11-114465769"
"Polyclonal_95pct"	"chr11"	120380250	"-"	"chr11-120380250"
"Polyclonal_95pct"	"chr11"	120416697	"-"	"chr11-120416697"
"Polyclonal_95pct"	"chr11"	120489431	"-"	"chr11-120489431"
"Polyclonal_95pct"	"chr11"	120584502	"-"	"chr11-120584502"
"Polyclonal_95pct"	"chr11"	121044153	"-"	"chr11-121044153"
"Polyclonal_95pct"	"chr11"	121881950	"-"	"chr11-121881950"
"Polyclonal_95pct"	"chr11"	125603486	"-"	"chr11-125603486"
"Polyclonal_95pct"	"chr11"	128399169	"-"	"chr11-128399169"
"Polyclonal_95pct"	"chr11"	128409998	"-"	"chr11-128409998"
"Polyclonal_95pct"	"chr11"	130227336	"-"	"chr11-130227336"
"Polyclonal_95pct"	"chr11"	130353205	"-"	"chr11-130353205"
"Polyclonal_95pct"	"chr11"	134084965	"-"	"chr11-134084965"
"Polyclonal_95pct"	"chr12"	207802	"+"	"chr12+207802"
"Polyclonal_95pct"	"chr12"	290874	"+"	"chr12+290874"
"Polyclonal_95pct"	"chr12"	2934728	"+"	"chr12+2934728"
"Polyclonal_95pct"	"chr12"	6497897	"+"	"chr12+6497897"
"Polyclonal_95pct"	"chr12"	6574787	"+"	"chr12+6574787"
"Polyclonal_95pct"	"chr12"	6575083	"+"	"chr12+6575083"
"Polyclonal_95pct"	"chr12"	6968316	"+"	"chr12+6968316"
"Polyclonal_95pct"	"chr12"	9103983	"+"	"chr12+9103983"
"Polyclonal_95pct"	"chr12"	9681154	"+"	"chr12+9681154"
"Polyclonal_95pct"	"chr12"	9731402	"+"	"chr12+9731402"
"Polyclonal_95pct"	"chr12"	9859219	"+"	"chr12+9859219"
"Polyclonal_95pct"	"chr12"	10072130	"+"	"chr12+10072130"
"Polyclonal_95pct"	"chr12"	10401275	"+"	"chr12+10401275"
"Polyclonal_95pct"	"chr12"	10410718	"+"	"chr12+10410718"
"Polyclonal_95pct"	"chr12"	12630326	"+"	"chr12+12630326"
"Polyclonal_95pct"	"chr12"	14400045	"+"	"chr12+14400045"
"Polyclonal_95pct"	"chr12"	14424000	"+"	"chr12+14424000"
"Polyclonal_95pct"	"chr12"	15053673	"+"	"chr12+15053673"
"Polyclonal_95pct"	"chr12"	15101249	"+"	"chr12+15101249"
"Polyclonal_95pct"	"chr12"	15341432	"+"	"chr12+15341432"
"Polyclonal_95pct"	"chr12"	15445458	"+"	"chr12+15445458"
"Polyclonal_95pct"	"chr12"	16467244	"+"	"chr12+16467244"
"Polyclonal_95pct"	"chr12"	16984622	"+"	"chr12+16984622"
"Polyclonal_95pct"	"chr12"	17613584	"+"	"chr12+17613584"
"Polyclonal_95pct"	"chr12"	18893280	"+"	"chr12+18893280"
"Polyclonal_95pct"	"chr12"	19333116	"+"	"chr12+19333116"
"Polyclonal_95pct"	"chr12"	20383941	"+"	"chr12+20383941"
"Polyclonal_95pct"	"chr12"	20406326	"+"	"chr12+20406326"
"Polyclonal_95pct"	"chr12"	20502300	"+"	"chr12+20502300"
"Polyclonal_95pct"	"chr12"	20758788	"+"	"chr12+20758788"
"Polyclonal_95pct"	"chr12"	22668160	"+"	"chr12+22668160"
"Polyclonal_95pct"	"chr12"	23980832	"+"	"chr12+23980832"
"Polyclonal_95pct"	"chr12"	24043015	"+"	"chr12+24043015"
"Polyclonal_95pct"	"chr12"	25234544	"+"	"chr12+25234544"
"Polyclonal_95pct"	"chr12"	26000527	"+"	"chr12+26000527"
"Polyclonal_95pct"	"chr12"	26428104	"+"	"chr12+26428104"
"Polyclonal_95pct"	"chr12"	26542531	"+"	"chr12+26542531"
"Polyclonal_95pct"	"chr12"	26792461	"+"	"chr12+26792461"
"Polyclonal_95pct"	"chr12"	26944528	"+"	"chr12+26944528"
"Polyclonal_95pct"	"chr12"	26954950	"+"	"chr12+26954950"
"Polyclonal_95pct"	"chr12"	27289461	"+"	"chr12+27289461"
"Polyclonal_95pct"	"chr12"	28334307	"+"	"chr12+28334307"
"Polyclonal_95pct"	"chr12"	30098486	"+"	"chr12+30098486"
"Polyclonal_95pct"	"chr12"	30647310	"+"	"chr12+30647310"
"Polyclonal_95pct"	"chr12"	32506214	"+"	"chr12+32506214"
"Polyclonal_95pct"	"chr12"	32704210	"+"	"chr12+32704210"
"Polyclonal_95pct"	"chr12"	32708183	"+"	"chr12+32708183"
"Polyclonal_95pct"	"chr12"	32724255	"+"	"chr12+32724255"
"Polyclonal_95pct"	"chr12"	33970618	"+"	"chr12+33970618"
"Polyclonal_95pct"	"chr12"	35155190	"+"	"chr12+35155190"
"Polyclonal_95pct"	"chr12"	39536222	"+"	"chr12+39536222"
"Polyclonal_95pct"	"chr12"	39597103	"+"	"chr12+39597103"
"Polyclonal_95pct"	"chr12"	39657961	"+"	"chr12+39657961"
"Polyclonal_95pct"	"chr12"	39868270	"+"	"chr12+39868270"
"Polyclonal_95pct"	"chr12"	40094700	"+"	"chr12+40094700"
"Polyclonal_95pct"	"chr12"	40470453	"+"	"chr12+40470453"
"Polyclonal_95pct"	"chr12"	40492879	"+"	"chr12+40492879"
"Polyclonal_95pct"	"chr12"	41173986	"+"	"chr12+41173986"
"Polyclonal_95pct"	"chr12"	41950319	"+"	"chr12+41950319"
"Polyclonal_95pct"	"chr12"	42342966	"+"	"chr12+42342966"
"Polyclonal_95pct"	"chr12"	42360310	"+"	"chr12+42360310"
"Polyclonal_95pct"	"chr12"	43752618	"+"	"chr12+43752618"
"Polyclonal_95pct"	"chr12"	43754773	"+"	"chr12+43754773"
"Polyclonal_95pct"	"chr12"	43930054	"+"	"chr12+43930054"
"Polyclonal_95pct"	"chr12"	44219963	"+"	"chr12+44219963"
"Polyclonal_95pct"	"chr12"	44233500	"+"	"chr12+44233500"
"Polyclonal_95pct"	"chr12"	44803072	"+"	"chr12+44803072"
"Polyclonal_95pct"	"chr12"	45020411	"+"	"chr12+45020411"
"Polyclonal_95pct"	"chr12"	45124306	"+"	"chr12+45124306"
"Polyclonal_95pct"	"chr12"	45705476	"+"	"chr12+45705476"
"Polyclonal_95pct"	"chr12"	45978198	"+"	"chr12+45978198"
"Polyclonal_95pct"	"chr12"	46114807	"+"	"chr12+46114807"
"Polyclonal_95pct"	"chr12"	47728252	"+"	"chr12+47728252"
"Polyclonal_95pct"	"chr12"	47796707	"+"	"chr12+47796707"
"Polyclonal_95pct"	"chr12"	48238303	"+"	"chr12+48238303"
"Polyclonal_95pct"	"chr12"	48302708	"+"	"chr12+48302708"
"Polyclonal_95pct"	"chr12"	48366076	"+"	"chr12+48366076"
"Polyclonal_95pct"	"chr12"	48388639	"+"	"chr12+48388639"
"Polyclonal_95pct"	"chr12"	48836861	"+"	"chr12+48836861"
"Polyclonal_95pct"	"chr12"	48868264	"+"	"chr12+48868264"
"Polyclonal_95pct"	"chr12"	49011415	"+"	"chr12+49011415"
"Polyclonal_95pct"	"chr12"	49057254	"+"	"chr12+49057254"
"Polyclonal_95pct"	"chr12"	49205077	"+"	"chr12+49205077"
"Polyclonal_95pct"	"chr12"	49211280	"+"	"chr12+49211280"
"Polyclonal_95pct"	"chr12"	50555263	"+"	"chr12+50555263"
"Polyclonal_95pct"	"chr12"	50832879	"+"	"chr12+50832879"
"Polyclonal_95pct"	"chr12"	51009243	"+"	"chr12+51009243"
"Polyclonal_95pct"	"chr12"	51176142	"+"	"chr12+51176142"
"Polyclonal_95pct"	"chr12"	53023232	"+"	"chr12+53023232"
"Polyclonal_95pct"	"chr12"	53186351	"+"	"chr12+53186351"
"Polyclonal_95pct"	"chr12"	53456580	"+"	"chr12+53456580"
"Polyclonal_95pct"	"chr12"	53586553	"+"	"chr12+53586553"
"Polyclonal_95pct"	"chr12"	53603866	"+"	"chr12+53603866"
"Polyclonal_95pct"	"chr12"	53617757	"+"	"chr12+53617757"
"Polyclonal_95pct"	"chr12"	53634880	"+"	"chr12+53634880"
"Polyclonal_95pct"	"chr12"	53848147	"+"	"chr12+53848147"
"Polyclonal_95pct"	"chr12"	54989539	"+"	"chr12+54989539"
"Polyclonal_95pct"	"chr12"	55098778	"+"	"chr12+55098778"
"Polyclonal_95pct"	"chr12"	55145370	"+"	"chr12+55145370"
"Polyclonal_95pct"	"chr12"	55186790	"+"	"chr12+55186790"
"Polyclonal_95pct"	"chr12"	55807082	"+"	"chr12+55807082"
"Polyclonal_95pct"	"chr12"	55823103	"+"	"chr12+55823103"
"Polyclonal_95pct"	"chr12"	56225954	"+"	"chr12+56225954"
"Polyclonal_95pct"	"chr12"	56248454	"+"	"chr12+56248454"
"Polyclonal_95pct"	"chr12"	56278223	"+"	"chr12+56278223"
"Polyclonal_95pct"	"chr12"	56348291	"+"	"chr12+56348291"
"Polyclonal_95pct"	"chr12"	56385303	"+"	"chr12+56385303"
"Polyclonal_95pct"	"chr12"	56477541	"+"	"chr12+56477541"
"Polyclonal_95pct"	"chr12"	56480810	"+"	"chr12+56480810"
"Polyclonal_95pct"	"chr12"	56569598	"+"	"chr12+56569598"
"Polyclonal_95pct"	"chr12"	56612075	"+"	"chr12+56612075"
"Polyclonal_95pct"	"chr12"	56619337	"+"	"chr12+56619337"
"Polyclonal_95pct"	"chr12"	56644633	"+"	"chr12+56644633"
"Polyclonal_95pct"	"chr12"	56734385	"+"	"chr12+56734385"
"Polyclonal_95pct"	"chr12"	56737303	"+"	"chr12+56737303"
"Polyclonal_95pct"	"chr12"	57514093	"+"	"chr12+57514093"
"Polyclonal_95pct"	"chr12"	57646802	"+"	"chr12+57646802"
"Polyclonal_95pct"	"chr12"	57706011	"+"	"chr12+57706011"
"Polyclonal_95pct"	"chr12"	59425222	"+"	"chr12+59425222"
"Polyclonal_95pct"	"chr12"	59701184	"+"	"chr12+59701184"
"Polyclonal_95pct"	"chr12"	59967873	"+"	"chr12+59967873"
"Polyclonal_95pct"	"chr12"	60277370	"+"	"chr12+60277370"
"Polyclonal_95pct"	"chr12"	60304653	"+"	"chr12+60304653"
"Polyclonal_95pct"	"chr12"	61159745	"+"	"chr12+61159745"
"Polyclonal_95pct"	"chr12"	62131448	"+"	"chr12+62131448"
"Polyclonal_95pct"	"chr12"	62374628	"+"	"chr12+62374628"
"Polyclonal_95pct"	"chr12"	62402358	"+"	"chr12+62402358"
"Polyclonal_95pct"	"chr12"	63281862	"+"	"chr12+63281862"
"Polyclonal_95pct"	"chr12"	63289650	"+"	"chr12+63289650"
"Polyclonal_95pct"	"chr12"	63327890	"+"	"chr12+63327890"
"Polyclonal_95pct"	"chr12"	64236646	"+"	"chr12+64236646"
"Polyclonal_95pct"	"chr12"	64462365	"+"	"chr12+64462365"
"Polyclonal_95pct"	"chr12"	64656096	"+"	"chr12+64656096"
"Polyclonal_95pct"	"chr12"	65081693	"+"	"chr12+65081693"
"Polyclonal_95pct"	"chr12"	65212680	"+"	"chr12+65212680"
"Polyclonal_95pct"	"chr12"	65447740	"+"	"chr12+65447740"
"Polyclonal_95pct"	"chr12"	65698876	"+"	"chr12+65698876"
"Polyclonal_95pct"	"chr12"	66685411	"+"	"chr12+66685411"
"Polyclonal_95pct"	"chr12"	66751087	"+"	"chr12+66751087"
"Polyclonal_95pct"	"chr12"	66798106	"+"	"chr12+66798106"
"Polyclonal_95pct"	"chr12"	68099811	"+"	"chr12+68099811"
"Polyclonal_95pct"	"chr12"	69657971	"+"	"chr12+69657971"
"Polyclonal_95pct"	"chr12"	70174178	"+"	"chr12+70174178"
"Polyclonal_95pct"	"chr12"	71352377	"+"	"chr12+71352377"
"Polyclonal_95pct"	"chr12"	71655361	"+"	"chr12+71655361"
"Polyclonal_95pct"	"chr12"	71720610	"+"	"chr12+71720610"
"Polyclonal_95pct"	"chr12"	71783355	"+"	"chr12+71783355"
"Polyclonal_95pct"	"chr12"	72217968	"+"	"chr12+72217968"
"Polyclonal_95pct"	"chr12"	72719248	"+"	"chr12+72719248"
"Polyclonal_95pct"	"chr12"	73048021	"+"	"chr12+73048021"
"Polyclonal_95pct"	"chr12"	73137571	"+"	"chr12+73137571"
"Polyclonal_95pct"	"chr12"	73664308	"+"	"chr12+73664308"
"Polyclonal_95pct"	"chr12"	74063749	"+"	"chr12+74063749"
"Polyclonal_95pct"	"chr12"	74168793	"+"	"chr12+74168793"
"Polyclonal_95pct"	"chr12"	77947742	"+"	"chr12+77947742"
"Polyclonal_95pct"	"chr12"	79063211	"+"	"chr12+79063211"
"Polyclonal_95pct"	"chr12"	79436337	"+"	"chr12+79436337"
"Polyclonal_95pct"	"chr12"	79587198	"+"	"chr12+79587198"
"Polyclonal_95pct"	"chr12"	80314001	"+"	"chr12+80314001"
"Polyclonal_95pct"	"chr12"	80953685	"+"	"chr12+80953685"
"Polyclonal_95pct"	"chr12"	84429683	"+"	"chr12+84429683"
"Polyclonal_95pct"	"chr12"	85106324	"+"	"chr12+85106324"
"Polyclonal_95pct"	"chr12"	85347479	"+"	"chr12+85347479"
"Polyclonal_95pct"	"chr12"	86457477	"+"	"chr12+86457477"
"Polyclonal_95pct"	"chr12"	86718949	"+"	"chr12+86718949"
"Polyclonal_95pct"	"chr12"	86888430	"+"	"chr12+86888430"
"Polyclonal_95pct"	"chr12"	87725070	"+"	"chr12+87725070"
"Polyclonal_95pct"	"chr12"	87766470	"+"	"chr12+87766470"
"Polyclonal_95pct"	"chr12"	88125772	"+"	"chr12+88125772"
"Polyclonal_95pct"	"chr12"	88291954	"+"	"chr12+88291954"
"Polyclonal_95pct"	"chr12"	88397159	"+"	"chr12+88397159"
"Polyclonal_95pct"	"chr12"	89134440	"+"	"chr12+89134440"
"Polyclonal_95pct"	"chr12"	89283716	"+"	"chr12+89283716"
"Polyclonal_95pct"	"chr12"	90514562	"+"	"chr12+90514562"
"Polyclonal_95pct"	"chr12"	90640670	"+"	"chr12+90640670"
"Polyclonal_95pct"	"chr12"	90889772	"+"	"chr12+90889772"
"Polyclonal_95pct"	"chr12"	91515366	"+"	"chr12+91515366"
"Polyclonal_95pct"	"chr12"	92864574	"+"	"chr12+92864574"
"Polyclonal_95pct"	"chr12"	97835446	"+"	"chr12+97835446"
"Polyclonal_95pct"	"chr12"	98984595	"+"	"chr12+98984595"
"Polyclonal_95pct"	"chr12"	104067676	"+"	"chr12+104067676"
"Polyclonal_95pct"	"chr12"	104653785	"+"	"chr12+104653785"
"Polyclonal_95pct"	"chr12"	104954635	"+"	"chr12+104954635"
"Polyclonal_95pct"	"chr12"	105164353	"+"	"chr12+105164353"
"Polyclonal_95pct"	"chr12"	106829842	"+"	"chr12+106829842"
"Polyclonal_95pct"	"chr12"	106969366	"+"	"chr12+106969366"
"Polyclonal_95pct"	"chr12"	108668504	"+"	"chr12+108668504"
"Polyclonal_95pct"	"chr12"	110032300	"+"	"chr12+110032300"
"Polyclonal_95pct"	"chr12"	110563172	"+"	"chr12+110563172"
"Polyclonal_95pct"	"chr12"	110721111	"+"	"chr12+110721111"
"Polyclonal_95pct"	"chr12"	112003590	"+"	"chr12+112003590"
"Polyclonal_95pct"	"chr12"	114820934	"+"	"chr12+114820934"
"Polyclonal_95pct"	"chr12"	116081140	"+"	"chr12+116081140"
"Polyclonal_95pct"	"chr12"	116336628	"+"	"chr12+116336628"
"Polyclonal_95pct"	"chr12"	118716904	"+"	"chr12+118716904"
"Polyclonal_95pct"	"chr12"	121725191	"+"	"chr12+121725191"
"Polyclonal_95pct"	"chr12"	121844909	"+"	"chr12+121844909"
"Polyclonal_95pct"	"chr12"	122239197	"+"	"chr12+122239197"
"Polyclonal_95pct"	"chr12"	122446224	"+"	"chr12+122446224"
"Polyclonal_95pct"	"chr12"	122562260	"+"	"chr12+122562260"
"Polyclonal_95pct"	"chr12"	122581697	"+"	"chr12+122581697"
"Polyclonal_95pct"	"chr12"	122886767	"+"	"chr12+122886767"
"Polyclonal_95pct"	"chr12"	123966352	"+"	"chr12+123966352"
"Polyclonal_95pct"	"chr12"	132662699	"+"	"chr12+132662699"
"Polyclonal_95pct"	"chr12"	133145213	"+"	"chr12+133145213"
"Polyclonal_95pct"	"chr12"	314416	"-"	"chr12-314416"
"Polyclonal_95pct"	"chr12"	1382699	"-"	"chr12-1382699"
"Polyclonal_95pct"	"chr12"	1772554	"-"	"chr12-1772554"
"Polyclonal_95pct"	"chr12"	2789244	"-"	"chr12-2789244"
"Polyclonal_95pct"	"chr12"	4093353	"-"	"chr12-4093353"
"Polyclonal_95pct"	"chr12"	6587764	"-"	"chr12-6587764"
"Polyclonal_95pct"	"chr12"	6675447	"-"	"chr12-6675447"
"Polyclonal_95pct"	"chr12"	7052070	"-"	"chr12-7052070"
"Polyclonal_95pct"	"chr12"	7578592	"-"	"chr12-7578592"
"Polyclonal_95pct"	"chr12"	9502746	"-"	"chr12-9502746"
"Polyclonal_95pct"	"chr12"	9562275	"-"	"chr12-9562275"
"Polyclonal_95pct"	"chr12"	9687533	"-"	"chr12-9687533"
"Polyclonal_95pct"	"chr12"	9697048	"-"	"chr12-9697048"
"Polyclonal_95pct"	"chr12"	9697050	"-"	"chr12-9697050"
"Polyclonal_95pct"	"chr12"	9886245	"-"	"chr12-9886245"
"Polyclonal_95pct"	"chr12"	9891812	"-"	"chr12-9891812"
"Polyclonal_95pct"	"chr12"	10056830	"-"	"chr12-10056830"
"Polyclonal_95pct"	"chr12"	10161820	"-"	"chr12-10161820"
"Polyclonal_95pct"	"chr12"	10434591	"-"	"chr12-10434591"
"Polyclonal_95pct"	"chr12"	11746447	"-"	"chr12-11746447"
"Polyclonal_95pct"	"chr12"	13889687	"-"	"chr12-13889687"
"Polyclonal_95pct"	"chr12"	15146037	"-"	"chr12-15146037"
"Polyclonal_95pct"	"chr12"	15687021	"-"	"chr12-15687021"
"Polyclonal_95pct"	"chr12"	15896843	"-"	"chr12-15896843"
"Polyclonal_95pct"	"chr12"	16413293	"-"	"chr12-16413293"
"Polyclonal_95pct"	"chr12"	17213996	"-"	"chr12-17213996"
"Polyclonal_95pct"	"chr12"	17340754	"-"	"chr12-17340754"
"Polyclonal_95pct"	"chr12"	18708607	"-"	"chr12-18708607"
"Polyclonal_95pct"	"chr12"	19157648	"-"	"chr12-19157648"
"Polyclonal_95pct"	"chr12"	20631452	"-"	"chr12-20631452"
"Polyclonal_95pct"	"chr12"	20996587	"-"	"chr12-20996587"
"Polyclonal_95pct"	"chr12"	21452141	"-"	"chr12-21452141"
"Polyclonal_95pct"	"chr12"	22642424	"-"	"chr12-22642424"
"Polyclonal_95pct"	"chr12"	23107469	"-"	"chr12-23107469"
"Polyclonal_95pct"	"chr12"	24777146	"-"	"chr12-24777146"
"Polyclonal_95pct"	"chr12"	24798957	"-"	"chr12-24798957"
"Polyclonal_95pct"	"chr12"	26000531	"-"	"chr12-26000531"
"Polyclonal_95pct"	"chr12"	26433692	"-"	"chr12-26433692"
"Polyclonal_95pct"	"chr12"	26944532	"-"	"chr12-26944532"
"Polyclonal_95pct"	"chr12"	27649713	"-"	"chr12-27649713"
"Polyclonal_95pct"	"chr12"	27685140	"-"	"chr12-27685140"
"Polyclonal_95pct"	"chr12"	30044744	"-"	"chr12-30044744"
"Polyclonal_95pct"	"chr12"	30483166	"-"	"chr12-30483166"
"Polyclonal_95pct"	"chr12"	31466963	"-"	"chr12-31466963"
"Polyclonal_95pct"	"chr12"	31513991	"-"	"chr12-31513991"
"Polyclonal_95pct"	"chr12"	32519233	"-"	"chr12-32519233"
"Polyclonal_95pct"	"chr12"	33356403	"-"	"chr12-33356403"
"Polyclonal_95pct"	"chr12"	33678434	"-"	"chr12-33678434"
"Polyclonal_95pct"	"chr12"	38714477	"-"	"chr12-38714477"
"Polyclonal_95pct"	"chr12"	39345054	"-"	"chr12-39345054"
"Polyclonal_95pct"	"chr12"	39648849	"-"	"chr12-39648849"
"Polyclonal_95pct"	"chr12"	40198724	"-"	"chr12-40198724"
"Polyclonal_95pct"	"chr12"	40247194	"-"	"chr12-40247194"
"Polyclonal_95pct"	"chr12"	40683336	"-"	"chr12-40683336"
"Polyclonal_95pct"	"chr12"	40772379	"-"	"chr12-40772379"
"Polyclonal_95pct"	"chr12"	42167513	"-"	"chr12-42167513"
"Polyclonal_95pct"	"chr12"	44484968	"-"	"chr12-44484968"
"Polyclonal_95pct"	"chr12"	45732869	"-"	"chr12-45732869"
"Polyclonal_95pct"	"chr12"	48440555	"-"	"chr12-48440555"
"Polyclonal_95pct"	"chr12"	48511626	"-"	"chr12-48511626"
"Polyclonal_95pct"	"chr12"	48835364	"-"	"chr12-48835364"
"Polyclonal_95pct"	"chr12"	49203159	"-"	"chr12-49203159"
"Polyclonal_95pct"	"chr12"	49203454	"-"	"chr12-49203454"
"Polyclonal_95pct"	"chr12"	49220794	"-"	"chr12-49220794"
"Polyclonal_95pct"	"chr12"	49391004	"-"	"chr12-49391004"
"Polyclonal_95pct"	"chr12"	50003018	"-"	"chr12-50003018"
"Polyclonal_95pct"	"chr12"	50009457	"-"	"chr12-50009457"
"Polyclonal_95pct"	"chr12"	50016308	"-"	"chr12-50016308"
"Polyclonal_95pct"	"chr12"	50017022	"-"	"chr12-50017022"
"Polyclonal_95pct"	"chr12"	50455182	"-"	"chr12-50455182"
"Polyclonal_95pct"	"chr12"	51106529	"-"	"chr12-51106529"
"Polyclonal_95pct"	"chr12"	51311802	"-"	"chr12-51311802"
"Polyclonal_95pct"	"chr12"	51431620	"-"	"chr12-51431620"
"Polyclonal_95pct"	"chr12"	53020753	"-"	"chr12-53020753"
"Polyclonal_95pct"	"chr12"	53140805	"-"	"chr12-53140805"
"Polyclonal_95pct"	"chr12"	53404658	"-"	"chr12-53404658"
"Polyclonal_95pct"	"chr12"	53572713	"-"	"chr12-53572713"
"Polyclonal_95pct"	"chr12"	54139349	"-"	"chr12-54139349"
"Polyclonal_95pct"	"chr12"	54344625	"-"	"chr12-54344625"
"Polyclonal_95pct"	"chr12"	55218870	"-"	"chr12-55218870"
"Polyclonal_95pct"	"chr12"	55243511	"-"	"chr12-55243511"
"Polyclonal_95pct"	"chr12"	55488577	"-"	"chr12-55488577"
"Polyclonal_95pct"	"chr12"	55794177	"-"	"chr12-55794177"
"Polyclonal_95pct"	"chr12"	55823107	"-"	"chr12-55823107"
"Polyclonal_95pct"	"chr12"	56678514	"-"	"chr12-56678514"
"Polyclonal_95pct"	"chr12"	56735548	"-"	"chr12-56735548"
"Polyclonal_95pct"	"chr12"	57403991	"-"	"chr12-57403991"
"Polyclonal_95pct"	"chr12"	57645681	"-"	"chr12-57645681"
"Polyclonal_95pct"	"chr12"	57709322	"-"	"chr12-57709322"
"Polyclonal_95pct"	"chr12"	57785718	"-"	"chr12-57785718"
"Polyclonal_95pct"	"chr12"	58131377	"-"	"chr12-58131377"
"Polyclonal_95pct"	"chr12"	58629151	"-"	"chr12-58629151"
"Polyclonal_95pct"	"chr12"	58753777	"-"	"chr12-58753777"
"Polyclonal_95pct"	"chr12"	59145414	"-"	"chr12-59145414"
"Polyclonal_95pct"	"chr12"	59591445	"-"	"chr12-59591445"
"Polyclonal_95pct"	"chr12"	59707117	"-"	"chr12-59707117"
"Polyclonal_95pct"	"chr12"	60142925	"-"	"chr12-60142925"
"Polyclonal_95pct"	"chr12"	60255069	"-"	"chr12-60255069"
"Polyclonal_95pct"	"chr12"	60557153	"-"	"chr12-60557153"
"Polyclonal_95pct"	"chr12"	61512612	"-"	"chr12-61512612"
"Polyclonal_95pct"	"chr12"	61808503	"-"	"chr12-61808503"
"Polyclonal_95pct"	"chr12"	62351361	"-"	"chr12-62351361"
"Polyclonal_95pct"	"chr12"	62375486	"-"	"chr12-62375486"
"Polyclonal_95pct"	"chr12"	63770494	"-"	"chr12-63770494"
"Polyclonal_95pct"	"chr12"	64004266	"-"	"chr12-64004266"
"Polyclonal_95pct"	"chr12"	66207008	"-"	"chr12-66207008"
"Polyclonal_95pct"	"chr12"	66375506	"-"	"chr12-66375506"
"Polyclonal_95pct"	"chr12"	66781008	"-"	"chr12-66781008"
"Polyclonal_95pct"	"chr12"	67211291	"-"	"chr12-67211291"
"Polyclonal_95pct"	"chr12"	67249879	"-"	"chr12-67249879"
"Polyclonal_95pct"	"chr12"	67999234	"-"	"chr12-67999234"
"Polyclonal_95pct"	"chr12"	68279163	"-"	"chr12-68279163"
"Polyclonal_95pct"	"chr12"	68360990	"-"	"chr12-68360990"
"Polyclonal_95pct"	"chr12"	68674661	"-"	"chr12-68674661"
"Polyclonal_95pct"	"chr12"	68677193	"-"	"chr12-68677193"
"Polyclonal_95pct"	"chr12"	69269918	"-"	"chr12-69269918"
"Polyclonal_95pct"	"chr12"	70250054	"-"	"chr12-70250054"
"Polyclonal_95pct"	"chr12"	70256652	"-"	"chr12-70256652"
"Polyclonal_95pct"	"chr12"	70343352	"-"	"chr12-70343352"
"Polyclonal_95pct"	"chr12"	70701841	"-"	"chr12-70701841"
"Polyclonal_95pct"	"chr12"	70931503	"-"	"chr12-70931503"
"Polyclonal_95pct"	"chr12"	72540258	"-"	"chr12-72540258"
"Polyclonal_95pct"	"chr12"	72884791	"-"	"chr12-72884791"
"Polyclonal_95pct"	"chr12"	73220790	"-"	"chr12-73220790"
"Polyclonal_95pct"	"chr12"	73875607	"-"	"chr12-73875607"
"Polyclonal_95pct"	"chr12"	74168797	"-"	"chr12-74168797"
"Polyclonal_95pct"	"chr12"	75591623	"-"	"chr12-75591623"
"Polyclonal_95pct"	"chr12"	77054529	"-"	"chr12-77054529"
"Polyclonal_95pct"	"chr12"	77650301	"-"	"chr12-77650301"
"Polyclonal_95pct"	"chr12"	77713437	"-"	"chr12-77713437"
"Polyclonal_95pct"	"chr12"	77829146	"-"	"chr12-77829146"
"Polyclonal_95pct"	"chr12"	77892072	"-"	"chr12-77892072"
"Polyclonal_95pct"	"chr12"	79048865	"-"	"chr12-79048865"
"Polyclonal_95pct"	"chr12"	79171992	"-"	"chr12-79171992"
"Polyclonal_95pct"	"chr12"	79628773	"-"	"chr12-79628773"
"Polyclonal_95pct"	"chr12"	79831070	"-"	"chr12-79831070"
"Polyclonal_95pct"	"chr12"	80161258	"-"	"chr12-80161258"
"Polyclonal_95pct"	"chr12"	80638517	"-"	"chr12-80638517"
"Polyclonal_95pct"	"chr12"	81026896	"-"	"chr12-81026896"
"Polyclonal_95pct"	"chr12"	82383669	"-"	"chr12-82383669"
"Polyclonal_95pct"	"chr12"	82892544	"-"	"chr12-82892544"
"Polyclonal_95pct"	"chr12"	82942422	"-"	"chr12-82942422"
"Polyclonal_95pct"	"chr12"	82984801	"-"	"chr12-82984801"
"Polyclonal_95pct"	"chr12"	85372477	"-"	"chr12-85372477"
"Polyclonal_95pct"	"chr12"	85810762	"-"	"chr12-85810762"
"Polyclonal_95pct"	"chr12"	86368417	"-"	"chr12-86368417"
"Polyclonal_95pct"	"chr12"	87205040	"-"	"chr12-87205040"
"Polyclonal_95pct"	"chr12"	89179211	"-"	"chr12-89179211"
"Polyclonal_95pct"	"chr12"	89720068	"-"	"chr12-89720068"
"Polyclonal_95pct"	"chr12"	89745614	"-"	"chr12-89745614"
"Polyclonal_95pct"	"chr12"	91401229	"-"	"chr12-91401229"
"Polyclonal_95pct"	"chr12"	91981033	"-"	"chr12-91981033"
"Polyclonal_95pct"	"chr12"	92355595	"-"	"chr12-92355595"
"Polyclonal_95pct"	"chr12"	92434997	"-"	"chr12-92434997"
"Polyclonal_95pct"	"chr12"	94504931	"-"	"chr12-94504931"
"Polyclonal_95pct"	"chr12"	96392943	"-"	"chr12-96392943"
"Polyclonal_95pct"	"chr12"	100218805	"-"	"chr12-100218805"
"Polyclonal_95pct"	"chr12"	102650189	"-"	"chr12-102650189"
"Polyclonal_95pct"	"chr12"	107907015	"-"	"chr12-107907015"
"Polyclonal_95pct"	"chr12"	108297425	"-"	"chr12-108297425"
"Polyclonal_95pct"	"chr12"	108335920	"-"	"chr12-108335920"
"Polyclonal_95pct"	"chr12"	109639336	"-"	"chr12-109639336"
"Polyclonal_95pct"	"chr12"	110384403	"-"	"chr12-110384403"
"Polyclonal_95pct"	"chr12"	110685717	"-"	"chr12-110685717"
"Polyclonal_95pct"	"chr12"	112097408	"-"	"chr12-112097408"
"Polyclonal_95pct"	"chr12"	112277227	"-"	"chr12-112277227"
"Polyclonal_95pct"	"chr12"	112430535	"-"	"chr12-112430535"
"Polyclonal_95pct"	"chr12"	112455176	"-"	"chr12-112455176"
"Polyclonal_95pct"	"chr12"	112983019	"-"	"chr12-112983019"
"Polyclonal_95pct"	"chr12"	117164521	"-"	"chr12-117164521"
"Polyclonal_95pct"	"chr12"	118231043	"-"	"chr12-118231043"
"Polyclonal_95pct"	"chr12"	120037151	"-"	"chr12-120037151"
"Polyclonal_95pct"	"chr12"	120048899	"-"	"chr12-120048899"
"Polyclonal_95pct"	"chr12"	120832985	"-"	"chr12-120832985"
"Polyclonal_95pct"	"chr12"	120890248	"-"	"chr12-120890248"
"Polyclonal_95pct"	"chr12"	121173989	"-"	"chr12-121173989"
"Polyclonal_95pct"	"chr12"	121276715	"-"	"chr12-121276715"
"Polyclonal_95pct"	"chr12"	122547573	"-"	"chr12-122547573"
"Polyclonal_95pct"	"chr12"	127760696	"-"	"chr12-127760696"
"Polyclonal_95pct"	"chr12"	132107219	"-"	"chr12-132107219"
"Polyclonal_95pct"	"chr12"	132646772	"-"	"chr12-132646772"
"Polyclonal_95pct"	"chr13"	18543517	"+"	"chr13+18543517"
"Polyclonal_95pct"	"chr13"	30282024	"+"	"chr13+30282024"
"Polyclonal_95pct"	"chr13"	30442912	"+"	"chr13+30442912"
"Polyclonal_95pct"	"chr13"	34293911	"+"	"chr13+34293911"
"Polyclonal_95pct"	"chr13"	37230988	"+"	"chr13+37230988"
"Polyclonal_95pct"	"chr13"	37742842	"+"	"chr13+37742842"
"Polyclonal_95pct"	"chr13"	39793289	"+"	"chr13+39793289"
"Polyclonal_95pct"	"chr13"	40661145	"+"	"chr13+40661145"
"Polyclonal_95pct"	"chr13"	43069004	"+"	"chr13+43069004"
"Polyclonal_95pct"	"chr13"	44484340	"+"	"chr13+44484340"
"Polyclonal_95pct"	"chr13"	46019137	"+"	"chr13+46019137"
"Polyclonal_95pct"	"chr13"	46039412	"+"	"chr13+46039412"
"Polyclonal_95pct"	"chr13"	46662290	"+"	"chr13+46662290"
"Polyclonal_95pct"	"chr13"	48034964	"+"	"chr13+48034964"
"Polyclonal_95pct"	"chr13"	52462912	"+"	"chr13+52462912"
"Polyclonal_95pct"	"chr13"	53217036	"+"	"chr13+53217036"
"Polyclonal_95pct"	"chr13"	53366995	"+"	"chr13+53366995"
"Polyclonal_95pct"	"chr13"	54879899	"+"	"chr13+54879899"
"Polyclonal_95pct"	"chr13"	56052087	"+"	"chr13+56052087"
"Polyclonal_95pct"	"chr13"	56149628	"+"	"chr13+56149628"
"Polyclonal_95pct"	"chr13"	56527727	"+"	"chr13+56527727"
"Polyclonal_95pct"	"chr13"	56553864	"+"	"chr13+56553864"
"Polyclonal_95pct"	"chr13"	56615586	"+"	"chr13+56615586"
"Polyclonal_95pct"	"chr13"	56907571	"+"	"chr13+56907571"
"Polyclonal_95pct"	"chr13"	56952503	"+"	"chr13+56952503"
"Polyclonal_95pct"	"chr13"	57251348	"+"	"chr13+57251348"
"Polyclonal_95pct"	"chr13"	57380945	"+"	"chr13+57380945"
"Polyclonal_95pct"	"chr13"	57394491	"+"	"chr13+57394491"
"Polyclonal_95pct"	"chr13"	57696246	"+"	"chr13+57696246"
"Polyclonal_95pct"	"chr13"	58013552	"+"	"chr13+58013552"
"Polyclonal_95pct"	"chr13"	58193474	"+"	"chr13+58193474"
"Polyclonal_95pct"	"chr13"	58538442	"+"	"chr13+58538442"
"Polyclonal_95pct"	"chr13"	58961866	"+"	"chr13+58961866"
"Polyclonal_95pct"	"chr13"	59065160	"+"	"chr13+59065160"
"Polyclonal_95pct"	"chr13"	59218654	"+"	"chr13+59218654"
"Polyclonal_95pct"	"chr13"	60549296	"+"	"chr13+60549296"
"Polyclonal_95pct"	"chr13"	60572148	"+"	"chr13+60572148"
"Polyclonal_95pct"	"chr13"	60880694	"+"	"chr13+60880694"
"Polyclonal_95pct"	"chr13"	62218582	"+"	"chr13+62218582"
"Polyclonal_95pct"	"chr13"	62654275	"+"	"chr13+62654275"
"Polyclonal_95pct"	"chr13"	62811387	"+"	"chr13+62811387"
"Polyclonal_95pct"	"chr13"	63568984	"+"	"chr13+63568984"
"Polyclonal_95pct"	"chr13"	63577555	"+"	"chr13+63577555"
"Polyclonal_95pct"	"chr13"	64009739	"+"	"chr13+64009739"
"Polyclonal_95pct"	"chr13"	64246363	"+"	"chr13+64246363"
"Polyclonal_95pct"	"chr13"	64294707	"+"	"chr13+64294707"
"Polyclonal_95pct"	"chr13"	64994835	"+"	"chr13+64994835"
"Polyclonal_95pct"	"chr13"	65233206	"+"	"chr13+65233206"
"Polyclonal_95pct"	"chr13"	65239578	"+"	"chr13+65239578"
"Polyclonal_95pct"	"chr13"	65396972	"+"	"chr13+65396972"
"Polyclonal_95pct"	"chr13"	65488426	"+"	"chr13+65488426"
"Polyclonal_95pct"	"chr13"	65490109	"+"	"chr13+65490109"
"Polyclonal_95pct"	"chr13"	66504863	"+"	"chr13+66504863"
"Polyclonal_95pct"	"chr13"	66532134	"+"	"chr13+66532134"
"Polyclonal_95pct"	"chr13"	66854759	"+"	"chr13+66854759"
"Polyclonal_95pct"	"chr13"	66887397	"+"	"chr13+66887397"
"Polyclonal_95pct"	"chr13"	68064749	"+"	"chr13+68064749"
"Polyclonal_95pct"	"chr13"	68132452	"+"	"chr13+68132452"
"Polyclonal_95pct"	"chr13"	68306168	"+"	"chr13+68306168"
"Polyclonal_95pct"	"chr13"	68440774	"+"	"chr13+68440774"
"Polyclonal_95pct"	"chr13"	68615158	"+"	"chr13+68615158"
"Polyclonal_95pct"	"chr13"	68642103	"+"	"chr13+68642103"
"Polyclonal_95pct"	"chr13"	68991482	"+"	"chr13+68991482"
"Polyclonal_95pct"	"chr13"	69132874	"+"	"chr13+69132874"
"Polyclonal_95pct"	"chr13"	69207508	"+"	"chr13+69207508"
"Polyclonal_95pct"	"chr13"	69621620	"+"	"chr13+69621620"
"Polyclonal_95pct"	"chr13"	69641680	"+"	"chr13+69641680"
"Polyclonal_95pct"	"chr13"	69766761	"+"	"chr13+69766761"
"Polyclonal_95pct"	"chr13"	69905420	"+"	"chr13+69905420"
"Polyclonal_95pct"	"chr13"	70058096	"+"	"chr13+70058096"
"Polyclonal_95pct"	"chr13"	70247451	"+"	"chr13+70247451"
"Polyclonal_95pct"	"chr13"	70590125	"+"	"chr13+70590125"
"Polyclonal_95pct"	"chr13"	70799343	"+"	"chr13+70799343"
"Polyclonal_95pct"	"chr13"	70928338	"+"	"chr13+70928338"
"Polyclonal_95pct"	"chr13"	71266363	"+"	"chr13+71266363"
"Polyclonal_95pct"	"chr13"	71383789	"+"	"chr13+71383789"
"Polyclonal_95pct"	"chr13"	71956950	"+"	"chr13+71956950"
"Polyclonal_95pct"	"chr13"	72501936	"+"	"chr13+72501936"
"Polyclonal_95pct"	"chr13"	74204847	"+"	"chr13+74204847"
"Polyclonal_95pct"	"chr13"	74422110	"+"	"chr13+74422110"
"Polyclonal_95pct"	"chr13"	77190728	"+"	"chr13+77190728"
"Polyclonal_95pct"	"chr13"	77228071	"+"	"chr13+77228071"
"Polyclonal_95pct"	"chr13"	77630760	"+"	"chr13+77630760"
"Polyclonal_95pct"	"chr13"	77929997	"+"	"chr13+77929997"
"Polyclonal_95pct"	"chr13"	79202267	"+"	"chr13+79202267"
"Polyclonal_95pct"	"chr13"	79558957	"+"	"chr13+79558957"
"Polyclonal_95pct"	"chr13"	79897764	"+"	"chr13+79897764"
"Polyclonal_95pct"	"chr13"	80415141	"+"	"chr13+80415141"
"Polyclonal_95pct"	"chr13"	80629754	"+"	"chr13+80629754"
"Polyclonal_95pct"	"chr13"	81103987	"+"	"chr13+81103987"
"Polyclonal_95pct"	"chr13"	81825426	"+"	"chr13+81825426"
"Polyclonal_95pct"	"chr13"	82135946	"+"	"chr13+82135946"
"Polyclonal_95pct"	"chr13"	82344617	"+"	"chr13+82344617"
"Polyclonal_95pct"	"chr13"	82836331	"+"	"chr13+82836331"
"Polyclonal_95pct"	"chr13"	83763397	"+"	"chr13+83763397"
"Polyclonal_95pct"	"chr13"	83813894	"+"	"chr13+83813894"
"Polyclonal_95pct"	"chr13"	84005024	"+"	"chr13+84005024"
"Polyclonal_95pct"	"chr13"	84887652	"+"	"chr13+84887652"
"Polyclonal_95pct"	"chr13"	84887684	"+"	"chr13+84887684"
"Polyclonal_95pct"	"chr13"	85324681	"+"	"chr13+85324681"
"Polyclonal_95pct"	"chr13"	85407727	"+"	"chr13+85407727"
"Polyclonal_95pct"	"chr13"	85797956	"+"	"chr13+85797956"
"Polyclonal_95pct"	"chr13"	86129087	"+"	"chr13+86129087"
"Polyclonal_95pct"	"chr13"	86177642	"+"	"chr13+86177642"
"Polyclonal_95pct"	"chr13"	86337313	"+"	"chr13+86337313"
"Polyclonal_95pct"	"chr13"	86599161	"+"	"chr13+86599161"
"Polyclonal_95pct"	"chr13"	86959869	"+"	"chr13+86959869"
"Polyclonal_95pct"	"chr13"	86962017	"+"	"chr13+86962017"
"Polyclonal_95pct"	"chr13"	87390091	"+"	"chr13+87390091"
"Polyclonal_95pct"	"chr13"	87429201	"+"	"chr13+87429201"
"Polyclonal_95pct"	"chr13"	87460017	"+"	"chr13+87460017"
"Polyclonal_95pct"	"chr13"	87539421	"+"	"chr13+87539421"
"Polyclonal_95pct"	"chr13"	87635284	"+"	"chr13+87635284"
"Polyclonal_95pct"	"chr13"	87684836	"+"	"chr13+87684836"
"Polyclonal_95pct"	"chr13"	88619274	"+"	"chr13+88619274"
"Polyclonal_95pct"	"chr13"	88874447	"+"	"chr13+88874447"
"Polyclonal_95pct"	"chr13"	88987041	"+"	"chr13+88987041"
"Polyclonal_95pct"	"chr13"	89000938	"+"	"chr13+89000938"
"Polyclonal_95pct"	"chr13"	91155464	"+"	"chr13+91155464"
"Polyclonal_95pct"	"chr13"	91281176	"+"	"chr13+91281176"
"Polyclonal_95pct"	"chr13"	91387210	"+"	"chr13+91387210"
"Polyclonal_95pct"	"chr13"	91455910	"+"	"chr13+91455910"
"Polyclonal_95pct"	"chr13"	91805829	"+"	"chr13+91805829"
"Polyclonal_95pct"	"chr13"	92705599	"+"	"chr13+92705599"
"Polyclonal_95pct"	"chr13"	94576628	"+"	"chr13+94576628"
"Polyclonal_95pct"	"chr13"	96547722	"+"	"chr13+96547722"
"Polyclonal_95pct"	"chr13"	97360885	"+"	"chr13+97360885"
"Polyclonal_95pct"	"chr13"	97364852	"+"	"chr13+97364852"
"Polyclonal_95pct"	"chr13"	98793690	"+"	"chr13+98793690"
"Polyclonal_95pct"	"chr13"	98805068	"+"	"chr13+98805068"
"Polyclonal_95pct"	"chr13"	100329796	"+"	"chr13+100329796"
"Polyclonal_95pct"	"chr13"	101281343	"+"	"chr13+101281343"
"Polyclonal_95pct"	"chr13"	102398432	"+"	"chr13+102398432"
"Polyclonal_95pct"	"chr13"	102476748	"+"	"chr13+102476748"
"Polyclonal_95pct"	"chr13"	102614302	"+"	"chr13+102614302"
"Polyclonal_95pct"	"chr13"	102825735	"+"	"chr13+102825735"
"Polyclonal_95pct"	"chr13"	103492463	"+"	"chr13+103492463"
"Polyclonal_95pct"	"chr13"	103888101	"+"	"chr13+103888101"
"Polyclonal_95pct"	"chr13"	103931708	"+"	"chr13+103931708"
"Polyclonal_95pct"	"chr13"	104240403	"+"	"chr13+104240403"
"Polyclonal_95pct"	"chr13"	104469524	"+"	"chr13+104469524"
"Polyclonal_95pct"	"chr13"	107503426	"+"	"chr13+107503426"
"Polyclonal_95pct"	"chr13"	111551393	"+"	"chr13+111551393"
"Polyclonal_95pct"	"chr13"	113128472	"+"	"chr13+113128472"
"Polyclonal_95pct"	"chr13"	113488377	"+"	"chr13+113488377"
"Polyclonal_95pct"	"chr13"	114297448	"+"	"chr13+114297448"
"Polyclonal_95pct"	"chr13"	19648585	"-"	"chr13-19648585"
"Polyclonal_95pct"	"chr13"	19821955	"-"	"chr13-19821955"
"Polyclonal_95pct"	"chr13"	20174049	"-"	"chr13-20174049"
"Polyclonal_95pct"	"chr13"	21033491	"-"	"chr13-21033491"
"Polyclonal_95pct"	"chr13"	28240241	"-"	"chr13-28240241"
"Polyclonal_95pct"	"chr13"	31507119	"-"	"chr13-31507119"
"Polyclonal_95pct"	"chr13"	31859981	"-"	"chr13-31859981"
"Polyclonal_95pct"	"chr13"	34668278	"-"	"chr13-34668278"
"Polyclonal_95pct"	"chr13"	35119765	"-"	"chr13-35119765"
"Polyclonal_95pct"	"chr13"	35162479	"-"	"chr13-35162479"
"Polyclonal_95pct"	"chr13"	35745431	"-"	"chr13-35745431"
"Polyclonal_95pct"	"chr13"	37336724	"-"	"chr13-37336724"
"Polyclonal_95pct"	"chr13"	37569084	"-"	"chr13-37569084"
"Polyclonal_95pct"	"chr13"	38358010	"-"	"chr13-38358010"
"Polyclonal_95pct"	"chr13"	38632602	"-"	"chr13-38632602"
"Polyclonal_95pct"	"chr13"	42077356	"-"	"chr13-42077356"
"Polyclonal_95pct"	"chr13"	46043281	"-"	"chr13-46043281"
"Polyclonal_95pct"	"chr13"	46658313	"-"	"chr13-46658313"
"Polyclonal_95pct"	"chr13"	48443224	"-"	"chr13-48443224"
"Polyclonal_95pct"	"chr13"	48986969	"-"	"chr13-48986969"
"Polyclonal_95pct"	"chr13"	49003898	"-"	"chr13-49003898"
"Polyclonal_95pct"	"chr13"	50110502	"-"	"chr13-50110502"
"Polyclonal_95pct"	"chr13"	51379019	"-"	"chr13-51379019"
"Polyclonal_95pct"	"chr13"	51445184	"-"	"chr13-51445184"
"Polyclonal_95pct"	"chr13"	53531168	"-"	"chr13-53531168"
"Polyclonal_95pct"	"chr13"	53587214	"-"	"chr13-53587214"
"Polyclonal_95pct"	"chr13"	53608272	"-"	"chr13-53608272"
"Polyclonal_95pct"	"chr13"	53796469	"-"	"chr13-53796469"
"Polyclonal_95pct"	"chr13"	53881902	"-"	"chr13-53881902"
"Polyclonal_95pct"	"chr13"	55100215	"-"	"chr13-55100215"
"Polyclonal_95pct"	"chr13"	55379138	"-"	"chr13-55379138"
"Polyclonal_95pct"	"chr13"	55615346	"-"	"chr13-55615346"
"Polyclonal_95pct"	"chr13"	55765672	"-"	"chr13-55765672"
"Polyclonal_95pct"	"chr13"	55846615	"-"	"chr13-55846615"
"Polyclonal_95pct"	"chr13"	57076906	"-"	"chr13-57076906"
"Polyclonal_95pct"	"chr13"	57307334	"-"	"chr13-57307334"
"Polyclonal_95pct"	"chr13"	57365962	"-"	"chr13-57365962"
"Polyclonal_95pct"	"chr13"	57415847	"-"	"chr13-57415847"
"Polyclonal_95pct"	"chr13"	58291945	"-"	"chr13-58291945"
"Polyclonal_95pct"	"chr13"	58812648	"-"	"chr13-58812648"
"Polyclonal_95pct"	"chr13"	58816795	"-"	"chr13-58816795"
"Polyclonal_95pct"	"chr13"	59724768	"-"	"chr13-59724768"
"Polyclonal_95pct"	"chr13"	60360678	"-"	"chr13-60360678"
"Polyclonal_95pct"	"chr13"	60384635	"-"	"chr13-60384635"
"Polyclonal_95pct"	"chr13"	60549300	"-"	"chr13-60549300"
"Polyclonal_95pct"	"chr13"	60550163	"-"	"chr13-60550163"
"Polyclonal_95pct"	"chr13"	62018783	"-"	"chr13-62018783"
"Polyclonal_95pct"	"chr13"	62208249	"-"	"chr13-62208249"
"Polyclonal_95pct"	"chr13"	62226150	"-"	"chr13-62226150"
"Polyclonal_95pct"	"chr13"	62366007	"-"	"chr13-62366007"
"Polyclonal_95pct"	"chr13"	62683851	"-"	"chr13-62683851"
"Polyclonal_95pct"	"chr13"	62684514	"-"	"chr13-62684514"
"Polyclonal_95pct"	"chr13"	62831290	"-"	"chr13-62831290"
"Polyclonal_95pct"	"chr13"	62905899	"-"	"chr13-62905899"
"Polyclonal_95pct"	"chr13"	62924186	"-"	"chr13-62924186"
"Polyclonal_95pct"	"chr13"	63000192	"-"	"chr13-63000192"
"Polyclonal_95pct"	"chr13"	63321205	"-"	"chr13-63321205"
"Polyclonal_95pct"	"chr13"	63358068	"-"	"chr13-63358068"
"Polyclonal_95pct"	"chr13"	64438053	"-"	"chr13-64438053"
"Polyclonal_95pct"	"chr13"	64732495	"-"	"chr13-64732495"
"Polyclonal_95pct"	"chr13"	65035729	"-"	"chr13-65035729"
"Polyclonal_95pct"	"chr13"	65122914	"-"	"chr13-65122914"
"Polyclonal_95pct"	"chr13"	66548680	"-"	"chr13-66548680"
"Polyclonal_95pct"	"chr13"	66675281	"-"	"chr13-66675281"
"Polyclonal_95pct"	"chr13"	66793822	"-"	"chr13-66793822"
"Polyclonal_95pct"	"chr13"	67140599	"-"	"chr13-67140599"
"Polyclonal_95pct"	"chr13"	67353041	"-"	"chr13-67353041"
"Polyclonal_95pct"	"chr13"	67575606	"-"	"chr13-67575606"
"Polyclonal_95pct"	"chr13"	67977006	"-"	"chr13-67977006"
"Polyclonal_95pct"	"chr13"	68008377	"-"	"chr13-68008377"
"Polyclonal_95pct"	"chr13"	68484130	"-"	"chr13-68484130"
"Polyclonal_95pct"	"chr13"	68489143	"-"	"chr13-68489143"
"Polyclonal_95pct"	"chr13"	69134138	"-"	"chr13-69134138"
"Polyclonal_95pct"	"chr13"	69349607	"-"	"chr13-69349607"
"Polyclonal_95pct"	"chr13"	69962499	"-"	"chr13-69962499"
"Polyclonal_95pct"	"chr13"	70001611	"-"	"chr13-70001611"
"Polyclonal_95pct"	"chr13"	70272092	"-"	"chr13-70272092"
"Polyclonal_95pct"	"chr13"	70732976	"-"	"chr13-70732976"
"Polyclonal_95pct"	"chr13"	71286515	"-"	"chr13-71286515"
"Polyclonal_95pct"	"chr13"	71359321	"-"	"chr13-71359321"
"Polyclonal_95pct"	"chr13"	71701442	"-"	"chr13-71701442"
"Polyclonal_95pct"	"chr13"	72136276	"-"	"chr13-72136276"
"Polyclonal_95pct"	"chr13"	72665882	"-"	"chr13-72665882"
"Polyclonal_95pct"	"chr13"	73561435	"-"	"chr13-73561435"
"Polyclonal_95pct"	"chr13"	76336084	"-"	"chr13-76336084"
"Polyclonal_95pct"	"chr13"	76779337	"-"	"chr13-76779337"
"Polyclonal_95pct"	"chr13"	77262297	"-"	"chr13-77262297"
"Polyclonal_95pct"	"chr13"	77264386	"-"	"chr13-77264386"
"Polyclonal_95pct"	"chr13"	77266615	"-"	"chr13-77266615"
"Polyclonal_95pct"	"chr13"	78245301	"-"	"chr13-78245301"
"Polyclonal_95pct"	"chr13"	78822560	"-"	"chr13-78822560"
"Polyclonal_95pct"	"chr13"	79158084	"-"	"chr13-79158084"
"Polyclonal_95pct"	"chr13"	79618826	"-"	"chr13-79618826"
"Polyclonal_95pct"	"chr13"	79897768	"-"	"chr13-79897768"
"Polyclonal_95pct"	"chr13"	80806111	"-"	"chr13-80806111"
"Polyclonal_95pct"	"chr13"	81040800	"-"	"chr13-81040800"
"Polyclonal_95pct"	"chr13"	81224201	"-"	"chr13-81224201"
"Polyclonal_95pct"	"chr13"	81299267	"-"	"chr13-81299267"
"Polyclonal_95pct"	"chr13"	81471140	"-"	"chr13-81471140"
"Polyclonal_95pct"	"chr13"	81930507	"-"	"chr13-81930507"
"Polyclonal_95pct"	"chr13"	82127969	"-"	"chr13-82127969"
"Polyclonal_95pct"	"chr13"	82488111	"-"	"chr13-82488111"
"Polyclonal_95pct"	"chr13"	84229400	"-"	"chr13-84229400"
"Polyclonal_95pct"	"chr13"	85542033	"-"	"chr13-85542033"
"Polyclonal_95pct"	"chr13"	85759002	"-"	"chr13-85759002"
"Polyclonal_95pct"	"chr13"	85972983	"-"	"chr13-85972983"
"Polyclonal_95pct"	"chr13"	86050012	"-"	"chr13-86050012"
"Polyclonal_95pct"	"chr13"	86554270	"-"	"chr13-86554270"
"Polyclonal_95pct"	"chr13"	86579640	"-"	"chr13-86579640"
"Polyclonal_95pct"	"chr13"	86698122	"-"	"chr13-86698122"
"Polyclonal_95pct"	"chr13"	87483898	"-"	"chr13-87483898"
"Polyclonal_95pct"	"chr13"	87501938	"-"	"chr13-87501938"
"Polyclonal_95pct"	"chr13"	87630437	"-"	"chr13-87630437"
"Polyclonal_95pct"	"chr13"	88386410	"-"	"chr13-88386410"
"Polyclonal_95pct"	"chr13"	88467192	"-"	"chr13-88467192"
"Polyclonal_95pct"	"chr13"	89213042	"-"	"chr13-89213042"
"Polyclonal_95pct"	"chr13"	89224672	"-"	"chr13-89224672"
"Polyclonal_95pct"	"chr13"	91260789	"-"	"chr13-91260789"
"Polyclonal_95pct"	"chr13"	91399723	"-"	"chr13-91399723"
"Polyclonal_95pct"	"chr13"	92726646	"-"	"chr13-92726646"
"Polyclonal_95pct"	"chr13"	92933650	"-"	"chr13-92933650"
"Polyclonal_95pct"	"chr13"	93115311	"-"	"chr13-93115311"
"Polyclonal_95pct"	"chr13"	93415910	"-"	"chr13-93415910"
"Polyclonal_95pct"	"chr13"	93902684	"-"	"chr13-93902684"
"Polyclonal_95pct"	"chr13"	94627347	"-"	"chr13-94627347"
"Polyclonal_95pct"	"chr13"	95539985	"-"	"chr13-95539985"
"Polyclonal_95pct"	"chr13"	96767452	"-"	"chr13-96767452"
"Polyclonal_95pct"	"chr13"	98022043	"-"	"chr13-98022043"
"Polyclonal_95pct"	"chr13"	100205143	"-"	"chr13-100205143"
"Polyclonal_95pct"	"chr13"	101781968	"-"	"chr13-101781968"
"Polyclonal_95pct"	"chr13"	102011590	"-"	"chr13-102011590"
"Polyclonal_95pct"	"chr13"	102390252	"-"	"chr13-102390252"
"Polyclonal_95pct"	"chr13"	103580198	"-"	"chr13-103580198"
"Polyclonal_95pct"	"chr13"	103864431	"-"	"chr13-103864431"
"Polyclonal_95pct"	"chr13"	105374518	"-"	"chr13-105374518"
"Polyclonal_95pct"	"chr13"	105409002	"-"	"chr13-105409002"
"Polyclonal_95pct"	"chr13"	105448703	"-"	"chr13-105448703"
"Polyclonal_95pct"	"chr13"	106512794	"-"	"chr13-106512794"
"Polyclonal_95pct"	"chr13"	109594775	"-"	"chr13-109594775"
"Polyclonal_95pct"	"chr13"	113180074	"-"	"chr13-113180074"
"Polyclonal_95pct"	"chr14"	19776559	"+"	"chr14+19776559"
"Polyclonal_95pct"	"chr14"	22482409	"+"	"chr14+22482409"
"Polyclonal_95pct"	"chr14"	26362716	"+"	"chr14+26362716"
"Polyclonal_95pct"	"chr14"	28716523	"+"	"chr14+28716523"
"Polyclonal_95pct"	"chr14"	29059902	"+"	"chr14+29059902"
"Polyclonal_95pct"	"chr14"	29070402	"+"	"chr14+29070402"
"Polyclonal_95pct"	"chr14"	31380129	"+"	"chr14+31380129"
"Polyclonal_95pct"	"chr14"	34581560	"+"	"chr14+34581560"
"Polyclonal_95pct"	"chr14"	34699795	"+"	"chr14+34699795"
"Polyclonal_95pct"	"chr14"	35325874	"+"	"chr14+35325874"
"Polyclonal_95pct"	"chr14"	35564364	"+"	"chr14+35564364"
"Polyclonal_95pct"	"chr14"	37068514	"+"	"chr14+37068514"
"Polyclonal_95pct"	"chr14"	37311782	"+"	"chr14+37311782"
"Polyclonal_95pct"	"chr14"	39061776	"+"	"chr14+39061776"
"Polyclonal_95pct"	"chr14"	40589113	"+"	"chr14+40589113"
"Polyclonal_95pct"	"chr14"	41671263	"+"	"chr14+41671263"
"Polyclonal_95pct"	"chr14"	41956404	"+"	"chr14+41956404"
"Polyclonal_95pct"	"chr14"	42754904	"+"	"chr14+42754904"
"Polyclonal_95pct"	"chr14"	42863260	"+"	"chr14+42863260"
"Polyclonal_95pct"	"chr14"	42950792	"+"	"chr14+42950792"
"Polyclonal_95pct"	"chr14"	43961550	"+"	"chr14+43961550"
"Polyclonal_95pct"	"chr14"	44159912	"+"	"chr14+44159912"
"Polyclonal_95pct"	"chr14"	45170155	"+"	"chr14+45170155"
"Polyclonal_95pct"	"chr14"	46952828	"+"	"chr14+46952828"
"Polyclonal_95pct"	"chr14"	47498306	"+"	"chr14+47498306"
"Polyclonal_95pct"	"chr14"	47988110	"+"	"chr14+47988110"
"Polyclonal_95pct"	"chr14"	48015480	"+"	"chr14+48015480"
"Polyclonal_95pct"	"chr14"	49013525	"+"	"chr14+49013525"
"Polyclonal_95pct"	"chr14"	49654296	"+"	"chr14+49654296"
"Polyclonal_95pct"	"chr14"	50545732	"+"	"chr14+50545732"
"Polyclonal_95pct"	"chr14"	50578583	"+"	"chr14+50578583"
"Polyclonal_95pct"	"chr14"	50610483	"+"	"chr14+50610483"
"Polyclonal_95pct"	"chr14"	51837964	"+"	"chr14+51837964"
"Polyclonal_95pct"	"chr14"	52434400	"+"	"chr14+52434400"
"Polyclonal_95pct"	"chr14"	52721080	"+"	"chr14+52721080"
"Polyclonal_95pct"	"chr14"	53072291	"+"	"chr14+53072291"
"Polyclonal_95pct"	"chr14"	53667418	"+"	"chr14+53667418"
"Polyclonal_95pct"	"chr14"	55148045	"+"	"chr14+55148045"
"Polyclonal_95pct"	"chr14"	55166167	"+"	"chr14+55166167"
"Polyclonal_95pct"	"chr14"	55569064	"+"	"chr14+55569064"
"Polyclonal_95pct"	"chr14"	56244003	"+"	"chr14+56244003"
"Polyclonal_95pct"	"chr14"	57767826	"+"	"chr14+57767826"
"Polyclonal_95pct"	"chr14"	58163797	"+"	"chr14+58163797"
"Polyclonal_95pct"	"chr14"	58993473	"+"	"chr14+58993473"
"Polyclonal_95pct"	"chr14"	59891774	"+"	"chr14+59891774"
"Polyclonal_95pct"	"chr14"	61681445	"+"	"chr14+61681445"
"Polyclonal_95pct"	"chr14"	61700282	"+"	"chr14+61700282"
"Polyclonal_95pct"	"chr14"	62608535	"+"	"chr14+62608535"
"Polyclonal_95pct"	"chr14"	62844570	"+"	"chr14+62844570"
"Polyclonal_95pct"	"chr14"	63516726	"+"	"chr14+63516726"
"Polyclonal_95pct"	"chr14"	63915105	"+"	"chr14+63915105"
"Polyclonal_95pct"	"chr14"	67839189	"+"	"chr14+67839189"
"Polyclonal_95pct"	"chr14"	71641710	"+"	"chr14+71641710"
"Polyclonal_95pct"	"chr14"	72080821	"+"	"chr14+72080821"
"Polyclonal_95pct"	"chr14"	73036460	"+"	"chr14+73036460"
"Polyclonal_95pct"	"chr14"	73669778	"+"	"chr14+73669778"
"Polyclonal_95pct"	"chr14"	74006055	"+"	"chr14+74006055"
"Polyclonal_95pct"	"chr14"	74781224	"+"	"chr14+74781224"
"Polyclonal_95pct"	"chr14"	75156716	"+"	"chr14+75156716"
"Polyclonal_95pct"	"chr14"	77313659	"+"	"chr14+77313659"
"Polyclonal_95pct"	"chr14"	77420787	"+"	"chr14+77420787"
"Polyclonal_95pct"	"chr14"	80173862	"+"	"chr14+80173862"
"Polyclonal_95pct"	"chr14"	80517343	"+"	"chr14+80517343"
"Polyclonal_95pct"	"chr14"	80992590	"+"	"chr14+80992590"
"Polyclonal_95pct"	"chr14"	81176126	"+"	"chr14+81176126"
"Polyclonal_95pct"	"chr14"	81177991	"+"	"chr14+81177991"
"Polyclonal_95pct"	"chr14"	82617680	"+"	"chr14+82617680"
"Polyclonal_95pct"	"chr14"	82695010	"+"	"chr14+82695010"
"Polyclonal_95pct"	"chr14"	83508922	"+"	"chr14+83508922"
"Polyclonal_95pct"	"chr14"	84344311	"+"	"chr14+84344311"
"Polyclonal_95pct"	"chr14"	84625868	"+"	"chr14+84625868"
"Polyclonal_95pct"	"chr14"	84699410	"+"	"chr14+84699410"
"Polyclonal_95pct"	"chr14"	84701295	"+"	"chr14+84701295"
"Polyclonal_95pct"	"chr14"	85218409	"+"	"chr14+85218409"
"Polyclonal_95pct"	"chr14"	85435768	"+"	"chr14+85435768"
"Polyclonal_95pct"	"chr14"	86030771	"+"	"chr14+86030771"
"Polyclonal_95pct"	"chr14"	87208673	"+"	"chr14+87208673"
"Polyclonal_95pct"	"chr14"	88060955	"+"	"chr14+88060955"
"Polyclonal_95pct"	"chr14"	88628583	"+"	"chr14+88628583"
"Polyclonal_95pct"	"chr14"	88700173	"+"	"chr14+88700173"
"Polyclonal_95pct"	"chr14"	88852254	"+"	"chr14+88852254"
"Polyclonal_95pct"	"chr14"	90101950	"+"	"chr14+90101950"
"Polyclonal_95pct"	"chr14"	91001039	"+"	"chr14+91001039"
"Polyclonal_95pct"	"chr14"	91355500	"+"	"chr14+91355500"
"Polyclonal_95pct"	"chr14"	92181279	"+"	"chr14+92181279"
"Polyclonal_95pct"	"chr14"	97880852	"+"	"chr14+97880852"
"Polyclonal_95pct"	"chr14"	98488753	"+"	"chr14+98488753"
"Polyclonal_95pct"	"chr14"	102718004	"+"	"chr14+102718004"
"Polyclonal_95pct"	"chr14"	102781741	"+"	"chr14+102781741"
"Polyclonal_95pct"	"chr14"	103297850	"+"	"chr14+103297850"
"Polyclonal_95pct"	"chr14"	103457332	"+"	"chr14+103457332"
"Polyclonal_95pct"	"chr14"	103466164	"+"	"chr14+103466164"
"Polyclonal_95pct"	"chr14"	103975075	"+"	"chr14+103975075"
"Polyclonal_95pct"	"chr14"	104915813	"+"	"chr14+104915813"
"Polyclonal_95pct"	"chr14"	18658029	"-"	"chr14-18658029"
"Polyclonal_95pct"	"chr14"	22912482	"-"	"chr14-22912482"
"Polyclonal_95pct"	"chr14"	23201186	"-"	"chr14-23201186"
"Polyclonal_95pct"	"chr14"	26794444	"-"	"chr14-26794444"
"Polyclonal_95pct"	"chr14"	27380121	"-"	"chr14-27380121"
"Polyclonal_95pct"	"chr14"	29165723	"-"	"chr14-29165723"
"Polyclonal_95pct"	"chr14"	30643891	"-"	"chr14-30643891"
"Polyclonal_95pct"	"chr14"	31325425	"-"	"chr14-31325425"
"Polyclonal_95pct"	"chr14"	32318785	"-"	"chr14-32318785"
"Polyclonal_95pct"	"chr14"	32805486	"-"	"chr14-32805486"
"Polyclonal_95pct"	"chr14"	34846845	"-"	"chr14-34846845"
"Polyclonal_95pct"	"chr14"	34988349	"-"	"chr14-34988349"
"Polyclonal_95pct"	"chr14"	38493251	"-"	"chr14-38493251"
"Polyclonal_95pct"	"chr14"	39308069	"-"	"chr14-39308069"
"Polyclonal_95pct"	"chr14"	40200524	"-"	"chr14-40200524"
"Polyclonal_95pct"	"chr14"	40735235	"-"	"chr14-40735235"
"Polyclonal_95pct"	"chr14"	40997654	"-"	"chr14-40997654"
"Polyclonal_95pct"	"chr14"	41710066	"-"	"chr14-41710066"
"Polyclonal_95pct"	"chr14"	42355240	"-"	"chr14-42355240"
"Polyclonal_95pct"	"chr14"	42416587	"-"	"chr14-42416587"
"Polyclonal_95pct"	"chr14"	43934975	"-"	"chr14-43934975"
"Polyclonal_95pct"	"chr14"	46261472	"-"	"chr14-46261472"
"Polyclonal_95pct"	"chr14"	46991481	"-"	"chr14-46991481"
"Polyclonal_95pct"	"chr14"	47740503	"-"	"chr14-47740503"
"Polyclonal_95pct"	"chr14"	48058775	"-"	"chr14-48058775"
"Polyclonal_95pct"	"chr14"	48560909	"-"	"chr14-48560909"
"Polyclonal_95pct"	"chr14"	50153804	"-"	"chr14-50153804"
"Polyclonal_95pct"	"chr14"	51163790	"-"	"chr14-51163790"
"Polyclonal_95pct"	"chr14"	51229861	"-"	"chr14-51229861"
"Polyclonal_95pct"	"chr14"	51704074	"-"	"chr14-51704074"
"Polyclonal_95pct"	"chr14"	52450577	"-"	"chr14-52450577"
"Polyclonal_95pct"	"chr14"	53147669	"-"	"chr14-53147669"
"Polyclonal_95pct"	"chr14"	58350323	"-"	"chr14-58350323"
"Polyclonal_95pct"	"chr14"	59557734	"-"	"chr14-59557734"
"Polyclonal_95pct"	"chr14"	61720647	"-"	"chr14-61720647"
"Polyclonal_95pct"	"chr14"	61986904	"-"	"chr14-61986904"
"Polyclonal_95pct"	"chr14"	63498952	"-"	"chr14-63498952"
"Polyclonal_95pct"	"chr14"	64137481	"-"	"chr14-64137481"
"Polyclonal_95pct"	"chr14"	64394522	"-"	"chr14-64394522"
"Polyclonal_95pct"	"chr14"	66493561	"-"	"chr14-66493561"
"Polyclonal_95pct"	"chr14"	66744450	"-"	"chr14-66744450"
"Polyclonal_95pct"	"chr14"	67039973	"-"	"chr14-67039973"
"Polyclonal_95pct"	"chr14"	67294752	"-"	"chr14-67294752"
"Polyclonal_95pct"	"chr14"	67384890	"-"	"chr14-67384890"
"Polyclonal_95pct"	"chr14"	67992651	"-"	"chr14-67992651"
"Polyclonal_95pct"	"chr14"	70950495	"-"	"chr14-70950495"
"Polyclonal_95pct"	"chr14"	72107546	"-"	"chr14-72107546"
"Polyclonal_95pct"	"chr14"	73122193	"-"	"chr14-73122193"
"Polyclonal_95pct"	"chr14"	73362676	"-"	"chr14-73362676"
"Polyclonal_95pct"	"chr14"	74821021	"-"	"chr14-74821021"
"Polyclonal_95pct"	"chr14"	80247851	"-"	"chr14-80247851"
"Polyclonal_95pct"	"chr14"	80326238	"-"	"chr14-80326238"
"Polyclonal_95pct"	"chr14"	81181695	"-"	"chr14-81181695"
"Polyclonal_95pct"	"chr14"	82734371	"-"	"chr14-82734371"
"Polyclonal_95pct"	"chr14"	83223204	"-"	"chr14-83223204"
"Polyclonal_95pct"	"chr14"	83806460	"-"	"chr14-83806460"
"Polyclonal_95pct"	"chr14"	85245064	"-"	"chr14-85245064"
"Polyclonal_95pct"	"chr14"	86566347	"-"	"chr14-86566347"
"Polyclonal_95pct"	"chr14"	89212771	"-"	"chr14-89212771"
"Polyclonal_95pct"	"chr14"	90022078	"-"	"chr14-90022078"
"Polyclonal_95pct"	"chr14"	90999644	"-"	"chr14-90999644"
"Polyclonal_95pct"	"chr14"	91976487	"-"	"chr14-91976487"
"Polyclonal_95pct"	"chr14"	92752278	"-"	"chr14-92752278"
"Polyclonal_95pct"	"chr14"	96544520	"-"	"chr14-96544520"
"Polyclonal_95pct"	"chr14"	97333161	"-"	"chr14-97333161"
"Polyclonal_95pct"	"chr14"	99863876	"-"	"chr14-99863876"
"Polyclonal_95pct"	"chr14"	99897763	"-"	"chr14-99897763"
"Polyclonal_95pct"	"chr14"	100007983	"-"	"chr14-100007983"
"Polyclonal_95pct"	"chr14"	100039376	"-"	"chr14-100039376"
"Polyclonal_95pct"	"chr14"	101868427	"-"	"chr14-101868427"
"Polyclonal_95pct"	"chr14"	102283149	"-"	"chr14-102283149"
"Polyclonal_95pct"	"chr14"	103170500	"-"	"chr14-103170500"
"Polyclonal_95pct"	"chr14"	103324074	"-"	"chr14-103324074"
"Polyclonal_95pct"	"chr14"	105344123	"-"	"chr14-105344123"
"Polyclonal_95pct"	"chr15"	25954003	"+"	"chr15+25954003"
"Polyclonal_95pct"	"chr15"	33453742	"+"	"chr15+33453742"
"Polyclonal_95pct"	"chr15"	35427589	"+"	"chr15+35427589"
"Polyclonal_95pct"	"chr15"	35537814	"+"	"chr15+35537814"
"Polyclonal_95pct"	"chr15"	35601591	"+"	"chr15+35601591"
"Polyclonal_95pct"	"chr15"	37775745	"+"	"chr15+37775745"
"Polyclonal_95pct"	"chr15"	38185087	"+"	"chr15+38185087"
"Polyclonal_95pct"	"chr15"	38303418	"+"	"chr15+38303418"
"Polyclonal_95pct"	"chr15"	39863852	"+"	"chr15+39863852"
"Polyclonal_95pct"	"chr15"	40065541	"+"	"chr15+40065541"
"Polyclonal_95pct"	"chr15"	40617529	"+"	"chr15+40617529"
"Polyclonal_95pct"	"chr15"	41627081	"+"	"chr15+41627081"
"Polyclonal_95pct"	"chr15"	41717562	"+"	"chr15+41717562"
"Polyclonal_95pct"	"chr15"	42641117	"+"	"chr15+42641117"
"Polyclonal_95pct"	"chr15"	42794080	"+"	"chr15+42794080"
"Polyclonal_95pct"	"chr15"	43151243	"+"	"chr15+43151243"
"Polyclonal_95pct"	"chr15"	43304023	"+"	"chr15+43304023"
"Polyclonal_95pct"	"chr15"	46727613	"+"	"chr15+46727613"
"Polyclonal_95pct"	"chr15"	46765237	"+"	"chr15+46765237"
"Polyclonal_95pct"	"chr15"	48786903	"+"	"chr15+48786903"
"Polyclonal_95pct"	"chr15"	49179153	"+"	"chr15+49179153"
"Polyclonal_95pct"	"chr15"	49508013	"+"	"chr15+49508013"
"Polyclonal_95pct"	"chr15"	49536280	"+"	"chr15+49536280"
"Polyclonal_95pct"	"chr15"	50641898	"+"	"chr15+50641898"
"Polyclonal_95pct"	"chr15"	52440695	"+"	"chr15+52440695"
"Polyclonal_95pct"	"chr15"	54281951	"+"	"chr15+54281951"
"Polyclonal_95pct"	"chr15"	55669894	"+"	"chr15+55669894"
"Polyclonal_95pct"	"chr15"	58995256	"+"	"chr15+58995256"
"Polyclonal_95pct"	"chr15"	63544542	"+"	"chr15+63544542"
"Polyclonal_95pct"	"chr15"	63964965	"+"	"chr15+63964965"
"Polyclonal_95pct"	"chr15"	64408903	"+"	"chr15+64408903"
"Polyclonal_95pct"	"chr15"	65698562	"+"	"chr15+65698562"
"Polyclonal_95pct"	"chr15"	66507855	"+"	"chr15+66507855"
"Polyclonal_95pct"	"chr15"	67205697	"+"	"chr15+67205697"
"Polyclonal_95pct"	"chr15"	67242069	"+"	"chr15+67242069"
"Polyclonal_95pct"	"chr15"	67342632	"+"	"chr15+67342632"
"Polyclonal_95pct"	"chr15"	68121125	"+"	"chr15+68121125"
"Polyclonal_95pct"	"chr15"	68122242	"+"	"chr15+68122242"
"Polyclonal_95pct"	"chr15"	69234977	"+"	"chr15+69234977"
"Polyclonal_95pct"	"chr15"	69519144	"+"	"chr15+69519144"
"Polyclonal_95pct"	"chr15"	71877854	"+"	"chr15+71877854"
"Polyclonal_95pct"	"chr15"	72557508	"+"	"chr15+72557508"
"Polyclonal_95pct"	"chr15"	73494983	"+"	"chr15+73494983"
"Polyclonal_95pct"	"chr15"	75421317	"+"	"chr15+75421317"
"Polyclonal_95pct"	"chr15"	75870403	"+"	"chr15+75870403"
"Polyclonal_95pct"	"chr15"	75952095	"+"	"chr15+75952095"
"Polyclonal_95pct"	"chr15"	76620554	"+"	"chr15+76620554"
"Polyclonal_95pct"	"chr15"	81790986	"+"	"chr15+81790986"
"Polyclonal_95pct"	"chr15"	82185070	"+"	"chr15+82185070"
"Polyclonal_95pct"	"chr15"	83060693	"+"	"chr15+83060693"
"Polyclonal_95pct"	"chr15"	83193364	"+"	"chr15+83193364"
"Polyclonal_95pct"	"chr15"	83301118	"+"	"chr15+83301118"
"Polyclonal_95pct"	"chr15"	83305875	"+"	"chr15+83305875"
"Polyclonal_95pct"	"chr15"	86740099	"+"	"chr15+86740099"
"Polyclonal_95pct"	"chr15"	89256187	"+"	"chr15+89256187"
"Polyclonal_95pct"	"chr15"	90581637	"+"	"chr15+90581637"
"Polyclonal_95pct"	"chr15"	92974709	"+"	"chr15+92974709"
"Polyclonal_95pct"	"chr15"	93718511	"+"	"chr15+93718511"
"Polyclonal_95pct"	"chr15"	94344488	"+"	"chr15+94344488"
"Polyclonal_95pct"	"chr15"	97444556	"+"	"chr15+97444556"
"Polyclonal_95pct"	"chr15"	98016054	"+"	"chr15+98016054"
"Polyclonal_95pct"	"chr15"	99141475	"+"	"chr15+99141475"
"Polyclonal_95pct"	"chr15"	101414914	"+"	"chr15+101414914"
"Polyclonal_95pct"	"chr15"	101686672	"+"	"chr15+101686672"
"Polyclonal_95pct"	"chr15"	25365530	"-"	"chr15-25365530"
"Polyclonal_95pct"	"chr15"	26418135	"-"	"chr15-26418135"
"Polyclonal_95pct"	"chr15"	34888996	"-"	"chr15-34888996"
"Polyclonal_95pct"	"chr15"	34912975	"-"	"chr15-34912975"
"Polyclonal_95pct"	"chr15"	35106624	"-"	"chr15-35106624"
"Polyclonal_95pct"	"chr15"	35182789	"-"	"chr15-35182789"
"Polyclonal_95pct"	"chr15"	35470498	"-"	"chr15-35470498"
"Polyclonal_95pct"	"chr15"	35475689	"-"	"chr15-35475689"
"Polyclonal_95pct"	"chr15"	35931381	"-"	"chr15-35931381"
"Polyclonal_95pct"	"chr15"	36443706	"-"	"chr15-36443706"
"Polyclonal_95pct"	"chr15"	37117348	"-"	"chr15-37117348"
"Polyclonal_95pct"	"chr15"	37497091	"-"	"chr15-37497091"
"Polyclonal_95pct"	"chr15"	37514664	"-"	"chr15-37514664"
"Polyclonal_95pct"	"chr15"	38162405	"-"	"chr15-38162405"
"Polyclonal_95pct"	"chr15"	41653838	"-"	"chr15-41653838"
"Polyclonal_95pct"	"chr15"	42238855	"-"	"chr15-42238855"
"Polyclonal_95pct"	"chr15"	42738565	"-"	"chr15-42738565"
"Polyclonal_95pct"	"chr15"	44487929	"-"	"chr15-44487929"
"Polyclonal_95pct"	"chr15"	44979591	"-"	"chr15-44979591"
"Polyclonal_95pct"	"chr15"	46622971	"-"	"chr15-46622971"
"Polyclonal_95pct"	"chr15"	46660845	"-"	"chr15-46660845"
"Polyclonal_95pct"	"chr15"	48228187	"-"	"chr15-48228187"
"Polyclonal_95pct"	"chr15"	50085514	"-"	"chr15-50085514"
"Polyclonal_95pct"	"chr15"	50317691	"-"	"chr15-50317691"
"Polyclonal_95pct"	"chr15"	50317177	"-"	"chr15-50317177"
"Polyclonal_95pct"	"chr15"	50477926	"-"	"chr15-50477926"
"Polyclonal_95pct"	"chr15"	50567551	"-"	"chr15-50567551"
"Polyclonal_95pct"	"chr15"	51562794	"-"	"chr15-51562794"
"Polyclonal_95pct"	"chr15"	52044969	"-"	"chr15-52044969"
"Polyclonal_95pct"	"chr15"	52639909	"-"	"chr15-52639909"
"Polyclonal_95pct"	"chr15"	54031312	"-"	"chr15-54031312"
"Polyclonal_95pct"	"chr15"	54550778	"-"	"chr15-54550778"
"Polyclonal_95pct"	"chr15"	54826240	"-"	"chr15-54826240"
"Polyclonal_95pct"	"chr15"	54971991	"-"	"chr15-54971991"
"Polyclonal_95pct"	"chr15"	55914189	"-"	"chr15-55914189"
"Polyclonal_95pct"	"chr15"	56130300	"-"	"chr15-56130300"
"Polyclonal_95pct"	"chr15"	63730703	"-"	"chr15-63730703"
"Polyclonal_95pct"	"chr15"	64307999	"-"	"chr15-64307999"
"Polyclonal_95pct"	"chr15"	64957309	"-"	"chr15-64957309"
"Polyclonal_95pct"	"chr15"	65011098	"-"	"chr15-65011098"
"Polyclonal_95pct"	"chr15"	65675030	"-"	"chr15-65675030"
"Polyclonal_95pct"	"chr15"	65882744	"-"	"chr15-65882744"
"Polyclonal_95pct"	"chr15"	66325201	"-"	"chr15-66325201"
"Polyclonal_95pct"	"chr15"	68213152	"-"	"chr15-68213152"
"Polyclonal_95pct"	"chr15"	74466135	"-"	"chr15-74466135"
"Polyclonal_95pct"	"chr15"	74560567	"-"	"chr15-74560567"
"Polyclonal_95pct"	"chr15"	75422536	"-"	"chr15-75422536"
"Polyclonal_95pct"	"chr15"	75612069	"-"	"chr15-75612069"
"Polyclonal_95pct"	"chr15"	75868673	"-"	"chr15-75868673"
"Polyclonal_95pct"	"chr15"	76281944	"-"	"chr15-76281944"
"Polyclonal_95pct"	"chr15"	76418231	"-"	"chr15-76418231"
"Polyclonal_95pct"	"chr15"	77056173	"-"	"chr15-77056173"
"Polyclonal_95pct"	"chr15"	78459762	"-"	"chr15-78459762"
"Polyclonal_95pct"	"chr15"	78465669	"-"	"chr15-78465669"
"Polyclonal_95pct"	"chr15"	78466418	"-"	"chr15-78466418"
"Polyclonal_95pct"	"chr15"	78474402	"-"	"chr15-78474402"
"Polyclonal_95pct"	"chr15"	80069381	"-"	"chr15-80069381"
"Polyclonal_95pct"	"chr15"	82737708	"-"	"chr15-82737708"
"Polyclonal_95pct"	"chr15"	85108993	"-"	"chr15-85108993"
"Polyclonal_95pct"	"chr15"	85374387	"-"	"chr15-85374387"
"Polyclonal_95pct"	"chr15"	89331223	"-"	"chr15-89331223"
"Polyclonal_95pct"	"chr15"	89596794	"-"	"chr15-89596794"
"Polyclonal_95pct"	"chr15"	89850669	"-"	"chr15-89850669"
"Polyclonal_95pct"	"chr15"	92178484	"-"	"chr15-92178484"
"Polyclonal_95pct"	"chr15"	92941894	"-"	"chr15-92941894"
"Polyclonal_95pct"	"chr15"	96317580	"-"	"chr15-96317580"
"Polyclonal_95pct"	"chr15"	99027203	"-"	"chr15-99027203"
"Polyclonal_95pct"	"chr16"	100043	"+"	"chr16+100043"
"Polyclonal_95pct"	"chr16"	104922	"+"	"chr16+104922"
"Polyclonal_95pct"	"chr16"	121523	"+"	"chr16+121523"
"Polyclonal_95pct"	"chr16"	216784	"+"	"chr16+216784"
"Polyclonal_95pct"	"chr16"	330700	"+"	"chr16+330700"
"Polyclonal_95pct"	"chr16"	603664	"+"	"chr16+603664"
"Polyclonal_95pct"	"chr16"	654254	"+"	"chr16+654254"
"Polyclonal_95pct"	"chr16"	1358256	"+"	"chr16+1358256"
"Polyclonal_95pct"	"chr16"	1764199	"+"	"chr16+1764199"
"Polyclonal_95pct"	"chr16"	1764892	"+"	"chr16+1764892"
"Polyclonal_95pct"	"chr16"	1838846	"+"	"chr16+1838846"
"Polyclonal_95pct"	"chr16"	1852283	"+"	"chr16+1852283"
"Polyclonal_95pct"	"chr16"	1867194	"+"	"chr16+1867194"
"Polyclonal_95pct"	"chr16"	2066815	"+"	"chr16+2066815"
"Polyclonal_95pct"	"chr16"	2066864	"+"	"chr16+2066864"
"Polyclonal_95pct"	"chr16"	2066881	"+"	"chr16+2066881"
"Polyclonal_95pct"	"chr16"	2131641	"+"	"chr16+2131641"
"Polyclonal_95pct"	"chr16"	2242658	"+"	"chr16+2242658"
"Polyclonal_95pct"	"chr16"	2245673	"+"	"chr16+2245673"
"Polyclonal_95pct"	"chr16"	2257573	"+"	"chr16+2257573"
"Polyclonal_95pct"	"chr16"	2262605	"+"	"chr16+2262605"
"Polyclonal_95pct"	"chr16"	2354855	"+"	"chr16+2354855"
"Polyclonal_95pct"	"chr16"	2356806	"+"	"chr16+2356806"
"Polyclonal_95pct"	"chr16"	2372696	"+"	"chr16+2372696"
"Polyclonal_95pct"	"chr16"	2372899	"+"	"chr16+2372899"
"Polyclonal_95pct"	"chr16"	2373400	"+"	"chr16+2373400"
"Polyclonal_95pct"	"chr16"	2375698	"+"	"chr16+2375698"
"Polyclonal_95pct"	"chr16"	2375767	"+"	"chr16+2375767"
"Polyclonal_95pct"	"chr16"	2403931	"+"	"chr16+2403931"
"Polyclonal_95pct"	"chr16"	2434286	"+"	"chr16+2434286"
"Polyclonal_95pct"	"chr16"	2486795	"+"	"chr16+2486795"
"Polyclonal_95pct"	"chr16"	3272250	"+"	"chr16+3272250"
"Polyclonal_95pct"	"chr16"	3417190	"+"	"chr16+3417190"
"Polyclonal_95pct"	"chr16"	3572824	"+"	"chr16+3572824"
"Polyclonal_95pct"	"chr16"	3838858	"+"	"chr16+3838858"
"Polyclonal_95pct"	"chr16"	3863381	"+"	"chr16+3863381"
"Polyclonal_95pct"	"chr16"	7853893	"+"	"chr16+7853893"
"Polyclonal_95pct"	"chr16"	8819023	"+"	"chr16+8819023"
"Polyclonal_95pct"	"chr16"	9782984	"+"	"chr16+9782984"
"Polyclonal_95pct"	"chr16"	10824430	"+"	"chr16+10824430"
"Polyclonal_95pct"	"chr16"	10901858	"+"	"chr16+10901858"
"Polyclonal_95pct"	"chr16"	10995941	"+"	"chr16+10995941"
"Polyclonal_95pct"	"chr16"	11771861	"+"	"chr16+11771861"
"Polyclonal_95pct"	"chr16"	11965395	"+"	"chr16+11965395"
"Polyclonal_95pct"	"chr16"	11965420	"+"	"chr16+11965420"
"Polyclonal_95pct"	"chr16"	11965434	"+"	"chr16+11965434"
"Polyclonal_95pct"	"chr16"	13286669	"+"	"chr16+13286669"
"Polyclonal_95pct"	"chr16"	15009843	"+"	"chr16+15009843"
"Polyclonal_95pct"	"chr16"	18890051	"+"	"chr16+18890051"
"Polyclonal_95pct"	"chr16"	18896993	"+"	"chr16+18896993"
"Polyclonal_95pct"	"chr16"	24683253	"+"	"chr16+24683253"
"Polyclonal_95pct"	"chr16"	27254337	"+"	"chr16+27254337"
"Polyclonal_95pct"	"chr16"	27301421	"+"	"chr16+27301421"
"Polyclonal_95pct"	"chr16"	29558014	"+"	"chr16+29558014"
"Polyclonal_95pct"	"chr16"	29570688	"+"	"chr16+29570688"
"Polyclonal_95pct"	"chr16"	29801497	"+"	"chr16+29801497"
"Polyclonal_95pct"	"chr16"	29851510	"+"	"chr16+29851510"
"Polyclonal_95pct"	"chr16"	29911348	"+"	"chr16+29911348"
"Polyclonal_95pct"	"chr16"	30175393	"+"	"chr16+30175393"
"Polyclonal_95pct"	"chr16"	30280807	"+"	"chr16+30280807"
"Polyclonal_95pct"	"chr16"	30414551	"+"	"chr16+30414551"
"Polyclonal_95pct"	"chr16"	30486989	"+"	"chr16+30486989"
"Polyclonal_95pct"	"chr16"	30821877	"+"	"chr16+30821877"
"Polyclonal_95pct"	"chr16"	31251294	"+"	"chr16+31251294"
"Polyclonal_95pct"	"chr16"	34047539	"+"	"chr16+34047539"
"Polyclonal_95pct"	"chr16"	46586041	"+"	"chr16+46586041"
"Polyclonal_95pct"	"chr16"	47162561	"+"	"chr16+47162561"
"Polyclonal_95pct"	"chr16"	47218357	"+"	"chr16+47218357"
"Polyclonal_95pct"	"chr16"	47231625	"+"	"chr16+47231625"
"Polyclonal_95pct"	"chr16"	47417453	"+"	"chr16+47417453"
"Polyclonal_95pct"	"chr16"	47477612	"+"	"chr16+47477612"
"Polyclonal_95pct"	"chr16"	50352131	"+"	"chr16+50352131"
"Polyclonal_95pct"	"chr16"	52386718	"+"	"chr16+52386718"
"Polyclonal_95pct"	"chr16"	53618762	"+"	"chr16+53618762"
"Polyclonal_95pct"	"chr16"	57236618	"+"	"chr16+57236618"
"Polyclonal_95pct"	"chr16"	58343061	"+"	"chr16+58343061"
"Polyclonal_95pct"	"chr16"	58537427	"+"	"chr16+58537427"
"Polyclonal_95pct"	"chr16"	58839666	"+"	"chr16+58839666"
"Polyclonal_95pct"	"chr16"	58958735	"+"	"chr16+58958735"
"Polyclonal_95pct"	"chr16"	59739803	"+"	"chr16+59739803"
"Polyclonal_95pct"	"chr16"	59759638	"+"	"chr16+59759638"
"Polyclonal_95pct"	"chr16"	62148967	"+"	"chr16+62148967"
"Polyclonal_95pct"	"chr16"	62356759	"+"	"chr16+62356759"
"Polyclonal_95pct"	"chr16"	64495166	"+"	"chr16+64495166"
"Polyclonal_95pct"	"chr16"	67042468	"+"	"chr16+67042468"
"Polyclonal_95pct"	"chr16"	67062974	"+"	"chr16+67062974"
"Polyclonal_95pct"	"chr16"	67197233	"+"	"chr16+67197233"
"Polyclonal_95pct"	"chr16"	67774937	"+"	"chr16+67774937"
"Polyclonal_95pct"	"chr16"	68251208	"+"	"chr16+68251208"
"Polyclonal_95pct"	"chr16"	69275631	"+"	"chr16+69275631"
"Polyclonal_95pct"	"chr16"	69363698	"+"	"chr16+69363698"
"Polyclonal_95pct"	"chr16"	69613534	"+"	"chr16+69613534"
"Polyclonal_95pct"	"chr16"	69777148	"+"	"chr16+69777148"
"Polyclonal_95pct"	"chr16"	70064282	"+"	"chr16+70064282"
"Polyclonal_95pct"	"chr16"	70512247	"+"	"chr16+70512247"
"Polyclonal_95pct"	"chr16"	71828994	"+"	"chr16+71828994"
"Polyclonal_95pct"	"chr16"	72498930	"+"	"chr16+72498930"
"Polyclonal_95pct"	"chr16"	72571040	"+"	"chr16+72571040"
"Polyclonal_95pct"	"chr16"	72630002	"+"	"chr16+72630002"
"Polyclonal_95pct"	"chr16"	73987994	"+"	"chr16+73987994"
"Polyclonal_95pct"	"chr16"	74578348	"+"	"chr16+74578348"
"Polyclonal_95pct"	"chr16"	75601807	"+"	"chr16+75601807"
"Polyclonal_95pct"	"chr16"	75782484	"+"	"chr16+75782484"
"Polyclonal_95pct"	"chr16"	76260935	"+"	"chr16+76260935"
"Polyclonal_95pct"	"chr16"	76911657	"+"	"chr16+76911657"
"Polyclonal_95pct"	"chr16"	78109310	"+"	"chr16+78109310"
"Polyclonal_95pct"	"chr16"	80519629	"+"	"chr16+80519629"
"Polyclonal_95pct"	"chr16"	80942026	"+"	"chr16+80942026"
"Polyclonal_95pct"	"chr16"	81863871	"+"	"chr16+81863871"
"Polyclonal_95pct"	"chr16"	84099433	"+"	"chr16+84099433"
"Polyclonal_95pct"	"chr16"	84569786	"+"	"chr16+84569786"
"Polyclonal_95pct"	"chr16"	87418736	"+"	"chr16+87418736"
"Polyclonal_95pct"	"chr16"	88046110	"+"	"chr16+88046110"
"Polyclonal_95pct"	"chr16"	88585645	"+"	"chr16+88585645"
"Polyclonal_95pct"	"chr16"	88778023	"+"	"chr16+88778023"
"Polyclonal_95pct"	"chr16"	89024382	"+"	"chr16+89024382"
"Polyclonal_95pct"	"chr16"	89773973	"+"	"chr16+89773973"
"Polyclonal_95pct"	"chr16"	89807207	"+"	"chr16+89807207"
"Polyclonal_95pct"	"chr16"	89807581	"+"	"chr16+89807581"
"Polyclonal_95pct"	"chr16"	89807681	"+"	"chr16+89807681"
"Polyclonal_95pct"	"chr16"	89807742	"+"	"chr16+89807742"
"Polyclonal_95pct"	"chr16"	89886531	"+"	"chr16+89886531"
"Polyclonal_95pct"	"chr16"	89982970	"+"	"chr16+89982970"
"Polyclonal_95pct"	"chr16"	90191761	"+"	"chr16+90191761"
"Polyclonal_95pct"	"chr16"	219927	"-"	"chr16-219927"
"Polyclonal_95pct"	"chr16"	334428	"-"	"chr16-334428"
"Polyclonal_95pct"	"chr16"	334242	"-"	"chr16-334242"
"Polyclonal_95pct"	"chr16"	334151	"-"	"chr16-334151"
"Polyclonal_95pct"	"chr16"	334335	"-"	"chr16-334335"
"Polyclonal_95pct"	"chr16"	334211	"-"	"chr16-334211"
"Polyclonal_95pct"	"chr16"	334304	"-"	"chr16-334304"
"Polyclonal_95pct"	"chr16"	334416	"-"	"chr16-334416"
"Polyclonal_95pct"	"chr16"	629634	"-"	"chr16-629634"
"Polyclonal_95pct"	"chr16"	653037	"-"	"chr16-653037"
"Polyclonal_95pct"	"chr16"	1469081	"-"	"chr16-1469081"
"Polyclonal_95pct"	"chr16"	1503809	"-"	"chr16-1503809"
"Polyclonal_95pct"	"chr16"	1627718	"-"	"chr16-1627718"
"Polyclonal_95pct"	"chr16"	1648807	"-"	"chr16-1648807"
"Polyclonal_95pct"	"chr16"	1719647	"-"	"chr16-1719647"
"Polyclonal_95pct"	"chr16"	1776589	"-"	"chr16-1776589"
"Polyclonal_95pct"	"chr16"	1785028	"-"	"chr16-1785028"
"Polyclonal_95pct"	"chr16"	1805424	"-"	"chr16-1805424"
"Polyclonal_95pct"	"chr16"	1841959	"-"	"chr16-1841959"
"Polyclonal_95pct"	"chr16"	1841974	"-"	"chr16-1841974"
"Polyclonal_95pct"	"chr16"	1854810	"-"	"chr16-1854810"
"Polyclonal_95pct"	"chr16"	2041234	"-"	"chr16-2041234"
"Polyclonal_95pct"	"chr16"	2066366	"-"	"chr16-2066366"
"Polyclonal_95pct"	"chr16"	2067356	"-"	"chr16-2067356"
"Polyclonal_95pct"	"chr16"	2070120	"-"	"chr16-2070120"
"Polyclonal_95pct"	"chr16"	2093708	"-"	"chr16-2093708"
"Polyclonal_95pct"	"chr16"	2151302	"-"	"chr16-2151302"
"Polyclonal_95pct"	"chr16"	2262176	"-"	"chr16-2262176"
"Polyclonal_95pct"	"chr16"	2375861	"-"	"chr16-2375861"
"Polyclonal_95pct"	"chr16"	2390484	"-"	"chr16-2390484"
"Polyclonal_95pct"	"chr16"	2394525	"-"	"chr16-2394525"
"Polyclonal_95pct"	"chr16"	2401195	"-"	"chr16-2401195"
"Polyclonal_95pct"	"chr16"	2403869	"-"	"chr16-2403869"
"Polyclonal_95pct"	"chr16"	2409708	"-"	"chr16-2409708"
"Polyclonal_95pct"	"chr16"	2436531	"-"	"chr16-2436531"
"Polyclonal_95pct"	"chr16"	2441477	"-"	"chr16-2441477"
"Polyclonal_95pct"	"chr16"	2445703	"-"	"chr16-2445703"
"Polyclonal_95pct"	"chr16"	2461750	"-"	"chr16-2461750"
"Polyclonal_95pct"	"chr16"	2478471	"-"	"chr16-2478471"
"Polyclonal_95pct"	"chr16"	4067463	"-"	"chr16-4067463"
"Polyclonal_95pct"	"chr16"	4561568	"-"	"chr16-4561568"
"Polyclonal_95pct"	"chr16"	6990159	"-"	"chr16-6990159"
"Polyclonal_95pct"	"chr16"	8151719	"-"	"chr16-8151719"
"Polyclonal_95pct"	"chr16"	10473655	"-"	"chr16-10473655"
"Polyclonal_95pct"	"chr16"	11940253	"-"	"chr16-11940253"
"Polyclonal_95pct"	"chr16"	11952796	"-"	"chr16-11952796"
"Polyclonal_95pct"	"chr16"	11965372	"-"	"chr16-11965372"
"Polyclonal_95pct"	"chr16"	11965396	"-"	"chr16-11965396"
"Polyclonal_95pct"	"chr16"	11965379	"-"	"chr16-11965379"
"Polyclonal_95pct"	"chr16"	14201547	"-"	"chr16-14201547"
"Polyclonal_95pct"	"chr16"	18370981	"-"	"chr16-18370981"
"Polyclonal_95pct"	"chr16"	18808334	"-"	"chr16-18808334"
"Polyclonal_95pct"	"chr16"	19325347	"-"	"chr16-19325347"
"Polyclonal_95pct"	"chr16"	19649385	"-"	"chr16-19649385"
"Polyclonal_95pct"	"chr16"	20835489	"-"	"chr16-20835489"
"Polyclonal_95pct"	"chr16"	22463962	"-"	"chr16-22463962"
"Polyclonal_95pct"	"chr16"	23341650	"-"	"chr16-23341650"
"Polyclonal_95pct"	"chr16"	23510446	"-"	"chr16-23510446"
"Polyclonal_95pct"	"chr16"	24590585	"-"	"chr16-24590585"
"Polyclonal_95pct"	"chr16"	28398137	"-"	"chr16-28398137"
"Polyclonal_95pct"	"chr16"	28809768	"-"	"chr16-28809768"
"Polyclonal_95pct"	"chr16"	29438426	"-"	"chr16-29438426"
"Polyclonal_95pct"	"chr16"	29556535	"-"	"chr16-29556535"
"Polyclonal_95pct"	"chr16"	30145031	"-"	"chr16-30145031"
"Polyclonal_95pct"	"chr16"	30177788	"-"	"chr16-30177788"
"Polyclonal_95pct"	"chr16"	30245222	"-"	"chr16-30245222"
"Polyclonal_95pct"	"chr16"	30273885	"-"	"chr16-30273885"
"Polyclonal_95pct"	"chr16"	30296235	"-"	"chr16-30296235"
"Polyclonal_95pct"	"chr16"	30463638	"-"	"chr16-30463638"
"Polyclonal_95pct"	"chr16"	30594093	"-"	"chr16-30594093"
"Polyclonal_95pct"	"chr16"	31190222	"-"	"chr16-31190222"
"Polyclonal_95pct"	"chr16"	31890322	"-"	"chr16-31890322"
"Polyclonal_95pct"	"chr16"	32593662	"-"	"chr16-32593662"
"Polyclonal_95pct"	"chr16"	46687105	"-"	"chr16-46687105"
"Polyclonal_95pct"	"chr16"	47705501	"-"	"chr16-47705501"
"Polyclonal_95pct"	"chr16"	48300898	"-"	"chr16-48300898"
"Polyclonal_95pct"	"chr16"	53312032	"-"	"chr16-53312032"
"Polyclonal_95pct"	"chr16"	53628754	"-"	"chr16-53628754"
"Polyclonal_95pct"	"chr16"	53820228	"-"	"chr16-53820228"
"Polyclonal_95pct"	"chr16"	54904401	"-"	"chr16-54904401"
"Polyclonal_95pct"	"chr16"	54917945	"-"	"chr16-54917945"
"Polyclonal_95pct"	"chr16"	56488439	"-"	"chr16-56488439"
"Polyclonal_95pct"	"chr16"	56998426	"-"	"chr16-56998426"
"Polyclonal_95pct"	"chr16"	58564175	"-"	"chr16-58564175"
"Polyclonal_95pct"	"chr16"	59222179	"-"	"chr16-59222179"
"Polyclonal_95pct"	"chr16"	59469033	"-"	"chr16-59469033"
"Polyclonal_95pct"	"chr16"	60644664	"-"	"chr16-60644664"
"Polyclonal_95pct"	"chr16"	60763808	"-"	"chr16-60763808"
"Polyclonal_95pct"	"chr16"	60807036	"-"	"chr16-60807036"
"Polyclonal_95pct"	"chr16"	60845876	"-"	"chr16-60845876"
"Polyclonal_95pct"	"chr16"	60907777	"-"	"chr16-60907777"
"Polyclonal_95pct"	"chr16"	62198573	"-"	"chr16-62198573"
"Polyclonal_95pct"	"chr16"	64355069	"-"	"chr16-64355069"
"Polyclonal_95pct"	"chr16"	65030409	"-"	"chr16-65030409"
"Polyclonal_95pct"	"chr16"	65330505	"-"	"chr16-65330505"
"Polyclonal_95pct"	"chr16"	67043226	"-"	"chr16-67043226"
"Polyclonal_95pct"	"chr16"	67076460	"-"	"chr16-67076460"
"Polyclonal_95pct"	"chr16"	67716462	"-"	"chr16-67716462"
"Polyclonal_95pct"	"chr16"	68103985	"-"	"chr16-68103985"
"Polyclonal_95pct"	"chr16"	68306816	"-"	"chr16-68306816"
"Polyclonal_95pct"	"chr16"	68330318	"-"	"chr16-68330318"
"Polyclonal_95pct"	"chr16"	69457114	"-"	"chr16-69457114"
"Polyclonal_95pct"	"chr16"	69642466	"-"	"chr16-69642466"
"Polyclonal_95pct"	"chr16"	69989082	"-"	"chr16-69989082"
"Polyclonal_95pct"	"chr16"	70030202	"-"	"chr16-70030202"
"Polyclonal_95pct"	"chr16"	70432478	"-"	"chr16-70432478"
"Polyclonal_95pct"	"chr16"	72367270	"-"	"chr16-72367270"
"Polyclonal_95pct"	"chr16"	78361505	"-"	"chr16-78361505"
"Polyclonal_95pct"	"chr16"	80135725	"-"	"chr16-80135725"
"Polyclonal_95pct"	"chr16"	80780396	"-"	"chr16-80780396"
"Polyclonal_95pct"	"chr16"	82116596	"-"	"chr16-82116596"
"Polyclonal_95pct"	"chr16"	82734888	"-"	"chr16-82734888"
"Polyclonal_95pct"	"chr16"	84743546	"-"	"chr16-84743546"
"Polyclonal_95pct"	"chr16"	85019039	"-"	"chr16-85019039"
"Polyclonal_95pct"	"chr16"	85793527	"-"	"chr16-85793527"
"Polyclonal_95pct"	"chr16"	85909870	"-"	"chr16-85909870"
"Polyclonal_95pct"	"chr16"	87380895	"-"	"chr16-87380895"
"Polyclonal_95pct"	"chr16"	88590564	"-"	"chr16-88590564"
"Polyclonal_95pct"	"chr16"	88602671	"-"	"chr16-88602671"
"Polyclonal_95pct"	"chr16"	88664931	"-"	"chr16-88664931"
"Polyclonal_95pct"	"chr16"	88708561	"-"	"chr16-88708561"
"Polyclonal_95pct"	"chr16"	88778953	"-"	"chr16-88778953"
"Polyclonal_95pct"	"chr16"	89129499	"-"	"chr16-89129499"
"Polyclonal_95pct"	"chr16"	89476348	"-"	"chr16-89476348"
"Polyclonal_95pct"	"chr16"	89743135	"-"	"chr16-89743135"
"Polyclonal_95pct"	"chr16"	89748503	"-"	"chr16-89748503"
"Polyclonal_95pct"	"chr16"	89750177	"-"	"chr16-89750177"
"Polyclonal_95pct"	"chr16"	89774644	"-"	"chr16-89774644"
"Polyclonal_95pct"	"chr16"	89776829	"-"	"chr16-89776829"
"Polyclonal_95pct"	"chr16"	89799437	"-"	"chr16-89799437"
"Polyclonal_95pct"	"chr16"	89931588	"-"	"chr16-89931588"
"Polyclonal_95pct"	"chr16"	89954220	"-"	"chr16-89954220"
"Polyclonal_95pct"	"chr16"	90087522	"-"	"chr16-90087522"
"Polyclonal_95pct"	"chr17"	903530	"+"	"chr17+903530"
"Polyclonal_95pct"	"chr17"	2102176	"+"	"chr17+2102176"
"Polyclonal_95pct"	"chr17"	2197755	"+"	"chr17+2197755"
"Polyclonal_95pct"	"chr17"	2226655	"+"	"chr17+2226655"
"Polyclonal_95pct"	"chr17"	2324166	"+"	"chr17+2324166"
"Polyclonal_95pct"	"chr17"	4222449	"+"	"chr17+4222449"
"Polyclonal_95pct"	"chr17"	9452709	"+"	"chr17+9452709"
"Polyclonal_95pct"	"chr17"	10400610	"+"	"chr17+10400610"
"Polyclonal_95pct"	"chr17"	13292105	"+"	"chr17+13292105"
"Polyclonal_95pct"	"chr17"	14890608	"+"	"chr17+14890608"
"Polyclonal_95pct"	"chr17"	16132065	"+"	"chr17+16132065"
"Polyclonal_95pct"	"chr17"	16231923	"+"	"chr17+16231923"
"Polyclonal_95pct"	"chr17"	18350125	"+"	"chr17+18350125"
"Polyclonal_95pct"	"chr17"	18350138	"+"	"chr17+18350138"
"Polyclonal_95pct"	"chr17"	18546240	"+"	"chr17+18546240"
"Polyclonal_95pct"	"chr17"	18614421	"+"	"chr17+18614421"
"Polyclonal_95pct"	"chr17"	19804318	"+"	"chr17+19804318"
"Polyclonal_95pct"	"chr17"	23243085	"+"	"chr17+23243085"
"Polyclonal_95pct"	"chr17"	26749611	"+"	"chr17+26749611"
"Polyclonal_95pct"	"chr17"	28592415	"+"	"chr17+28592415"
"Polyclonal_95pct"	"chr17"	28794737	"+"	"chr17+28794737"
"Polyclonal_95pct"	"chr17"	29479638	"+"	"chr17+29479638"
"Polyclonal_95pct"	"chr17"	29989148	"+"	"chr17+29989148"
"Polyclonal_95pct"	"chr17"	30492535	"+"	"chr17+30492535"
"Polyclonal_95pct"	"chr17"	30995665	"+"	"chr17+30995665"
"Polyclonal_95pct"	"chr17"	32105834	"+"	"chr17+32105834"
"Polyclonal_95pct"	"chr17"	32378062	"+"	"chr17+32378062"
"Polyclonal_95pct"	"chr17"	32378923	"+"	"chr17+32378923"
"Polyclonal_95pct"	"chr17"	33998642	"+"	"chr17+33998642"
"Polyclonal_95pct"	"chr17"	35074377	"+"	"chr17+35074377"
"Polyclonal_95pct"	"chr17"	35615917	"+"	"chr17+35615917"
"Polyclonal_95pct"	"chr17"	35618671	"+"	"chr17+35618671"
"Polyclonal_95pct"	"chr17"	37307824	"+"	"chr17+37307824"
"Polyclonal_95pct"	"chr17"	39857451	"+"	"chr17+39857451"
"Polyclonal_95pct"	"chr17"	40037612	"+"	"chr17+40037612"
"Polyclonal_95pct"	"chr17"	40094386	"+"	"chr17+40094386"
"Polyclonal_95pct"	"chr17"	40232281	"+"	"chr17+40232281"
"Polyclonal_95pct"	"chr17"	40640631	"+"	"chr17+40640631"
"Polyclonal_95pct"	"chr17"	40667261	"+"	"chr17+40667261"
"Polyclonal_95pct"	"chr17"	42262409	"+"	"chr17+42262409"
"Polyclonal_95pct"	"chr17"	42595705	"+"	"chr17+42595705"
"Polyclonal_95pct"	"chr17"	42620872	"+"	"chr17+42620872"
"Polyclonal_95pct"	"chr17"	42714030	"+"	"chr17+42714030"
"Polyclonal_95pct"	"chr17"	42726884	"+"	"chr17+42726884"
"Polyclonal_95pct"	"chr17"	43474635	"+"	"chr17+43474635"
"Polyclonal_95pct"	"chr17"	43968496	"+"	"chr17+43968496"
"Polyclonal_95pct"	"chr17"	44140143	"+"	"chr17+44140143"
"Polyclonal_95pct"	"chr17"	44145531	"+"	"chr17+44145531"
"Polyclonal_95pct"	"chr17"	44156808	"+"	"chr17+44156808"
"Polyclonal_95pct"	"chr17"	44673410	"+"	"chr17+44673410"
"Polyclonal_95pct"	"chr17"	44892897	"+"	"chr17+44892897"
"Polyclonal_95pct"	"chr17"	45056434	"+"	"chr17+45056434"
"Polyclonal_95pct"	"chr17"	45058745	"+"	"chr17+45058745"
"Polyclonal_95pct"	"chr17"	46437604	"+"	"chr17+46437604"
"Polyclonal_95pct"	"chr17"	46457901	"+"	"chr17+46457901"
"Polyclonal_95pct"	"chr17"	47180406	"+"	"chr17+47180406"
"Polyclonal_95pct"	"chr17"	47344228	"+"	"chr17+47344228"
"Polyclonal_95pct"	"chr17"	47370373	"+"	"chr17+47370373"
"Polyclonal_95pct"	"chr17"	47669081	"+"	"chr17+47669081"
"Polyclonal_95pct"	"chr17"	48297725	"+"	"chr17+48297725"
"Polyclonal_95pct"	"chr17"	48428462	"+"	"chr17+48428462"
"Polyclonal_95pct"	"chr17"	48820948	"+"	"chr17+48820948"
"Polyclonal_95pct"	"chr17"	49606447	"+"	"chr17+49606447"
"Polyclonal_95pct"	"chr17"	49660388	"+"	"chr17+49660388"
"Polyclonal_95pct"	"chr17"	51033827	"+"	"chr17+51033827"
"Polyclonal_95pct"	"chr17"	53549422	"+"	"chr17+53549422"
"Polyclonal_95pct"	"chr17"	53713367	"+"	"chr17+53713367"
"Polyclonal_95pct"	"chr17"	53850143	"+"	"chr17+53850143"
"Polyclonal_95pct"	"chr17"	54433871	"+"	"chr17+54433871"
"Polyclonal_95pct"	"chr17"	54562033	"+"	"chr17+54562033"
"Polyclonal_95pct"	"chr17"	54763264	"+"	"chr17+54763264"
"Polyclonal_95pct"	"chr17"	54986133	"+"	"chr17+54986133"
"Polyclonal_95pct"	"chr17"	55587063	"+"	"chr17+55587063"
"Polyclonal_95pct"	"chr17"	55933403	"+"	"chr17+55933403"
"Polyclonal_95pct"	"chr17"	56425264	"+"	"chr17+56425264"
"Polyclonal_95pct"	"chr17"	56846002	"+"	"chr17+56846002"
"Polyclonal_95pct"	"chr17"	57544910	"+"	"chr17+57544910"
"Polyclonal_95pct"	"chr17"	58072651	"+"	"chr17+58072651"
"Polyclonal_95pct"	"chr17"	58401935	"+"	"chr17+58401935"
"Polyclonal_95pct"	"chr17"	58867871	"+"	"chr17+58867871"
"Polyclonal_95pct"	"chr17"	59030109	"+"	"chr17+59030109"
"Polyclonal_95pct"	"chr17"	59673288	"+"	"chr17+59673288"
"Polyclonal_95pct"	"chr17"	59749849	"+"	"chr17+59749849"
"Polyclonal_95pct"	"chr17"	59798188	"+"	"chr17+59798188"
"Polyclonal_95pct"	"chr17"	59803728	"+"	"chr17+59803728"
"Polyclonal_95pct"	"chr17"	59804012	"+"	"chr17+59804012"
"Polyclonal_95pct"	"chr17"	59916137	"+"	"chr17+59916137"
"Polyclonal_95pct"	"chr17"	59949940	"+"	"chr17+59949940"
"Polyclonal_95pct"	"chr17"	60646269	"+"	"chr17+60646269"
"Polyclonal_95pct"	"chr17"	61027959	"+"	"chr17+61027959"
"Polyclonal_95pct"	"chr17"	61112952	"+"	"chr17+61112952"
"Polyclonal_95pct"	"chr17"	61680217	"+"	"chr17+61680217"
"Polyclonal_95pct"	"chr17"	61707839	"+"	"chr17+61707839"
"Polyclonal_95pct"	"chr17"	62344828	"+"	"chr17+62344828"
"Polyclonal_95pct"	"chr17"	63004027	"+"	"chr17+63004027"
"Polyclonal_95pct"	"chr17"	63254454	"+"	"chr17+63254454"
"Polyclonal_95pct"	"chr17"	63666896	"+"	"chr17+63666896"
"Polyclonal_95pct"	"chr17"	63792630	"+"	"chr17+63792630"
"Polyclonal_95pct"	"chr17"	64087556	"+"	"chr17+64087556"
"Polyclonal_95pct"	"chr17"	64106476	"+"	"chr17+64106476"
"Polyclonal_95pct"	"chr17"	64492236	"+"	"chr17+64492236"
"Polyclonal_95pct"	"chr17"	64498417	"+"	"chr17+64498417"
"Polyclonal_95pct"	"chr17"	64552606	"+"	"chr17+64552606"
"Polyclonal_95pct"	"chr17"	65011234	"+"	"chr17+65011234"
"Polyclonal_95pct"	"chr17"	66021433	"+"	"chr17+66021433"
"Polyclonal_95pct"	"chr17"	66355275	"+"	"chr17+66355275"
"Polyclonal_95pct"	"chr17"	67763984	"+"	"chr17+67763984"
"Polyclonal_95pct"	"chr17"	69142852	"+"	"chr17+69142852"
"Polyclonal_95pct"	"chr17"	69214058	"+"	"chr17+69214058"
"Polyclonal_95pct"	"chr17"	69308990	"+"	"chr17+69308990"
"Polyclonal_95pct"	"chr17"	75136341	"+"	"chr17+75136341"
"Polyclonal_95pct"	"chr17"	75158561	"+"	"chr17+75158561"
"Polyclonal_95pct"	"chr17"	75379460	"+"	"chr17+75379460"
"Polyclonal_95pct"	"chr17"	75684400	"+"	"chr17+75684400"
"Polyclonal_95pct"	"chr17"	75966379	"+"	"chr17+75966379"
"Polyclonal_95pct"	"chr17"	76026502	"+"	"chr17+76026502"
"Polyclonal_95pct"	"chr17"	76059114	"+"	"chr17+76059114"
"Polyclonal_95pct"	"chr17"	76160234	"+"	"chr17+76160234"
"Polyclonal_95pct"	"chr17"	76183129	"+"	"chr17+76183129"
"Polyclonal_95pct"	"chr17"	76332179	"+"	"chr17+76332179"
"Polyclonal_95pct"	"chr17"	76430333	"+"	"chr17+76430333"
"Polyclonal_95pct"	"chr17"	76676918	"+"	"chr17+76676918"
"Polyclonal_95pct"	"chr17"	76732565	"+"	"chr17+76732565"
"Polyclonal_95pct"	"chr17"	76767399	"+"	"chr17+76767399"
"Polyclonal_95pct"	"chr17"	77194362	"+"	"chr17+77194362"
"Polyclonal_95pct"	"chr17"	77715195	"+"	"chr17+77715195"
"Polyclonal_95pct"	"chr17"	78062522	"+"	"chr17+78062522"
"Polyclonal_95pct"	"chr17"	78062646	"+"	"chr17+78062646"
"Polyclonal_95pct"	"chr17"	78067785	"+"	"chr17+78067785"
"Polyclonal_95pct"	"chr17"	78135755	"+"	"chr17+78135755"
"Polyclonal_95pct"	"chr17"	78197506	"+"	"chr17+78197506"
"Polyclonal_95pct"	"chr17"	78271983	"+"	"chr17+78271983"
"Polyclonal_95pct"	"chr17"	78282232	"+"	"chr17+78282232"
"Polyclonal_95pct"	"chr17"	78282563	"+"	"chr17+78282563"
"Polyclonal_95pct"	"chr17"	78282958	"+"	"chr17+78282958"
"Polyclonal_95pct"	"chr17"	78328574	"+"	"chr17+78328574"
"Polyclonal_95pct"	"chr17"	78518351	"+"	"chr17+78518351"
"Polyclonal_95pct"	"chr17"	79060532	"+"	"chr17+79060532"
"Polyclonal_95pct"	"chr17"	80234498	"+"	"chr17+80234498"
"Polyclonal_95pct"	"chr17"	80303511	"+"	"chr17+80303511"
"Polyclonal_95pct"	"chr17"	80304889	"+"	"chr17+80304889"
"Polyclonal_95pct"	"chr17"	80308492	"+"	"chr17+80308492"
"Polyclonal_95pct"	"chr17"	80331861	"+"	"chr17+80331861"
"Polyclonal_95pct"	"chr17"	80598198	"+"	"chr17+80598198"
"Polyclonal_95pct"	"chr17"	80715809	"+"	"chr17+80715809"
"Polyclonal_95pct"	"chr17"	80959972	"+"	"chr17+80959972"
"Polyclonal_95pct"	"chr17"	81275650	"+"	"chr17+81275650"
"Polyclonal_95pct"	"chr17"	81583970	"+"	"chr17+81583970"
"Polyclonal_95pct"	"chr17"	81879669	"+"	"chr17+81879669"
"Polyclonal_95pct"	"chr17"	81881583	"+"	"chr17+81881583"
"Polyclonal_95pct"	"chr17"	81897980	"+"	"chr17+81897980"
"Polyclonal_95pct"	"chr17"	82074723	"+"	"chr17+82074723"
"Polyclonal_95pct"	"chr17"	82111940	"+"	"chr17+82111940"
"Polyclonal_95pct"	"chr17"	82113597	"+"	"chr17+82113597"
"Polyclonal_95pct"	"chr17"	82119496	"+"	"chr17+82119496"
"Polyclonal_95pct"	"chr17"	82135058	"+"	"chr17+82135058"
"Polyclonal_95pct"	"chr17"	82166332	"+"	"chr17+82166332"
"Polyclonal_95pct"	"chr17"	82220073	"+"	"chr17+82220073"
"Polyclonal_95pct"	"chr17"	82291451	"+"	"chr17+82291451"
"Polyclonal_95pct"	"chr17"	82468498	"+"	"chr17+82468498"
"Polyclonal_95pct"	"chr17"	82530034	"+"	"chr17+82530034"
"Polyclonal_95pct"	"chr17"	82530625	"+"	"chr17+82530625"
"Polyclonal_95pct"	"chr17"	82632155	"+"	"chr17+82632155"
"Polyclonal_95pct"	"chr17"	82759035	"+"	"chr17+82759035"
"Polyclonal_95pct"	"chr17"	2456388	"-"	"chr17-2456388"
"Polyclonal_95pct"	"chr17"	2663327	"-"	"chr17-2663327"
"Polyclonal_95pct"	"chr17"	3290181	"-"	"chr17-3290181"
"Polyclonal_95pct"	"chr17"	4080743	"-"	"chr17-4080743"
"Polyclonal_95pct"	"chr17"	4109549	"-"	"chr17-4109549"
"Polyclonal_95pct"	"chr17"	4919166	"-"	"chr17-4919166"
"Polyclonal_95pct"	"chr17"	6189243	"-"	"chr17-6189243"
"Polyclonal_95pct"	"chr17"	7944674	"-"	"chr17-7944674"
"Polyclonal_95pct"	"chr17"	8272341	"-"	"chr17-8272341"
"Polyclonal_95pct"	"chr17"	12370098	"-"	"chr17-12370098"
"Polyclonal_95pct"	"chr17"	16324700	"-"	"chr17-16324700"
"Polyclonal_95pct"	"chr17"	16769449	"-"	"chr17-16769449"
"Polyclonal_95pct"	"chr17"	18560114	"-"	"chr17-18560114"
"Polyclonal_95pct"	"chr17"	18576428	"-"	"chr17-18576428"
"Polyclonal_95pct"	"chr17"	20289460	"-"	"chr17-20289460"
"Polyclonal_95pct"	"chr17"	20332351	"-"	"chr17-20332351"
"Polyclonal_95pct"	"chr17"	20535561	"-"	"chr17-20535561"
"Polyclonal_95pct"	"chr17"	20630065	"-"	"chr17-20630065"
"Polyclonal_95pct"	"chr17"	28128771	"-"	"chr17-28128771"
"Polyclonal_95pct"	"chr17"	28809626	"-"	"chr17-28809626"
"Polyclonal_95pct"	"chr17"	29439004	"-"	"chr17-29439004"
"Polyclonal_95pct"	"chr17"	29602892	"-"	"chr17-29602892"
"Polyclonal_95pct"	"chr17"	30178877	"-"	"chr17-30178877"
"Polyclonal_95pct"	"chr17"	30450207	"-"	"chr17-30450207"
"Polyclonal_95pct"	"chr17"	30492706	"-"	"chr17-30492706"
"Polyclonal_95pct"	"chr17"	31322975	"-"	"chr17-31322975"
"Polyclonal_95pct"	"chr17"	33610483	"-"	"chr17-33610483"
"Polyclonal_95pct"	"chr17"	35311165	"-"	"chr17-35311165"
"Polyclonal_95pct"	"chr17"	35593407	"-"	"chr17-35593407"
"Polyclonal_95pct"	"chr17"	38986808	"-"	"chr17-38986808"
"Polyclonal_95pct"	"chr17"	39331757	"-"	"chr17-39331757"
"Polyclonal_95pct"	"chr17"	39351664	"-"	"chr17-39351664"
"Polyclonal_95pct"	"chr17"	39515405	"-"	"chr17-39515405"
"Polyclonal_95pct"	"chr17"	39783235	"-"	"chr17-39783235"
"Polyclonal_95pct"	"chr17"	39846138	"-"	"chr17-39846138"
"Polyclonal_95pct"	"chr17"	39874401	"-"	"chr17-39874401"
"Polyclonal_95pct"	"chr17"	40173257	"-"	"chr17-40173257"
"Polyclonal_95pct"	"chr17"	40226270	"-"	"chr17-40226270"
"Polyclonal_95pct"	"chr17"	40249967	"-"	"chr17-40249967"
"Polyclonal_95pct"	"chr17"	40576785	"-"	"chr17-40576785"
"Polyclonal_95pct"	"chr17"	41676316	"-"	"chr17-41676316"
"Polyclonal_95pct"	"chr17"	41850356	"-"	"chr17-41850356"
"Polyclonal_95pct"	"chr17"	42739753	"-"	"chr17-42739753"
"Polyclonal_95pct"	"chr17"	43047486	"-"	"chr17-43047486"
"Polyclonal_95pct"	"chr17"	43087801	"-"	"chr17-43087801"
"Polyclonal_95pct"	"chr17"	44178438	"-"	"chr17-44178438"
"Polyclonal_95pct"	"chr17"	44449938	"-"	"chr17-44449938"
"Polyclonal_95pct"	"chr17"	44473821	"-"	"chr17-44473821"
"Polyclonal_95pct"	"chr17"	44686385	"-"	"chr17-44686385"
"Polyclonal_95pct"	"chr17"	45204865	"-"	"chr17-45204865"
"Polyclonal_95pct"	"chr17"	45251036	"-"	"chr17-45251036"
"Polyclonal_95pct"	"chr17"	45251393	"-"	"chr17-45251393"
"Polyclonal_95pct"	"chr17"	46293346	"-"	"chr17-46293346"
"Polyclonal_95pct"	"chr17"	46510925	"-"	"chr17-46510925"
"Polyclonal_95pct"	"chr17"	47015400	"-"	"chr17-47015400"
"Polyclonal_95pct"	"chr17"	47404306	"-"	"chr17-47404306"
"Polyclonal_95pct"	"chr17"	47570501	"-"	"chr17-47570501"
"Polyclonal_95pct"	"chr17"	47886563	"-"	"chr17-47886563"
"Polyclonal_95pct"	"chr17"	48218909	"-"	"chr17-48218909"
"Polyclonal_95pct"	"chr17"	48290263	"-"	"chr17-48290263"
"Polyclonal_95pct"	"chr17"	48344562	"-"	"chr17-48344562"
"Polyclonal_95pct"	"chr17"	48360182	"-"	"chr17-48360182"
"Polyclonal_95pct"	"chr17"	48364015	"-"	"chr17-48364015"
"Polyclonal_95pct"	"chr17"	48394000	"-"	"chr17-48394000"
"Polyclonal_95pct"	"chr17"	49645981	"-"	"chr17-49645981"
"Polyclonal_95pct"	"chr17"	53019176	"-"	"chr17-53019176"
"Polyclonal_95pct"	"chr17"	53143938	"-"	"chr17-53143938"
"Polyclonal_95pct"	"chr17"	53228178	"-"	"chr17-53228178"
"Polyclonal_95pct"	"chr17"	53330926	"-"	"chr17-53330926"
"Polyclonal_95pct"	"chr17"	53661623	"-"	"chr17-53661623"
"Polyclonal_95pct"	"chr17"	54602050	"-"	"chr17-54602050"
"Polyclonal_95pct"	"chr17"	56348450	"-"	"chr17-56348450"
"Polyclonal_95pct"	"chr17"	56838247	"-"	"chr17-56838247"
"Polyclonal_95pct"	"chr17"	56852339	"-"	"chr17-56852339"
"Polyclonal_95pct"	"chr17"	56853272	"-"	"chr17-56853272"
"Polyclonal_95pct"	"chr17"	56853106	"-"	"chr17-56853106"
"Polyclonal_95pct"	"chr17"	57178205	"-"	"chr17-57178205"
"Polyclonal_95pct"	"chr17"	57417848	"-"	"chr17-57417848"
"Polyclonal_95pct"	"chr17"	58602384	"-"	"chr17-58602384"
"Polyclonal_95pct"	"chr17"	58877718	"-"	"chr17-58877718"
"Polyclonal_95pct"	"chr17"	59151661	"-"	"chr17-59151661"
"Polyclonal_95pct"	"chr17"	59754915	"-"	"chr17-59754915"
"Polyclonal_95pct"	"chr17"	59953449	"-"	"chr17-59953449"
"Polyclonal_95pct"	"chr17"	60467472	"-"	"chr17-60467472"
"Polyclonal_95pct"	"chr17"	60746470	"-"	"chr17-60746470"
"Polyclonal_95pct"	"chr17"	60802312	"-"	"chr17-60802312"
"Polyclonal_95pct"	"chr17"	60865506	"-"	"chr17-60865506"
"Polyclonal_95pct"	"chr17"	61044324	"-"	"chr17-61044324"
"Polyclonal_95pct"	"chr17"	63101031	"-"	"chr17-63101031"
"Polyclonal_95pct"	"chr17"	63309960	"-"	"chr17-63309960"
"Polyclonal_95pct"	"chr17"	63836909	"-"	"chr17-63836909"
"Polyclonal_95pct"	"chr17"	64570648	"-"	"chr17-64570648"
"Polyclonal_95pct"	"chr17"	65689114	"-"	"chr17-65689114"
"Polyclonal_95pct"	"chr17"	66011475	"-"	"chr17-66011475"
"Polyclonal_95pct"	"chr17"	67359103	"-"	"chr17-67359103"
"Polyclonal_95pct"	"chr17"	67886668	"-"	"chr17-67886668"
"Polyclonal_95pct"	"chr17"	68404218	"-"	"chr17-68404218"
"Polyclonal_95pct"	"chr17"	69159808	"-"	"chr17-69159808"
"Polyclonal_95pct"	"chr17"	69313059	"-"	"chr17-69313059"
"Polyclonal_95pct"	"chr17"	70582522	"-"	"chr17-70582522"
"Polyclonal_95pct"	"chr17"	70961032	"-"	"chr17-70961032"
"Polyclonal_95pct"	"chr17"	75342370	"-"	"chr17-75342370"
"Polyclonal_95pct"	"chr17"	75669798	"-"	"chr17-75669798"
"Polyclonal_95pct"	"chr17"	75960536	"-"	"chr17-75960536"
"Polyclonal_95pct"	"chr17"	75966383	"-"	"chr17-75966383"
"Polyclonal_95pct"	"chr17"	75966056	"-"	"chr17-75966056"
"Polyclonal_95pct"	"chr17"	75966666	"-"	"chr17-75966666"
"Polyclonal_95pct"	"chr17"	75976771	"-"	"chr17-75976771"
"Polyclonal_95pct"	"chr17"	76039870	"-"	"chr17-76039870"
"Polyclonal_95pct"	"chr17"	76070083	"-"	"chr17-76070083"
"Polyclonal_95pct"	"chr17"	76188178	"-"	"chr17-76188178"
"Polyclonal_95pct"	"chr17"	76216754	"-"	"chr17-76216754"
"Polyclonal_95pct"	"chr17"	76218196	"-"	"chr17-76218196"
"Polyclonal_95pct"	"chr17"	76230317	"-"	"chr17-76230317"
"Polyclonal_95pct"	"chr17"	76743558	"-"	"chr17-76743558"
"Polyclonal_95pct"	"chr17"	76769027	"-"	"chr17-76769027"
"Polyclonal_95pct"	"chr17"	76774721	"-"	"chr17-76774721"
"Polyclonal_95pct"	"chr17"	76849595	"-"	"chr17-76849595"
"Polyclonal_95pct"	"chr17"	77177207	"-"	"chr17-77177207"
"Polyclonal_95pct"	"chr17"	77622539	"-"	"chr17-77622539"
"Polyclonal_95pct"	"chr17"	78035525	"-"	"chr17-78035525"
"Polyclonal_95pct"	"chr17"	78043680	"-"	"chr17-78043680"
"Polyclonal_95pct"	"chr17"	78044283	"-"	"chr17-78044283"
"Polyclonal_95pct"	"chr17"	78045427	"-"	"chr17-78045427"
"Polyclonal_95pct"	"chr17"	78046212	"-"	"chr17-78046212"
"Polyclonal_95pct"	"chr17"	78097484	"-"	"chr17-78097484"
"Polyclonal_95pct"	"chr17"	78116431	"-"	"chr17-78116431"
"Polyclonal_95pct"	"chr17"	78123629	"-"	"chr17-78123629"
"Polyclonal_95pct"	"chr17"	78123407	"-"	"chr17-78123407"
"Polyclonal_95pct"	"chr17"	78123503	"-"	"chr17-78123503"
"Polyclonal_95pct"	"chr17"	78123351	"-"	"chr17-78123351"
"Polyclonal_95pct"	"chr17"	78123637	"-"	"chr17-78123637"
"Polyclonal_95pct"	"chr17"	78134169	"-"	"chr17-78134169"
"Polyclonal_95pct"	"chr17"	78152177	"-"	"chr17-78152177"
"Polyclonal_95pct"	"chr17"	78160171	"-"	"chr17-78160171"
"Polyclonal_95pct"	"chr17"	78196346	"-"	"chr17-78196346"
"Polyclonal_95pct"	"chr17"	78713659	"-"	"chr17-78713659"
"Polyclonal_95pct"	"chr17"	78713889	"-"	"chr17-78713889"
"Polyclonal_95pct"	"chr17"	78767426	"-"	"chr17-78767426"
"Polyclonal_95pct"	"chr17"	78770013	"-"	"chr17-78770013"
"Polyclonal_95pct"	"chr17"	78792908	"-"	"chr17-78792908"
"Polyclonal_95pct"	"chr17"	78808895	"-"	"chr17-78808895"
"Polyclonal_95pct"	"chr17"	78874666	"-"	"chr17-78874666"
"Polyclonal_95pct"	"chr17"	80326283	"-"	"chr17-80326283"
"Polyclonal_95pct"	"chr17"	80377968	"-"	"chr17-80377968"
"Polyclonal_95pct"	"chr17"	81586648	"-"	"chr17-81586648"
"Polyclonal_95pct"	"chr17"	81590032	"-"	"chr17-81590032"
"Polyclonal_95pct"	"chr17"	81589822	"-"	"chr17-81589822"
"Polyclonal_95pct"	"chr17"	81593612	"-"	"chr17-81593612"
"Polyclonal_95pct"	"chr17"	81847081	"-"	"chr17-81847081"
"Polyclonal_95pct"	"chr17"	81851081	"-"	"chr17-81851081"
"Polyclonal_95pct"	"chr17"	81975357	"-"	"chr17-81975357"
"Polyclonal_95pct"	"chr17"	82055854	"-"	"chr17-82055854"
"Polyclonal_95pct"	"chr17"	82082189	"-"	"chr17-82082189"
"Polyclonal_95pct"	"chr17"	82113645	"-"	"chr17-82113645"
"Polyclonal_95pct"	"chr17"	82116866	"-"	"chr17-82116866"
"Polyclonal_95pct"	"chr17"	82144339	"-"	"chr17-82144339"
"Polyclonal_95pct"	"chr17"	82165591	"-"	"chr17-82165591"
"Polyclonal_95pct"	"chr17"	82260995	"-"	"chr17-82260995"
"Polyclonal_95pct"	"chr17"	82430836	"-"	"chr17-82430836"
"Polyclonal_95pct"	"chr17"	82455422	"-"	"chr17-82455422"
"Polyclonal_95pct"	"chr17"	82489041	"-"	"chr17-82489041"
"Polyclonal_95pct"	"chr17"	82531231	"-"	"chr17-82531231"
"Polyclonal_95pct"	"chr17"	82623809	"-"	"chr17-82623809"
"Polyclonal_95pct"	"chr17"	82623679	"-"	"chr17-82623679"
"Polyclonal_95pct"	"chr17"	82758947	"-"	"chr17-82758947"
"Polyclonal_95pct"	"chr18"	1979302	"+"	"chr18+1979302"
"Polyclonal_95pct"	"chr18"	2118466	"+"	"chr18+2118466"
"Polyclonal_95pct"	"chr18"	2538078	"+"	"chr18+2538078"
"Polyclonal_95pct"	"chr18"	4994386	"+"	"chr18+4994386"
"Polyclonal_95pct"	"chr18"	5010354	"+"	"chr18+5010354"
"Polyclonal_95pct"	"chr18"	6304097	"+"	"chr18+6304097"
"Polyclonal_95pct"	"chr18"	7139934	"+"	"chr18+7139934"
"Polyclonal_95pct"	"chr18"	12700297	"+"	"chr18+12700297"
"Polyclonal_95pct"	"chr18"	12859442	"+"	"chr18+12859442"
"Polyclonal_95pct"	"chr18"	14376997	"+"	"chr18+14376997"
"Polyclonal_95pct"	"chr18"	23617229	"+"	"chr18+23617229"
"Polyclonal_95pct"	"chr18"	24256536	"+"	"chr18+24256536"
"Polyclonal_95pct"	"chr18"	25269694	"+"	"chr18+25269694"
"Polyclonal_95pct"	"chr18"	26059218	"+"	"chr18+26059218"
"Polyclonal_95pct"	"chr18"	29574582	"+"	"chr18+29574582"
"Polyclonal_95pct"	"chr18"	30178227	"+"	"chr18+30178227"
"Polyclonal_95pct"	"chr18"	30222281	"+"	"chr18+30222281"
"Polyclonal_95pct"	"chr18"	30871046	"+"	"chr18+30871046"
"Polyclonal_95pct"	"chr18"	31271191	"+"	"chr18+31271191"
"Polyclonal_95pct"	"chr18"	32113614	"+"	"chr18+32113614"
"Polyclonal_95pct"	"chr18"	32591584	"+"	"chr18+32591584"
"Polyclonal_95pct"	"chr18"	32983073	"+"	"chr18+32983073"
"Polyclonal_95pct"	"chr18"	32989660	"+"	"chr18+32989660"
"Polyclonal_95pct"	"chr18"	33010667	"+"	"chr18+33010667"
"Polyclonal_95pct"	"chr18"	33171800	"+"	"chr18+33171800"
"Polyclonal_95pct"	"chr18"	33172131	"+"	"chr18+33172131"
"Polyclonal_95pct"	"chr18"	33955336	"+"	"chr18+33955336"
"Polyclonal_95pct"	"chr18"	34226233	"+"	"chr18+34226233"
"Polyclonal_95pct"	"chr18"	34506330	"+"	"chr18+34506330"
"Polyclonal_95pct"	"chr18"	35483261	"+"	"chr18+35483261"
"Polyclonal_95pct"	"chr18"	35570659	"+"	"chr18+35570659"
"Polyclonal_95pct"	"chr18"	36030322	"+"	"chr18+36030322"
"Polyclonal_95pct"	"chr18"	36865447	"+"	"chr18+36865447"
"Polyclonal_95pct"	"chr18"	38754744	"+"	"chr18+38754744"
"Polyclonal_95pct"	"chr18"	39395125	"+"	"chr18+39395125"
"Polyclonal_95pct"	"chr18"	39537444	"+"	"chr18+39537444"
"Polyclonal_95pct"	"chr18"	39686246	"+"	"chr18+39686246"
"Polyclonal_95pct"	"chr18"	39686259	"+"	"chr18+39686259"
"Polyclonal_95pct"	"chr18"	40498004	"+"	"chr18+40498004"
"Polyclonal_95pct"	"chr18"	40957494	"+"	"chr18+40957494"
"Polyclonal_95pct"	"chr18"	41719277	"+"	"chr18+41719277"
"Polyclonal_95pct"	"chr18"	43913557	"+"	"chr18+43913557"
"Polyclonal_95pct"	"chr18"	46230914	"+"	"chr18+46230914"
"Polyclonal_95pct"	"chr18"	51069903	"+"	"chr18+51069903"
"Polyclonal_95pct"	"chr18"	51179858	"+"	"chr18+51179858"
"Polyclonal_95pct"	"chr18"	53446273	"+"	"chr18+53446273"
"Polyclonal_95pct"	"chr18"	53596504	"+"	"chr18+53596504"
"Polyclonal_95pct"	"chr18"	53724411	"+"	"chr18+53724411"
"Polyclonal_95pct"	"chr18"	54159381	"+"	"chr18+54159381"
"Polyclonal_95pct"	"chr18"	54274730	"+"	"chr18+54274730"
"Polyclonal_95pct"	"chr18"	54285774	"+"	"chr18+54285774"
"Polyclonal_95pct"	"chr18"	54796292	"+"	"chr18+54796292"
"Polyclonal_95pct"	"chr18"	55995877	"+"	"chr18+55995877"
"Polyclonal_95pct"	"chr18"	56603271	"+"	"chr18+56603271"
"Polyclonal_95pct"	"chr18"	56759802	"+"	"chr18+56759802"
"Polyclonal_95pct"	"chr18"	56760369	"+"	"chr18+56760369"
"Polyclonal_95pct"	"chr18"	60310306	"+"	"chr18+60310306"
"Polyclonal_95pct"	"chr18"	60693344	"+"	"chr18+60693344"
"Polyclonal_95pct"	"chr18"	62106332	"+"	"chr18+62106332"
"Polyclonal_95pct"	"chr18"	62197234	"+"	"chr18+62197234"
"Polyclonal_95pct"	"chr18"	62232817	"+"	"chr18+62232817"
"Polyclonal_95pct"	"chr18"	63361848	"+"	"chr18+63361848"
"Polyclonal_95pct"	"chr18"	63460597	"+"	"chr18+63460597"
"Polyclonal_95pct"	"chr18"	64212503	"+"	"chr18+64212503"
"Polyclonal_95pct"	"chr18"	65420856	"+"	"chr18+65420856"
"Polyclonal_95pct"	"chr18"	66020431	"+"	"chr18+66020431"
"Polyclonal_95pct"	"chr18"	66233739	"+"	"chr18+66233739"
"Polyclonal_95pct"	"chr18"	66529812	"+"	"chr18+66529812"
"Polyclonal_95pct"	"chr18"	66862405	"+"	"chr18+66862405"
"Polyclonal_95pct"	"chr18"	67140194	"+"	"chr18+67140194"
"Polyclonal_95pct"	"chr18"	67348180	"+"	"chr18+67348180"
"Polyclonal_95pct"	"chr18"	67413114	"+"	"chr18+67413114"
"Polyclonal_95pct"	"chr18"	67879795	"+"	"chr18+67879795"
"Polyclonal_95pct"	"chr18"	67930836	"+"	"chr18+67930836"
"Polyclonal_95pct"	"chr18"	68526206	"+"	"chr18+68526206"
"Polyclonal_95pct"	"chr18"	68929717	"+"	"chr18+68929717"
"Polyclonal_95pct"	"chr18"	69143427	"+"	"chr18+69143427"
"Polyclonal_95pct"	"chr18"	69165230	"+"	"chr18+69165230"
"Polyclonal_95pct"	"chr18"	69248773	"+"	"chr18+69248773"
"Polyclonal_95pct"	"chr18"	69947142	"+"	"chr18+69947142"
"Polyclonal_95pct"	"chr18"	70054042	"+"	"chr18+70054042"
"Polyclonal_95pct"	"chr18"	71267886	"+"	"chr18+71267886"
"Polyclonal_95pct"	"chr18"	71424509	"+"	"chr18+71424509"
"Polyclonal_95pct"	"chr18"	71818713	"+"	"chr18+71818713"
"Polyclonal_95pct"	"chr18"	72042426	"+"	"chr18+72042426"
"Polyclonal_95pct"	"chr18"	72404815	"+"	"chr18+72404815"
"Polyclonal_95pct"	"chr18"	74302272	"+"	"chr18+74302272"
"Polyclonal_95pct"	"chr18"	76728599	"+"	"chr18+76728599"
"Polyclonal_95pct"	"chr18"	76842853	"+"	"chr18+76842853"
"Polyclonal_95pct"	"chr18"	77386347	"+"	"chr18+77386347"
"Polyclonal_95pct"	"chr18"	77804963	"+"	"chr18+77804963"
"Polyclonal_95pct"	"chr18"	1532769	"-"	"chr18-1532769"
"Polyclonal_95pct"	"chr18"	1715741	"-"	"chr18-1715741"
"Polyclonal_95pct"	"chr18"	2397161	"-"	"chr18-2397161"
"Polyclonal_95pct"	"chr18"	2848951	"-"	"chr18-2848951"
"Polyclonal_95pct"	"chr18"	3122904	"-"	"chr18-3122904"
"Polyclonal_95pct"	"chr18"	8711257	"-"	"chr18-8711257"
"Polyclonal_95pct"	"chr18"	12860379	"-"	"chr18-12860379"
"Polyclonal_95pct"	"chr18"	14196601	"-"	"chr18-14196601"
"Polyclonal_95pct"	"chr18"	21050091	"-"	"chr18-21050091"
"Polyclonal_95pct"	"chr18"	21590647	"-"	"chr18-21590647"
"Polyclonal_95pct"	"chr18"	21761258	"-"	"chr18-21761258"
"Polyclonal_95pct"	"chr18"	22919464	"-"	"chr18-22919464"
"Polyclonal_95pct"	"chr18"	25081331	"-"	"chr18-25081331"
"Polyclonal_95pct"	"chr18"	25749183	"-"	"chr18-25749183"
"Polyclonal_95pct"	"chr18"	26057392	"-"	"chr18-26057392"
"Polyclonal_95pct"	"chr18"	27798642	"-"	"chr18-27798642"
"Polyclonal_95pct"	"chr18"	28264103	"-"	"chr18-28264103"
"Polyclonal_95pct"	"chr18"	28979191	"-"	"chr18-28979191"
"Polyclonal_95pct"	"chr18"	29074711	"-"	"chr18-29074711"
"Polyclonal_95pct"	"chr18"	29265148	"-"	"chr18-29265148"
"Polyclonal_95pct"	"chr18"	29505165	"-"	"chr18-29505165"
"Polyclonal_95pct"	"chr18"	31669624	"-"	"chr18-31669624"
"Polyclonal_95pct"	"chr18"	31897897	"-"	"chr18-31897897"
"Polyclonal_95pct"	"chr18"	32185140	"-"	"chr18-32185140"
"Polyclonal_95pct"	"chr18"	33362440	"-"	"chr18-33362440"
"Polyclonal_95pct"	"chr18"	33806827	"-"	"chr18-33806827"
"Polyclonal_95pct"	"chr18"	34088746	"-"	"chr18-34088746"
"Polyclonal_95pct"	"chr18"	34767913	"-"	"chr18-34767913"
"Polyclonal_95pct"	"chr18"	35011544	"-"	"chr18-35011544"
"Polyclonal_95pct"	"chr18"	36863904	"-"	"chr18-36863904"
"Polyclonal_95pct"	"chr18"	38815285	"-"	"chr18-38815285"
"Polyclonal_95pct"	"chr18"	39699605	"-"	"chr18-39699605"
"Polyclonal_95pct"	"chr18"	39988874	"-"	"chr18-39988874"
"Polyclonal_95pct"	"chr18"	40807725	"-"	"chr18-40807725"
"Polyclonal_95pct"	"chr18"	41636032	"-"	"chr18-41636032"
"Polyclonal_95pct"	"chr18"	41651957	"-"	"chr18-41651957"
"Polyclonal_95pct"	"chr18"	42865728	"-"	"chr18-42865728"
"Polyclonal_95pct"	"chr18"	43340081	"-"	"chr18-43340081"
"Polyclonal_95pct"	"chr18"	45132352	"-"	"chr18-45132352"
"Polyclonal_95pct"	"chr18"	46830723	"-"	"chr18-46830723"
"Polyclonal_95pct"	"chr18"	49399744	"-"	"chr18-49399744"
"Polyclonal_95pct"	"chr18"	50834970	"-"	"chr18-50834970"
"Polyclonal_95pct"	"chr18"	50892260	"-"	"chr18-50892260"
"Polyclonal_95pct"	"chr18"	51310104	"-"	"chr18-51310104"
"Polyclonal_95pct"	"chr18"	51941086	"-"	"chr18-51941086"
"Polyclonal_95pct"	"chr18"	53114395	"-"	"chr18-53114395"
"Polyclonal_95pct"	"chr18"	53539766	"-"	"chr18-53539766"
"Polyclonal_95pct"	"chr18"	54159385	"-"	"chr18-54159385"
"Polyclonal_95pct"	"chr18"	54410424	"-"	"chr18-54410424"
"Polyclonal_95pct"	"chr18"	55995881	"-"	"chr18-55995881"
"Polyclonal_95pct"	"chr18"	56792181	"-"	"chr18-56792181"
"Polyclonal_95pct"	"chr18"	59904921	"-"	"chr18-59904921"
"Polyclonal_95pct"	"chr18"	60039889	"-"	"chr18-60039889"
"Polyclonal_95pct"	"chr18"	60122060	"-"	"chr18-60122060"
"Polyclonal_95pct"	"chr18"	60386998	"-"	"chr18-60386998"
"Polyclonal_95pct"	"chr18"	62169014	"-"	"chr18-62169014"
"Polyclonal_95pct"	"chr18"	62251432	"-"	"chr18-62251432"
"Polyclonal_95pct"	"chr18"	62556031	"-"	"chr18-62556031"
"Polyclonal_95pct"	"chr18"	63392781	"-"	"chr18-63392781"
"Polyclonal_95pct"	"chr18"	63400911	"-"	"chr18-63400911"
"Polyclonal_95pct"	"chr18"	63540184	"-"	"chr18-63540184"
"Polyclonal_95pct"	"chr18"	64543762	"-"	"chr18-64543762"
"Polyclonal_95pct"	"chr18"	64712448	"-"	"chr18-64712448"
"Polyclonal_95pct"	"chr18"	65343361	"-"	"chr18-65343361"
"Polyclonal_95pct"	"chr18"	65893702	"-"	"chr18-65893702"
"Polyclonal_95pct"	"chr18"	66601961	"-"	"chr18-66601961"
"Polyclonal_95pct"	"chr18"	67137669	"-"	"chr18-67137669"
"Polyclonal_95pct"	"chr18"	67322592	"-"	"chr18-67322592"
"Polyclonal_95pct"	"chr18"	68052649	"-"	"chr18-68052649"
"Polyclonal_95pct"	"chr18"	68341805	"-"	"chr18-68341805"
"Polyclonal_95pct"	"chr18"	68588372	"-"	"chr18-68588372"
"Polyclonal_95pct"	"chr18"	69247424	"-"	"chr18-69247424"
"Polyclonal_95pct"	"chr18"	69643630	"-"	"chr18-69643630"
"Polyclonal_95pct"	"chr18"	70055486	"-"	"chr18-70055486"
"Polyclonal_95pct"	"chr18"	70146250	"-"	"chr18-70146250"
"Polyclonal_95pct"	"chr18"	70742492	"-"	"chr18-70742492"
"Polyclonal_95pct"	"chr18"	71298280	"-"	"chr18-71298280"
"Polyclonal_95pct"	"chr18"	71302845	"-"	"chr18-71302845"
"Polyclonal_95pct"	"chr18"	71342260	"-"	"chr18-71342260"
"Polyclonal_95pct"	"chr18"	71874556	"-"	"chr18-71874556"
"Polyclonal_95pct"	"chr18"	72145148	"-"	"chr18-72145148"
"Polyclonal_95pct"	"chr18"	72568090	"-"	"chr18-72568090"
"Polyclonal_95pct"	"chr18"	74784442	"-"	"chr18-74784442"
"Polyclonal_95pct"	"chr18"	75283778	"-"	"chr18-75283778"
"Polyclonal_95pct"	"chr19"	624259	"+"	"chr19+624259"
"Polyclonal_95pct"	"chr19"	800144	"+"	"chr19+800144"
"Polyclonal_95pct"	"chr19"	1032815	"+"	"chr19+1032815"
"Polyclonal_95pct"	"chr19"	1037364	"+"	"chr19+1037364"
"Polyclonal_95pct"	"chr19"	1215192	"+"	"chr19+1215192"
"Polyclonal_95pct"	"chr19"	1425407	"+"	"chr19+1425407"
"Polyclonal_95pct"	"chr19"	1980632	"+"	"chr19+1980632"
"Polyclonal_95pct"	"chr19"	2101154	"+"	"chr19+2101154"
"Polyclonal_95pct"	"chr19"	2223693	"+"	"chr19+2223693"
"Polyclonal_95pct"	"chr19"	2242157	"+"	"chr19+2242157"
"Polyclonal_95pct"	"chr19"	2399122	"+"	"chr19+2399122"
"Polyclonal_95pct"	"chr19"	2571945	"+"	"chr19+2571945"
"Polyclonal_95pct"	"chr19"	2758812	"+"	"chr19+2758812"
"Polyclonal_95pct"	"chr19"	3394798	"+"	"chr19+3394798"
"Polyclonal_95pct"	"chr19"	3399409	"+"	"chr19+3399409"
"Polyclonal_95pct"	"chr19"	3547294	"+"	"chr19+3547294"
"Polyclonal_95pct"	"chr19"	3548736	"+"	"chr19+3548736"
"Polyclonal_95pct"	"chr19"	3559145	"+"	"chr19+3559145"
"Polyclonal_95pct"	"chr19"	3559148	"+"	"chr19+3559148"
"Polyclonal_95pct"	"chr19"	3559176	"+"	"chr19+3559176"
"Polyclonal_95pct"	"chr19"	3559188	"+"	"chr19+3559188"
"Polyclonal_95pct"	"chr19"	3559633	"+"	"chr19+3559633"
"Polyclonal_95pct"	"chr19"	3675666	"+"	"chr19+3675666"
"Polyclonal_95pct"	"chr19"	3676231	"+"	"chr19+3676231"
"Polyclonal_95pct"	"chr19"	4118901	"+"	"chr19+4118901"
"Polyclonal_95pct"	"chr19"	4414977	"+"	"chr19+4414977"
"Polyclonal_95pct"	"chr19"	5655988	"+"	"chr19+5655988"
"Polyclonal_95pct"	"chr19"	6360450	"+"	"chr19+6360450"
"Polyclonal_95pct"	"chr19"	6410920	"+"	"chr19+6410920"
"Polyclonal_95pct"	"chr19"	6560508	"+"	"chr19+6560508"
"Polyclonal_95pct"	"chr19"	7020888	"+"	"chr19+7020888"
"Polyclonal_95pct"	"chr19"	7039883	"+"	"chr19+7039883"
"Polyclonal_95pct"	"chr19"	9471023	"+"	"chr19+9471023"
"Polyclonal_95pct"	"chr19"	9672358	"+"	"chr19+9672358"
"Polyclonal_95pct"	"chr19"	9815903	"+"	"chr19+9815903"
"Polyclonal_95pct"	"chr19"	10132638	"+"	"chr19+10132638"
"Polyclonal_95pct"	"chr19"	10275231	"+"	"chr19+10275231"
"Polyclonal_95pct"	"chr19"	10360489	"+"	"chr19+10360489"
"Polyclonal_95pct"	"chr19"	10723866	"+"	"chr19+10723866"
"Polyclonal_95pct"	"chr19"	10788622	"+"	"chr19+10788622"
"Polyclonal_95pct"	"chr19"	10976433	"+"	"chr19+10976433"
"Polyclonal_95pct"	"chr19"	11104509	"+"	"chr19+11104509"
"Polyclonal_95pct"	"chr19"	11104560	"+"	"chr19+11104560"
"Polyclonal_95pct"	"chr19"	12102454	"+"	"chr19+12102454"
"Polyclonal_95pct"	"chr19"	12600024	"+"	"chr19+12600024"
"Polyclonal_95pct"	"chr19"	12850524	"+"	"chr19+12850524"
"Polyclonal_95pct"	"chr19"	12941884	"+"	"chr19+12941884"
"Polyclonal_95pct"	"chr19"	13664985	"+"	"chr19+13664985"
"Polyclonal_95pct"	"chr19"	13710147	"+"	"chr19+13710147"
"Polyclonal_95pct"	"chr19"	14040627	"+"	"chr19+14040627"
"Polyclonal_95pct"	"chr19"	14542962	"+"	"chr19+14542962"
"Polyclonal_95pct"	"chr19"	14833142	"+"	"chr19+14833142"
"Polyclonal_95pct"	"chr19"	15323519	"+"	"chr19+15323519"
"Polyclonal_95pct"	"chr19"	15766609	"+"	"chr19+15766609"
"Polyclonal_95pct"	"chr19"	16669890	"+"	"chr19+16669890"
"Polyclonal_95pct"	"chr19"	17219318	"+"	"chr19+17219318"
"Polyclonal_95pct"	"chr19"	17398288	"+"	"chr19+17398288"
"Polyclonal_95pct"	"chr19"	17400352	"+"	"chr19+17400352"
"Polyclonal_95pct"	"chr19"	17415847	"+"	"chr19+17415847"
"Polyclonal_95pct"	"chr19"	17472204	"+"	"chr19+17472204"
"Polyclonal_95pct"	"chr19"	17570960	"+"	"chr19+17570960"
"Polyclonal_95pct"	"chr19"	17766747	"+"	"chr19+17766747"
"Polyclonal_95pct"	"chr19"	18080517	"+"	"chr19+18080517"
"Polyclonal_95pct"	"chr19"	18969522	"+"	"chr19+18969522"
"Polyclonal_95pct"	"chr19"	28562194	"+"	"chr19+28562194"
"Polyclonal_95pct"	"chr19"	30103485	"+"	"chr19+30103485"
"Polyclonal_95pct"	"chr19"	35192680	"+"	"chr19+35192680"
"Polyclonal_95pct"	"chr19"	35591934	"+"	"chr19+35591934"
"Polyclonal_95pct"	"chr19"	35656075	"+"	"chr19+35656075"
"Polyclonal_95pct"	"chr19"	36031742	"+"	"chr19+36031742"
"Polyclonal_95pct"	"chr19"	36335614	"+"	"chr19+36335614"
"Polyclonal_95pct"	"chr19"	36336114	"+"	"chr19+36336114"
"Polyclonal_95pct"	"chr19"	36481567	"+"	"chr19+36481567"
"Polyclonal_95pct"	"chr19"	37073955	"+"	"chr19+37073955"
"Polyclonal_95pct"	"chr19"	39624949	"+"	"chr19+39624949"
"Polyclonal_95pct"	"chr19"	40183383	"+"	"chr19+40183383"
"Polyclonal_95pct"	"chr19"	40297773	"+"	"chr19+40297773"
"Polyclonal_95pct"	"chr19"	41347133	"+"	"chr19+41347133"
"Polyclonal_95pct"	"chr19"	41726368	"+"	"chr19+41726368"
"Polyclonal_95pct"	"chr19"	44327088	"+"	"chr19+44327088"
"Polyclonal_95pct"	"chr19"	45086071	"+"	"chr19+45086071"
"Polyclonal_95pct"	"chr19"	45532465	"+"	"chr19+45532465"
"Polyclonal_95pct"	"chr19"	45555392	"+"	"chr19+45555392"
"Polyclonal_95pct"	"chr19"	45728224	"+"	"chr19+45728224"
"Polyclonal_95pct"	"chr19"	45935341	"+"	"chr19+45935341"
"Polyclonal_95pct"	"chr19"	46088708	"+"	"chr19+46088708"
"Polyclonal_95pct"	"chr19"	46706359	"+"	"chr19+46706359"
"Polyclonal_95pct"	"chr19"	46780378	"+"	"chr19+46780378"
"Polyclonal_95pct"	"chr19"	46913418	"+"	"chr19+46913418"
"Polyclonal_95pct"	"chr19"	47084186	"+"	"chr19+47084186"
"Polyclonal_95pct"	"chr19"	47161781	"+"	"chr19+47161781"
"Polyclonal_95pct"	"chr19"	47174239	"+"	"chr19+47174239"
"Polyclonal_95pct"	"chr19"	47805611	"+"	"chr19+47805611"
"Polyclonal_95pct"	"chr19"	48111317	"+"	"chr19+48111317"
"Polyclonal_95pct"	"chr19"	48111732	"+"	"chr19+48111732"
"Polyclonal_95pct"	"chr19"	48217669	"+"	"chr19+48217669"
"Polyclonal_95pct"	"chr19"	48228253	"+"	"chr19+48228253"
"Polyclonal_95pct"	"chr19"	48749053	"+"	"chr19+48749053"
"Polyclonal_95pct"	"chr19"	48802337	"+"	"chr19+48802337"
"Polyclonal_95pct"	"chr19"	48906141	"+"	"chr19+48906141"
"Polyclonal_95pct"	"chr19"	48908703	"+"	"chr19+48908703"
"Polyclonal_95pct"	"chr19"	49134693	"+"	"chr19+49134693"
"Polyclonal_95pct"	"chr19"	49583251	"+"	"chr19+49583251"
"Polyclonal_95pct"	"chr19"	49748367	"+"	"chr19+49748367"
"Polyclonal_95pct"	"chr19"	50408544	"+"	"chr19+50408544"
"Polyclonal_95pct"	"chr19"	51165327	"+"	"chr19+51165327"
"Polyclonal_95pct"	"chr19"	51228393	"+"	"chr19+51228393"
"Polyclonal_95pct"	"chr19"	52722421	"+"	"chr19+52722421"
"Polyclonal_95pct"	"chr19"	55264917	"+"	"chr19+55264917"
"Polyclonal_95pct"	"chr19"	55401342	"+"	"chr19+55401342"
"Polyclonal_95pct"	"chr19"	55764953	"+"	"chr19+55764953"
"Polyclonal_95pct"	"chr19"	55781782	"+"	"chr19+55781782"
"Polyclonal_95pct"	"chr19"	55885410	"+"	"chr19+55885410"
"Polyclonal_95pct"	"chr19"	56964389	"+"	"chr19+56964389"
"Polyclonal_95pct"	"chr19"	57338632	"+"	"chr19+57338632"
"Polyclonal_95pct"	"chr19"	57656363	"+"	"chr19+57656363"
"Polyclonal_95pct"	"chr19"	58251945	"+"	"chr19+58251945"
"Polyclonal_95pct"	"chr19"	58308868	"+"	"chr19+58308868"
"Polyclonal_95pct"	"chr19"	58569729	"+"	"chr19+58569729"
"Polyclonal_95pct"	"chr19"	541221	"-"	"chr19-541221"
"Polyclonal_95pct"	"chr19"	894377	"-"	"chr19-894377"
"Polyclonal_95pct"	"chr19"	894181	"-"	"chr19-894181"
"Polyclonal_95pct"	"chr19"	968568	"-"	"chr19-968568"
"Polyclonal_95pct"	"chr19"	1045624	"-"	"chr19-1045624"
"Polyclonal_95pct"	"chr19"	1255809	"-"	"chr19-1255809"
"Polyclonal_95pct"	"chr19"	1352849	"-"	"chr19-1352849"
"Polyclonal_95pct"	"chr19"	1645305	"-"	"chr19-1645305"
"Polyclonal_95pct"	"chr19"	2052131	"-"	"chr19-2052131"
"Polyclonal_95pct"	"chr19"	2323446	"-"	"chr19-2323446"
"Polyclonal_95pct"	"chr19"	2565493	"-"	"chr19-2565493"
"Polyclonal_95pct"	"chr19"	2683649	"-"	"chr19-2683649"
"Polyclonal_95pct"	"chr19"	3675670	"-"	"chr19-3675670"
"Polyclonal_95pct"	"chr19"	4940170	"-"	"chr19-4940170"
"Polyclonal_95pct"	"chr19"	5610633	"-"	"chr19-5610633"
"Polyclonal_95pct"	"chr19"	5615408	"-"	"chr19-5615408"
"Polyclonal_95pct"	"chr19"	5635501	"-"	"chr19-5635501"
"Polyclonal_95pct"	"chr19"	5640020	"-"	"chr19-5640020"
"Polyclonal_95pct"	"chr19"	6467905	"-"	"chr19-6467905"
"Polyclonal_95pct"	"chr19"	7265708	"-"	"chr19-7265708"
"Polyclonal_95pct"	"chr19"	7331277	"-"	"chr19-7331277"
"Polyclonal_95pct"	"chr19"	8232523	"-"	"chr19-8232523"
"Polyclonal_95pct"	"chr19"	8314056	"-"	"chr19-8314056"
"Polyclonal_95pct"	"chr19"	9159186	"-"	"chr19-9159186"
"Polyclonal_95pct"	"chr19"	9371037	"-"	"chr19-9371037"
"Polyclonal_95pct"	"chr19"	9657191	"-"	"chr19-9657191"
"Polyclonal_95pct"	"chr19"	9855556	"-"	"chr19-9855556"
"Polyclonal_95pct"	"chr19"	10173960	"-"	"chr19-10173960"
"Polyclonal_95pct"	"chr19"	10178583	"-"	"chr19-10178583"
"Polyclonal_95pct"	"chr19"	10178083	"-"	"chr19-10178083"
"Polyclonal_95pct"	"chr19"	10213562	"-"	"chr19-10213562"
"Polyclonal_95pct"	"chr19"	10241823	"-"	"chr19-10241823"
"Polyclonal_95pct"	"chr19"	10534814	"-"	"chr19-10534814"
"Polyclonal_95pct"	"chr19"	10783286	"-"	"chr19-10783286"
"Polyclonal_95pct"	"chr19"	10996189	"-"	"chr19-10996189"
"Polyclonal_95pct"	"chr19"	11104923	"-"	"chr19-11104923"
"Polyclonal_95pct"	"chr19"	11774927	"-"	"chr19-11774927"
"Polyclonal_95pct"	"chr19"	12708577	"-"	"chr19-12708577"
"Polyclonal_95pct"	"chr19"	12711541	"-"	"chr19-12711541"
"Polyclonal_95pct"	"chr19"	13536481	"-"	"chr19-13536481"
"Polyclonal_95pct"	"chr19"	14022287	"-"	"chr19-14022287"
"Polyclonal_95pct"	"chr19"	14456230	"-"	"chr19-14456230"
"Polyclonal_95pct"	"chr19"	15407227	"-"	"chr19-15407227"
"Polyclonal_95pct"	"chr19"	15520628	"-"	"chr19-15520628"
"Polyclonal_95pct"	"chr19"	15755240	"-"	"chr19-15755240"
"Polyclonal_95pct"	"chr19"	15880665	"-"	"chr19-15880665"
"Polyclonal_95pct"	"chr19"	16115003	"-"	"chr19-16115003"
"Polyclonal_95pct"	"chr19"	16644360	"-"	"chr19-16644360"
"Polyclonal_95pct"	"chr19"	17134048	"-"	"chr19-17134048"
"Polyclonal_95pct"	"chr19"	17588991	"-"	"chr19-17588991"
"Polyclonal_95pct"	"chr19"	17838756	"-"	"chr19-17838756"
"Polyclonal_95pct"	"chr19"	18016627	"-"	"chr19-18016627"
"Polyclonal_95pct"	"chr19"	18183240	"-"	"chr19-18183240"
"Polyclonal_95pct"	"chr19"	19044930	"-"	"chr19-19044930"
"Polyclonal_95pct"	"chr19"	19618038	"-"	"chr19-19618038"
"Polyclonal_95pct"	"chr19"	28825437	"-"	"chr19-28825437"
"Polyclonal_95pct"	"chr19"	28825435	"-"	"chr19-28825435"
"Polyclonal_95pct"	"chr19"	28825433	"-"	"chr19-28825433"
"Polyclonal_95pct"	"chr19"	35186214	"-"	"chr19-35186214"
"Polyclonal_95pct"	"chr19"	36709856	"-"	"chr19-36709856"
"Polyclonal_95pct"	"chr19"	37954233	"-"	"chr19-37954233"
"Polyclonal_95pct"	"chr19"	40123800	"-"	"chr19-40123800"
"Polyclonal_95pct"	"chr19"	40346376	"-"	"chr19-40346376"
"Polyclonal_95pct"	"chr19"	40364315	"-"	"chr19-40364315"
"Polyclonal_95pct"	"chr19"	40427835	"-"	"chr19-40427835"
"Polyclonal_95pct"	"chr19"	40681709	"-"	"chr19-40681709"
"Polyclonal_95pct"	"chr19"	40928979	"-"	"chr19-40928979"
"Polyclonal_95pct"	"chr19"	41077054	"-"	"chr19-41077054"
"Polyclonal_95pct"	"chr19"	41726372	"-"	"chr19-41726372"
"Polyclonal_95pct"	"chr19"	42491362	"-"	"chr19-42491362"
"Polyclonal_95pct"	"chr19"	42616481	"-"	"chr19-42616481"
"Polyclonal_95pct"	"chr19"	43509261	"-"	"chr19-43509261"
"Polyclonal_95pct"	"chr19"	44319308	"-"	"chr19-44319308"
"Polyclonal_95pct"	"chr19"	45549511	"-"	"chr19-45549511"
"Polyclonal_95pct"	"chr19"	45578325	"-"	"chr19-45578325"
"Polyclonal_95pct"	"chr19"	46789546	"-"	"chr19-46789546"
"Polyclonal_95pct"	"chr19"	46797415	"-"	"chr19-46797415"
"Polyclonal_95pct"	"chr19"	46834801	"-"	"chr19-46834801"
"Polyclonal_95pct"	"chr19"	46877221	"-"	"chr19-46877221"
"Polyclonal_95pct"	"chr19"	46909749	"-"	"chr19-46909749"
"Polyclonal_95pct"	"chr19"	46938602	"-"	"chr19-46938602"
"Polyclonal_95pct"	"chr19"	48146704	"-"	"chr19-48146704"
"Polyclonal_95pct"	"chr19"	48210719	"-"	"chr19-48210719"
"Polyclonal_95pct"	"chr19"	48211134	"-"	"chr19-48211134"
"Polyclonal_95pct"	"chr19"	48244376	"-"	"chr19-48244376"
"Polyclonal_95pct"	"chr19"	49242231	"-"	"chr19-49242231"
"Polyclonal_95pct"	"chr19"	49297303	"-"	"chr19-49297303"
"Polyclonal_95pct"	"chr19"	49306017	"-"	"chr19-49306017"
"Polyclonal_95pct"	"chr19"	49320764	"-"	"chr19-49320764"
"Polyclonal_95pct"	"chr19"	49568128	"-"	"chr19-49568128"
"Polyclonal_95pct"	"chr19"	49574846	"-"	"chr19-49574846"
"Polyclonal_95pct"	"chr19"	49576878	"-"	"chr19-49576878"
"Polyclonal_95pct"	"chr19"	49602073	"-"	"chr19-49602073"
"Polyclonal_95pct"	"chr19"	49604819	"-"	"chr19-49604819"
"Polyclonal_95pct"	"chr19"	49614954	"-"	"chr19-49614954"
"Polyclonal_95pct"	"chr19"	49616411	"-"	"chr19-49616411"
"Polyclonal_95pct"	"chr19"	49799216	"-"	"chr19-49799216"
"Polyclonal_95pct"	"chr19"	49872146	"-"	"chr19-49872146"
"Polyclonal_95pct"	"chr19"	49886018	"-"	"chr19-49886018"
"Polyclonal_95pct"	"chr19"	51075679	"-"	"chr19-51075679"
"Polyclonal_95pct"	"chr19"	51547964	"-"	"chr19-51547964"
"Polyclonal_95pct"	"chr19"	51622379	"-"	"chr19-51622379"
"Polyclonal_95pct"	"chr19"	53089023	"-"	"chr19-53089023"
"Polyclonal_95pct"	"chr19"	55241636	"-"	"chr19-55241636"
"Polyclonal_95pct"	"chr19"	55697111	"-"	"chr19-55697111"
"Polyclonal_95pct"	"chr19"	56006147	"-"	"chr19-56006147"
"Polyclonal_95pct"	"chr19"	56772229	"-"	"chr19-56772229"
"Polyclonal_95pct"	"chr19"	57296630	"-"	"chr19-57296630"
"Polyclonal_95pct"	"chr19"	58606859	"-"	"chr19-58606859"
"Polyclonal_95pct"	"chr20"	152604	"+"	"chr20+152604"
"Polyclonal_95pct"	"chr20"	2398742	"+"	"chr20+2398742"
"Polyclonal_95pct"	"chr20"	2943094	"+"	"chr20+2943094"
"Polyclonal_95pct"	"chr20"	3371931	"+"	"chr20+3371931"
"Polyclonal_95pct"	"chr20"	6294890	"+"	"chr20+6294890"
"Polyclonal_95pct"	"chr20"	7541893	"+"	"chr20+7541893"
"Polyclonal_95pct"	"chr20"	8097481	"+"	"chr20+8097481"
"Polyclonal_95pct"	"chr20"	8206801	"+"	"chr20+8206801"
"Polyclonal_95pct"	"chr20"	8971151	"+"	"chr20+8971151"
"Polyclonal_95pct"	"chr20"	9845516	"+"	"chr20+9845516"
"Polyclonal_95pct"	"chr20"	9985765	"+"	"chr20+9985765"
"Polyclonal_95pct"	"chr20"	10442377	"+"	"chr20+10442377"
"Polyclonal_95pct"	"chr20"	11445189	"+"	"chr20+11445189"
"Polyclonal_95pct"	"chr20"	21163073	"+"	"chr20+21163073"
"Polyclonal_95pct"	"chr20"	21773041	"+"	"chr20+21773041"
"Polyclonal_95pct"	"chr20"	22087775	"+"	"chr20+22087775"
"Polyclonal_95pct"	"chr20"	26144247	"+"	"chr20+26144247"
"Polyclonal_95pct"	"chr20"	30381217	"+"	"chr20+30381217"
"Polyclonal_95pct"	"chr20"	31456748	"+"	"chr20+31456748"
"Polyclonal_95pct"	"chr20"	33418129	"+"	"chr20+33418129"
"Polyclonal_95pct"	"chr20"	33616213	"+"	"chr20+33616213"
"Polyclonal_95pct"	"chr20"	33805206	"+"	"chr20+33805206"
"Polyclonal_95pct"	"chr20"	34430693	"+"	"chr20+34430693"
"Polyclonal_95pct"	"chr20"	35102869	"+"	"chr20+35102869"
"Polyclonal_95pct"	"chr20"	35630272	"+"	"chr20+35630272"
"Polyclonal_95pct"	"chr20"	35638241	"+"	"chr20+35638241"
"Polyclonal_95pct"	"chr20"	35845499	"+"	"chr20+35845499"
"Polyclonal_95pct"	"chr20"	37794837	"+"	"chr20+37794837"
"Polyclonal_95pct"	"chr20"	43426633	"+"	"chr20+43426633"
"Polyclonal_95pct"	"chr20"	43593494	"+"	"chr20+43593494"
"Polyclonal_95pct"	"chr20"	44673260	"+"	"chr20+44673260"
"Polyclonal_95pct"	"chr20"	45565540	"+"	"chr20+45565540"
"Polyclonal_95pct"	"chr20"	47316370	"+"	"chr20+47316370"
"Polyclonal_95pct"	"chr20"	49056387	"+"	"chr20+49056387"
"Polyclonal_95pct"	"chr20"	50513485	"+"	"chr20+50513485"
"Polyclonal_95pct"	"chr20"	52821963	"+"	"chr20+52821963"
"Polyclonal_95pct"	"chr20"	53587077	"+"	"chr20+53587077"
"Polyclonal_95pct"	"chr20"	54043059	"+"	"chr20+54043059"
"Polyclonal_95pct"	"chr20"	54760706	"+"	"chr20+54760706"
"Polyclonal_95pct"	"chr20"	57017672	"+"	"chr20+57017672"
"Polyclonal_95pct"	"chr20"	57919309	"+"	"chr20+57919309"
"Polyclonal_95pct"	"chr20"	58082613	"+"	"chr20+58082613"
"Polyclonal_95pct"	"chr20"	59080346	"+"	"chr20+59080346"
"Polyclonal_95pct"	"chr20"	60195332	"+"	"chr20+60195332"
"Polyclonal_95pct"	"chr20"	62195832	"+"	"chr20+62195832"
"Polyclonal_95pct"	"chr20"	62915719	"+"	"chr20+62915719"
"Polyclonal_95pct"	"chr20"	62915904	"+"	"chr20+62915904"
"Polyclonal_95pct"	"chr20"	63714091	"+"	"chr20+63714091"
"Polyclonal_95pct"	"chr20"	63716472	"+"	"chr20+63716472"
"Polyclonal_95pct"	"chr20"	63968638	"+"	"chr20+63968638"
"Polyclonal_95pct"	"chr20"	3178319	"-"	"chr20-3178319"
"Polyclonal_95pct"	"chr20"	3843683	"-"	"chr20-3843683"
"Polyclonal_95pct"	"chr20"	4096648	"-"	"chr20-4096648"
"Polyclonal_95pct"	"chr20"	6294356	"-"	"chr20-6294356"
"Polyclonal_95pct"	"chr20"	7895337	"-"	"chr20-7895337"
"Polyclonal_95pct"	"chr20"	8651392	"-"	"chr20-8651392"
"Polyclonal_95pct"	"chr20"	11760456	"-"	"chr20-11760456"
"Polyclonal_95pct"	"chr20"	13317192	"-"	"chr20-13317192"
"Polyclonal_95pct"	"chr20"	13558570	"-"	"chr20-13558570"
"Polyclonal_95pct"	"chr20"	14901452	"-"	"chr20-14901452"
"Polyclonal_95pct"	"chr20"	15074601	"-"	"chr20-15074601"
"Polyclonal_95pct"	"chr20"	16623334	"-"	"chr20-16623334"
"Polyclonal_95pct"	"chr20"	19797528	"-"	"chr20-19797528"
"Polyclonal_95pct"	"chr20"	21967925	"-"	"chr20-21967925"
"Polyclonal_95pct"	"chr20"	25419618	"-"	"chr20-25419618"
"Polyclonal_95pct"	"chr20"	29517972	"-"	"chr20-29517972"
"Polyclonal_95pct"	"chr20"	31617603	"-"	"chr20-31617603"
"Polyclonal_95pct"	"chr20"	34488362	"-"	"chr20-34488362"
"Polyclonal_95pct"	"chr20"	35082121	"-"	"chr20-35082121"
"Polyclonal_95pct"	"chr20"	36921729	"-"	"chr20-36921729"
"Polyclonal_95pct"	"chr20"	37037661	"-"	"chr20-37037661"
"Polyclonal_95pct"	"chr20"	40039009	"-"	"chr20-40039009"
"Polyclonal_95pct"	"chr20"	40455170	"-"	"chr20-40455170"
"Polyclonal_95pct"	"chr20"	41474945	"-"	"chr20-41474945"
"Polyclonal_95pct"	"chr20"	41522345	"-"	"chr20-41522345"
"Polyclonal_95pct"	"chr20"	43602935	"-"	"chr20-43602935"
"Polyclonal_95pct"	"chr20"	45300501	"-"	"chr20-45300501"
"Polyclonal_95pct"	"chr20"	45643092	"-"	"chr20-45643092"
"Polyclonal_95pct"	"chr20"	49265487	"-"	"chr20-49265487"
"Polyclonal_95pct"	"chr20"	49663534	"-"	"chr20-49663534"
"Polyclonal_95pct"	"chr20"	50741542	"-"	"chr20-50741542"
"Polyclonal_95pct"	"chr20"	52079429	"-"	"chr20-52079429"
"Polyclonal_95pct"	"chr20"	53607234	"-"	"chr20-53607234"
"Polyclonal_95pct"	"chr20"	53627036	"-"	"chr20-53627036"
"Polyclonal_95pct"	"chr20"	53975244	"-"	"chr20-53975244"
"Polyclonal_95pct"	"chr20"	55815293	"-"	"chr20-55815293"
"Polyclonal_95pct"	"chr20"	56340645	"-"	"chr20-56340645"
"Polyclonal_95pct"	"chr20"	58257682	"-"	"chr20-58257682"
"Polyclonal_95pct"	"chr20"	58903108	"-"	"chr20-58903108"
"Polyclonal_95pct"	"chr20"	59844658	"-"	"chr20-59844658"
"Polyclonal_95pct"	"chr20"	59869840	"-"	"chr20-59869840"
"Polyclonal_95pct"	"chr20"	59880596	"-"	"chr20-59880596"
"Polyclonal_95pct"	"chr20"	62033002	"-"	"chr20-62033002"
"Polyclonal_95pct"	"chr20"	62344229	"-"	"chr20-62344229"
"Polyclonal_95pct"	"chr20"	62897032	"-"	"chr20-62897032"
"Polyclonal_95pct"	"chr20"	63711598	"-"	"chr20-63711598"
"Polyclonal_95pct"	"chr20"	63930254	"-"	"chr20-63930254"
"Polyclonal_95pct"	"chr20"	64275997	"-"	"chr20-64275997"
"Polyclonal_95pct"	"chr21"	8762846	"+"	"chr21+8762846"
"Polyclonal_95pct"	"chr21"	14620056	"+"	"chr21+14620056"
"Polyclonal_95pct"	"chr21"	15311597	"+"	"chr21+15311597"
"Polyclonal_95pct"	"chr21"	16180805	"+"	"chr21+16180805"
"Polyclonal_95pct"	"chr21"	16541970	"+"	"chr21+16541970"
"Polyclonal_95pct"	"chr21"	17068883	"+"	"chr21+17068883"
"Polyclonal_95pct"	"chr21"	18356699	"+"	"chr21+18356699"
"Polyclonal_95pct"	"chr21"	18675807	"+"	"chr21+18675807"
"Polyclonal_95pct"	"chr21"	19723655	"+"	"chr21+19723655"
"Polyclonal_95pct"	"chr21"	19769126	"+"	"chr21+19769126"
"Polyclonal_95pct"	"chr21"	20161680	"+"	"chr21+20161680"
"Polyclonal_95pct"	"chr21"	20289152	"+"	"chr21+20289152"
"Polyclonal_95pct"	"chr21"	20652082	"+"	"chr21+20652082"
"Polyclonal_95pct"	"chr21"	20713181	"+"	"chr21+20713181"
"Polyclonal_95pct"	"chr21"	21145681	"+"	"chr21+21145681"
"Polyclonal_95pct"	"chr21"	21615745	"+"	"chr21+21615745"
"Polyclonal_95pct"	"chr21"	23031843	"+"	"chr21+23031843"
"Polyclonal_95pct"	"chr21"	23470092	"+"	"chr21+23470092"
"Polyclonal_95pct"	"chr21"	23494052	"+"	"chr21+23494052"
"Polyclonal_95pct"	"chr21"	23616097	"+"	"chr21+23616097"
"Polyclonal_95pct"	"chr21"	24404750	"+"	"chr21+24404750"
"Polyclonal_95pct"	"chr21"	24430777	"+"	"chr21+24430777"
"Polyclonal_95pct"	"chr21"	24878154	"+"	"chr21+24878154"
"Polyclonal_95pct"	"chr21"	25271862	"+"	"chr21+25271862"
"Polyclonal_95pct"	"chr21"	26141028	"+"	"chr21+26141028"
"Polyclonal_95pct"	"chr21"	28358735	"+"	"chr21+28358735"
"Polyclonal_95pct"	"chr21"	29437286	"+"	"chr21+29437286"
"Polyclonal_95pct"	"chr21"	30189156	"+"	"chr21+30189156"
"Polyclonal_95pct"	"chr21"	30661045	"+"	"chr21+30661045"
"Polyclonal_95pct"	"chr21"	30916525	"+"	"chr21+30916525"
"Polyclonal_95pct"	"chr21"	30966745	"+"	"chr21+30966745"
"Polyclonal_95pct"	"chr21"	32678375	"+"	"chr21+32678375"
"Polyclonal_95pct"	"chr21"	32684772	"+"	"chr21+32684772"
"Polyclonal_95pct"	"chr21"	35917181	"+"	"chr21+35917181"
"Polyclonal_95pct"	"chr21"	39205748	"+"	"chr21+39205748"
"Polyclonal_95pct"	"chr21"	39456556	"+"	"chr21+39456556"
"Polyclonal_95pct"	"chr21"	42505500	"+"	"chr21+42505500"
"Polyclonal_95pct"	"chr21"	43590664	"+"	"chr21+43590664"
"Polyclonal_95pct"	"chr21"	43594713	"+"	"chr21+43594713"
"Polyclonal_95pct"	"chr21"	43895030	"+"	"chr21+43895030"
"Polyclonal_95pct"	"chr21"	43916313	"+"	"chr21+43916313"
"Polyclonal_95pct"	"chr21"	44565508	"+"	"chr21+44565508"
"Polyclonal_95pct"	"chr21"	45092917	"+"	"chr21+45092917"
"Polyclonal_95pct"	"chr21"	45153076	"+"	"chr21+45153076"
"Polyclonal_95pct"	"chr21"	45184141	"+"	"chr21+45184141"
"Polyclonal_95pct"	"chr21"	45653340	"+"	"chr21+45653340"
"Polyclonal_95pct"	"chr21"	46262463	"+"	"chr21+46262463"
"Polyclonal_95pct"	"chr21"	46321159	"+"	"chr21+46321159"
"Polyclonal_95pct"	"chr21"	46477971	"+"	"chr21+46477971"
"Polyclonal_95pct"	"chr21"	46513614	"+"	"chr21+46513614"
"Polyclonal_95pct"	"chr21"	46523301	"+"	"chr21+46523301"
"Polyclonal_95pct"	"chr21"	46526367	"+"	"chr21+46526367"
"Polyclonal_95pct"	"chr21"	14572301	"-"	"chr21-14572301"
"Polyclonal_95pct"	"chr21"	15500402	"-"	"chr21-15500402"
"Polyclonal_95pct"	"chr21"	16119678	"-"	"chr21-16119678"
"Polyclonal_95pct"	"chr21"	16244138	"-"	"chr21-16244138"
"Polyclonal_95pct"	"chr21"	16517014	"-"	"chr21-16517014"
"Polyclonal_95pct"	"chr21"	16666363	"-"	"chr21-16666363"
"Polyclonal_95pct"	"chr21"	17495777	"-"	"chr21-17495777"
"Polyclonal_95pct"	"chr21"	17589474	"-"	"chr21-17589474"
"Polyclonal_95pct"	"chr21"	17789473	"-"	"chr21-17789473"
"Polyclonal_95pct"	"chr21"	17939373	"-"	"chr21-17939373"
"Polyclonal_95pct"	"chr21"	18165713	"-"	"chr21-18165713"
"Polyclonal_95pct"	"chr21"	18255189	"-"	"chr21-18255189"
"Polyclonal_95pct"	"chr21"	18265868	"-"	"chr21-18265868"
"Polyclonal_95pct"	"chr21"	18575660	"-"	"chr21-18575660"
"Polyclonal_95pct"	"chr21"	18731316	"-"	"chr21-18731316"
"Polyclonal_95pct"	"chr21"	18842634	"-"	"chr21-18842634"
"Polyclonal_95pct"	"chr21"	18954916	"-"	"chr21-18954916"
"Polyclonal_95pct"	"chr21"	19636744	"-"	"chr21-19636744"
"Polyclonal_95pct"	"chr21"	19695290	"-"	"chr21-19695290"
"Polyclonal_95pct"	"chr21"	20090776	"-"	"chr21-20090776"
"Polyclonal_95pct"	"chr21"	20131372	"-"	"chr21-20131372"
"Polyclonal_95pct"	"chr21"	20168657	"-"	"chr21-20168657"
"Polyclonal_95pct"	"chr21"	20652086	"-"	"chr21-20652086"
"Polyclonal_95pct"	"chr21"	21067399	"-"	"chr21-21067399"
"Polyclonal_95pct"	"chr21"	23455395	"-"	"chr21-23455395"
"Polyclonal_95pct"	"chr21"	23677554	"-"	"chr21-23677554"
"Polyclonal_95pct"	"chr21"	23695102	"-"	"chr21-23695102"
"Polyclonal_95pct"	"chr21"	24173231	"-"	"chr21-24173231"
"Polyclonal_95pct"	"chr21"	24257258	"-"	"chr21-24257258"
"Polyclonal_95pct"	"chr21"	24430781	"-"	"chr21-24430781"
"Polyclonal_95pct"	"chr21"	27072447	"-"	"chr21-27072447"
"Polyclonal_95pct"	"chr21"	27472384	"-"	"chr21-27472384"
"Polyclonal_95pct"	"chr21"	27550998	"-"	"chr21-27550998"
"Polyclonal_95pct"	"chr21"	27681493	"-"	"chr21-27681493"
"Polyclonal_95pct"	"chr21"	27775125	"-"	"chr21-27775125"
"Polyclonal_95pct"	"chr21"	28800856	"-"	"chr21-28800856"
"Polyclonal_95pct"	"chr21"	28890505	"-"	"chr21-28890505"
"Polyclonal_95pct"	"chr21"	31698600	"-"	"chr21-31698600"
"Polyclonal_95pct"	"chr21"	32636519	"-"	"chr21-32636519"
"Polyclonal_95pct"	"chr21"	33208601	"-"	"chr21-33208601"
"Polyclonal_95pct"	"chr21"	33217731	"-"	"chr21-33217731"
"Polyclonal_95pct"	"chr21"	33226372	"-"	"chr21-33226372"
"Polyclonal_95pct"	"chr21"	33244298	"-"	"chr21-33244298"
"Polyclonal_95pct"	"chr21"	33536271	"-"	"chr21-33536271"
"Polyclonal_95pct"	"chr21"	34818377	"-"	"chr21-34818377"
"Polyclonal_95pct"	"chr21"	35785479	"-"	"chr21-35785479"
"Polyclonal_95pct"	"chr21"	36040158	"-"	"chr21-36040158"
"Polyclonal_95pct"	"chr21"	37428453	"-"	"chr21-37428453"
"Polyclonal_95pct"	"chr21"	37498251	"-"	"chr21-37498251"
"Polyclonal_95pct"	"chr21"	43202923	"-"	"chr21-43202923"
"Polyclonal_95pct"	"chr21"	43592779	"-"	"chr21-43592779"
"Polyclonal_95pct"	"chr21"	43624415	"-"	"chr21-43624415"
"Polyclonal_95pct"	"chr21"	44040103	"-"	"chr21-44040103"
"Polyclonal_95pct"	"chr21"	44042547	"-"	"chr21-44042547"
"Polyclonal_95pct"	"chr21"	45184069	"-"	"chr21-45184069"
"Polyclonal_95pct"	"chr21"	46258312	"-"	"chr21-46258312"
"Polyclonal_95pct"	"chr21"	46331872	"-"	"chr21-46331872"
"Polyclonal_95pct"	"chr21"	46521224	"-"	"chr21-46521224"
"Polyclonal_95pct"	"chr22"	16786674	"+"	"chr22+16786674"
"Polyclonal_95pct"	"chr22"	21596161	"+"	"chr22+21596161"
"Polyclonal_95pct"	"chr22"	22106303	"+"	"chr22+22106303"
"Polyclonal_95pct"	"chr22"	24387980	"+"	"chr22+24387980"
"Polyclonal_95pct"	"chr22"	25932874	"+"	"chr22+25932874"
"Polyclonal_95pct"	"chr22"	30139865	"+"	"chr22+30139865"
"Polyclonal_95pct"	"chr22"	30140257	"+"	"chr22+30140257"
"Polyclonal_95pct"	"chr22"	35373120	"+"	"chr22+35373120"
"Polyclonal_95pct"	"chr22"	37439107	"+"	"chr22+37439107"
"Polyclonal_95pct"	"chr22"	37637429	"+"	"chr22+37637429"
"Polyclonal_95pct"	"chr22"	38212028	"+"	"chr22+38212028"
"Polyclonal_95pct"	"chr22"	38713185	"+"	"chr22+38713185"
"Polyclonal_95pct"	"chr22"	39130410	"+"	"chr22+39130410"
"Polyclonal_95pct"	"chr22"	39413150	"+"	"chr22+39413150"
"Polyclonal_95pct"	"chr22"	39453438	"+"	"chr22+39453438"
"Polyclonal_95pct"	"chr22"	39788963	"+"	"chr22+39788963"
"Polyclonal_95pct"	"chr22"	40084428	"+"	"chr22+40084428"
"Polyclonal_95pct"	"chr22"	40231647	"+"	"chr22+40231647"
"Polyclonal_95pct"	"chr22"	40548044	"+"	"chr22+40548044"
"Polyclonal_95pct"	"chr22"	40778073	"+"	"chr22+40778073"
"Polyclonal_95pct"	"chr22"	40814380	"+"	"chr22+40814380"
"Polyclonal_95pct"	"chr22"	41275553	"+"	"chr22+41275553"
"Polyclonal_95pct"	"chr22"	41473886	"+"	"chr22+41473886"
"Polyclonal_95pct"	"chr22"	42024642	"+"	"chr22+42024642"
"Polyclonal_95pct"	"chr22"	45211398	"+"	"chr22+45211398"
"Polyclonal_95pct"	"chr22"	46056766	"+"	"chr22+46056766"
"Polyclonal_95pct"	"chr22"	46711327	"+"	"chr22+46711327"
"Polyclonal_95pct"	"chr22"	47936955	"+"	"chr22+47936955"
"Polyclonal_95pct"	"chr22"	50311953	"+"	"chr22+50311953"
"Polyclonal_95pct"	"chr22"	50331857	"+"	"chr22+50331857"
"Polyclonal_95pct"	"chr22"	50372904	"+"	"chr22+50372904"
"Polyclonal_95pct"	"chr22"	50421554	"+"	"chr22+50421554"
"Polyclonal_95pct"	"chr22"	50648874	"+"	"chr22+50648874"
"Polyclonal_95pct"	"chr22"	11335470	"-"	"chr22-11335470"
"Polyclonal_95pct"	"chr22"	15534351	"-"	"chr22-15534351"
"Polyclonal_95pct"	"chr22"	20338151	"-"	"chr22-20338151"
"Polyclonal_95pct"	"chr22"	21002724	"-"	"chr22-21002724"
"Polyclonal_95pct"	"chr22"	21608688	"-"	"chr22-21608688"
"Polyclonal_95pct"	"chr22"	24300706	"-"	"chr22-24300706"
"Polyclonal_95pct"	"chr22"	26584473	"-"	"chr22-26584473"
"Polyclonal_95pct"	"chr22"	26595005	"-"	"chr22-26595005"
"Polyclonal_95pct"	"chr22"	26602955	"-"	"chr22-26602955"
"Polyclonal_95pct"	"chr22"	26602937	"-"	"chr22-26602937"
"Polyclonal_95pct"	"chr22"	32884017	"-"	"chr22-32884017"
"Polyclonal_95pct"	"chr22"	36171000	"-"	"chr22-36171000"
"Polyclonal_95pct"	"chr22"	36219414	"-"	"chr22-36219414"
"Polyclonal_95pct"	"chr22"	36247476	"-"	"chr22-36247476"
"Polyclonal_95pct"	"chr22"	37038199	"-"	"chr22-37038199"
"Polyclonal_95pct"	"chr22"	37147442	"-"	"chr22-37147442"
"Polyclonal_95pct"	"chr22"	37179456	"-"	"chr22-37179456"
"Polyclonal_95pct"	"chr22"	37635430	"-"	"chr22-37635430"
"Polyclonal_95pct"	"chr22"	37838002	"-"	"chr22-37838002"
"Polyclonal_95pct"	"chr22"	37874735	"-"	"chr22-37874735"
"Polyclonal_95pct"	"chr22"	38711138	"-"	"chr22-38711138"
"Polyclonal_95pct"	"chr22"	38809443	"-"	"chr22-38809443"
"Polyclonal_95pct"	"chr22"	38865635	"-"	"chr22-38865635"
"Polyclonal_95pct"	"chr22"	39072872	"-"	"chr22-39072872"
"Polyclonal_95pct"	"chr22"	40163178	"-"	"chr22-40163178"
"Polyclonal_95pct"	"chr22"	40852939	"-"	"chr22-40852939"
"Polyclonal_95pct"	"chr22"	40876001	"-"	"chr22-40876001"
"Polyclonal_95pct"	"chr22"	41636055	"-"	"chr22-41636055"
"Polyclonal_95pct"	"chr22"	43694480	"-"	"chr22-43694480"
"Polyclonal_95pct"	"chr22"	44787104	"-"	"chr22-44787104"
"Polyclonal_95pct"	"chr22"	45788145	"-"	"chr22-45788145"
"Polyclonal_95pct"	"chr22"	50357032	"-"	"chr22-50357032"
"Polyclonal_95pct"	"chr22"	50366043	"-"	"chr22-50366043"
"Polyclonal_95pct"	"chr22"	50386759	"-"	"chr22-50386759"
"Polyclonal_95pct"	"chr22"	50452075	"-"	"chr22-50452075"
"Polyclonal_95pct"	"chr22"	50645506	"-"	"chr22-50645506"
"Polyclonal_95pct"	"chrX"	2933221	"+"	"chrX+2933221"
"Polyclonal_95pct"	"chrX"	4419858	"+"	"chrX+4419858"
"Polyclonal_95pct"	"chrX"	6694234	"+"	"chrX+6694234"
"Polyclonal_95pct"	"chrX"	8255695	"+"	"chrX+8255695"
"Polyclonal_95pct"	"chrX"	8827039	"+"	"chrX+8827039"
"Polyclonal_95pct"	"chrX"	11181457	"+"	"chrX+11181457"
"Polyclonal_95pct"	"chrX"	12500479	"+"	"chrX+12500479"
"Polyclonal_95pct"	"chrX"	13207324	"+"	"chrX+13207324"
"Polyclonal_95pct"	"chrX"	17070908	"+"	"chrX+17070908"
"Polyclonal_95pct"	"chrX"	19929089	"+"	"chrX+19929089"
"Polyclonal_95pct"	"chrX"	21023213	"+"	"chrX+21023213"
"Polyclonal_95pct"	"chrX"	21469276	"+"	"chrX+21469276"
"Polyclonal_95pct"	"chrX"	22595882	"+"	"chrX+22595882"
"Polyclonal_95pct"	"chrX"	22749341	"+"	"chrX+22749341"
"Polyclonal_95pct"	"chrX"	22983139	"+"	"chrX+22983139"
"Polyclonal_95pct"	"chrX"	23486806	"+"	"chrX+23486806"
"Polyclonal_95pct"	"chrX"	27200307	"+"	"chrX+27200307"
"Polyclonal_95pct"	"chrX"	27260593	"+"	"chrX+27260593"
"Polyclonal_95pct"	"chrX"	28988346	"+"	"chrX+28988346"
"Polyclonal_95pct"	"chrX"	29085185	"+"	"chrX+29085185"
"Polyclonal_95pct"	"chrX"	30144836	"+"	"chrX+30144836"
"Polyclonal_95pct"	"chrX"	30506999	"+"	"chrX+30506999"
"Polyclonal_95pct"	"chrX"	32349149	"+"	"chrX+32349149"
"Polyclonal_95pct"	"chrX"	33623038	"+"	"chrX+33623038"
"Polyclonal_95pct"	"chrX"	33909796	"+"	"chrX+33909796"
"Polyclonal_95pct"	"chrX"	34141031	"+"	"chrX+34141031"
"Polyclonal_95pct"	"chrX"	34618061	"+"	"chrX+34618061"
"Polyclonal_95pct"	"chrX"	36035546	"+"	"chrX+36035546"
"Polyclonal_95pct"	"chrX"	36650959	"+"	"chrX+36650959"
"Polyclonal_95pct"	"chrX"	36713790	"+"	"chrX+36713790"
"Polyclonal_95pct"	"chrX"	36842940	"+"	"chrX+36842940"
"Polyclonal_95pct"	"chrX"	36924849	"+"	"chrX+36924849"
"Polyclonal_95pct"	"chrX"	41134253	"+"	"chrX+41134253"
"Polyclonal_95pct"	"chrX"	41419219	"+"	"chrX+41419219"
"Polyclonal_95pct"	"chrX"	42808954	"+"	"chrX+42808954"
"Polyclonal_95pct"	"chrX"	43225275	"+"	"chrX+43225275"
"Polyclonal_95pct"	"chrX"	45097985	"+"	"chrX+45097985"
"Polyclonal_95pct"	"chrX"	46937883	"+"	"chrX+46937883"
"Polyclonal_95pct"	"chrX"	49731492	"+"	"chrX+49731492"
"Polyclonal_95pct"	"chrX"	49831619	"+"	"chrX+49831619"
"Polyclonal_95pct"	"chrX"	50543201	"+"	"chrX+50543201"
"Polyclonal_95pct"	"chrX"	51250764	"+"	"chrX+51250764"
"Polyclonal_95pct"	"chrX"	53671649	"+"	"chrX+53671649"
"Polyclonal_95pct"	"chrX"	57789904	"+"	"chrX+57789904"
"Polyclonal_95pct"	"chrX"	57987748	"+"	"chrX+57987748"
"Polyclonal_95pct"	"chrX"	58033143	"+"	"chrX+58033143"
"Polyclonal_95pct"	"chrX"	58088357	"+"	"chrX+58088357"
"Polyclonal_95pct"	"chrX"	64763742	"+"	"chrX+64763742"
"Polyclonal_95pct"	"chrX"	65680284	"+"	"chrX+65680284"
"Polyclonal_95pct"	"chrX"	66697136	"+"	"chrX+66697136"
"Polyclonal_95pct"	"chrX"	68516333	"+"	"chrX+68516333"
"Polyclonal_95pct"	"chrX"	71288287	"+"	"chrX+71288287"
"Polyclonal_95pct"	"chrX"	71446482	"+"	"chrX+71446482"
"Polyclonal_95pct"	"chrX"	71525482	"+"	"chrX+71525482"
"Polyclonal_95pct"	"chrX"	77571835	"+"	"chrX+77571835"
"Polyclonal_95pct"	"chrX"	78709499	"+"	"chrX+78709499"
"Polyclonal_95pct"	"chrX"	80288557	"+"	"chrX+80288557"
"Polyclonal_95pct"	"chrX"	80469196	"+"	"chrX+80469196"
"Polyclonal_95pct"	"chrX"	81342043	"+"	"chrX+81342043"
"Polyclonal_95pct"	"chrX"	81432602	"+"	"chrX+81432602"
"Polyclonal_95pct"	"chrX"	82225975	"+"	"chrX+82225975"
"Polyclonal_95pct"	"chrX"	82858324	"+"	"chrX+82858324"
"Polyclonal_95pct"	"chrX"	83804438	"+"	"chrX+83804438"
"Polyclonal_95pct"	"chrX"	83860919	"+"	"chrX+83860919"
"Polyclonal_95pct"	"chrX"	84077889	"+"	"chrX+84077889"
"Polyclonal_95pct"	"chrX"	84136600	"+"	"chrX+84136600"
"Polyclonal_95pct"	"chrX"	84165375	"+"	"chrX+84165375"
"Polyclonal_95pct"	"chrX"	86266490	"+"	"chrX+86266490"
"Polyclonal_95pct"	"chrX"	86372458	"+"	"chrX+86372458"
"Polyclonal_95pct"	"chrX"	86750008	"+"	"chrX+86750008"
"Polyclonal_95pct"	"chrX"	86886920	"+"	"chrX+86886920"
"Polyclonal_95pct"	"chrX"	87865608	"+"	"chrX+87865608"
"Polyclonal_95pct"	"chrX"	88106185	"+"	"chrX+88106185"
"Polyclonal_95pct"	"chrX"	88255058	"+"	"chrX+88255058"
"Polyclonal_95pct"	"chrX"	88526390	"+"	"chrX+88526390"
"Polyclonal_95pct"	"chrX"	89544305	"+"	"chrX+89544305"
"Polyclonal_95pct"	"chrX"	90947158	"+"	"chrX+90947158"
"Polyclonal_95pct"	"chrX"	91389502	"+"	"chrX+91389502"
"Polyclonal_95pct"	"chrX"	91465620	"+"	"chrX+91465620"
"Polyclonal_95pct"	"chrX"	92041780	"+"	"chrX+92041780"
"Polyclonal_95pct"	"chrX"	92849503	"+"	"chrX+92849503"
"Polyclonal_95pct"	"chrX"	94675324	"+"	"chrX+94675324"
"Polyclonal_95pct"	"chrX"	95576198	"+"	"chrX+95576198"
"Polyclonal_95pct"	"chrX"	95614671	"+"	"chrX+95614671"
"Polyclonal_95pct"	"chrX"	95955985	"+"	"chrX+95955985"
"Polyclonal_95pct"	"chrX"	97191634	"+"	"chrX+97191634"
"Polyclonal_95pct"	"chrX"	97996072	"+"	"chrX+97996072"
"Polyclonal_95pct"	"chrX"	98948075	"+"	"chrX+98948075"
"Polyclonal_95pct"	"chrX"	99125018	"+"	"chrX+99125018"
"Polyclonal_95pct"	"chrX"	101474308	"+"	"chrX+101474308"
"Polyclonal_95pct"	"chrX"	105564058	"+"	"chrX+105564058"
"Polyclonal_95pct"	"chrX"	106544831	"+"	"chrX+106544831"
"Polyclonal_95pct"	"chrX"	106633387	"+"	"chrX+106633387"
"Polyclonal_95pct"	"chrX"	107246246	"+"	"chrX+107246246"
"Polyclonal_95pct"	"chrX"	113542592	"+"	"chrX+113542592"
"Polyclonal_95pct"	"chrX"	116304888	"+"	"chrX+116304888"
"Polyclonal_95pct"	"chrX"	117050110	"+"	"chrX+117050110"
"Polyclonal_95pct"	"chrX"	123652188	"+"	"chrX+123652188"
"Polyclonal_95pct"	"chrX"	123991022	"+"	"chrX+123991022"
"Polyclonal_95pct"	"chrX"	124069807	"+"	"chrX+124069807"
"Polyclonal_95pct"	"chrX"	125971704	"+"	"chrX+125971704"
"Polyclonal_95pct"	"chrX"	126712971	"+"	"chrX+126712971"
"Polyclonal_95pct"	"chrX"	127441865	"+"	"chrX+127441865"
"Polyclonal_95pct"	"chrX"	127914166	"+"	"chrX+127914166"
"Polyclonal_95pct"	"chrX"	130839818	"+"	"chrX+130839818"
"Polyclonal_95pct"	"chrX"	131867463	"+"	"chrX+131867463"
"Polyclonal_95pct"	"chrX"	132465878	"+"	"chrX+132465878"
"Polyclonal_95pct"	"chrX"	134559080	"+"	"chrX+134559080"
"Polyclonal_95pct"	"chrX"	138622852	"+"	"chrX+138622852"
"Polyclonal_95pct"	"chrX"	139163002	"+"	"chrX+139163002"
"Polyclonal_95pct"	"chrX"	142120569	"+"	"chrX+142120569"
"Polyclonal_95pct"	"chrX"	143487903	"+"	"chrX+143487903"
"Polyclonal_95pct"	"chrX"	146285003	"+"	"chrX+146285003"
"Polyclonal_95pct"	"chrX"	146799916	"+"	"chrX+146799916"
"Polyclonal_95pct"	"chrX"	147044415	"+"	"chrX+147044415"
"Polyclonal_95pct"	"chrX"	147195757	"+"	"chrX+147195757"
"Polyclonal_95pct"	"chrX"	150069364	"+"	"chrX+150069364"
"Polyclonal_95pct"	"chrX"	150786823	"+"	"chrX+150786823"
"Polyclonal_95pct"	"chrX"	151219522	"+"	"chrX+151219522"
"Polyclonal_95pct"	"chrX"	153922669	"+"	"chrX+153922669"
"Polyclonal_95pct"	"chrX"	153997289	"+"	"chrX+153997289"
"Polyclonal_95pct"	"chrX"	154381465	"+"	"chrX+154381465"
"Polyclonal_95pct"	"chrX"	154404491	"+"	"chrX+154404491"
"Polyclonal_95pct"	"chrX"	154413560	"+"	"chrX+154413560"
"Polyclonal_95pct"	"chrX"	154474713	"+"	"chrX+154474713"
"Polyclonal_95pct"	"chrX"	154475337	"+"	"chrX+154475337"
"Polyclonal_95pct"	"chrX"	154693614	"+"	"chrX+154693614"
"Polyclonal_95pct"	"chrX"	154703690	"+"	"chrX+154703690"
"Polyclonal_95pct"	"chrX"	154740392	"+"	"chrX+154740392"
"Polyclonal_95pct"	"chrX"	154797432	"+"	"chrX+154797432"
"Polyclonal_95pct"	"chrX"	154810087	"+"	"chrX+154810087"
"Polyclonal_95pct"	"chrX"	154935334	"+"	"chrX+154935334"
"Polyclonal_95pct"	"chrX"	154957325	"+"	"chrX+154957325"
"Polyclonal_95pct"	"chrX"	155013474	"+"	"chrX+155013474"
"Polyclonal_95pct"	"chrX"	155080891	"+"	"chrX+155080891"
"Polyclonal_95pct"	"chrX"	155106476	"+"	"chrX+155106476"
"Polyclonal_95pct"	"chrX"	155330292	"+"	"chrX+155330292"
"Polyclonal_95pct"	"chrX"	3097768	"-"	"chrX-3097768"
"Polyclonal_95pct"	"chrX"	3767113	"-"	"chrX-3767113"
"Polyclonal_95pct"	"chrX"	4536215	"-"	"chrX-4536215"
"Polyclonal_95pct"	"chrX"	8661566	"-"	"chrX-8661566"
"Polyclonal_95pct"	"chrX"	10460968	"-"	"chrX-10460968"
"Polyclonal_95pct"	"chrX"	11786333	"-"	"chrX-11786333"
"Polyclonal_95pct"	"chrX"	11969825	"-"	"chrX-11969825"
"Polyclonal_95pct"	"chrX"	11978703	"-"	"chrX-11978703"
"Polyclonal_95pct"	"chrX"	14865946	"-"	"chrX-14865946"
"Polyclonal_95pct"	"chrX"	16855745	"-"	"chrX-16855745"
"Polyclonal_95pct"	"chrX"	18569870	"-"	"chrX-18569870"
"Polyclonal_95pct"	"chrX"	20658139	"-"	"chrX-20658139"
"Polyclonal_95pct"	"chrX"	21018092	"-"	"chrX-21018092"
"Polyclonal_95pct"	"chrX"	21371688	"-"	"chrX-21371688"
"Polyclonal_95pct"	"chrX"	21446501	"-"	"chrX-21446501"
"Polyclonal_95pct"	"chrX"	23207837	"-"	"chrX-23207837"
"Polyclonal_95pct"	"chrX"	23224547	"-"	"chrX-23224547"
"Polyclonal_95pct"	"chrX"	24059819	"-"	"chrX-24059819"
"Polyclonal_95pct"	"chrX"	25133949	"-"	"chrX-25133949"
"Polyclonal_95pct"	"chrX"	25446148	"-"	"chrX-25446148"
"Polyclonal_95pct"	"chrX"	25877703	"-"	"chrX-25877703"
"Polyclonal_95pct"	"chrX"	26913633	"-"	"chrX-26913633"
"Polyclonal_95pct"	"chrX"	27120505	"-"	"chrX-27120505"
"Polyclonal_95pct"	"chrX"	27435164	"-"	"chrX-27435164"
"Polyclonal_95pct"	"chrX"	27635566	"-"	"chrX-27635566"
"Polyclonal_95pct"	"chrX"	28350363	"-"	"chrX-28350363"
"Polyclonal_95pct"	"chrX"	28961281	"-"	"chrX-28961281"
"Polyclonal_95pct"	"chrX"	29292222	"-"	"chrX-29292222"
"Polyclonal_95pct"	"chrX"	30330958	"-"	"chrX-30330958"
"Polyclonal_95pct"	"chrX"	31593143	"-"	"chrX-31593143"
"Polyclonal_95pct"	"chrX"	32439101	"-"	"chrX-32439101"
"Polyclonal_95pct"	"chrX"	33087641	"-"	"chrX-33087641"
"Polyclonal_95pct"	"chrX"	33877570	"-"	"chrX-33877570"
"Polyclonal_95pct"	"chrX"	34702086	"-"	"chrX-34702086"
"Polyclonal_95pct"	"chrX"	37387293	"-"	"chrX-37387293"
"Polyclonal_95pct"	"chrX"	38571217	"-"	"chrX-38571217"
"Polyclonal_95pct"	"chrX"	40330938	"-"	"chrX-40330938"
"Polyclonal_95pct"	"chrX"	40589584	"-"	"chrX-40589584"
"Polyclonal_95pct"	"chrX"	44884840	"-"	"chrX-44884840"
"Polyclonal_95pct"	"chrX"	46944224	"-"	"chrX-46944224"
"Polyclonal_95pct"	"chrX"	51069392	"-"	"chrX-51069392"
"Polyclonal_95pct"	"chrX"	51888780	"-"	"chrX-51888780"
"Polyclonal_95pct"	"chrX"	53698657	"-"	"chrX-53698657"
"Polyclonal_95pct"	"chrX"	54767689	"-"	"chrX-54767689"
"Polyclonal_95pct"	"chrX"	58069688	"-"	"chrX-58069688"
"Polyclonal_95pct"	"chrX"	58175809	"-"	"chrX-58175809"
"Polyclonal_95pct"	"chrX"	65505850	"-"	"chrX-65505850"
"Polyclonal_95pct"	"chrX"	66323119	"-"	"chrX-66323119"
"Polyclonal_95pct"	"chrX"	66332137	"-"	"chrX-66332137"
"Polyclonal_95pct"	"chrX"	66546030	"-"	"chrX-66546030"
"Polyclonal_95pct"	"chrX"	70875456	"-"	"chrX-70875456"
"Polyclonal_95pct"	"chrX"	71046982	"-"	"chrX-71046982"
"Polyclonal_95pct"	"chrX"	71052121	"-"	"chrX-71052121"
"Polyclonal_95pct"	"chrX"	72291242	"-"	"chrX-72291242"
"Polyclonal_95pct"	"chrX"	73585219	"-"	"chrX-73585219"
"Polyclonal_95pct"	"chrX"	73760098	"-"	"chrX-73760098"
"Polyclonal_95pct"	"chrX"	77563545	"-"	"chrX-77563545"
"Polyclonal_95pct"	"chrX"	77672665	"-"	"chrX-77672665"
"Polyclonal_95pct"	"chrX"	78326335	"-"	"chrX-78326335"
"Polyclonal_95pct"	"chrX"	78923382	"-"	"chrX-78923382"
"Polyclonal_95pct"	"chrX"	82464378	"-"	"chrX-82464378"
"Polyclonal_95pct"	"chrX"	83971837	"-"	"chrX-83971837"
"Polyclonal_95pct"	"chrX"	84390631	"-"	"chrX-84390631"
"Polyclonal_95pct"	"chrX"	87220516	"-"	"chrX-87220516"
"Polyclonal_95pct"	"chrX"	87899836	"-"	"chrX-87899836"
"Polyclonal_95pct"	"chrX"	88620517	"-"	"chrX-88620517"
"Polyclonal_95pct"	"chrX"	88901732	"-"	"chrX-88901732"
"Polyclonal_95pct"	"chrX"	90449516	"-"	"chrX-90449516"
"Polyclonal_95pct"	"chrX"	90728475	"-"	"chrX-90728475"
"Polyclonal_95pct"	"chrX"	91592895	"-"	"chrX-91592895"
"Polyclonal_95pct"	"chrX"	91760787	"-"	"chrX-91760787"
"Polyclonal_95pct"	"chrX"	93129489	"-"	"chrX-93129489"
"Polyclonal_95pct"	"chrX"	93754587	"-"	"chrX-93754587"
"Polyclonal_95pct"	"chrX"	95024536	"-"	"chrX-95024536"
"Polyclonal_95pct"	"chrX"	95281129	"-"	"chrX-95281129"
"Polyclonal_95pct"	"chrX"	96880915	"-"	"chrX-96880915"
"Polyclonal_95pct"	"chrX"	98142542	"-"	"chrX-98142542"
"Polyclonal_95pct"	"chrX"	103572702	"-"	"chrX-103572702"
"Polyclonal_95pct"	"chrX"	104180607	"-"	"chrX-104180607"
"Polyclonal_95pct"	"chrX"	104791058	"-"	"chrX-104791058"
"Polyclonal_95pct"	"chrX"	105026221	"-"	"chrX-105026221"
"Polyclonal_95pct"	"chrX"	105055331	"-"	"chrX-105055331"
"Polyclonal_95pct"	"chrX"	105891927	"-"	"chrX-105891927"
"Polyclonal_95pct"	"chrX"	107570011	"-"	"chrX-107570011"
"Polyclonal_95pct"	"chrX"	108771022	"-"	"chrX-108771022"
"Polyclonal_95pct"	"chrX"	108886030	"-"	"chrX-108886030"
"Polyclonal_95pct"	"chrX"	109599929	"-"	"chrX-109599929"
"Polyclonal_95pct"	"chrX"	109697721	"-"	"chrX-109697721"
"Polyclonal_95pct"	"chrX"	110337434	"-"	"chrX-110337434"
"Polyclonal_95pct"	"chrX"	116622531	"-"	"chrX-116622531"
"Polyclonal_95pct"	"chrX"	118995712	"-"	"chrX-118995712"
"Polyclonal_95pct"	"chrX"	119929758	"-"	"chrX-119929758"
"Polyclonal_95pct"	"chrX"	119953752	"-"	"chrX-119953752"
"Polyclonal_95pct"	"chrX"	120437809	"-"	"chrX-120437809"
"Polyclonal_95pct"	"chrX"	121273833	"-"	"chrX-121273833"
"Polyclonal_95pct"	"chrX"	121299421	"-"	"chrX-121299421"
"Polyclonal_95pct"	"chrX"	121768893	"-"	"chrX-121768893"
"Polyclonal_95pct"	"chrX"	122208035	"-"	"chrX-122208035"
"Polyclonal_95pct"	"chrX"	122425211	"-"	"chrX-122425211"
"Polyclonal_95pct"	"chrX"	123984301	"-"	"chrX-123984301"
"Polyclonal_95pct"	"chrX"	123992405	"-"	"chrX-123992405"
"Polyclonal_95pct"	"chrX"	124352795	"-"	"chrX-124352795"
"Polyclonal_95pct"	"chrX"	124642189	"-"	"chrX-124642189"
"Polyclonal_95pct"	"chrX"	124811384	"-"	"chrX-124811384"
"Polyclonal_95pct"	"chrX"	126133640	"-"	"chrX-126133640"
"Polyclonal_95pct"	"chrX"	126247089	"-"	"chrX-126247089"
"Polyclonal_95pct"	"chrX"	126502467	"-"	"chrX-126502467"
"Polyclonal_95pct"	"chrX"	126712975	"-"	"chrX-126712975"
"Polyclonal_95pct"	"chrX"	127807138	"-"	"chrX-127807138"
"Polyclonal_95pct"	"chrX"	128087645	"-"	"chrX-128087645"
"Polyclonal_95pct"	"chrX"	130237357	"-"	"chrX-130237357"
"Polyclonal_95pct"	"chrX"	130885172	"-"	"chrX-130885172"
"Polyclonal_95pct"	"chrX"	131532012	"-"	"chrX-131532012"
"Polyclonal_95pct"	"chrX"	134896460	"-"	"chrX-134896460"
"Polyclonal_95pct"	"chrX"	137260441	"-"	"chrX-137260441"
"Polyclonal_95pct"	"chrX"	139502840	"-"	"chrX-139502840"
"Polyclonal_95pct"	"chrX"	141857448	"-"	"chrX-141857448"
"Polyclonal_95pct"	"chrX"	148716381	"-"	"chrX-148716381"
"Polyclonal_95pct"	"chrX"	149446045	"-"	"chrX-149446045"
"Polyclonal_95pct"	"chrX"	151448510	"-"	"chrX-151448510"
"Polyclonal_95pct"	"chrX"	152077241	"-"	"chrX-152077241"
"Polyclonal_95pct"	"chrX"	153194724	"-"	"chrX-153194724"
"Polyclonal_95pct"	"chrX"	153235015	"-"	"chrX-153235015"
"Polyclonal_95pct"	"chrX"	153897659	"-"	"chrX-153897659"
"Polyclonal_95pct"	"chrX"	154092434	"-"	"chrX-154092434"
"Polyclonal_95pct"	"chrX"	154424081	"-"	"chrX-154424081"
"Polyclonal_95pct"	"chrX"	154513498	"-"	"chrX-154513498"
"Polyclonal_95pct"	"chrX"	154794926	"-"	"chrX-154794926"
"Polyclonal_95pct"	"chrX"	155330296	"-"	"chrX-155330296"
"Polyclonal_95pct"	"chrY"	25379490	"+"	"chrY+25379490"
"Polyclonal_95pct"	"chrY"	4026449	"-"	"chrY-4026449"
"Polyclonal_95pct"	"chr5_GL383532v1_alt"	70692	"+"	"chr5_GL383532v1_alt+70692"
"Polyclonal_95pct"	"chr6_GL000251v2_alt"	3916768	"-"	"chr6_GL000251v2_alt-3916768"
"Polyclonal_95pct"	"chr6_GL000254v2_alt"	1385597	"-"	"chr6_GL000254v2_alt-1385597"
"Polyclonal_95pct"	"chr6_GL000254v2_alt"	3041388	"-"	"chr6_GL000254v2_alt-3041388"
"Polyclonal_95pct"	"chr6_GL000255v2_alt"	1296662	"-"	"chr6_GL000255v2_alt-1296662"
"Polyclonal_95pct"	"chr6_GL000255v2_alt"	2955350	"-"	"chr6_GL000255v2_alt-2955350"
"Polyclonal_95pct"	"chr6_GL000256v2_alt"	2998815	"-"	"chr6_GL000256v2_alt-2998815"
"Polyclonal_95pct"	"chr6_GL000256v2_alt"	3617092	"-"	"chr6_GL000256v2_alt-3617092"
"Polyclonal_95pct"	"chr6_GL383533v1_alt"	105671	"+"	"chr6_GL383533v1_alt+105671"
"Polyclonal_95pct"	"chr7_KI270803v1_alt"	244455	"+"	"chr7_KI270803v1_alt+244455"
"Polyclonal_95pct"	"chr16_KI270853v1_alt"	849895	"+"	"chr16_KI270853v1_alt+849895"
"Polyclonal_95pct"	"chr16_KI270854v1_alt"	32101	"+"	"chr16_KI270854v1_alt+32101"
"Polyclonal_95pct"	"chr17_GL000258v2_alt"	293457	"-"	"chr17_GL000258v2_alt-293457"
"Polyclonal_95pct"	"chr17_KI270857v1_alt"	785651	"-"	"chr17_KI270857v1_alt-785651"
"Polyclonal_95pct"	"chr17_KI270908v1_alt"	1195031	"+"	"chr17_KI270908v1_alt+1195031"
"Polyclonal_95pct"	"chr17_KI270909v1_alt"	268971	"-"	"chr17_KI270909v1_alt-268971"
"Polyclonal_95pct"	"chr19_GL949748v2_alt"	1011452	"-"	"chr19_GL949748v2_alt-1011452"
"Polyclonal_95pct"	"chr14_GL000225v1_random"	98799	"+"	"chr14_GL000225v1_random+98799"
"Polyclonal_95pct"	"chr16_KI270728v1_random"	903899	"+"	"chr16_KI270728v1_random+903899"
"Polyclonal_95pct"	"chr16_KI270728v1_random"	1719770	"+"	"chr16_KI270728v1_random+1719770"
"Polyclonal_95pct"	"chr16_KI270728v1_random"	1436334	"-"	"chr16_KI270728v1_random-1436334"
"Polyclonal_95pct"	"chrUn_KI270337v1"	754	"+"	"chrUn_KI270337v1+754"
"Polyclonal_95pct"	"chrUn_KI270519v1"	29477	"-"	"chrUn_KI270519v1-29477"
"Polyclonal_95pct"	"chr3_KZ559104v1_fix"	36464	"-"	"chr3_KZ559104v1_fix-36464"
"Polyclonal_95pct"	"chr7_KV880765v1_fix"	322684	"-"	"chr7_KV880765v1_fix-322684"
"Polyclonal_95pct"	"chr12_KQ759760v1_fix"	120077	"+"	"chr12_KQ759760v1_fix+120077"
"Polyclonal_95pct"	"chr12_ML143361v1_fix"	14244	"+"	"chr12_ML143361v1_fix+14244"
"Polyclonal_95pct"	"chr15_ML143371v1_fix"	489156	"+"	"chr15_ML143371v1_fix+489156"
"Polyclonal_95pct"	"chr15_ML143371v1_fix"	2621553	"+"	"chr15_ML143371v1_fix+2621553"
"Polyclonal_95pct"	"chr15_ML143371v1_fix"	4526142	"+"	"chr15_ML143371v1_fix+4526142"
"Polyclonal_95pct"	"chr15_ML143371v1_fix"	1703707	"-"	"chr15_ML143371v1_fix-1703707"
"Polyclonal_95pct"	"chr15_ML143371v1_fix"	2622207	"-"	"chr15_ML143371v1_fix-2622207"
"Polyclonal_95pct"	"chr16_KV880768v1_fix"	297725	"+"	"chr16_KV880768v1_fix+297725"
"Polyclonal_95pct"	"chr16_KV880768v1_fix"	247507	"-"	"chr16_KV880768v1_fix-247507"
"Polyclonal_95pct"	"chr16_KV880768v1_fix"	642189	"-"	"chr16_KV880768v1_fix-642189"
"Polyclonal_95pct"	"chr16_MU273376v1_fix"	61950	"+"	"chr16_MU273376v1_fix+61950"
"Polyclonal_95pct"	"chr17_MU273379v1_fix"	183032	"-"	"chr17_MU273379v1_fix-183032"
"Polyclonal_95pct"	"chr17_MU273380v1_fix"	74839	"+"	"chr17_MU273380v1_fix+74839"
"Polyclonal_95pct"	"chr17_MU273380v1_fix"	313881	"-"	"chr17_MU273380v1_fix-313881"
"Polyclonal_95pct"	"chr19_KN196484v1_fix"	113665	"-"	"chr19_KN196484v1_fix-113665"
"Polyclonal_95pct"	"chr19_ML143376v1_fix"	252468	"+"	"chr19_ML143376v1_fix+252468"
"Polyclonal_95pct"	"chr22_ML143380v1_fix"	79059	"+"	"chr22_ML143380v1_fix+79059"
"Polyclonal_95pct"	"chr22_ML143380v1_fix"	79099	"+"	"chr22_ML143380v1_fix+79099"
"Polyclonal_95pct"	"chr22_ML143380v1_fix"	79269	"+"	"chr22_ML143380v1_fix+79269"
"Polyclonal_95pct"	"chr22_ML143380v1_fix"	79288	"+"	"chr22_ML143380v1_fix+79288"
"Polyclonal_95pct"	"chr22_ML143380v1_fix"	79311	"+"	"chr22_ML143380v1_fix+79311"
"Polyclonal_95pct"	"chr22_ML143380v1_fix"	79642	"+"	"chr22_ML143380v1_fix+79642"
"Polyclonal_95pct"	"chr22_ML143380v1_fix"	79684	"+"	"chr22_ML143380v1_fix+79684"
"Polyclonal_95pct"	"chr22_ML143380v1_fix"	80062	"+"	"chr22_ML143380v1_fix+80062"
"Polyclonal_95pct"	"chr22_ML143380v1_fix"	79208	"-"	"chr22_ML143380v1_fix-79208"
"Polyclonal_95pct"	"chr22_ML143380v1_fix"	79166	"-"	"chr22_ML143380v1_fix-79166"
"Polyclonal_95pct"	"chr22_ML143380v1_fix"	79539	"-"	"chr22_ML143380v1_fix-79539"
"Polyclonal_95pct"	"chr22_ML143380v1_fix"	80192	"-"	"chr22_ML143380v1_fix-80192"
"Polyclonal_95pct"	"chr22_ML143380v1_fix"	79814	"-"	"chr22_ML143380v1_fix-79814"
"Polyclonal_95pct"	"chr1_MU273332v1_alt"	297094	"-"	"chr1_MU273332v1_alt-297094"
"Polyclonal_95pct"	"chr2_KQ983256v1_alt"	172743	"-"	"chr2_KQ983256v1_alt-172743"
"Polyclonal_95pct"	"chr3_KZ559103v1_alt"	120197	"-"	"chr3_KZ559103v1_alt-120197"
"Polyclonal_95pct"	"chr4_KQ090013v1_alt"	31135	"-"	"chr4_KQ090013v1_alt-31135"
"Polyclonal_95pct"	"chr15_KQ031389v1_alt"	2153837	"-"	"chr15_KQ031389v1_alt-2153837"
"Polyclonal_95pct"	"chrX_MU273395v1_alt"	187298	"+"	"chrX_MU273395v1_alt+187298"
