seqnames	start	end	width	strand	posid	estAbund	estAbundProp	estAbundRank	GTSP	abundance_method	nearest_refSeq_geneDist	nearest_refSeq_gene	nearest_refSeq_geneOrt	X5pnearest_refSeq_geneDist	X5pnearest_refSeq_gene	X5pnearest_refSeq_geneOrt	inGene	inGeneOrt	X5pNrstOncoDist	X5pNrstOnco	X5pNrstOncoOrt	geneMark	nearest_refSeq_geneUnmarked
"chr6"	36169344	36169344	1	"-"	"chr6-36169344"	17998	0.202538767977313	1	"Polyclonal_50pct"	"sonic"	24823	"MAPK13~"	"+"	-27399	"BRPF3"	"+"	"FALSE"	""	38832	"MAPK13"	"+"	"~"	"MAPK13"
"chr13"	114297448	114297448	1	"+"	"chr13+114297448"	2592	0.0291688235691297	2	"Polyclonal_50pct"	"sonic"	-8368	"UPF3A*"	"+"	15054	"UPF3A"	"+"	"UPF3A"	"+"	-164825	"RASA3"	"-"	"*"	"UPF3A"
"chr14"	45565045	45565045	1	"+"	"chr14+45565045"	2256	0.0253876797731314	3	"Polyclonal_50pct"	"sonic"	141212	"LINC02303"	"-"	150557	"LINC02303"	"-"	"FALSE"	""	-1057762	"FSCB"	"-"	""	"LINC02303"
"chr3"	1543978	1543978	1	"-"	"chr3-1543978"	2193	0.0246787153113817	4	"Polyclonal_50pct"	"sonic"	139761	"CNTN6"	"+"	450955	"CNTN6"	"+"	"FALSE"	""	450955	"CNTN6"	"+"	""	"CNTN6"
"chr10"	106467683	106467683	1	"-"	"chr10-106467683"	2173	0.0244536472282866	5	"Polyclonal_50pct"	"sonic"	105979	"SORCS1"	"-"	327519	"LINC02624"	"+"	"FALSE"	""	-3528689	"ADD3"	"+"	""	"SORCS1"
"chr6"	98227875	98227875	1	"-"	"chr6-98227875"	2166	0.0243748733992033	6	"Polyclonal_50pct"	"sonic"	203256	"MIR2113"	"+"	203345	"MIR2113"	"+"	"FALSE"	""	1340785	"CCNC"	"-"	""	"MIR2113"
"chr11"	46755301	46755301	1	"+"	"chr11+46755301"	2161	0.0243186063784295	7	"Polyclonal_50pct"	"sonic"	-11768	"CKAP5*"	"-"	-2109	"MIR5582"	"-"	"CKAP5"	"-"	373591	"MDK"	"+"	"*"	"CKAP5"
"chr1"	240908763	240908763	1	"-"	"chr1-240908763"	1934	0.0217640836352997	8	"Polyclonal_50pct"	"sonic"	-133250	"RGS7*"	"-"	-223508	"MIR3123"	"+"	"RGS7"	"-"	610992	"FH"	"-"	"*"	"RGS7"
"chr11"	66779990	66779990	1	"-"	"chr11-66779990"	1850	0.0208187976863001	9	"Polyclonal_50pct"	"sonic"	35222	"C11orf80*"	"+"	35222	"C11orf80"	"+"	"C11orf80"	"+"	-434886	"BRMS1"	"-"	"*"	"C11orf80"
"chr13"	70473318	70473318	1	"-"	"chr13-70473318"	1388	0.0156197249668025	10	"Polyclonal_50pct"	"sonic"	333565	"ATXN8OS"	"+"	-364825	"KLHL1"	"-"	"FALSE"	""	-2581657	"KLF5"	"+"	""	"ATXN8OS"
"chr19"	49293321	49293321	1	"-"	"chr19-49293321"	1362	0.0153271364587788	11	"Polyclonal_50pct"	"sonic"	-3684	"SLC6A16*"	"-"	15547	"MIR4324"	"-"	"SLC6A16"	"-"	299435	"RUVBL2"	"+"	"*"	"SLC6A16"
"chr6"	28432898	28432898	1	"+"	"chr6+28432898"	1361	0.015315883054624	12	"Polyclonal_50pct"	"sonic"	-244	"ZSCAN23*"	"-"	10593	"ZSCAN23"	"-"	"ZSCAN23"	"-"	491087	"TRIM27"	"-"	"*"	"ZSCAN23"
"chr2"	188295803	188295803	1	"+"	"chr2+188295803"	1332	0.0149895343341361	13	"Polyclonal_50pct"	"sonic"	2976	"GULP1*"	"+"	-1688	"MIR561"	"+"	"GULP1"	"+"	494320	"DIRC1"	"-"	"*"	"GULP1"
"chr1"	105798861	105798861	1	"-"	"chr1-105798861"	1331	0.0149782809299813	14	"Polyclonal_50pct"	"sonic"	128762	"LINC01677"	"-"	-179926	"LINC01676"	"-"	"FALSE"	""	1889638	"VAV3"	"-"	""	"LINC01677"
"chr10"	97307532	97307532	1	"-"	"chr10-97307532"	1285	0.0144606243388625	15	"Polyclonal_50pct"	"sonic"	-11738	"FRAT1~"	"+"	-11738	"FRAT1"	"+"	"FALSE"	""	-11738	"FRAT1"	"+"	"~"	"FRAT1"
"chr13"	113488377	113488377	1	"+"	"chr13+113488377"	1216	0.0136841394521843	16	"Polyclonal_50pct"	"sonic"	2334	"DCUN1D2*"	"-"	2334	"DCUN1D2"	"-"	"DCUN1D2"	"-"	375699	"GAS6"	"-"	"*"	"DCUN1D2"
"chr22"	45211398	45211398	1	"+"	"chr22+45211398"	1164	0.0130989624361369	17	"Polyclonal_50pct"	"sonic"	986	"KIAA0930*"	"-"	986	"KIAA0930"	"-"	"KIAA0930"	"-"	-291484	"FBLN1"	"+"	"*"	"KIAA0930"
"chr7"	109498682	109498682	1	"-"	"chr7-109498682"	1018	0.0114559654295424	18	"Polyclonal_50pct"	"sonic"	460544	"EIF3IP1"	"-"	461531	"EIF3IP1"	"-"	"FALSE"	""	-1041962	"NRCAM"	"-"	""	"EIF3IP1"
"chr1"	146208696	146208696	1	"-"	"chr1-146208696"	899	0.0101168103351264	19	"Polyclonal_50pct"	"sonic"	20336	"NOTCH2NLA*"	"-"	20336	"NOTCH2NLA"	"-"	"NOTCH2NLA"	"-"	-349615	"PIAS3"	"-"	"*"	"NOTCH2NLA"
"chr5"	31173850	31173850	1	"-"	"chr5-31173850"	880	0.009902995656186	20	"Polyclonal_50pct"	"sonic"	-19835	"CDH6"	"+"	-19835	"CDH6"	"+"	"FALSE"	""	3944272	"PRLR"	"-"	""	"CDH6"
"chr1"	52422961	52422961	1	"+"	"chr1+52422961"	810	0.00911525736535302	21	"Polyclonal_50pct"	"sonic"	314	"TUT4"	"-"	18360	"PRPF38A"	"+"	"FALSE"	""	-903695	"EPS15"	"-"	""	"TUT4"
"chr12"	65447740	65447740	1	"+"	"chr12+65447740"	733	0.00824874524543674	22	"Polyclonal_50pct"	"sonic"	-19167	"MSRB3*"	"+"	109571	"LOC105369187"	"-"	"MSRB3"	"+"	-326435	"WIF1"	"-"	"*"	"MSRB3"
"chr13"	58538442	58538442	1	"+"	"chr13+58538442"	717	0.00806869077896064	23	"Polyclonal_50pct"	"sonic"	-305325	"LINC00374"	"-"	-305325	"LINC00374"	"-"	"FALSE"	""	5509630	"OLFM4"	"+"	""	"LINC00374"
"chr4"	169173915	169173915	1	"-"	"chr4-169173915"	698	0.00785487610002026	24	"Polyclonal_50pct"	"sonic"	-79657	"SH3RF1*"	"-"	97041	"SH3RF1"	"-"	"SH3RF1"	"-"	-5744442	"ADAM29"	"+"	"*"	"SH3RF1"
"chr5"	73492460	73492460	1	"-"	"chr5-73492460"	686	0.00771983525016317	25	"Polyclonal_50pct"	"sonic"	-5964	"BTF3"	"+"	-5964	"BTF3"	"+"	"FALSE"	""	1148964	"ENC1"	"-"	""	"BTF3"
"chr4"	105613594	105613594	1	"-"	"chr4-105613594"	680	0.00765231482523463	26	"Polyclonal_50pct"	"sonic"	-18086	"ARHGEF38*"	"+"	52004	"ARHGEF38-IT1"	"+"	"ARHGEF38"	"+"	466719	"TET2"	"+"	"*"	"ARHGEF38"
"chr12"	80172507	80172507	1	"+"	"chr12+80172507"	648	0.00729220589228242	27	"Polyclonal_50pct"	"sonic"	72971	"OTOGL*"	"+"	-36706	"OTOGL"	"+"	"OTOGL"	"+"	-481410	"PAWR"	"-"	"*"	"OTOGL"
"chr9"	69560719	69560719	1	"-"	"chr9-69560719"	646	0.0072696990839729	28	"Polyclonal_50pct"	"sonic"	111652	"APBA1*"	"-"	111652	"APBA1"	"-"	"APBA1"	"-"	355565	"TJP2"	"+"	"*"	"APBA1"
"chr2"	227484127	227484127	1	"-"	"chr2-227484127"	277	0.00311719295086764	29	"Polyclonal_50pct"	"sonic"	11972	"AGFG1*"	"+"	11972	"AGFG1"	"+"	"AGFG1"	"+"	319504	"COL4A3"	"+"	"*"	"AGFG1"
"chr7"	95405746	95405746	1	"+"	"chr7+95405746"	254	0.00285836465530823	30	"Polyclonal_50pct"	"sonic"	-885	"PON2*"	"-"	-9371	"PON3"	"-"	"PON2"	"-"	749377	"PEG10"	"+"	"*"	"PON2"
"chr3"	141877317	141877317	1	"+"	"chr3+141877317"	230	0.00258828295559407	31	"Polyclonal_50pct"	"sonic"	675	"ATP1B3*"	"+"	675	"ATP1B3"	"+"	"ATP1B3"	"+"	139020	"RNF7"	"+"	"*"	"ATP1B3"
"chr1"	215471590	215471590	1	"+"	"chr1+215471590"	227	0.0025545227431298	32	"Polyclonal_50pct"	"sonic"	-95713	"KCTD3"	"+"	-95713	"KCTD3"	"+"	"FALSE"	""	868396	"CENPF"	"+"	""	"KCTD3"
"chr6"	34022896	34022896	1	"-"	"chr6-34022896"	225	0.00253201593482028	33	"Polyclonal_50pct"	"sonic"	-4254	"GRM4*"	"-"	-22845	"MIR1275"	"-"	"GRM4"	"-"	-213976	"HMGA1"	"+"	"*"	"GRM4"
"chr10"	114144251	114144251	1	"-"	"chr10-114144251"	219	0.00246449550989174	34	"Polyclonal_50pct"	"sonic"	-23390	"CCDC186*"	"-"	29928	"MIR2110"	"-"	"CCDC186"	"-"	1014981	"TCF7L2"	"+"	"*"	"CCDC186"
"chr10"	32010447	32010447	1	"-"	"chr10-32010447"	217	0.00244198870158223	35	"Polyclonal_50pct"	"sonic"	-1432	"KIF5B*"	"-"	45978	"KIF5B"	"-"	"KIF5B"	"-"	1575802	"MAP3K8"	"+"	"*"	"KIF5B"
"chr4"	161924502	161924502	1	"-"	"chr4-161924502"	212	0.00238572168080844	36	"Polyclonal_50pct"	"sonic"	239498	"FSTL5*"	"-"	-98230	"LOC101928052"	"+"	"FSTL5"	"-"	1408094	"NPY1R"	"-"	"*"	"FSTL5"
"chr3"	149158603	149158603	1	"-"	"chr3-149158603"	207	0.00232945466003466	37	"Polyclonal_50pct"	"sonic"	-15129	"HPS3*"	"+"	28966	"HPS3"	"+"	"HPS3"	"+"	-72049	"HLTF"	"-"	"*"	"HPS3"
"chr5"	88510207	88510207	1	"-"	"chr5-88510207"	205	0.00230694785172515	38	"Polyclonal_50pct"	"sonic"	28058	"LINC00461"	"-"	-71117	"LINC02060"	"-"	"FALSE"	""	275304	"MEF2C"	"-"	""	"LINC00461"
"chr3"	118497341	118497341	1	"-"	"chr3-118497341"	202	0.00227318763926088	39	"Polyclonal_50pct"	"sonic"	11069	"LOC105374060"	"-"	-144426	"LOC101926968"	"+"	"FALSE"	""	1597106	"GSK3B"	"-"	""	"LOC105374060"
"chr3"	148097470	148097470	1	"+"	"chr3+148097470"	200	0.00225068083095136	40	"Polyclonal_50pct"	"sonic"	9441	"LINC02032"	"+"	19312	"LINC02032"	"+"	"FALSE"	""	989063	"HLTF"	"-"	""	"LINC02032"
"chr13"	53217036	53217036	1	"+"	"chr13+53217036"	189	0.00212689338524904	41	"Polyclonal_50pct"	"sonic"	-65136	"LINC01065"	"-"	-65136	"LINC01065"	"-"	"FALSE"	""	188224	"OLFM4"	"+"	""	"LINC01065"
"chr12"	69591679	69591679	1	"-"	"chr12-69591679"	188	0.00211563998109428	42	"Polyclonal_50pct"	"sonic"	5791	"CCT2*"	"+"	5791	"CCT2"	"+"	"CCT2"	"+"	782656	"MDM2"	"+"	"*"	"CCT2"
"chr2"	119934017	119934017	1	"+"	"chr2+119934017"	186	0.00209313317278477	43	"Polyclonal_50pct"	"sonic"	-50881	"PTPN4*"	"+"	-79059	"EPB41L5"	"+"	"PTPN4"	"+"	-318834	"RALB"	"+"	"*"	"PTPN4"
"chr4"	126097774	126097774	1	"+"	"chr4+126097774"	185	0.00208187976863001	44	"Polyclonal_50pct"	"sonic"	590467	"MIR2054"	"+"	590516	"MIR2054"	"+"	"FALSE"	""	2995765	"SCLT1"	"-"	""	"MIR2054"
"chr12"	64236646	64236646	1	"+"	"chr12+64236646"	182	0.00204811955616574	46	"Polyclonal_50pct"	"sonic"	-14350	"C12orf66"	"-"	-14350	"C12orf66"	"-"	"FALSE"	""	884659	"WIF1"	"-"	""	"C12orf66"
"chr8"	83307626	83307626	1	"-"	"chr8-83307626"	182	0.00204811955616574	46	"Polyclonal_50pct"	"sonic"	-96131	"LINC01419"	"+"	-96131	"LINC01419"	"+"	"FALSE"	""	-3034920	"WWP1"	"+"	""	"LINC01419"
"chr11"	41831770	41831770	1	"+"	"chr11+41831770"	181	0.00203686615201098	48	"Polyclonal_50pct"	"sonic"	-4672	"LINC01499*"	"+"	117203	"LINC01499"	"+"	"LINC01499"	"+"	-2234499	"ACCS"	"+"	"*"	"LINC01499"
"chr9"	83168768	83168768	1	"-"	"chr9-83168768"	181	0.00203686615201098	48	"Polyclonal_50pct"	"sonic"	74221	"FRMD3"	"-"	98500	"FRMD3"	"-"	"FALSE"	""	801089	"MIR7-1"	"-"	""	"FRMD3"
"chr1"	173958887	173958887	1	"+"	"chr1+173958887"	180	0.00202561274785623	49	"Polyclonal_50pct"	"sonic"	-27804	"RC3H1*"	"-"	34185	"RC3H1"	"-"	"RC3H1"	"-"	-90005	"GAS5"	"-"	"*"	"RC3H1"
"chr12"	15053673	15053673	1	"+"	"chr12+15053673"	178	0.00200310593954671	51	"Polyclonal_50pct"	"sonic"	46990	"LINC01489"	"+"	51841	"LINC01489"	"+"	"FALSE"	""	668393	"ATF7IP"	"+"	""	"LINC01489"
"chr17"	35593407	35593407	1	"-"	"chr17-35593407"	178	0.00200310593954671	51	"Polyclonal_50pct"	"sonic"	6086	"AP2B1*"	"+"	6086	"AP2B1"	"+"	"AP2B1"	"+"	-216076	"TAF15"	"+"	"*"	"AP2B1"
"chr12"	13889687	13889687	1	"-"	"chr12-13889687"	176	0.0019805991312372	52	"Polyclonal_50pct"	"sonic"	91915	"GRIN2B*"	"-"	91915	"GRIN2B"	"-"	"GRIN2B"	"-"	-475944	"ATF7IP"	"+"	"*"	"GRIN2B"
"chr16"	84099433	84099433	1	"+"	"chr16+84099433"	169	0.0019018253021539	54	"Polyclonal_50pct"	"sonic"	17509	"MBTPS1*"	"-"	17509	"MBTPS1"	"-"	"MBTPS1"	"-"	-195444	"WFDC1"	"+"	"*"	"MBTPS1"
"chr16"	88664931	88664931	1	"-"	"chr16-88664931"	169	0.0019018253021539	54	"Polyclonal_50pct"	"sonic"	1559	"SNAI3-AS1*"	"+"	1559	"SNAI3-AS1"	"+"	"SNAI3-AS1"	"+"	-138857	"CDT1"	"+"	"*"	"SNAI3-AS1"
"chr9"	104687001	104687001	1	"+"	"chr9+104687001"	153	0.00172177083567779	55	"Polyclonal_50pct"	"sonic"	-7420	"OR13D1"	"+"	-7420	"OR13D1"	"+"	"FALSE"	""	241154	"ABCA1"	"-"	""	"OR13D1"
"chr3"	181752984	181752984	1	"-"	"chr3-181752984"	150	0.00168801062321352	56	"Polyclonal_50pct"	"sonic"	10759	"SOX2-OT"	"+"	41060	"SOX2"	"+"	"FALSE"	""	41060	"SOX2"	"+"	""	"SOX2-OT"
"chr2"	184238480	184238480	1	"-"	"chr2-184238480"	149	0.00167675721905877	57	"Polyclonal_50pct"	"sonic"	-140494	"MIR548AE1"	"+"	-140494	"MIR548AE1"	"+"	"FALSE"	""	4551643	"DIRC1"	"-"	""	"MIR548AE1"
"chr6"	117788226	117788226	1	"+"	"chr6+117788226"	147	0.00165425041074925	58	"Polyclonal_50pct"	"sonic"	77503	"NUS1"	"+"	112758	"NUS1"	"+"	"FALSE"	""	-185715	"GOPC"	"-"	""	"NUS1"
"chr6"	119335276	119335276	1	"+"	"chr6+119335276"	140	0.00157547658166595	59	"Polyclonal_50pct"	"sonic"	14485	"MAN1A1*"	"-"	14485	"MAN1A1"	"-"	"MAN1A1"	"-"	-1732765	"GOPC"	"-"	"*"	"MAN1A1"
"chr16"	30296235	30296235	1	"-"	"chr16-30296235"	135	0.00151920956089217	61	"Polyclonal_50pct"	"sonic"	-11218	"SMG1P5*"	"-"	39139	"SMG1P5"	"-"	"SMG1P5"	"-"	112634	"CORO1A"	"+"	"*"	"SMG1P5"
"chr2"	125705308	125705308	1	"-"	"chr2-125705308"	135	0.00151920956089217	61	"Polyclonal_50pct"	"sonic"	404791	"LINC01941"	"-"	412677	"LINC01941"	"-"	"FALSE"	""	1376757	"BIN1"	"-"	""	"LINC01941"
"chr1"	45944514	45944514	1	"-"	"chr1-45944514"	130	0.00146294254011839	62	"Polyclonal_50pct"	"sonic"	80167	"MAST2*"	"+"	80167	"MAST2"	"+"	"MAST2"	"+"	-230572	"TSPAN1"	"+"	"*"	"MAST2"
"chr13"	79202267	79202267	1	"+"	"chr13+79202267"	127	0.00142918232765412	63	"Polyclonal_50pct"	"sonic"	116600	"RBM26"	"-"	203954	"RBM26"	"-"	"FALSE"	""	-598715	"POU4F1"	"-"	""	"RBM26"
"chr7"	15139191	15139191	1	"-"	"chr7-15139191"	126	0.00141792892349936	64	"Polyclonal_50pct"	"sonic"	61125	"AGMO"	"-"	-164333	"DGKB"	"-"	"FALSE"	""	-1147766	"ETV1"	"-"	""	"AGMO"
"chr2"	57110269	57110269	1	"+"	"chr2+57110269"	125	0.0014066755193446	65	"Polyclonal_50pct"	"sonic"	724095	"CCDC85A"	"+"	-797381	"VRK2"	"+"	"FALSE"	""	-1972438	"RTN4"	"-"	""	"CCDC85A"
"chr6"	75844719	75844719	1	"-"	"chr6-75844719"	124	0.00139542211518985	66	"Polyclonal_50pct"	"sonic"	-74818	"MYO6*"	"+"	95481	"MYO6"	"+"	"MYO6"	"+"	2148517	"CD109"	"+"	"*"	"MYO6"
"chr3"	144668096	144668096	1	"+"	"chr3+144668096"	122	0.00137291530688033	68	"Polyclonal_50pct"	"sonic"	675728	"DIPK2A"	"+"	695016	"DIPK2A"	"+"	"FALSE"	""	-819628	"SLC9A9"	"-"	""	"DIPK2A"
"chr5"	52841112	52841112	1	"+"	"chr5+52841112"	122	0.00137291530688033	68	"Polyclonal_50pct"	"sonic"	53197	"ITGA1*"	"+"	53197	"PELO,ITGA1"	"+"	"ITGA1"	"+"	-639516	"FST"	"+"	"*"	"ITGA1"
"chr10"	73582858	73582858	1	"-"	"chr10-73582858"	121	0.00136166190272557	69	"Polyclonal_50pct"	"sonic"	8484	"USP54*"	"-"	8484	"USP54"	"-"	"USP54"	"-"	-335603	"DNAJC9"	"-"	"*"	"USP54"
"chr10"	102445136	102445136	1	"-"	"chr10-102445136"	120	0.00135040849857082	71	"Polyclonal_50pct"	"sonic"	-4680	"RPARP-AS1"	"+"	-4680	"RPARP-AS1"	"+"	"FALSE"	""	49432	"NFKB2"	"+"	""	"RPARP-AS1"
"chr19"	55241636	55241636	1	"-"	"chr19-55241636"	120	0.00135040849857082	71	"Polyclonal_50pct"	"sonic"	-11858	"PPP6R1*"	"-"	-1660	"MIR6802"	"-"	"PPP6R1"	"-"	-32135	"PTPRH"	"-"	"*"	"PPP6R1"
"chr15"	41458589	41458589	1	"-"	"chr15-41458589"	119	0.00133915509441606	73	"Polyclonal_50pct"	"sonic"	-24974	"RTF1*"	"+"	-35284	"ITPKA"	"+"	"RTF1"	"+"	-100622	"TYRO3"	"+"	"*"	"RTF1"
"chr18"	10547459	10547459	1	"-"	"chr18-10547459"	119	0.00133915509441606	73	"Polyclonal_50pct"	"sonic"	-5304	"NAPG*"	"+"	21433	"NAPG"	"+"	"NAPG"	"+"	1360858	"MPPE1"	"-"	"*"	"NAPG"
"chr11"	114374893	114374893	1	"-"	"chr11-114374893"	117	0.00131664828610655	75	"Polyclonal_50pct"	"sonic"	5146	"LOC101928940*"	"-"	5146	"LOC101928940"	"-"	"LOC101928940"	"-"	78495	"NNMT"	"+"	"*"	"LOC101928940"
"chr2"	17202014	17202014	1	"-"	"chr2-17202014"	117	0.00131664828610655	75	"Polyclonal_50pct"	"sonic"	308566	"RAD51AP2"	"-"	316426	"RAD51AP2"	"-"	"FALSE"	""	-551854	"GEN1"	"+"	""	"RAD51AP2"
"chr7"	125867131	125867131	1	"+"	"chr7+125867131"	116	0.00130539488195179	76	"Polyclonal_50pct"	"sonic"	487810	"LOC101928283"	"+"	-602840	"LOC101928254"	"-"	"FALSE"	""	1941277	"SPAM1"	"+"	""	"LOC101928283"
"chr10"	21917731	21917731	1	"-"	"chr10-21917731"	115	0.00129414147779703	80	"Polyclonal_50pct"	"sonic"	85999	"DNAJC1*"	"-"	85999	"DNAJC1"	"-"	"DNAJC1"	"-"	383500	"MLLT10"	"+"	"*"	"DNAJC1"
"chr13"	68991482	68991482	1	"+"	"chr13+68991482"	115	0.00129414147779703	80	"Polyclonal_50pct"	"sonic"	-106157	"LINC00550"	"-"	-106157	"LINC00550"	"-"	"FALSE"	""	-4063493	"KLF5"	"+"	""	"LINC00550"
"chr15"	34888996	34888996	1	"-"	"chr15-34888996"	115	0.00129414147779703	80	"Polyclonal_50pct"	"sonic"	-37215	"AQR*"	"-"	80746	"AQR"	"-"	"AQR"	"-"	545682	"NUTM1"	"+"	"*"	"AQR"
"chr4"	143273751	143273751	1	"-"	"chr4-143273751"	115	0.00129414147779703	80	"Polyclonal_50pct"	"sonic"	49877	"USP38"	"+"	-63124	"GAB1"	"+"	"FALSE"	""	-63124	"GAB1"	"+"	""	"USP38"
"chr1"	72096307	72096307	1	"-"	"chr1-72096307"	112	0.00126038126533276	83	"Polyclonal_50pct"	"sonic"	186232	"NEGR1*"	"-"	186232	"NEGR1"	"-"	"NEGR1"	"-"	-3628039	"ACADM"	"+"	"*"	"NEGR1"
"chr13"	93415910	93415910	1	"-"	"chr13-93415910"	112	0.00126038126533276	83	"Polyclonal_50pct"	"sonic"	189104	"GPC6*"	"+"	189104	"GPC6"	"+"	"GPC6"	"+"	2017290	"GPC5"	"+"	"*"	"GPC6"
"chr3"	158309733	158309733	1	"+"	"chr3+158309733"	112	0.00126038126533276	83	"Polyclonal_50pct"	"sonic"	199645	"RSRC1*"	"+"	199645	"RSRC1"	"+"	"RSRC1"	"+"	-261460	"MLF1"	"+"	"*"	"RSRC1"
"chr10"	69022858	69022858	1	"+"	"chr10+69022858"	111	0.00124912786117801	85	"Polyclonal_50pct"	"sonic"	5878	"KIFBP"	"+"	34056	"KIFBP"	"+"	"FALSE"	""	462522	"TET1"	"+"	""	"KIFBP"
"chr14"	61681445	61681445	1	"+"	"chr14+61681445"	111	0.00124912786117801	85	"Polyclonal_50pct"	"sonic"	-405	"HIF1A-AS1*"	"-"	-14067	"HIF1A"	"+"	"HIF1A-AS1"	"-"	946685	"MNAT1"	"+"	"*"	"HIF1A-AS1"
"chr21"	16180805	16180805	1	"+"	"chr21+16180805"	107	0.00120411424455898	87	"Polyclonal_50pct"	"sonic"	109692	"MIR99AHG*"	"+"	-592	"MIR99AHG"	"+"	"MIR99AHG"	"+"	-409431	"MIR125B2"	"+"	"*"	"MIR99AHG"
"chr7"	17410834	17410834	1	"-"	"chr7-17410834"	107	0.00120411424455898	87	"Polyclonal_50pct"	"sonic"	35918	"LINC02888*"	"+"	35918	"LINC02888"	"+"	"LINC02888"	"+"	1706802	"TWIST1"	"-"	"*"	"LINC02888"
"chr2"	118448796	118448796	1	"-"	"chr2-118448796"	106	0.00119286084040422	89	"Polyclonal_50pct"	"sonic"	150986	"LOC101927709"	"-"	154170	"LOC101927709"	"-"	"FALSE"	""	-1804055	"RALB"	"+"	""	"LOC101927709"
"chr5"	105894794	105894794	1	"-"	"chr5-105894794"	106	0.00119286084040422	89	"Polyclonal_50pct"	"sonic"	794696	"RAB9BP1"	"+"	795321	"RAB9BP1"	"+"	"FALSE"	""	-6812703	"APC"	"+"	""	"RAB9BP1"
"chr1"	207364937	207364937	1	"+"	"chr1+207364937"	105	0.00118160743624947	91	"Polyclonal_50pct"	"sonic"	3971	"CD55~"	"+"	43260	"CD55"	"+"	"FALSE"	""	43260	"CD55"	"+"	"~"	"CD55"
"chr1"	199246928	199246928	1	"-"	"chr1-199246928"	105	0.00118160743624947	91	"Polyclonal_50pct"	"sonic"	98331	"LINC02789*"	"+"	98331	"LINC02789"	"+"	"LINC02789"	"+"	1163108	"ZNF281"	"-"	"*"	"LINC02789"
"chr13"	85776589	85776589	1	"-"	"chr13-85776589"	104	0.00117035403209471	94	"Polyclonal_50pct"	"sonic"	16201	"SLITRK6"	"-"	22830	"SLITRK6"	"-"	"FALSE"	""	-5574015	"MIR17"	"+"	""	"SLITRK6"
"chr3"	82936363	82936363	1	"-"	"chr3-82936363"	104	0.00117035403209471	94	"Polyclonal_50pct"	"sonic"	472688	"LINC02008"	"+"	950222	"LINC02008"	"+"	"FALSE"	""	-3168365	"ROBO1"	"-"	""	"LINC02008"
"chr5"	146277011	146277011	1	"+"	"chr5+146277011"	104	0.00117035403209471	94	"Polyclonal_50pct"	"sonic"	-12210	"RBM27*"	"+"	-61827	"POU4F3"	"+"	"RBM27"	"+"	-2035411	"SPINK7"	"+"	"*"	"RBM27"
"chr1"	229061271	229061271	1	"+"	"chr1+229061271"	103	0.00115910062793995	97	"Polyclonal_50pct"	"sonic"	113411	"MIR4454"	"-"	113530	"MIR4454"	"-"	"FALSE"	""	447070	"NUP133"	"-"	""	"MIR4454"
"chr12"	108297425	108297425	1	"-"	"chr12-108297425"	103	0.00115910062793995	97	"Polyclonal_50pct"	"sonic"	-9380	"CMKLR1*"	"-"	23237	"CMKLR1"	"-"	"CMKLR1"	"-"	405573	"CORO1C"	"-"	"*"	"CMKLR1"
"chr9"	105025586	105025586	1	"-"	"chr9-105025586"	103	0.00115910062793995	97	"Polyclonal_50pct"	"sonic"	-97431	"ABCA1"	"-"	-97431	"ABCA1"	"-"	"FALSE"	""	-97431	"ABCA1"	"-"	""	"ABCA1"
"chr10"	21615942	21615942	1	"+"	"chr10+21615942"	102	0.0011478472237852	101	"Polyclonal_50pct"	"sonic"	81711	"MLLT10!~*"	"+"	81711	"MLLT10"	"+"	"MLLT10"	"+"	81711	"MLLT10"	"+"	"!~*"	"MLLT10"
"chr11"	112045779	112045779	1	"+"	"chr11+112045779"	102	0.0011478472237852	101	"Polyclonal_50pct"	"sonic"	-18625	"DLAT*"	"+"	20372	"DLAT"	"+"	"DLAT"	"+"	-41093	"SDHD"	"+"	"*"	"DLAT"
"chr16"	70512247	70512247	1	"+"	"chr16+70512247"	102	0.0011478472237852	101	"Polyclonal_50pct"	"sonic"	11307	"COG4*"	"-"	11307	"COG4"	"-"	"COG4"	"-"	288911	"VAC14"	"-"	"*"	"COG4"
"chr17"	81589822	81589822	1	"-"	"chr17-81589822"	102	0.0011478472237852	101	"Polyclonal_50pct"	"sonic"	-32936	"NPLOC4*"	"-"	-12389	"NPLOC4"	"-"	"NPLOC4"	"-"	333644	"MAFG"	"-"	"*"	"NPLOC4"
"chr14"	70214293	70214293	1	"-"	"chr14-70214293"	101	0.00113659381963044	108	"Polyclonal_50pct"	"sonic"	-18290	"LOC646548*"	"+"	-25223	"SLC8A3"	"-"	"LOC646548"	"+"	-1418050	"ZFP36L1"	"-"	"*"	"LOC646548"
"chr2"	30854758	30854758	1	"+"	"chr2+30854758"	101	0.00113659381963044	108	"Polyclonal_50pct"	"sonic"	-47312	"CAPN13"	"-"	-47312	"CAPN13"	"-"	"FALSE"	""	559984	"XDH"	"-"	""	"CAPN13"
"chr2"	160496621	160496621	1	"-"	"chr2-160496621"	101	0.00113659381963044	108	"Polyclonal_50pct"	"sonic"	-2814	"RBMS1"	"-"	-2814	"RBMS1"	"-"	"FALSE"	""	3238917	"GALNT5"	"+"	""	"RBMS1"
"chr4"	170958181	170958181	1	"-"	"chr4-170958181"	101	0.00113659381963044	108	"Polyclonal_50pct"	"sonic"	-82420	"LINC02431"	"+"	-82420	"LINC02431"	"+"	"FALSE"	""	-3960176	"ADAM29"	"+"	""	"LINC02431"
"chr7"	84103598	84103598	1	"+"	"chr7+84103598"	101	0.00113659381963044	108	"Polyclonal_50pct"	"sonic"	91191	"SEMA3A*"	"-"	91191	"SEMA3A"	"-"	"SEMA3A"	"-"	-2333551	"HGF"	"-"	"*"	"SEMA3A"
"chr7"	150834540	150834540	1	"-"	"chr7-150834540"	101	0.00113659381963044	108	"Polyclonal_50pct"	"sonic"	-17976	"AOC1"	"+"	-17976	"AOC1"	"+"	"FALSE"	""	-193881	"ABCB8"	"+"	""	"AOC1"
"chr9"	20415954	20415954	1	"+"	"chr9+20415954"	101	0.00113659381963044	108	"Polyclonal_50pct"	"sonic"	-74286	"MLLT3~*"	"-"	-4716	"MIR4473"	"-"	"MLLT3"	"-"	205984	"MLLT3"	"-"	"~*"	"MLLT3"
"chr8"	13834766	13834766	1	"-"	"chr8-13834766"	100	0.00112534041547568	109	"Polyclonal_50pct"	"sonic"	202190	"LOC102725080"	"+"	205077	"LOC102725080"	"+"	"FALSE"	""	-230146	"DLC1"	"-"	""	"LOC102725080"
"chr2"	169941653	169941653	1	"+"	"chr2+169941653"	98	0.00110283360716617	111	"Polyclonal_50pct"	"sonic"	114200	"UBR3*"	"+"	114200	"UBR3"	"+"	"UBR3"	"+"	-579119	"LRP2"	"-"	"*"	"UBR3"
"chrX"	154794926	154794926	1	"-"	"chrX-154794926"	98	0.00110283360716617	111	"Polyclonal_50pct"	"sonic"	10559	"MPP1~*"	"-"	10559	"MPP1"	"-"	"MPP1"	"-"	10559	"MPP1"	"-"	"~*"	"MPP1"
"chr16"	71828994	71828994	1	"+"	"chr16+71828994"	97	0.00109158020301141	112	"Polyclonal_50pct"	"sonic"	-16981	"ATXN1L"	"+"	-16981	"ATXN1L"	"+"	"FALSE"	""	-104293	"PHLPP2"	"-"	""	"ATXN1L"
"chr1"	26730502	26730502	1	"-"	"chr1-26730502"	96	0.00108032679885665	115	"Polyclonal_50pct"	"sonic"	34488	"ARID1A*"	"+"	34488	"ARID1A"	"+"	"ARID1A"	"+"	34488	"ARID1A"	"+"	"*"	"ARID1A"
"chr2"	80753960	80753960	1	"-"	"chr2-80753960"	96	0.00108032679885665	115	"Polyclonal_50pct"	"sonic"	105097	"CTNNA2"	"+"	440582	"CTNNA2"	"+"	"FALSE"	""	-1594207	"REG3A"	"-"	""	"CTNNA2"
"chr9_KI270719v1_random"	159619	159619	1	"-"	"chr9_KI270719v1_random-159619"	96	0.00108032679885665	115	"Polyclonal_50pct"	"sonic"	NA	NA	""	NA	""	""	"FALSE"	""	NA	""	""	""	""
"chr10"	121879896	121879896	1	"-"	"chr10-121879896"	95	0.0010690733947019	117	"Polyclonal_50pct"	"sonic"	48135	"ATE1*"	"-"	48135	"ATE1"	"-"	"ATE1"	"-"	-281438	"FGFR2"	"-"	"*"	"ATE1"
"chrX"	143176363	143176363	1	"+"	"chrX+143176363"	95	0.0010690733947019	117	"Polyclonal_50pct"	"sonic"	142083	"SPANXN4"	"+"	150436	"SPANXN4"	"+"	"FALSE"	""	-2671294	"SOX3"	"-"	""	"SPANXN4"
"chr10"	104027113	104027113	1	"+"	"chr10+104027113"	94	0.00105781999054714	119	"Polyclonal_50pct"	"sonic"	-2120	"SLK*"	"+"	21073	"MIR936"	"-"	"SLK"	"+"	1523142	"SUFU"	"+"	"*"	"SLK"
"chr13"	25290245	25290245	1	"+"	"chr13+25290245"	94	0.00105781999054714	119	"Polyclonal_50pct"	"sonic"	-2757	"MTMR6"	"-"	-2757	"MTMR6"	"-"	"FALSE"	""	-2629754	"PDX1"	"+"	""	"MTMR6"
"chr4"	118654660	118654660	1	"+"	"chr4+118654660"	93	0.00104656658639238	120	"Polyclonal_50pct"	"sonic"	9428	"METTL14-DT"	"-"	24732	"LOC729218"	"+"	"FALSE"	""	-196020	"SYNPO2"	"+"	""	"METTL14-DT"
"chr11"	88364575	88364575	1	"-"	"chr11-88364575"	92	0.00103531318223763	121	"Polyclonal_50pct"	"sonic"	-26839	"CTSC"	"-"	-26839	"CTSC"	"-"	"FALSE"	""	-1691939	"ME3"	"-"	""	"CTSC"
"chr1"	185296688	185296688	1	"+"	"chr1+185296688"	91	0.00102405977808287	124	"Polyclonal_50pct"	"sonic"	-301	"IVNS1ABP*"	"-"	20555	"IVNS1ABP"	"-"	"IVNS1ABP"	"-"	-999584	"PRG4"	"+"	"*"	"IVNS1ABP"
"chr16_KI270728v1_random"	1719770	1719770	1	"+"	"chr16_KI270728v1_random+1719770"	91	0.00102405977808287	124	"Polyclonal_50pct"	"sonic"	-372922	"ENPP7P13"	"-"	-372922	"ENPP7P13"	"-"	"FALSE"	""	NA	""	""	""	"ENPP7P13"
"chr3"	35514870	35514870	1	"+"	"chr3+35514870"	91	0.00102405977808287	124	"Polyclonal_50pct"	"sonic"	-120847	"LOC101928135"	"-"	-120847	"LOC101928135"	"-"	"FALSE"	""	-1478479	"MLH1"	"+"	""	"LOC101928135"
"chr2"	35869913	35869913	1	"+"	"chr2+35869913"	90	0.00101280637392811	127	"Polyclonal_50pct"	"sonic"	398427	"MIR548AD"	"+"	398509	"MIR548AD"	"+"	"FALSE"	""	1096623	"STRN"	"-"	""	"MIR548AD"
"chr20"	36921729	36921729	1	"-"	"chr20-36921729"	90	0.00101280637392811	127	"Polyclonal_50pct"	"sonic"	-29037	"SAMHD1*"	"-"	29979	"SAMHD1"	"-"	"SAMHD1"	"-"	174268	"RBL1"	"-"	"*"	"SAMHD1"
"chr4"	21053182	21053182	1	"-"	"chr4-21053182"	90	0.00101280637392811	127	"Polyclonal_50pct"	"sonic"	250724	"KCNIP4*"	"-"	-69173	"KCNIP4"	"-"	"KCNIP4"	"-"	-4602668	"SLC34A2"	"+"	"*"	"KCNIP4"
"chr1"	85359863	85359863	1	"-"	"chr1-85359863"	89	0.00100155296977336	132	"Polyclonal_50pct"	"sonic"	-41379	"DDAH1*"	"-"	44643	"DDAH1"	"-"	"DDAH1"	"-"	-83231	"BCL10"	"-"	"*"	"DDAH1"
"chr15"	101647684	101647684	1	"+"	"chr15+101647684"	89	0.00100155296977336	132	"Polyclonal_50pct"	"sonic"	4697	"TM2D3*"	"-"	4697	"TM2D3"	"-"	"TM2D3"	"-"	2999146	"IGF1R"	"+"	"*"	"TM2D3"
"chr2"	144299981	144299981	1	"-"	"chr2-144299981"	89	0.00100155296977336	132	"Polyclonal_50pct"	"sonic"	32253	"GTDC1*"	"-"	-4668	"GTDC1"	"-"	"GTDC1"	"-"	220138	"ZEB2"	"-"	"*"	"GTDC1"
"chr3"	26352603	26352603	1	"+"	"chr3+26352603"	89	0.00100155296977336	132	"Polyclonal_50pct"	"sonic"	-270202	"LRRC3B"	"+"	-270202	"LRRC3B"	"+"	"FALSE"	""	-687696	"TOP2B"	"-"	""	"LRRC3B"
"chr6"	133401992	133401992	1	"-"	"chr6-133401992"	89	0.00100155296977336	132	"Polyclonal_50pct"	"sonic"	-130128	"EYA4~*"	"+"	160494	"EYA4"	"+"	"EYA4"	"+"	160494	"EYA4"	"+"	"~*"	"EYA4"
"chr1"	155814017	155814017	1	"+"	"chr1+155814017"	88	0.0009902995656186	135	"Polyclonal_50pct"	"sonic"	43197	"GON4L*"	"-"	-30185	"SCARNA26B"	"-"	"GON4L"	"-"	164158	"ARHGEF2"	"-"	"*"	"GON4L"
"chr4"	118784976	118784976	1	"-"	"chr4-118784976"	88	0.0009902995656186	135	"Polyclonal_50pct"	"sonic"	51150	"SEC24D*"	"-"	51150	"SEC24D"	"-"	"SEC24D"	"-"	-65704	"SYNPO2"	"+"	"*"	"SEC24D"
"chr4"	167064002	167064002	1	"-"	"chr4-167064002"	88	0.0009902995656186	135	"Polyclonal_50pct"	"sonic"	170424	"SPOCK3*"	"-"	170424	"SPOCK3"	"-"	"SPOCK3"	"-"	-3731406	"NPY1R"	"-"	"*"	"SPOCK3"
"chr14"	82695010	82695010	1	"+"	"chr14+82695010"	87	0.000979046161463843	137	"Polyclonal_50pct"	"sonic"	-11815	"LINC02301*"	"+"	52379	"LINC02301"	"+"	"LINC02301"	"+"	-1161149	"SEL1L"	"-"	"*"	"LINC02301"
"chr6"	82983187	82983187	1	"-"	"chr6-82983187"	87	0.000979046161463843	137	"Polyclonal_50pct"	"sonic"	82654	"UBE3D*"	"-"	82654	"UBE3D"	"-"	"UBE3D"	"-"	-876501	"CYB5R4"	"+"	"*"	"UBE3D"
"chr17"	51210547	51210547	1	"-"	"chr17-51210547"	86	0.000967792757309086	140	"Polyclonal_50pct"	"sonic"	-33123	"MBTD1*"	"-"	43826	"NME2"	"+"	"MBTD1"	"-"	-1008916	"COL1A1"	"-"	"*"	"MBTD1"
"chr6"	114401052	114401052	1	"+"	"chr6+114401052"	86	0.000967792757309086	140	"Polyclonal_50pct"	"sonic"	60323	"HDAC2-AS2"	"+"	-338175	"HS3ST5"	"-"	"FALSE"	""	-429904	"HDAC2"	"-"	""	"HDAC2-AS2"
"chr8"	73808086	73808086	1	"+"	"chr8+73808086"	86	0.000967792757309086	140	"Polyclonal_50pct"	"sonic"	-21868	"UBE2W*"	"-"	-60378	"STAU2"	"-"	"UBE2W"	"-"	-3403869	"NCOA2"	"-"	"*"	"UBE2W"
"chr12"	87205040	87205040	1	"-"	"chr12-87205040"	85	0.000956539353154329	144	"Polyclonal_50pct"	"sonic"	-125698	"LOC105369879"	"+"	-125698	"LOC105369879"	"+"	"FALSE"	""	1375431	"KITLG"	"-"	""	"LOC105369879"
"chr17"	48333668	48333668	1	"-"	"chr17-48333668"	85	0.000956539353154329	144	"Polyclonal_50pct"	"sonic"	96546	"SKAP1*"	"-"	39322	"THRA1/BTR"	"+"	"SKAP1"	"-"	281624	"HOXB8"	"-"	"*"	"SKAP1"
"chr2"	27677008	27677008	1	"-"	"chr2-27677008"	85	0.000956539353154329	144	"Polyclonal_50pct"	"sonic"	13538	"SLC4A1AP*"	"+"	-13168	"SUPT7L"	"-"	"SLC4A1AP"	"+"	-715849	"FOSL2"	"+"	"*"	"SLC4A1AP"
"chr3"	1748383	1748383	1	"+"	"chr3+1748383"	85	0.000956539353154329	144	"Polyclonal_50pct"	"sonic"	344166	"CNTN6"	"+"	-350419	"CNTN4"	"+"	"FALSE"	""	-350419	"CNTN4"	"+"	""	"CNTN6"
"chr10"	31516651	31516651	1	"-"	"chr10-31516651"	84	0.000945285948999572	146	"Polyclonal_50pct"	"sonic"	-13153	"ZEB1*"	"+"	-116896	"LOC100505502"	"-"	"ZEB1"	"+"	1082006	"MAP3K8"	"+"	"*"	"ZEB1"
"chr5"	165591051	165591051	1	"+"	"chr5+165591051"	84	0.000945285948999572	146	"Polyclonal_50pct"	"sonic"	1048068	"LOC102546299"	"+"	1120773	"LOC102546299"	"+"	"FALSE"	""	2153457	"CCNG1"	"+"	""	"LOC102546299"
"chr15"	52641556	52641556	1	"-"	"chr15-52641556"	82	0.000922779140690059	148	"Polyclonal_50pct"	"sonic"	10484	"FAM214A*"	"-"	10484	"FAM214A"	"-"	"FAM214A"	"-"	622338	"MAPK6"	"+"	"*"	"FAM214A"
"chr3"	196876172	196876172	1	"-"	"chr3-196876172"	82	0.000922779140690059	148	"Polyclonal_50pct"	"sonic"	8253	"SENP5*"	"+"	8253	"SENP5"	"+"	"SENP5"	"+"	307700	"DLG1"	"-"	"*"	"SENP5"
"chr1"	72094007	72094007	1	"-"	"chr1-72094007"	81	0.000911525736535302	149	"Polyclonal_50pct"	"sonic"	188532	"NEGR1*"	"-"	188532	"NEGR1"	"-"	"NEGR1"	"-"	-3630339	"ACADM"	"+"	"*"	"NEGR1"
"chr19"	20332158	20332158	1	"+"	"chr19+20332158"	79	0.000889018928225788	151	"Polyclonal_50pct"	"sonic"	66499	"ZNF826P"	"-"	67196	"MIR1270"	"-"	"FALSE"	""	-1161895	"MEF2B"	"-"	""	"ZNF826P"
"chr6"	50172792	50172792	1	"+"	"chr6+50172792"	79	0.000889018928225788	151	"Polyclonal_50pct"	"sonic"	-122863	"DEFB112"	"-"	-122863	"DEFB112"	"-"	"FALSE"	""	1914821	"PKHD1"	"-"	""	"DEFB112"
"chr17"	75136341	75136341	1	"+"	"chr17+75136341"	78	0.000877765524071032	152	"Polyclonal_50pct"	"sonic"	-1093	"JPT1*"	"-"	-4546	"NT5C"	"-"	"JPT1"	"-"	89117	"KCTD2"	"+"	"*"	"JPT1"
"chr12"	40320186	40320186	1	"-"	"chr12-40320186"	77	0.000866512119916275	154	"Polyclonal_50pct"	"sonic"	-49098	"LRRK2*"	"+"	-73207	"MUC19"	"+"	"LRRK2"	"+"	-5409519	"ARID2"	"+"	"*"	"LRRK2"
"chr2"	164912076	164912076	1	"+"	"chr2+164912076"	77	0.000866512119916275	154	"Polyclonal_50pct"	"sonic"	-13878	"SLC38A11*"	"-"	43449	"SLC38A11"	"-"	"SLC38A11"	"-"	4450458	"LRP2"	"-"	"*"	"SLC38A11"
"chr1"	185992511	185992511	1	"+"	"chr1+185992511"	75	0.000844005311606761	157	"Polyclonal_50pct"	"sonic"	-198438	"HMCN1*"	"+"	258121	"HMCN1"	"+"	"HMCN1"	"+"	-303761	"PRG4"	"+"	"*"	"HMCN1"
"chr18"	35011544	35011544	1	"-"	"chr18-35011544"	75	0.000844005311606761	157	"Polyclonal_50pct"	"sonic"	33177	"MAPRE2*"	"+"	-29868	"MAPRE2"	"+"	"MAPRE2"	"+"	1117796	"SLC39A6"	"-"	"*"	"MAPRE2"
"chr3"	123230873	123230873	1	"-"	"chr3-123230873"	75	0.000844005311606761	157	"Polyclonal_50pct"	"sonic"	28931	"SEC22A*"	"+"	28931	"SEC22A"	"+"	"SEC22A"	"+"	-202268	"SEMA5B"	"-"	"*"	"SEC22A"
"chr18"	33010667	33010667	1	"+"	"chr18+33010667"	74	0.000832751907452004	159	"Polyclonal_50pct"	"sonic"	-73262	"CCDC178*"	"-"	-237644	"KLHL14"	"-"	"CCDC178"	"-"	1512491	"DSG2"	"+"	"*"	"CCDC178"
"chr7"	123105218	123105218	1	"-"	"chr7-123105218"	74	0.000832751907452004	159	"Polyclonal_50pct"	"sonic"	8312	"SLC13A1"	"-"	94751	"SLC13A1"	"-"	"FALSE"	""	-218459	"CADPS2"	"-"	""	"SLC13A1"
"chr15"	35475689	35475689	1	"-"	"chr15-35475689"	73	0.000821498503297248	162	"Polyclonal_50pct"	"sonic"	70476	"DPH6*"	"-"	70476	"DPH6"	"-"	"DPH6"	"-"	1132375	"NUTM1"	"+"	"*"	"DPH6"
"chr4"	150455169	150455169	1	"+"	"chr4+150455169"	73	0.000821498503297248	162	"Polyclonal_50pct"	"sonic"	-190511	"LRBA~*"	"-"	-123919	"LOC729558"	"+"	"LRBA"	"-"	560098	"LRBA"	"-"	"~*"	"LRBA"
"chr6"	163457458	163457458	1	"-"	"chr6-163457458"	73	0.000821498503297248	162	"Polyclonal_50pct"	"sonic"	42741	"QKI*"	"+"	42741	"QKI"	"+"	"QKI"	"+"	3488377	"IGF2R"	"+"	"*"	"QKI"
"chr10"	51696669	51696669	1	"+"	"chr10+51696669"	71	0.000798991694987734	164	"Polyclonal_50pct"	"sonic"	-1184	"CSTF2T*"	"-"	2926	"CSTF2T"	"-"	"PRKG1,CSTF2T"	"+,-"	-617611	"DKK1"	"+"	"*"	"CSTF2T"
"chr7"	113450346	113450346	1	"-"	"chr7-113450346"	71	0.000798991694987734	164	"Polyclonal_50pct"	"sonic"	-331764	"SMIM30"	"-"	-331764	"SMIM30"	"-"	"FALSE"	""	-3074662	"CAV1"	"+"	""	"SMIM30"
"chr1"	21058676	21058676	1	"+"	"chr1+21058676"	70	0.000787738290832977	168	"Polyclonal_50pct"	"sonic"	52707	"EIF4G3*"	"-"	52707	"EIF4G3"	"-"	"EIF4G3"	"-"	469580	"CDA"	"+"	"*"	"EIF4G3"
"chr13"	107503426	107503426	1	"+"	"chr13+107503426"	70	0.000787738290832977	168	"Polyclonal_50pct"	"sonic"	-339916	"FAM155A*"	"-"	27822	"MIR1267"	"-"	"FAM155A"	"-"	-766202	"TNFSF13B"	"+"	"*"	"FAM155A"
"chr17"	2197755	2197755	1	"+"	"chr17+2197755"	70	0.000787738290832977	168	"Polyclonal_50pct"	"sonic"	39092	"SMG6*"	"-"	-34922	"LOC101927839"	"+"	"SMG6"	"-"	39092	"SMG6"	"-"	"*"	"SMG6"
"chr5"	129671786	129671786	1	"-"	"chr5-129671786"	70	0.000787738290832977	168	"Polyclonal_50pct"	"sonic"	-66897	"ADAMTS19*"	"+"	-76307	"MINAR2"	"+"	"ADAMTS19"	"+"	2125231	"FNIP1"	"-"	"*"	"ADAMTS19"
"chr1"	84701138	84701138	1	"+"	"chr1+84701138"	68	0.000765231482523463	169	"Polyclonal_50pct"	"sonic"	-10670	"SSX2IP"	"-"	-10670	"SSX2IP"	"-"	"FALSE"	""	575494	"BCL10"	"-"	""	"SSX2IP"
"chr4"	96755033	96755033	1	"-"	"chr4-96755033"	66	0.00074272467421395	170	"Polyclonal_50pct"	"sonic"	-63382	"LINC02267*"	"+"	444331	"LINC02267"	"+"	"LINC02267"	"+"	-1506350	"RAP1GDS1"	"+"	"*"	"LINC02267"
"chr16"	89954220	89954220	1	"-"	"chr16-89954220"	65	0.000731471270059193	173	"Polyclonal_50pct"	"sonic"	4801	"DEF8*"	"+"	844	"SNORA119"	"+"	"DEF8"	"+"	-137573	"FANCA"	"-"	"*"	"DEF8"
"chr4"	32955442	32955442	1	"-"	"chr4-32955442"	65	0.000731471270059193	173	"Polyclonal_50pct"	"sonic"	602222	"LINC02353"	"+"	604405	"LINC02353"	"+"	"FALSE"	""	3288497	"ARAP2"	"-"	""	"LINC02353"
"chr7"	115364279	115364279	1	"+"	"chr7+115364279"	65	0.000731471270059193	173	"Polyclonal_50pct"	"sonic"	-132924	"LINC01392"	"-"	-132924	"LINC01392"	"-"	"FALSE"	""	-1160729	"CAV1"	"+"	""	"LINC01392"
"chr19"	3675670	3675670	1	"-"	"chr19-3675670"	63	0.000708964461749679	175	"Polyclonal_50pct"	"sonic"	24798	"PIP5K1C*"	"-"	24798	"PIP5K1C"	"-"	"PIP5K1C"	"-"	110711	"MATK"	"-"	"*"	"PIP5K1C"
"chr2"	226238055	226238055	1	"-"	"chr2-226238055"	63	0.000708964461749679	175	"Polyclonal_50pct"	"sonic"	57993	"LOC646736"	"+"	95262	"LOC646736"	"+"	"FALSE"	""	-926568	"COL4A3"	"+"	""	"LOC646736"
"chr1"	149586753	149586753	1	"+"	"chr1+149586753"	61	0.000686457653440166	177	"Polyclonal_50pct"	"sonic"	2146	"PPIAL4C"	"+"	2931	"PPIAL4C"	"+"	"FALSE"	""	634297	"PDE4DIP"	"+"	""	"PPIAL4C"
"chr8"	112925868	112925868	1	"+"	"chr8+112925868"	61	0.000686457653440166	177	"Polyclonal_50pct"	"sonic"	451284	"CSMD3~*"	"-"	282376	"MIR2053"	"+"	"CSMD3"	"-"	451284	"CSMD3"	"-"	"~*"	"CSMD3"
"chr6"	35625262	35625262	1	"-"	"chr6-35625262"	59	0.000663950845130652	178	"Polyclonal_50pct"	"sonic"	-44706	"FKBP5*"	"-"	39527	"MIR5690"	"-"	"FKBP5"	"-"	172925	"FANCE"	"+"	"*"	"FKBP5"
"chr7"	125212675	125212675	1	"-"	"chr7-125212675"	57	0.000641444036821138	179	"Polyclonal_50pct"	"sonic"	28107	"LOC101928283*"	"+"	28107	"LOC101928283"	"+"	"LOC101928283"	"+"	1286821	"SPAM1"	"+"	"*"	"LOC101928283"
"chr1"	192301751	192301751	1	"-"	"chr1-192301751"	56	0.000630190632666382	182	"Polyclonal_50pct"	"sonic"	-15240	"RGS21"	"+"	-15240	"RGS21"	"+"	"FALSE"	""	-274021	"RGS1"	"+"	""	"RGS21"
"chr15"	54498187	54498187	1	"+"	"chr15+54498187"	56	0.000630190632666382	182	"Polyclonal_50pct"	"sonic"	-130418	"UNC13C*"	"+"	519747	"UNC13C"	"+"	"UNC13C"	"+"	-2419902	"TCF12"	"+"	"*"	"UNC13C"
"chr7"	52604284	52604284	1	"-"	"chr7-52604284"	56	0.000630190632666382	182	"Polyclonal_50pct"	"sonic"	-431348	"POM121L12"	"+"	-431348	"POM121L12"	"+"	"FALSE"	""	-1810831	"GRB10"	"-"	""	"POM121L12"
"chr6"	100384884	100384884	1	"-"	"chr6-100384884"	55	0.000618937228511625	184	"Polyclonal_50pct"	"sonic"	124	"SIM1"	"-"	79572	"SIM1"	"-"	"FALSE"	""	-816070	"CCNC"	"-"	""	"SIM1"
"chr8"	93446295	93446295	1	"-"	"chr8-93446295"	55	0.000618937228511625	184	"Polyclonal_50pct"	"sonic"	-99829	"LINC00535*"	"-"	254138	"LINC00535"	"-"	"LINC00535"	"-"	-1342910	"RUNX1T1"	"-"	"*"	"LINC00535"
"chr1"	188412423	188412423	1	"-"	"chr1-188412423"	54	0.000607683824356868	187	"Polyclonal_50pct"	"sonic"	935201	"LINC01037"	"+"	968796	"LINC01037"	"+"	"FALSE"	""	1583475	"PLA2G4A"	"+"	""	"LINC01037"
"chr2"	42202427	42202427	1	"+"	"chr2+42202427"	54	0.000607683824356868	187	"Polyclonal_50pct"	"sonic"	33075	"EML4*"	"+"	-32196	"EML4-AS1"	"-"	"EML4"	"+"	33075	"EML4"	"+"	"*"	"EML4"
"chr3"	112946066	112946066	1	"+"	"chr3+112946066"	54	0.000607683824356868	187	"Polyclonal_50pct"	"sonic"	-17149	"CD200R1*"	"-"	29037	"CD200R1"	"-"	"CD200R1"	"-"	612911	"CD200"	"+"	"*"	"CD200R1"
"chr1"	78581163	78581163	1	"+"	"chr1+78581163"	53	0.000596430420202111	194	"Polyclonal_50pct"	"sonic"	-39284	"IFI44L"	"+"	-39284	"IFI44L"	"+"	"FALSE"	""	-601958	"FUBP1"	"-"	""	"IFI44L"
"chr10"	72791984	72791984	1	"+"	"chr10+72791984"	53	0.000596430420202111	194	"Polyclonal_50pct"	"sonic"	-95710	"MCU*"	"+"	70956	"MIR4676"	"+"	"MCU"	"+"	455271	"DNAJC9"	"-"	"*"	"MCU"
"chr19"	20813924	20813924	1	"+"	"chr19+20813924"	53	0.000596430420202111	194	"Polyclonal_50pct"	"sonic"	3929	"ZNF66"	"+"	37621	"ZNF66"	"+"	"FALSE"	""	-1643661	"MEF2B"	"-"	""	"ZNF66"
"chr5"	18933150	18933150	1	"+"	"chr5+18933150"	53	0.000596430420202111	194	"Polyclonal_50pct"	"sonic"	538145	"CDH18"	"-"	953122	"CDH18"	"-"	"FALSE"	""	3431713	"FBXL7"	"+"	""	"CDH18"
"chr6"	42795065	42795065	1	"-"	"chr6-42795065"	53	0.000596430420202111	194	"Polyclonal_50pct"	"sonic"	48079	"BICRAL*"	"+"	11570	"LOC401261"	"+"	"BICRAL"	"+"	-120923	"PTCRA"	"+"	"*"	"BICRAL"
"chr7"	123159654	123159654	1	"+"	"chr7+123159654"	53	0.000596430420202111	194	"Polyclonal_50pct"	"sonic"	40315	"SLC13A1*"	"-"	40315	"SLC13A1"	"-"	"SLC13A1"	"-"	-272895	"CADPS2"	"-"	"*"	"SLC13A1"
"chr9"	122930091	122930091	1	"+"	"chr9+122930091"	53	0.000596430420202111	194	"Polyclonal_50pct"	"sonic"	1174	"ZBTB26*"	"-"	1174	"ZBTB26"	"-"	"ZBTB26"	"-"	-426105	"CRB2"	"+"	"*"	"ZBTB26"
"chr11"	26060696	26060696	1	"+"	"chr11+26060696"	52	0.000585177016047354	197	"Polyclonal_50pct"	"sonic"	-128426	"ANO3"	"+"	-128426	"ANO3"	"+"	"FALSE"	""	-3434873	"FANCF"	"-"	""	"ANO3"
"chr13"	80806111	80806111	1	"-"	"chr13-80806111"	52	0.000585177016047354	197	"Polyclonal_50pct"	"sonic"	-212279	"LINC00377"	"+"	-212279	"LINC00377"	"+"	"FALSE"	""	-2202559	"POU4F1"	"-"	""	"LINC00377"
"chr6"	132033861	132033861	1	"-"	"chr6-132033861"	52	0.000585177016047354	197	"Polyclonal_50pct"	"sonic"	81330	"MIR548AJ1"	"-"	81402	"MIR548AJ1"	"-"	"FALSE"	""	-1207495	"EYA4"	"+"	""	"MIR548AJ1"
"chr13"	56527727	56527727	1	"+"	"chr13+56527727"	51	0.000573923611892598	200	"Polyclonal_50pct"	"sonic"	-613190	"PRR20B,PRR20D,PRR20E,PRR20C,PRR20A"	"+"	-613190	"PRR20B,PRR20D,PRR20E,PRR20C,PRR20A"	"+"	"FALSE"	""	3498915	"OLFM4"	"+"	""	"PRR20B,PRR20D,PRR20E,PRR20C,PRR20A"
"chr17"	18546240	18546240	1	"+"	"chr17+18546240"	51	0.000573923611892598	200	"Polyclonal_50pct"	"sonic"	-8440	"CCDC144B*"	"-"	-19394	"FAM106A"	"-"	"CCDC144B"	"-"	-287218	"FLII"	"-"	"*"	"CCDC144B"
"chr17"	78123503	78123503	1	"-"	"chr17-78123503"	51	0.000573923611892598	200	"Polyclonal_50pct"	"sonic"	5252	"TMC6*"	"-"	5252	"TMC6"	"-"	"TMC6"	"-"	63549	"TK1"	"-"	"*"	"TMC6"
"chr3"	188028004	188028004	1	"+"	"chr3+188028004"	50	0.000562670207737841	202	"Polyclonal_50pct"	"sonic"	-51597	"LINC01991"	"-"	-51597	"LINC01991"	"-"	"FALSE"	""	-125016	"LPP"	"+"	""	"LINC01991"
"chr9"	25796064	25796064	1	"+"	"chr9+25796064"	50	0.000562670207737841	202	"Polyclonal_50pct"	"sonic"	16009	"LINC01241*"	"+"	16009	"LINC01241"	"+"	"LINC01241"	"+"	-1313076	"TEK"	"+"	"*"	"LINC01241"
"chr6"	71608171	71608171	1	"-"	"chr6-71608171"	49	0.000551416803583084	203	"Polyclonal_50pct"	"sonic"	149299	"LINC01626"	"+"	187145	"LINC01626"	"+"	"FALSE"	""	939642	"SMAP1"	"+"	""	"LINC01626"
"chr12"	79085004	79085004	1	"+"	"chr12+79085004"	47	0.00052890999527357	206	"Polyclonal_50pct"	"sonic"	39313	"SYT1*"	"+"	39313	"SYT1"	"+"	"SYT1"	"+"	605576	"PAWR"	"-"	"*"	"SYT1"
"chr2"	185540066	185540066	1	"-"	"chr2-185540066"	47	0.00052890999527357	206	"Polyclonal_50pct"	"sonic"	179807	"FSIP2-AS2"	"-"	198653	"FSIP2-AS2"	"-"	"FALSE"	""	3250057	"DIRC1"	"-"	""	"FSIP2-AS2"
"chr7"	81283362	81283362	1	"-"	"chr7-81283362"	47	0.00052890999527357	206	"Polyclonal_50pct"	"sonic"	232384	"LOC105369146"	"-"	278457	"LOC105369146"	"-"	"FALSE"	""	486685	"HGF"	"-"	""	"LOC105369146"
"chr7"	48222139	48222139	1	"-"	"chr7-48222139"	46	0.000517656591118813	208	"Polyclonal_50pct"	"sonic"	50682	"ABCA13*"	"+"	50682	"ABCA13"	"+"	"ABCA13"	"+"	-242524	"HUS1"	"-"	"*"	"ABCA13"
"chr7"	83404324	83404324	1	"-"	"chr7-83404324"	46	0.000517656591118813	208	"Polyclonal_50pct"	"sonic"	-40419	"SEMA3E*"	"-"	237107	"SEMA3E"	"-"	"SEMA3E"	"-"	-1634277	"HGF"	"-"	"*"	"SEMA3E"
"chr10"	4216217	4216217	1	"+"	"chr10+4216217"	45	0.000506403186964057	209	"Polyclonal_50pct"	"sonic"	-9342	"LINC00702*"	"-"	27695	"LINC00702"	"-"	"LINC00702"	"-"	-430936	"KLF6"	"-"	"*"	"LINC00702"
"chr1"	52282125	52282125	1	"+"	"chr1+52282125"	44	0.0004951497828093	211	"Polyclonal_50pct"	"sonic"	-64561	"ZFYVE9*"	"+"	84080	"CC2D1B"	"-"	"ZFYVE9"	"+"	-762859	"EPS15"	"-"	"*"	"ZFYVE9"
"chr4"	129735087	129735087	1	"-"	"chr4-129735087"	44	0.0004951497828093	211	"Polyclonal_50pct"	"sonic"	-10917	"LINC02466*"	"-"	36391	"LINC02466"	"-"	"LINC02466"	"-"	-641548	"SCLT1"	"-"	"*"	"LINC02466"
"chr6"	67411528	67411528	1	"-"	"chr6-67411528"	43	0.000483896378654543	212	"Polyclonal_50pct"	"sonic"	-643822	"LOC102723883"	"+"	-643822	"LOC102723883"	"+"	"FALSE"	""	-2455027	"COL19A1"	"+"	""	"LOC102723883"
"chr12"	79917753	79917753	1	"+"	"chr12+79917753"	42	0.000472642974499786	217	"Polyclonal_50pct"	"sonic"	17198	"PPP1R12A*"	"-"	-3842	"PPP1R12A"	"-"	"PPP1R12A"	"-"	-226656	"PAWR"	"-"	"*"	"PPP1R12A"
"chr17"	78282958	78282958	1	"+"	"chr17+78282958"	42	0.000472642974499786	217	"Polyclonal_50pct"	"sonic"	-4466	"LINC01993"	"-"	-4466	"LINC01993"	"-"	"FALSE"	""	-95754	"TK1"	"-"	""	"LINC01993"
"chr4"	15219760	15219760	1	"-"	"chr4-15219760"	42	0.000472642974499786	217	"Polyclonal_50pct"	"sonic"	208154	"C1QTNF7-AS1*"	"-"	-120227	"C1QTNF7"	"+"	"C1QTNF7-AS1"	"-"	8525883	"S100P"	"+"	"*"	"C1QTNF7-AS1"
"chr7"	23771383	23771383	1	"+"	"chr7+23771383"	42	0.000472642974499786	217	"Polyclonal_50pct"	"sonic"	-61128	"STK31*"	"+"	61165	"STK31"	"+"	"STK31"	"+"	-512806	"NPY"	"+"	"*"	"STK31"
"chr7"	79901172	79901172	1	"-"	"chr7-79901172"	42	0.000472642974499786	217	"Polyclonal_50pct"	"sonic"	-233658	"GNAI1"	"+"	-233658	"GNAI1"	"+"	"FALSE"	""	1868875	"HGF"	"-"	""	"GNAI1"
"chr17"	30758459	30758459	1	"+"	"chr17+30758459"	41	0.000461389570345029	220	"Polyclonal_50pct"	"sonic"	-11591	"SUZ12P1*"	"+"	48852	"SUZ12P1"	"+"	"SUZ12P1"	"+"	-336467	"NF1"	"+"	"*"	"SUZ12P1"
"chr4"	185285980	185285980	1	"+"	"chr4+185285980"	41	0.000461389570345029	220	"Polyclonal_50pct"	"sonic"	-24930	"SNX25*"	"+"	76424	"SNX25"	"+"	"SNX25"	"+"	370766	"SORBS2"	"-"	"*"	"SNX25"
"chr4"	137144355	137144355	1	"-"	"chr4-137144355"	41	0.000461389570345029	220	"Polyclonal_50pct"	"sonic"	68444	"LINC02511*"	"-"	-49400	"LINC02510"	"+"	"LINC02511"	"-"	-6040561	"USP38"	"+"	"*"	"LINC02511"
"chr1"	102812730	102812730	1	"-"	"chr1-102812730"	40	0.000450136166190273	222	"Polyclonal_50pct"	"sonic"	63736	"COL11A1"	"-"	295766	"COL11A1"	"-"	"FALSE"	""	295766	"COL11A1"	"-"	""	"COL11A1"
"chr17"	39857451	39857451	1	"+"	"chr17+39857451"	40	0.000450136166190273	222	"Polyclonal_50pct"	"sonic"	6737	"IKZF3~*"	"-"	6737	"IKZF3"	"-"	"IKZF3"	"-"	6737	"IKZF3"	"-"	"~*"	"IKZF3"
"chr8"	15567476	15567476	1	"-"	"chr8-15567476"	39	0.000438882762035516	223	"Polyclonal_50pct"	"sonic"	27214	"TUSC3*"	"+"	27214	"TUSC3"	"+"	"TUSC3"	"+"	-1962856	"DLC1"	"-"	"*"	"TUSC3"
"chr13"	63150541	63150541	1	"-"	"chr13-63150541"	38	0.000427629357880759	227	"Polyclonal_50pct"	"sonic"	32559	"LINC00376"	"-"	177553	"LINC00376"	"-"	"FALSE"	""	-9904434	"KLF5"	"+"	""	"LINC00376"
"chr17"	39874401	39874401	1	"-"	"chr17-39874401"	38	0.000427629357880759	227	"Polyclonal_50pct"	"sonic"	-3495	"ZPBP2*"	"+"	6200	"ZPBP2"	"+"	"ZPBP2"	"+"	-10089	"IKZF3"	"-"	"*"	"ZPBP2"
"chr18"	42865728	42865728	1	"-"	"chr18-42865728"	38	0.000427629357880759	227	"Polyclonal_50pct"	"sonic"	-122502	"RIT2*"	"-"	249957	"RIT2"	"-"	"RIT2"	"-"	-1814344	"SETBP1"	"+"	"*"	"RIT2"
"chr5"	138204106	138204106	1	"-"	"chr5-138204106"	38	0.000427629357880759	227	"Polyclonal_50pct"	"sonic"	9217	"CDC23*"	"-"	9217	"CDC23"	"-"	"CDC23"	"-"	127698	"CDC25C"	"-"	"*"	"CDC23"
"chr5"	4454111	4454111	1	"-"	"chr5-4454111"	37	0.000416375953726002	229	"Polyclonal_50pct"	"sonic"	-319369	"LINC02114"	"+"	-319369	"LINC02114"	"+"	"FALSE"	""	-3008671	"SLC6A3"	"-"	""	"LINC02114"
"chr8"	64667835	64667835	1	"+"	"chr8+64667835"	37	0.000416375953726002	229	"Polyclonal_50pct"	"sonic"	-76985	"CYP7B1~*"	"-"	-85943	"LOC401463"	"-"	"CYP7B1"	"-"	130902	"CYP7B1"	"-"	"~*"	"CYP7B1"
"chr1"	212100768	212100768	1	"+"	"chr1+212100768"	36	0.000405122549571245	236	"Polyclonal_50pct"	"sonic"	-4238	"DTL*"	"+"	23156	"MIR3122"	"+"	"DTL"	"+"	-464565	"ATF3"	"+"	"*"	"DTL"
"chr1"	219652188	219652188	1	"-"	"chr1-219652188"	36	0.000405122549571245	236	"Polyclonal_50pct"	"sonic"	-39043	"ZC3H11B"	"-"	-39043	"ZC3H11B"	"-"	"FALSE"	""	1306853	"TGFB2"	"+"	""	"ZC3H11B"
"chr12"	23980832	23980832	1	"+"	"chr12+23980832"	36	0.000405122549571245	236	"Polyclonal_50pct"	"sonic"	-451329	"SOX5*"	"-"	-29800	"SOX5"	"-"	"SOX5"	"-"	-29800	"SOX5"	"-"	"*"	"SOX5"
"chr12"	5682387	5682387	1	"-"	"chr12-5682387"	36	0.000405122549571245	236	"Polyclonal_50pct"	"sonic"	-119732	"ANO2*"	"-"	188256	"NTF3"	"+"	"ANO2"	"-"	-517558	"CD9"	"+"	"*"	"ANO2"
"chr4"	137574569	137574569	1	"+"	"chr4+137574569"	36	0.000405122549571245	236	"Polyclonal_50pct"	"sonic"	28839	"LINC02172*"	"+"	28839	"LINC02172"	"+"	"LINC02172"	"+"	-5610347	"USP38"	"+"	"*"	"LINC02172"
"chr5"	77064522	77064522	1	"-"	"chr5-77064522"	36	0.000405122549571245	236	"Polyclonal_50pct"	"sonic"	-711	"AGGF1*"	"+"	16049	"SNORA47"	"-"	"AGGF1"	"+"	1727303	"HMGCR"	"+"	"*"	"AGGF1"
"chr6"	75292397	75292397	1	"-"	"chr6-75292397"	36	0.000405122549571245	236	"Polyclonal_50pct"	"sonic"	-539	"FILIP1*"	"-"	7384	"TMEM30A-DT"	"+"	"FILIP1"	"-"	1596195	"CD109"	"+"	"*"	"FILIP1"
"chr1"	192529139	192529139	1	"-"	"chr1-192529139"	35	0.000393869145416489	243	"Polyclonal_50pct"	"sonic"	-46633	"RGS1"	"+"	-46633	"RGS1"	"+"	"FALSE"	""	-46633	"RGS1"	"+"	""	"RGS1"
"chr21"	19769126	19769126	1	"+"	"chr21+19769126"	35	0.000393869145416489	243	"Polyclonal_50pct"	"sonic"	124152	"LINC01683"	"-"	130629	"LINC01683"	"-"	"FALSE"	""	3178890	"MIR125B2"	"+"	""	"LINC01683"
"chr3"	189997669	189997669	1	"+"	"chr3+189997669"	35	0.000393869145416489	243	"Polyclonal_50pct"	"sonic"	-40942	"P3H2*"	"-"	123228	"P3H2"	"-"	"P3H2"	"-"	1784774	"LPP"	"+"	"*"	"P3H2"
"chr3"	46121957	46121957	1	"-"	"chr3-46121957"	35	0.000393869145416489	243	"Polyclonal_50pct"	"sonic"	-36113	"XCR1"	"-"	-36113	"XCR1"	"-"	"FALSE"	""	86356	"CCR1"	"-"	""	"XCR1"
"chr5"	28658700	28658700	1	"+"	"chr5+28658700"	35	0.000393869145416489	243	"Polyclonal_50pct"	"sonic"	-268169	"LSP1P3"	"+"	-268169	"LSP1P3"	"+"	"FALSE"	""	-4013722	"CDH10"	"-"	""	"LSP1P3"
"chr8"	16209812	16209812	1	"+"	"chr8+16209812"	35	0.000393869145416489	243	"Polyclonal_50pct"	"sonic"	-17021	"MSR1"	"-"	-17021	"MSR1"	"-"	"FALSE"	""	-1366620	"PDGFRL"	"+"	""	"MSR1"
"chrX"	21442874	21442874	1	"+"	"chrX+21442874"	35	0.000393869145416489	243	"Polyclonal_50pct"	"sonic"	68457	"CNKSR2*"	"+"	68457	"CNKSR2"	"+"	"CNKSR2"	"+"	-1301036	"EIF1AX"	"-"	"*"	"CNKSR2"
"chr17"	81589299	81589299	1	"-"	"chr17-81589299"	34	0.000382615741261732	248	"Polyclonal_50pct"	"sonic"	-32413	"NPLOC4*"	"-"	-11866	"NPLOC4"	"-"	"NPLOC4"	"-"	334167	"MAFG"	"-"	"*"	"NPLOC4"
"chr2"	164688238	164688238	1	"+"	"chr2+164688238"	34	0.000382615741261732	248	"Polyclonal_50pct"	"sonic"	-8051	"COBLL1*"	"-"	-461	"SNORA70F"	"-"	"COBLL1"	"-"	4674296	"LRP2"	"-"	"*"	"COBLL1"
"chr2"	215807157	215807157	1	"-"	"chr2-215807157"	34	0.000382615741261732	248	"Polyclonal_50pct"	"sonic"	36379	"LINC00607*"	"-"	36379	"LINC00607"	"-"	"LINC00607"	"-"	-371089	"FN1"	"-"	"*"	"LINC00607"
"chr4"	157309022	157309022	1	"+"	"chr4+157309022"	34	0.000382615741261732	248	"Polyclonal_50pct"	"sonic"	-57052	"GRIA2*"	"+"	88295	"GRIA2"	"+"	"GRIA2"	"+"	-4772930	"FBXW7"	"-"	"*"	"GRIA2"
"chr4"	41049156	41049156	1	"-"	"chr4-41049156"	34	0.000382615741261732	248	"Polyclonal_50pct"	"sonic"	165386	"APBB2*"	"-"	165386	"APBB2"	"-"	"APBB2"	"-"	699569	"PHOX2B"	"-"	"*"	"APBB2"
"chr1"	225950881	225950881	1	"+"	"chr1+225950881"	33	0.000371362337106975	256	"Polyclonal_50pct"	"sonic"	-9389	"LEFTY2"	"-"	-9389	"LEFTY2"	"-"	"FALSE"	""	-272782	"MIXL1"	"+"	""	"LEFTY2"
"chr12"	88397159	88397159	1	"+"	"chr12+88397159"	33	0.000371362337106975	256	"Polyclonal_50pct"	"sonic"	95633	"KITLG"	"-"	183312	"KITLG"	"-"	"FALSE"	""	183312	"KITLG"	"-"	""	"KITLG"
"chr15"	42738565	42738565	1	"-"	"chr15-42738565"	33	0.000371362337106975	256	"Polyclonal_50pct"	"sonic"	164	"TTBK2"	"-"	-1437	"CDAN1"	"-"	"FALSE"	""	1178594	"TYRO3"	"+"	""	"TTBK2"
"chr2"	221937819	221937819	1	"+"	"chr2+221937819"	33	0.000371362337106975	256	"Polyclonal_50pct"	"sonic"	262067	"PAX3"	"-"	-360327	"CCDC140"	"+"	"FALSE"	""	361179	"PAX3"	"-"	""	"PAX3"
"chr5"	180726744	180726744	1	"+"	"chr5+180726744"	33	0.000371362337106975	256	"Polyclonal_50pct"	"sonic"	12378	"OR2Y1"	"-"	13314	"OR2Y1"	"-"	"FALSE"	""	-434661	"MAPK9"	"-"	""	"OR2Y1"
"chr5"	116028130	116028130	1	"-"	"chr5-116028130"	33	0.000371362337106975	256	"Polyclonal_50pct"	"sonic"	525	"LVRN"	"+"	-4341	"ARL14EPL"	"+"	"FALSE"	""	-2539677	"MCC"	"-"	""	"LVRN"
"chr7"	18300023	18300023	1	"+"	"chr7+18300023"	33	0.000371362337106975	256	"Polyclonal_50pct"	"sonic"	9932	"HDAC9*"	"+"	9932	"HDAC9"	"+"	"HDAC9"	"+"	817613	"TWIST1"	"-"	"*"	"HDAC9"
"chr7"	19431848	19431848	1	"+"	"chr7+19431848"	33	0.000371362337106975	256	"Polyclonal_50pct"	"sonic"	263612	"POLR1F"	"-"	273588	"MIR3146"	"-"	"FALSE"	""	-314212	"TWIST1"	"-"	""	"POLR1F"
"chr1"	242422905	242422905	1	"-"	"chr1-242422905"	32	0.000360108932952218	266	"Polyclonal_50pct"	"sonic"	26563	"PLD5*"	"-"	26563	"PLD5"	"-"	"PLD5"	"-"	-833099	"SDCCAG8"	"+"	"*"	"PLD5"
"chr18"	63400911	63400911	1	"-"	"chr18-63400911"	32	0.000360108932952218	266	"Polyclonal_50pct"	"sonic"	-11720	"VPS4B*"	"-"	21565	"VPS4B"	"-"	"VPS4B"	"-"	-33705	"KDSR"	"-"	"*"	"VPS4B"
"chr2"	68504882	68504882	1	"+"	"chr2+68504882"	32	0.000360108932952218	266	"Polyclonal_50pct"	"sonic"	37298	"APLF*"	"+"	37298	"APLF"	"+"	"APLF"	"+"	-229928	"ARHGAP25"	"+"	"*"	"APLF"
"chr20"	41474945	41474945	1	"-"	"chr20-41474945"	32	0.000360108932952218	266	"Polyclonal_50pct"	"sonic"	-72863	"CHD6*"	"-"	-108127	"EMILIN3"	"-"	"CHD6"	"-"	446124	"TOP1"	"+"	"*"	"CHD6"
"chr4"	136575971	136575971	1	"+"	"chr4+136575971"	32	0.000360108932952218	266	"Polyclonal_50pct"	"sonic"	219930	"LINC02511"	"-"	-617784	"LINC02510"	"+"	"FALSE"	""	-6608945	"USP38"	"+"	""	"LINC02511"
"chr5"	12085131	12085131	1	"+"	"chr5+12085131"	32	0.000360108932952218	266	"Polyclonal_50pct"	"sonic"	-180685	"CTNND2"	"-"	-180685	"CTNND2"	"-"	"FALSE"	""	-180685	"CTNND2"	"-"	""	"CTNND2"
"chr5"	28203141	28203141	1	"-"	"chr5-28203141"	32	0.000360108932952218	266	"Polyclonal_50pct"	"sonic"	83247	"LINC02103"	"-"	84524	"LINC02103"	"-"	"FALSE"	""	-3558163	"CDH10"	"-"	""	"LINC02103"
"chr7"	54604530	54604530	1	"-"	"chr7-54604530"	32	0.000360108932952218	266	"Polyclonal_50pct"	"sonic"	32804	"VSTM2A-OT1"	"+"	47561	"VSTM2A-OT1"	"+"	"FALSE"	""	-414486	"EGFR"	"+"	""	"VSTM2A-OT1"
"chr9"	14175911	14175911	1	"-"	"chr9-14175911"	32	0.000360108932952218	266	"Polyclonal_50pct"	"sonic"	4891	"NFIB~*"	"-"	4891	"NFIB"	"-"	"NFIB"	"-"	4891	"NFIB"	"-"	"~*"	"NFIB"
"chr9"	24566164	24566164	1	"-"	"chr9-24566164"	32	0.000360108932952218	266	"Polyclonal_50pct"	"sonic"	-20267	"IZUMO3"	"-"	-20267	"IZUMO3"	"-"	"FALSE"	""	-2542976	"TEK"	"+"	""	"IZUMO3"
"chr1"	232454205	232454205	1	"+"	"chr1+232454205"	31	0.000348855528797461	275	"Polyclonal_50pct"	"sonic"	-56240	"SIPA1L2*"	"-"	175928	"SIPA1L2"	"-"	"SIPA1L2"	"-"	-1031918	"EGLN1"	"-"	"*"	"SIPA1L2"
"chr1"	80474187	80474187	1	"+"	"chr1+80474187"	31	0.000348855528797461	275	"Polyclonal_50pct"	"sonic"	-61567	"LINC01781"	"+"	-61567	"LINC01781"	"+"	"FALSE"	""	-2494982	"FUBP1"	"-"	""	"LINC01781"
"chr1"	104072161	104072161	1	"-"	"chr1-104072161"	31	0.000348855528797461	275	"Polyclonal_50pct"	"sonic"	-861	"LOC100129138"	"+"	-861	"LOC100129138"	"+"	"FALSE"	""	-963639	"COL11A1"	"-"	""	"LOC100129138"
"chr11"	89087213	89087213	1	"+"	"chr11+89087213"	31	0.000348855528797461	275	"Polyclonal_50pct"	"sonic"	-21231	"GRM5"	"-"	-21231	"GRM5"	"-"	"FALSE"	""	-2414577	"ME3"	"-"	""	"GRM5"
"chr2"	196026807	196026807	1	"-"	"chr2-196026807"	31	0.000348855528797461	275	"Polyclonal_50pct"	"sonic"	42030	"DNAH7*"	"-"	42030	"DNAH7"	"-"	"DNAH7"	"-"	1283973	"ANKRD44"	"-"	"*"	"DNAH7"
"chr7"	12229395	12229395	1	"-"	"chr7-12229395"	31	0.000348855528797461	275	"Polyclonal_50pct"	"sonic"	-13972	"TMEM106B*"	"+"	18102	"TMEM106B"	"+"	"TMEM106B"	"+"	1757119	"ETV1"	"-"	"*"	"TMEM106B"
"chr8"	144123129	144123129	1	"+"	"chr8+144123129"	31	0.000348855528797461	275	"Polyclonal_50pct"	"sonic"	4812	"WDR97"	"+"	-14644	"HGH1"	"+"	"FALSE"	""	168309	"BOP1"	"-"	""	"WDR97"
"chr9"	102722084	102722084	1	"+"	"chr9+102722084"	31	0.000348855528797461	275	"Polyclonal_50pct"	"sonic"	64575	"LINC00587"	"+"	202448	"LINC00587"	"+"	"FALSE"	""	-1286310	"ALDOB"	"-"	""	"LINC00587"
"chrX"	132865788	132865788	1	"+"	"chrX+132865788"	31	0.000348855528797461	275	"Polyclonal_50pct"	"sonic"	95582	"HS6ST2*"	"-"	95582	"HS6ST2"	"-"	"HS6ST2"	"-"	1119806	"GPC3"	"-"	"*"	"HS6ST2"
"chr1"	178895987	178895987	1	"-"	"chr1-178895987"	30	0.000337602124642704	281	"Polyclonal_50pct"	"sonic"	-25853	"RALGPS2*"	"+"	-24910	"ANGPTL1"	"-"	"RALGPS2"	"+"	170744	"RALGPS2"	"+"	"*"	"RALGPS2"
"chr17"	76160234	76160234	1	"+"	"chr17+76160234"	30	0.000337602124642704	281	"Polyclonal_50pct"	"sonic"	-17761	"RNF157*"	"-"	-18989	"FOXJ1"	"-"	"RNF157"	"-"	80259	"RNF157"	"-"	"*"	"RNF157"
"chr19"	46913418	46913418	1	"+"	"chr19+46913418"	30	0.000337602124642704	281	"Polyclonal_50pct"	"sonic"	52422	"ARHGAP35*"	"+"	52422	"ARHGAP35"	"+"	"ARHGAP35"	"+"	317781	"BBC3"	"-"	"*"	"ARHGAP35"
"chr19"	894377	894377	1	"-"	"chr19-894377"	30	0.000337602124642704	281	"Polyclonal_50pct"	"sonic"	787	"RNU6-9,RNU6-2"	"+"	894	"RNU6-1,RNU6-7,RNU6-8,RNU6-9,RNU6-2"	"+"	"FALSE"	""	96926	"PTBP1"	"+"	""	"RNU6-9,RNU6-2"
"chr20"	64275997	64275997	1	"-"	"chr20-64275997"	30	0.000337602124642704	281	"Polyclonal_50pct"	"sonic"	-229	"PCMTD2*"	"+"	-14387	"LINC00266-1"	"+"	"PCMTD2"	"+"	-196033	"RGS19"	"-"	"*"	"PCMTD2"
"chr3"	97308355	97308355	1	"+"	"chr3+97308355"	30	0.000337602124642704	281	"Polyclonal_50pct"	"sonic"	-453177	"EPHA6*"	"+"	-131251	"EPHA6"	"+"	"EPHA6"	"+"	-3334459	"PROS1"	"-"	"*"	"EPHA6"
"chr16"	2440179	2440179	1	"+"	"chr16+2440179"	29	0.000326348720487948	286	"Polyclonal_50pct"	"sonic"	10733	"CCNF~*"	"+"	-5212	"MIR6767"	"+"	"CCNF"	"+"	10733	"CCNF"	"+"	"~*"	"CCNF"
"chr18"	65420856	65420856	1	"+"	"chr18+65420856"	29	0.000326348720487948	286	"Polyclonal_50pct"	"sonic"	-329395	"CDH7"	"+"	-329395	"CDH7"	"+"	"FALSE"	""	-1758963	"SERPINB3"	"-"	""	"CDH7"
"chr5"	54868035	54868035	1	"+"	"chr5+54868035"	29	0.000326348720487948	286	"Polyclonal_50pct"	"sonic"	109831	"ESM1"	"-"	117558	"ESM1"	"-"	"FALSE"	""	1126928	"IL6ST"	"-"	""	"ESM1"
"chr6"	126026894	126026894	1	"+"	"chr6+126026894"	29	0.000326348720487948	286	"Polyclonal_50pct"	"sonic"	-12380	"TRMT11*"	"+"	40355	"TRMT11"	"+"	"TRMT11"	"+"	-1091776	"RSPO3"	"+"	"*"	"TRMT11"
"chr6"	56776955	56776955	1	"-"	"chr6-56776955"	29	0.000326348720487948	286	"Polyclonal_50pct"	"sonic"	66692	"DST*"	"-"	66692	"DST"	"-"	"DST"	"-"	66692	"DST"	"-"	"*"	"DST"
"chr10"	114965856	114965856	1	"+"	"chr10+114965856"	28	0.000315095316333191	297	"Polyclonal_50pct"	"sonic"	-11820	"TRUB1*"	"+"	27662	"TRUB1"	"+"	"TRUB1"	"+"	1836586	"TCF7L2"	"+"	"*"	"TRUB1"
"chr11"	6936242	6936242	1	"+"	"chr11+6936242"	28	0.000315095316333191	297	"Polyclonal_50pct"	"sonic"	8581	"ZNF215*"	"+"	8581	"ZNF215"	"+"	"ZNF215"	"+"	-1051094	"EIF3F"	"+"	"*"	"ZNF215"
"chr13"	68943601	68943601	1	"-"	"chr13-68943601"	28	0.000315095316333191	297	"Polyclonal_50pct"	"sonic"	-58276	"LINC00550"	"-"	-58276	"LINC00550"	"-"	"FALSE"	""	-4111374	"KLF5"	"+"	""	"LINC00550"
"chr15_ML143371v1_fix"	1825662	1825662	1	"-"	"chr15_ML143371v1_fix-1825662"	28	0.000315095316333191	297	"Polyclonal_50pct"	"sonic"	-1527312	"LOC102723623"	"+"	-1527312	"LOC102723623"	"+"	"FALSE"	""	NA	""	""	""	"LOC102723623"
"chr18"	56984416	56984416	1	"+"	"chr18+56984416"	28	0.000315095316333191	297	"Polyclonal_50pct"	"sonic"	-45376	"WDR7*"	"+"	87703	"LINC-ROR"	"-"	"WDR7"	"+"	818899	"ATP8B1"	"-"	"*"	"WDR7"
"chr3"	51888873	51888873	1	"+"	"chr3+51888873"	28	0.000315095316333191	297	"Polyclonal_50pct"	"sonic"	6002	"IQCF1"	"-"	-13272	"IQCF5"	"-"	"FALSE"	""	53031	"RRP9"	"-"	""	"IQCF1"
"chr4"	167524590	167524590	1	"+"	"chr4+167524590"	28	0.000315095316333191	297	"Polyclonal_50pct"	"sonic"	-290000	"SPOCK3"	"-"	-290000	"SPOCK3"	"-"	"FALSE"	""	-4191994	"NPY1R"	"-"	""	"SPOCK3"
"chr5"	19420703	19420703	1	"+"	"chr5+19420703"	28	0.000315095316333191	297	"Polyclonal_50pct"	"sonic"	50592	"CDH18"	"-"	465569	"CDH18"	"-"	"FALSE"	""	3919266	"FBXL7"	"+"	""	"CDH18"
"chr6"	57052815	57052815	1	"-"	"chr6-57052815"	28	0.000315095316333191	297	"Polyclonal_50pct"	"sonic"	-2410	"KIAA1586*"	"+"	6069	"KIAA1586"	"+"	"KIAA1586"	"+"	-97985	"DST"	"-"	"*"	"KIAA1586"
"chr9"	26289128	26289128	1	"+"	"chr9+26289128"	28	0.000315095316333191	297	"Polyclonal_50pct"	"sonic"	170720	"LOC100506422"	"+"	222454	"LOC100506422"	"+"	"FALSE"	""	-820012	"TEK"	"+"	""	"LOC100506422"
"chr9"	83933427	83933427	1	"+"	"chr9+83933427"	28	0.000315095316333191	297	"Polyclonal_50pct"	"sonic"	4884	"C9orf64"	"-"	-11883	"KIF27"	"-"	"FALSE"	""	36430	"MIR7-1"	"-"	""	"C9orf64"
"chr13"	91960268	91960268	1	"+"	"chr13+91960268"	27	0.000303841912178434	304	"Polyclonal_50pct"	"sonic"	561648	"GPC5*"	"+"	391939	"GPC5-AS2"	"-"	"GPC5"	"+"	561648	"GPC5"	"+"	"*"	"GPC5"
"chr20"	35638241	35638241	1	"+"	"chr20+35638241"	27	0.000303841912178434	304	"Polyclonal_50pct"	"sonic"	-12198	"CPNE1*"	"-"	15668	"CPNE1"	"-"	"CPNE1"	"-"	96164	"ERGIC3"	"+"	"*"	"CPNE1"
"chr3"	111164021	111164021	1	"+"	"chr3+111164021"	27	0.000303841912178434	304	"Polyclonal_50pct"	"sonic"	-30148	"NECTIN3*"	"+"	92206	"NECTIN3"	"+"	"NECTIN3"	"+"	-1168551	"CD200"	"+"	"*"	"NECTIN3"
"chr4"	39122383	39122383	1	"+"	"chr4+39122383"	27	0.000303841912178434	304	"Polyclonal_50pct"	"sonic"	-3850	"KLHL5*"	"+"	-60145	"WDR19"	"+"	"KLHL5"	"+"	458185	"KLF3"	"+"	"*"	"KLHL5"
"chr5"	42015044	42015044	1	"-"	"chr5-42015044"	27	0.000303841912178434	304	"Polyclonal_50pct"	"sonic"	73304	"FBXO4"	"+"	89764	"FBXO4"	"+"	"FALSE"	""	-408394	"GHR"	"+"	""	"FBXO4"
"chr6"	87618866	87618866	1	"+"	"chr6+87618866"	27	0.000303841912178434	304	"Polyclonal_50pct"	"sonic"	28732	"ORC3*"	"+"	28732	"ORC3"	"+"	"ORC3"	"+"	2677977	"BACH2"	"-"	"*"	"ORC3"
"chr6"	125057828	125057828	1	"-"	"chr6-125057828"	27	0.000303841912178434	304	"Polyclonal_50pct"	"sonic"	-34803	"RNF217*"	"+"	74461	"RNF217"	"+"	"RNF217"	"+"	774824	"NKAIN2"	"+"	"*"	"RNF217"
"chr1"	104783179	104783179	1	"+"	"chr1+104783179"	26	0.000292588508023677	310	"Polyclonal_50pct"	"sonic"	706108	"LOC100129138"	"+"	710157	"LOC100129138"	"+"	"FALSE"	""	-1674657	"COL11A1"	"-"	""	"LOC100129138"
"chr1"	35536054	35536054	1	"+"	"chr1+35536054"	26	0.000292588508023677	310	"Polyclonal_50pct"	"sonic"	21349	"KIAA0319L*"	"-"	21349	"KIAA0319L"	"-"	"KIAA0319L"	"-"	-342909	"SFPQ"	"-"	"*"	"KIAA0319L"
"chr10"	73590760	73590760	1	"-"	"chr10-73590760"	26	0.000292588508023677	310	"Polyclonal_50pct"	"sonic"	582	"USP54*"	"-"	582	"USP54"	"-"	"USP54"	"-"	-343505	"DNAJC9"	"-"	"*"	"USP54"
"chr11"	87483479	87483479	1	"+"	"chr11+87483479"	26	0.000292588508023677	310	"Polyclonal_50pct"	"sonic"	154655	"TMEM135"	"+"	235932	"LINC02711"	"-"	"FALSE"	""	-810843	"ME3"	"-"	""	"TMEM135"
"chr8"	109527170	109527170	1	"-"	"chr8-109527170"	26	0.000292588508023677	310	"Polyclonal_50pct"	"sonic"	-10037	"PKHD1L1*"	"+"	-12529	"EBAG9"	"+"	"PKHD1L1"	"+"	-12529	"EBAG9"	"+"	"*"	"PKHD1L1"
"chr9"	106092962	106092962	1	"+"	"chr9+106092962"	26	0.000292588508023677	310	"Polyclonal_50pct"	"sonic"	316333	"TMEM38B"	"+"	398422	"TMEM38B"	"+"	"FALSE"	""	430506	"TAL2"	"+"	""	"TMEM38B"
"chr17"	59673288	59673288	1	"+"	"chr17+59673288"	25	0.00028133510386892	315	"Polyclonal_50pct"	"sonic"	-23668	"CLTC~*"	"+"	34142	"PTRH2"	"-"	"CLTC"	"+"	53394	"CLTC"	"+"	"~*"	"CLTC"
"chr18"	31897897	31897897	1	"-"	"chr18-31897897"	25	0.00028133510386892	315	"Polyclonal_50pct"	"sonic"	45231	"TRAPPC8*"	"-"	45231	"TRAPPC8"	"-"	"TRAPPC8"	"-"	399721	"DSG2"	"+"	"*"	"TRAPPC8"
"chr4"	174920192	174920192	1	"-"	"chr4-174920192"	25	0.00028133510386892	315	"Polyclonal_50pct"	"sonic"	1835	"ADAM29~*"	"+"	1835	"ADAM29"	"+"	"ADAM29"	"+"	1835	"ADAM29"	"+"	"~*"	"ADAM29"
"chrX"	40198283	40198283	1	"+"	"chrX+40198283"	25	0.00028133510386892	315	"Polyclonal_50pct"	"sonic"	-20954	"BCOR"	"-"	-20954	"BCOR"	"-"	"FALSE"	""	-20954	"BCOR"	"-"	""	"BCOR"
"chrX"	125166273	125166273	1	"-"	"chrX-125166273"	25	0.00028133510386892	315	"Polyclonal_50pct"	"sonic"	-153597	"TEX13C"	"+"	-153597	"TEX13C"	"+"	"FALSE"	""	1204568	"STAG2"	"+"	""	"TEX13C"
"chr1"	188101061	188101061	1	"-"	"chr1-188101061"	24	0.000270081699714164	326	"Polyclonal_50pct"	"sonic"	623839	"LINC01037"	"+"	657434	"LINC01037"	"+"	"FALSE"	""	1272113	"PLA2G4A"	"+"	""	"LINC01037"
"chr12"	53586553	53586553	1	"+"	"chr12+53586553"	24	0.000270081699714164	326	"Polyclonal_50pct"	"sonic"	39437	"ATF7*"	"-"	39437	"ATF7"	"-"	"ATF7-NPFF,ATF7"	"-"	-352277	"HOXC13"	"+"	"*"	"ATF7"
"chr13"	103864431	103864431	1	"-"	"chr13-103864431"	24	0.000270081699714164	326	"Polyclonal_50pct"	"sonic"	436746	"LINC01309"	"+"	439232	"LINC01309"	"+"	"FALSE"	""	1018400	"ERCC5"	"+"	""	"LINC01309"
"chr13"	68301658	68301658	1	"-"	"chr13-68301658"	24	0.000270081699714164	326	"Polyclonal_50pct"	"sonic"	559626	"LINC00550"	"-"	583667	"LINC00550"	"-"	"FALSE"	""	-4753317	"KLF5"	"+"	""	"LINC00550"
"chr17"	45251393	45251393	1	"-"	"chr17-45251393"	24	0.000270081699714164	326	"Polyclonal_50pct"	"sonic"	3469	"MAP3K14-AS1*"	"+"	3469	"MAP3K14-AS1"	"+"	"MAP3K14-AS1"	"+"	102919	"HEXIM1"	"+"	"*"	"MAP3K14-AS1"
"chr19"	9371037	9371037	1	"-"	"chr19-9371037"	24	0.000270081699714164	326	"Polyclonal_50pct"	"sonic"	8025	"ZNF177*"	"+"	8025	"ZNF177"	"+"	"ZNF559-ZNF177,ZNF177"	"+"	-389695	"MUC16"	"-"	"*"	"ZNF177"
"chr4"	43741007	43741007	1	"-"	"chr4-43741007"	24	0.000270081699714164	326	"Polyclonal_50pct"	"sonic"	-248464	"LINC02383"	"-"	-248464	"LINC02383"	"-"	"FALSE"	""	-1992282	"PHOX2B"	"-"	""	"LINC02383"
"chr7"	10164103	10164103	1	"+"	"chr7+10164103"	24	0.000270081699714164	326	"Polyclonal_50pct"	"sonic"	285716	"MGC4859"	"-"	529834	"PER3P1"	"+"	"FALSE"	""	-2628230	"COL28A1"	"-"	""	"MGC4859"
"chr7"	26331132	26331132	1	"-"	"chr7-26331132"	24	0.000270081699714164	326	"Polyclonal_50pct"	"sonic"	38102	"SNX10*"	"+"	-29751	"SNX10"	"+"	"SNX10"	"+"	-130386	"HNRNPA2B1"	"-"	"*"	"SNX10"
"chr8"	19799991	19799991	1	"-"	"chr8-19799991"	24	0.000270081699714164	326	"Polyclonal_50pct"	"sonic"	-17157	"INTS10"	"+"	-17157	"INTS10"	"+"	"FALSE"	""	1408710	"NAT2"	"+"	""	"INTS10"
"chr8"	71372246	71372246	1	"-"	"chr8-71372246"	24	0.000270081699714164	326	"Polyclonal_50pct"	"sonic"	-174814	"EYA1*"	"-"	-10177	"EYA1"	"-"	"EYA1"	"-"	-968029	"NCOA2"	"-"	"*"	"EYA1"
"chr10"	55991760	55991760	1	"+"	"chr10+55991760"	23	0.000258828295559407	336	"Polyclonal_50pct"	"sonic"	-363818	"PCDH15"	"-"	-363818	"PCDH15"	"-"	"FALSE"	""	3677480	"DKK1"	"+"	""	"PCDH15"
"chr10"	65764709	65764709	1	"+"	"chr10+65764709"	23	0.000258828295559407	336	"Polyclonal_50pct"	"sonic"	-1832	"LINC01515*"	"+"	193285	"LINC01515"	"+"	"LINC01515"	"+"	-2119946	"SIRT1"	"+"	"*"	"LINC01515"
"chr11"	65432440	65432440	1	"+"	"chr11+65432440"	23	0.000258828295559407	336	"Polyclonal_50pct"	"sonic"	9643	"NEAT1*"	"+"	9643	"NEAT1"	"+"	"NEAT1"	"+"	45804	"FRMD8"	"+"	"*"	"NEAT1"
"chr11"	74421078	74421078	1	"+"	"chr11+74421078"	23	0.000258828295559407	336	"Polyclonal_50pct"	"sonic"	21745	"MIR548AL"	"+"	21842	"MIR548AL"	"+"	"FALSE"	""	-567565	"NEU3"	"+"	""	"MIR548AL"
"chr13"	77266615	77266615	1	"-"	"chr13-77266615"	23	0.000258828295559407	336	"Polyclonal_50pct"	"sonic"	60479	"MYCBP2*"	"-"	60479	"MYCBP2"	"-"	"MYCBP2"	"-"	1336937	"POU4F1"	"-"	"*"	"MYCBP2"
"chr17"	5982739	5982739	1	"+"	"chr17+5982739"	23	0.000258828295559407	336	"Polyclonal_50pct"	"sonic"	52043	"LOC339166"	"+"	-87874	"WSCD1"	"+"	"FALSE"	""	700456	"RABEP1"	"+"	""	"LOC339166"
"chr17"	82623809	82623809	1	"-"	"chr17-82623809"	23	0.000258828295559407	336	"Polyclonal_50pct"	"sonic"	-9248	"WDR45B*"	"-"	24635	"WDR45B"	"-"	"WDR45B"	"-"	388036	"SLC16A3"	"+"	"*"	"WDR45B"
"chr5"	28478371	28478371	1	"+"	"chr5+28478371"	23	0.000258828295559407	336	"Polyclonal_50pct"	"sonic"	-190706	"LINC02103"	"-"	-190706	"LINC02103"	"-"	"FALSE"	""	-3833393	"CDH10"	"-"	""	"LINC02103"
"chr7"	99371200	99371200	1	"-"	"chr7-99371200"	23	0.000258828295559407	336	"Polyclonal_50pct"	"sonic"	-3529	"ARPC1B"	"+"	-3529	"ARPC1B"	"+"	"FALSE"	""	-1349267	"EPO"	"+"	""	"ARPC1B"
"chr8"	84217592	84217592	1	"-"	"chr8-84217592"	23	0.000258828295559407	336	"Polyclonal_50pct"	"sonic"	32927	"RALYL*"	"+"	32927	"RALYL"	"+"	"RALYL"	"+"	-2124954	"WWP1"	"+"	"*"	"RALYL"
"chr1"	150855666	150855666	1	"-"	"chr1-150855666"	22	0.00024757489140465	352	"Polyclonal_50pct"	"sonic"	20933	"ARNT~*"	"-"	20933	"ARNT"	"-"	"ARNT"	"-"	20933	"ARNT"	"-"	"~*"	"ARNT"
"chr18"	63392781	63392781	1	"-"	"chr18-63392781"	22	0.00024757489140465	352	"Polyclonal_50pct"	"sonic"	-3590	"VPS4B*"	"-"	-25575	"KDSR"	"-"	"VPS4B"	"-"	-25575	"KDSR"	"-"	"*"	"VPS4B"
"chr19"	47805611	47805611	1	"+"	"chr19+47805611"	22	0.00024757489140465	352	"Polyclonal_50pct"	"sonic"	-2007	"TPRX1"	"-"	-2007	"TPRX1"	"-"	"FALSE"	""	-290548	"NAPA"	"-"	""	"TPRX1"
"chr19"	8232523	8232523	1	"-"	"chr19-8232523"	22	0.00024757489140465	352	"Polyclonal_50pct"	"sonic"	23154	"CERS4*"	"+"	23154	"CERS4"	"+"	"CERS4"	"+"	-226882	"ELAVL1"	"-"	"*"	"CERS4"
"chr2"	57596725	57596725	1	"+"	"chr2+57596725"	22	0.00024757489140465	352	"Polyclonal_50pct"	"sonic"	-310925	"VRK2"	"+"	-310925	"VRK2"	"+"	"FALSE"	""	-2458894	"RTN4"	"-"	""	"VRK2"
"chr2"	156019990	156019990	1	"-"	"chr2-156019990"	22	0.00024757489140465	352	"Polyclonal_50pct"	"sonic"	544	"LINC01876"	"-"	234941	"LINC01876"	"-"	"FALSE"	""	-1237714	"GALNT5"	"+"	""	"LINC01876"
"chr21"	27550998	27550998	1	"-"	"chr21-27550998"	22	0.00024757489140465	352	"Polyclonal_50pct"	"sonic"	-171380	"LINC00113"	"+"	-171380	"LINC00113"	"+"	"FALSE"	""	-705589	"ADAMTS1"	"-"	""	"LINC00113"
"chr22"	37838002	37838002	1	"-"	"chr22-37838002"	22	0.00024757489140465	352	"Polyclonal_50pct"	"sonic"	5846	"ANKRD54*"	"-"	5846	"ANKRD54"	"-"	"ANKRD54"	"-"	146553	"SOX10"	"-"	"*"	"ANKRD54"
"chr6"	126578513	126578513	1	"-"	"chr6-126578513"	22	0.00024757489140465	352	"Polyclonal_50pct"	"sonic"	93800	"MIR588"	"+"	93883	"MIR588"	"+"	"FALSE"	""	-540157	"RSPO3"	"+"	""	"MIR588"
"chr6"	97635515	97635515	1	"-"	"chr6-97635515"	22	0.00024757489140465	352	"Polyclonal_50pct"	"sonic"	-73402	"LOC101927314*"	"+"	329930	"LOC101927314"	"+"	"LOC101927314"	"+"	1933145	"CCNC"	"-"	"*"	"LOC101927314"
"chr7"	156797473	156797473	1	"-"	"chr7-156797473"	22	0.00024757489140465	352	"Polyclonal_50pct"	"sonic"	95710	"LMBR1*"	"-"	95710	"LMBR1"	"-"	"LMBR1"	"-"	211962	"MNX1"	"-"	"*"	"LMBR1"
"chr7"	74140760	74140760	1	"-"	"chr7-74140760"	22	0.00024757489140465	352	"Polyclonal_50pct"	"sonic"	18235	"LIMK1~"	"+"	-33595	"EIF4H"	"+"	"FALSE"	""	47544	"LIMK1"	"+"	"~"	"LIMK1"
"chr7"	83769945	83769945	1	"-"	"chr7-83769945"	22	0.00024757489140465	352	"Polyclonal_50pct"	"sonic"	-120806	"SEMA3E"	"-"	-120806	"SEMA3E"	"-"	"FALSE"	""	-1999898	"HGF"	"-"	""	"SEMA3E"
"chr8"	54088379	54088379	1	"+"	"chr8+54088379"	22	0.00024757489140465	352	"Polyclonal_50pct"	"sonic"	13175	"LYPLA1*"	"-"	13175	"LYPLA1"	"-"	"LYPLA1"	"-"	-65931	"TCEA1"	"-"	"*"	"LYPLA1"
"chr9"	12103720	12103720	1	"+"	"chr9+12103720"	22	0.00024757489140465	352	"Polyclonal_50pct"	"sonic"	-589664	"TYRP1"	"+"	-589664	"TYRP1"	"+"	"FALSE"	""	-1490718	"PTPRD"	"-"	""	"TYRP1"
"chr9"	19319696	19319696	1	"+"	"chr9+19319696"	22	0.00024757489140465	352	"Polyclonal_50pct"	"sonic"	-54583	"DENND4C*"	"+"	60540	"RPS6"	"-"	"DENND4C"	"+"	1302242	"MLLT3"	"-"	"*"	"DENND4C"
"chr1"	44679326	44679326	1	"+"	"chr1+44679326"	21	0.000236321487249893	360	"Polyclonal_50pct"	"sonic"	4613	"ARMH1*"	"+"	4613	"ARMH1"	"+"	"ARMH1"	"+"	47359	"RNF220"	"+"	"*"	"ARMH1"
"chr1"	88477774	88477774	1	"-"	"chr1-88477774"	21	0.000236321487249893	360	"Polyclonal_50pct"	"sonic"	59738	"PKN2-AS1"	"-"	-206369	"PKN2"	"+"	"FALSE"	""	587434	"GBP1"	"-"	""	"PKN2-AS1"
"chr10"	19175630	19175630	1	"+"	"chr10+19175630"	21	0.000236321487249893	360	"Polyclonal_50pct"	"sonic"	126830	"MALRD1*"	"+"	126830	"MALRD1"	"+"	"MALRD1"	"+"	1366283	"MRC1"	"+"	"*"	"MALRD1"
"chr10"	58546750	58546750	1	"-"	"chr10-58546750"	21	0.000236321487249893	360	"Polyclonal_50pct"	"sonic"	33879	"BICC1*"	"+"	33879	"BICC1"	"+"	"BICC1"	"+"	1359806	"CCDC6"	"-"	"*"	"BICC1"
"chr2"	164220490	164220490	1	"+"	"chr2+164220490"	21	0.000236321487249893	360	"Polyclonal_50pct"	"sonic"	271926	"GRB14"	"-"	348005	"GRB14"	"-"	"FALSE"	""	5142044	"LRP2"	"-"	""	"GRB14"
"chr4"	141850616	141850616	1	"-"	"chr4-141850616"	21	0.000236321487249893	360	"Polyclonal_50pct"	"sonic"	116629	"IL15"	"+"	214034	"IL15"	"+"	"FALSE"	""	-1334300	"USP38"	"+"	""	"IL15"
"chr7"	49971702	49971702	1	"-"	"chr7-49971702"	21	0.000236321487249893	360	"Polyclonal_50pct"	"sonic"	-34262	"ZPBP*"	"-"	121544	"ZPBP"	"-"	"ZPBP"	"-"	-332361	"IKZF1"	"+"	"*"	"ZPBP"
"chr7"	51952661	51952661	1	"-"	"chr7-51952661"	21	0.000236321487249893	360	"Polyclonal_50pct"	"sonic"	-559405	"LOC107986794"	"-"	-559405	"LOC107986794"	"-"	"FALSE"	""	-1159208	"GRB10"	"-"	""	"LOC107986794"
"chr1"	23788065	23788065	1	"+"	"chr1+23788065"	20	0.000225068083095136	374	"Polyclonal_50pct"	"sonic"	-167	"PITHD1*"	"+"	-3079	"LYPLA2"	"+"	"PITHD1"	"+"	125297	"CNR2"	"-"	"*"	"PITHD1"
"chr11"	65659187	65659187	1	"+"	"chr11+65659187"	20	0.000225068083095136	374	"Polyclonal_50pct"	"sonic"	3729	"RELA~*"	"-"	3729	"RELA"	"-"	"RELA"	"-"	3729	"RELA"	"-"	"~*"	"RELA"
"chr14"	41956404	41956404	1	"+"	"chr14+41956404"	20	0.000225068083095136	374	"Polyclonal_50pct"	"sonic"	51853	"LRFN5"	"+"	349549	"LRFN5"	"+"	"FALSE"	""	2550879	"FSCB"	"-"	""	"LRFN5"
"chr16"	33587032	33587032	1	"+"	"chr16+33587032"	20	0.000225068083095136	374	"Polyclonal_50pct"	"sonic"	-90797	"LOC390705"	"-"	-90797	"LOC390705"	"-"	"FALSE"	""	2231857	"ITGAX"	"+"	""	"LOC390705"
"chr16"	2445703	2445703	1	"-"	"chr16-2445703"	20	0.000225068083095136	374	"Polyclonal_50pct"	"sonic"	-13151	"CCNF~*"	"+"	312	"MIR6767"	"+"	"CCNF"	"+"	16257	"CCNF"	"+"	"~*"	"CCNF"
"chr2"	154936538	154936538	1	"-"	"chr2-154936538"	20	0.000225068083095136	374	"Polyclonal_50pct"	"sonic"	78184	"KCNJ3"	"+"	237844	"KCNJ3"	"+"	"FALSE"	""	-2321166	"GALNT5"	"+"	""	"KCNJ3"
"chr20"	3517483	3517483	1	"-"	"chr20-3517483"	20	0.000225068083095136	374	"Polyclonal_50pct"	"sonic"	46466	"ATRN*"	"+"	46466	"ATRN"	"+"	"ATRN"	"+"	-269288	"CDC25B"	"+"	"*"	"ATRN"
"chr4"	132049763	132049763	1	"+"	"chr4+132049763"	20	0.000225068083095136	374	"Polyclonal_50pct"	"sonic"	258281	"SNHG27"	"+"	284926	"SNHG27"	"+"	"FALSE"	""	-2956224	"SCLT1"	"-"	""	"SNHG27"
"chr4"	130661523	130661523	1	"-"	"chr4-130661523"	20	0.000225068083095136	374	"Polyclonal_50pct"	"sonic"	273452	"LINC02479"	"+"	285163	"LINC02479"	"+"	"FALSE"	""	-1567984	"SCLT1"	"-"	""	"LINC02479"
"chr5"	154750474	154750474	1	"+"	"chr5+154750474"	20	0.000225068083095136	374	"Polyclonal_50pct"	"sonic"	37632	"LARP1*"	"+"	-4902	"LARP1"	"+"	"LARP1"	"+"	-2430365	"ITK"	"+"	"*"	"LARP1"
"chr5"	181280168	181280168	1	"+"	"chr5+181280168"	20	0.000225068083095136	374	"Polyclonal_50pct"	"sonic"	7861	"TRIM52-AS1"	"+"	18957	"TRIM52-AS1"	"+"	"FALSE"	""	-988085	"MAPK9"	"-"	""	"TRIM52-AS1"
"chr6"	96034366	96034366	1	"-"	"chr6-96034366"	20	0.000225068083095136	374	"Polyclonal_50pct"	"sonic"	18393	"FUT9*"	"+"	18393	"FUT9"	"+"	"FUT9"	"+"	-2614807	"EPHA7"	"-"	"*"	"FUT9"
"chr7"	45301810	45301810	1	"+"	"chr7+45301810"	20	0.000225068083095136	374	"Polyclonal_50pct"	"sonic"	117560	"RAMP3"	"+"	144020	"RAMP3"	"+"	"FALSE"	""	-586677	"IGFBP1"	"+"	""	"RAMP3"
"chrX"	127972254	127972254	1	"+"	"chrX+127972254"	20	0.000225068083095136	374	"Polyclonal_50pct"	"sonic"	78707	"ACTRT1"	"-"	80149	"ACTRT1"	"-"	"FALSE"	""	2138243	"ELF4"	"-"	""	"ACTRT1"
"chr1"	25627611	25627611	1	"-"	"chr1-25627611"	19	0.000213814678940379	391	"Polyclonal_50pct"	"sonic"	10821	"MAN1C1*"	"+"	10821	"MAN1C1"	"+"	"MAN1C1"	"+"	-662601	"RUNX3"	"-"	"*"	"MAN1C1"
"chr12"	82984801	82984801	1	"-"	"chr12-82984801"	19	0.000213814678940379	391	"Polyclonal_50pct"	"sonic"	-150064	"TMTC2*"	"+"	297647	"TMTC2"	"+"	"TMTC2"	"+"	-3293704	"PAWR"	"-"	"*"	"TMTC2"
"chr16"	53312032	53312032	1	"-"	"chr16-53312032"	19	0.000213814678940379	391	"Polyclonal_50pct"	"sonic"	-15465	"CHD9*"	"+"	59180	"LOC643802"	"-"	"CHD9"	"+"	103582	"CHD9"	"+"	"*"	"CHD9"
"chr17"	59151661	59151661	1	"-"	"chr17-59151661"	19	0.000213814678940379	391	"Polyclonal_50pct"	"sonic"	3525	"SKA2*"	"-"	-440	"MIR301A"	"-"	"SKA2"	"-"	-44781	"TRIM37"	"-"	"*"	"SKA2"
"chr17"	78161114	78161114	1	"-"	"chr17-78161114"	19	0.000213814678940379	391	"Polyclonal_50pct"	"sonic"	-5180	"C17orf99*"	"+"	-7430	"SYNGR2"	"+"	"C17orf99"	"+"	25938	"TK1"	"-"	"*"	"C17orf99"
"chr18"	70054042	70054042	1	"+"	"chr18+70054042"	19	0.000213814678940379	391	"Polyclonal_50pct"	"sonic"	-50990	"RTTN*"	"-"	-97243	"CD226"	"-"	"RTTN"	"-"	-6392149	"SERPINB3"	"-"	"*"	"RTTN"
"chr19"	9855556	9855556	1	"-"	"chr19-9855556"	19	0.000213814678940379	391	"Polyclonal_50pct"	"sonic"	-1839	"OLFM2*"	"-"	2619	"OLFM2"	"-"	"OLFM2"	"-"	339397	"DNMT1"	"-"	"*"	"OLFM2"
"chr2"	51653515	51653515	1	"+"	"chr2+51653515"	19	0.000213814678940379	391	"Polyclonal_50pct"	"sonic"	620915	"LOC730100*"	"+"	620915	"LOC730100"	"+"	"LOC730100"	"+"	-2897791	"LHCGR"	"-"	"*"	"LOC730100"
"chr2"	35651403	35651403	1	"-"	"chr2-35651403"	19	0.000213814678940379	391	"Polyclonal_50pct"	"sonic"	179917	"MIR548AD"	"+"	179999	"MIR548AD"	"+"	"FALSE"	""	1315133	"STRN"	"-"	""	"MIR548AD"
"chr2"	77482617	77482617	1	"-"	"chr2-77482617"	19	0.000213814678940379	391	"Polyclonal_50pct"	"sonic"	39816	"LRRTM4*"	"-"	39759	"LRRTM4"	"-"	"LRRTM4"	"-"	1677136	"REG3A"	"-"	"*"	"LRRTM4"
"chr3"	47053969	47053969	1	"+"	"chr3+47053969"	19	0.000213814678940379	391	"Polyclonal_50pct"	"sonic"	-37534	"SETD2~*"	"-"	42428	"NRADDP"	"+"	"SETD2"	"-"	110144	"SETD2"	"-"	"~*"	"SETD2"
"chr4"	178524314	178524314	1	"-"	"chr4-178524314"	19	0.000213814678940379	391	"Polyclonal_50pct"	"sonic"	533564	"LINC01098"	"+"	-616378	"LINC01099"	"-"	"FALSE"	""	3605957	"ADAM29"	"+"	""	"LINC01098"
"chr6"	126026501	126026501	1	"+"	"chr6+126026501"	19	0.000213814678940379	391	"Polyclonal_50pct"	"sonic"	-12773	"TRMT11*"	"+"	39962	"TRMT11"	"+"	"TRMT11"	"+"	-1092169	"RSPO3"	"+"	"*"	"TRMT11"
"chr7"	93514839	93514839	1	"+"	"chr7+93514839"	19	0.000213814678940379	391	"Polyclonal_50pct"	"sonic"	44971	"CALCR~*"	"-"	-30820	"MIR489"	"-"	"CALCR"	"-"	44971	"CALCR"	"-"	"~*"	"CALCR"
"chr7"	12230508	12230508	1	"-"	"chr7-12230508"	19	0.000213814678940379	391	"Polyclonal_50pct"	"sonic"	-12859	"TMEM106B*"	"+"	19215	"TMEM106B"	"+"	"TMEM106B"	"+"	1756006	"ETV1"	"-"	"*"	"TMEM106B"
"chr7"	122388106	122388106	1	"-"	"chr7-122388106"	19	0.000213814678940379	391	"Polyclonal_50pct"	"sonic"	-69683	"CADPS2*"	"-"	-83356	"FEZF1"	"-"	"CADPS2"	"-"	498354	"CADPS2"	"-"	"*"	"CADPS2"
"chr9"	18337389	18337389	1	"+"	"chr9+18337389"	19	0.000213814678940379	391	"Polyclonal_50pct"	"sonic"	-136763	"ADAMTSL1"	"+"	-136763	"ADAMTSL1"	"+"	"FALSE"	""	758324	"SH3GL2"	"+"	""	"ADAMTSL1"
"chr1"	193017836	193017836	1	"+"	"chr1+193017836"	18	0.000202561274785623	414	"Polyclonal_50pct"	"sonic"	-113	"UCHL5*"	"-"	39579	"SCARNA18B"	"-"	"UCHL5"	"-"	41524	"UCHL5"	"-"	"*"	"UCHL5"
"chr1"	56075804	56075804	1	"+"	"chr1+56075804"	18	0.000202561274785623	414	"Polyclonal_50pct"	"sonic"	125685	"LINC01755"	"+"	130718	"LINC01755"	"+"	"FALSE"	""	-860440	"USP24"	"-"	""	"LINC01755"
"chr10"	17985676	17985676	1	"+"	"chr10+17985676"	18	0.000202561274785623	414	"Polyclonal_50pct"	"sonic"	33759	"SLC39A12*"	"+"	24886	"SLC39A12-AS1"	"-"	"SLC39A12"	"+"	176329	"MRC1"	"+"	"*"	"SLC39A12"
"chr11"	64786134	64786134	1	"+"	"chr11+64786134"	18	0.000202561274785623	414	"Polyclonal_50pct"	"sonic"	-1217	"MAP4K2*"	"-"	-7592	"SF1"	"-"	"MAP4K2"	"-"	17080	"MAP4K2"	"-"	"*"	"MAP4K2"
"chr11"	65244605	65244605	1	"-"	"chr11-65244605"	18	0.000202561274785623	414	"Polyclonal_50pct"	"sonic"	1848	"SLC22A20P"	"+"	-17356	"POLA2"	"+"	"FALSE"	""	-142031	"FRMD8"	"+"	""	"SLC22A20P"
"chr12"	40198724	40198724	1	"-"	"chr12-40198724"	18	0.000202561274785623	414	"Polyclonal_50pct"	"sonic"	-26272	"LRRK2"	"+"	-26272	"LRRK2"	"+"	"FALSE"	""	-5530981	"ARID2"	"+"	""	"LRRK2"
"chr13"	51376815	51376815	1	"+"	"chr13+51376815"	18	0.000202561274785623	414	"Polyclonal_50pct"	"sonic"	-15239	"INTS6~*"	"-"	-28176	"MIR5693"	"-"	"INTS6"	"-"	76221	"INTS6"	"-"	"~*"	"INTS6"
"chr17"	81857076	81857076	1	"+"	"chr17+81857076"	18	0.000202561274785623	414	"Polyclonal_50pct"	"sonic"	3459	"P4HB*"	"-"	3459	"P4HB"	"-"	"P4HB"	"-"	66390	"MAFG"	"-"	"*"	"P4HB"
"chr19"	16961528	16961528	1	"+"	"chr19+16961528"	18	0.000202561274785623	414	"Polyclonal_50pct"	"sonic"	-3979	"CPAMD8*"	"-"	-64581	"CPAMD8"	"-"	"CPAMD8"	"-"	283814	"NR2F6"	"-"	"*"	"CPAMD8"
"chr19"	2500984	2500984	1	"+"	"chr19+2500984"	18	0.000202561274785623	414	"Polyclonal_50pct"	"sonic"	10234	"GNG7"	"-"	24858	"GADD45B"	"+"	"FALSE"	""	172301	"SPPL2B"	"+"	""	"GNG7"
"chr20"	34488362	34488362	1	"-"	"chr20-34488362"	18	0.000202561274785623	414	"Polyclonal_50pct"	"sonic"	-23411	"ITCH*"	"+"	22038	"MIR644A"	"+"	"ITCH"	"+"	294042	"NCOA6"	"-"	"*"	"ITCH"
"chr3"	150610034	150610034	1	"-"	"chr3-150610034"	18	0.000202561274785623	414	"Polyclonal_50pct"	"sonic"	6714	"SELENOT*"	"+"	6714	"SELENOT"	"+"	"SELENOT"	"+"	153135	"SIAH2"	"-"	"*"	"SELENOT"
"chr4"	144630085	144630085	1	"+"	"chr4+144630085"	18	0.000202561274785623	414	"Polyclonal_50pct"	"sonic"	12830	"HHIP-AS1"	"-"	15934	"HHIP-AS1"	"-"	"FALSE"	""	1293210	"GAB1"	"+"	""	"HHIP-AS1"
"chr5"	25302074	25302074	1	"+"	"chr5+25302074"	18	0.000202561274785623	414	"Polyclonal_50pct"	"sonic"	-206	"LINC02211*"	"+"	111122	"LINC02211"	"+"	"LINC02211"	"+"	-657096	"CDH10"	"-"	"*"	"LINC02211"
"chr5"	58994047	58994047	1	"-"	"chr5-58994047"	18	0.000202561274785623	414	"Polyclonal_50pct"	"sonic"	5851	"PDE4D~*"	"-"	5851	"PDE4D"	"-"	"PDE4D"	"-"	5851	"PDE4D"	"-"	"~*"	"PDE4D"
"chr5"	59082703	59082703	1	"-"	"chr5-59082703"	18	0.000202561274785623	414	"Polyclonal_50pct"	"sonic"	-113663	"PDE4D~*"	"-"	-43227	"PDE4D"	"-"	"PDE4D"	"-"	-43227	"PDE4D"	"-"	"~*"	"PDE4D"
"chr5"	63667311	63667311	1	"-"	"chr5-63667311"	18	0.000202561274785623	414	"Polyclonal_50pct"	"sonic"	290564	"HTR1A"	"-"	295134	"HTR1A"	"-"	"FALSE"	""	-2722233	"ERCC8"	"-"	""	"HTR1A"
"chr6"	151929484	151929484	1	"+"	"chr6+151929484"	18	0.000202561274785623	414	"Polyclonal_50pct"	"sonic"	120378	"ESR1~*"	"+"	120378	"ESR1"	"+"	"ESR1"	"+"	120378	"ESR1"	"+"	"~*"	"ESR1"
"chr6"	43374034	43374034	1	"+"	"chr6+43374034"	18	0.000202561274785623	414	"Polyclonal_50pct"	"sonic"	-4387	"ZNF318~"	"-"	-4387	"ZNF318"	"-"	"FALSE"	""	-4387	"ZNF318"	"-"	"~"	"ZNF318"
"chr6"	65261946	65261946	1	"-"	"chr6-65261946"	18	0.000202561274785623	414	"Polyclonal_50pct"	"sonic"	445279	"EYS*"	"-"	-39471	"LOC441155"	"+"	"EYS"	"-"	-4604609	"COL19A1"	"+"	"*"	"EYS"
"chr7"	85503252	85503252	1	"+"	"chr7+85503252"	18	0.000202561274785623	414	"Polyclonal_50pct"	"sonic"	13914	"LINC00972"	"+"	82131	"LINC00972"	"+"	"FALSE"	""	-1649108	"DMTF1"	"+"	""	"LINC00972"
"chr7"	81657126	81657126	1	"-"	"chr7-81657126"	18	0.000202561274785623	414	"Polyclonal_50pct"	"sonic"	34280	"LOC100128317*"	"-"	-30910	"LOC100128317"	"-"	"LOC100128317"	"-"	112921	"HGF"	"-"	"*"	"LOC100128317"
"chr8"	120780332	120780332	1	"+"	"chr8+120780332"	18	0.000202561274785623	414	"Polyclonal_50pct"	"sonic"	31714	"SNTB1*"	"-"	19080	"LOC101927543"	"+"	"SNTB1"	"-"	861108	"HAS2"	"-"	"*"	"SNTB1"
"chr1"	154689601	154689601	1	"+"	"chr1+154689601"	17	0.000191307870630866	433	"Polyclonal_50pct"	"sonic"	7856	"KCNN3"	"-"	-61604	"ADAR"	"-"	"FALSE"	""	281146	"SHC1"	"-"	""	"KCNN3"
"chr1"	164701537	164701537	1	"+"	"chr1+164701537"	17	0.000191307870630866	433	"Polyclonal_50pct"	"sonic"	141816	"PBX1!~*"	"+"	73104	"PBX1-AS1"	"-"	"PBX1"	"+"	141816	"PBX1"	"+"	"!~*"	"PBX1"
"chr12"	40669726	40669726	1	"-"	"chr12-40669726"	17	0.000191307870630866	433	"Polyclonal_50pct"	"sonic"	-22712	"CNTN1"	"+"	-22712	"CNTN1"	"+"	"FALSE"	""	-5059979	"ARID2"	"+"	""	"CNTN1"
"chr13"	68659476	68659476	1	"-"	"chr13-68659476"	17	0.000191307870630866	433	"Polyclonal_50pct"	"sonic"	201808	"LINC00550"	"-"	225849	"LINC00550"	"-"	"FALSE"	""	-4395499	"KLF5"	"+"	""	"LINC00550"
"chr16"	603664	603664	1	"+"	"chr16+603664"	17	0.000191307870630866	433	"Polyclonal_50pct"	"sonic"	13588	"RAB40C*"	"+"	13588	"RAB40C"	"+"	"RAB40C"	"+"	-250941	"AXIN1"	"-"	"*"	"RAB40C"
"chr17"	77177565	77177565	1	"+"	"chr17+77177565"	17	0.000191307870630866	433	"Polyclonal_50pct"	"sonic"	36597	"SEC14L1*"	"+"	-7647	"SEC14L1"	"+"	"SEC14L1"	"+"	-440154	"SRSF2"	"-"	"*"	"SEC14L1"
"chr19"	5640020	5640020	1	"-"	"chr19-5640020"	17	0.000191307870630866	433	"Polyclonal_50pct"	"sonic"	16938	"SAFB*"	"+"	16938	"SAFB"	"+"	"SAFB"	"+"	470480	"RFX2"	"-"	"*"	"SAFB"
"chr2"	195155975	195155975	1	"-"	"chr2-195155975"	17	0.000191307870630866	433	"Polyclonal_50pct"	"sonic"	394540	"LINC01790"	"+"	425381	"LINC01790"	"+"	"FALSE"	""	2154805	"ANKRD44"	"-"	""	"LINC01790"
"chr3"	135975639	135975639	1	"+"	"chr3+135975639"	17	0.000191307870630866	433	"Polyclonal_50pct"	"sonic"	9912	"PPP2R3A*"	"+"	9912	"PPP2R3A"	"+"	"PPP2R3A"	"+"	776739	"STAG1"	"-"	"*"	"PPP2R3A"
"chr3"	148778593	148778593	1	"-"	"chr3-148778593"	17	0.000191307870630866	433	"Polyclonal_50pct"	"sonic"	35590	"AGTR1"	"+"	48414	"AGTR1"	"+"	"FALSE"	""	307940	"HLTF"	"-"	""	"AGTR1"
"chr3"	165038278	165038278	1	"-"	"chr3-165038278"	17	0.000191307870630866	433	"Polyclonal_50pct"	"sonic"	40218	"SI*"	"-"	40218	"SI"	"-"	"SI"	"-"	4107245	"MECOM"	"-"	"*"	"SI"
"chr6"	123357792	123357792	1	"+"	"chr6+123357792"	17	0.000191307870630866	433	"Polyclonal_50pct"	"sonic"	-8313	"TRDN*"	"-"	-81811	"TRDN-AS1"	"+"	"TRDN"	"-"	-446053	"NKAIN2"	"+"	"*"	"TRDN"
"chr6"	153190951	153190951	1	"-"	"chr6-153190951"	17	0.000191307870630866	433	"Polyclonal_50pct"	"sonic"	-59669	"RGS17"	"-"	-59669	"RGS17"	"-"	"FALSE"	""	-207372	"FBXO5"	"-"	""	"RGS17"
"chr6"	69880450	69880450	1	"-"	"chr6-69880450"	17	0.000191307870630866	433	"Polyclonal_50pct"	"sonic"	13895	"COL19A1~*"	"+"	13895	"COL19A1"	"+"	"COL19A1"	"+"	13895	"COL19A1"	"+"	"~*"	"COL19A1"
"chr7"	65514589	65514589	1	"+"	"chr7+65514589"	17	0.000191307870630866	433	"Polyclonal_50pct"	"sonic"	-22254	"LOC101929322*"	"-"	40476	"LOC101929322"	"-"	"LOC101929322"	"-"	-561229	"ASL"	"+"	"*"	"LOC101929322"
"chr7"	77599631	77599631	1	"+"	"chr7+77599631"	17	0.000191307870630866	433	"Polyclonal_50pct"	"sonic"	-40438	"PTPN12*"	"+"	61589	"PTPN12"	"+"	"PTPN12"	"+"	1119122	"DTX2"	"+"	"*"	"PTPN12"
"chr8"	80126457	80126457	1	"+"	"chr8+80126457"	17	0.000191307870630866	433	"Polyclonal_50pct"	"sonic"	44664	"TPD52~*"	"-"	44664	"TPD52"	"-"	"TPD52"	"-"	44664	"TPD52"	"-"	"~*"	"TPD52"
"chr8"	76531888	76531888	1	"-"	"chr8-76531888"	17	0.000191307870630866	433	"Polyclonal_50pct"	"sonic"	7556	"LINC01111"	"+"	125235	"LINC01111"	"+"	"FALSE"	""	2273575	"IL7"	"-"	""	"LINC01111"
"chr9"	117111722	117111722	1	"+"	"chr9+117111722"	17	0.000191307870630866	433	"Polyclonal_50pct"	"sonic"	303335	"ASTN2~*"	"-"	69479	"SNORA70C"	"-"	"ASTN2"	"-"	303335	"ASTN2"	"-"	"~*"	"ASTN2"
"chr1"	195302893	195302893	1	"+"	"chr1+195302893"	16	0.000180054466476109	453	"Polyclonal_50pct"	"sonic"	741986	"LINC01724"	"-"	785822	"LINC01724"	"-"	"FALSE"	""	1843776	"ASPM"	"-"	""	"LINC01724"
"chr1"	186789457	186789457	1	"-"	"chr1-186789457"	16	0.000180054466476109	453	"Polyclonal_50pct"	"sonic"	-39491	"PLA2G4A~"	"+"	-39491	"PLA2G4A"	"+"	"FALSE"	""	-39491	"PLA2G4A"	"+"	"~"	"PLA2G4A"
"chr1"	43889314	43889314	1	"-"	"chr1-43889314"	16	0.000180054466476109	453	"Polyclonal_50pct"	"sonic"	-41845	"ST3GAL3*"	"+"	-44005	"ARTN"	"+"	"ST3GAL3"	"+"	-515845	"RNF220"	"+"	"*"	"ST3GAL3"
"chr10"	108624992	108624992	1	"+"	"chr10+108624992"	16	0.000180054466476109	453	"Polyclonal_50pct"	"sonic"	-555699	"LINC01435"	"-"	-555699	"LINC01435"	"-"	"FALSE"	""	-1371380	"ADD3"	"+"	""	"LINC01435"
"chr14"	26794444	26794444	1	"-"	"chr14-26794444"	16	0.000180054466476109	453	"Polyclonal_50pct"	"sonic"	-12023	"LINC02588*"	"+"	-14903	"LINC02293"	"+"	"LINC02588,LINC02294"	"+,-"	-1972342	"FOXG1"	"+"	"*"	"LINC02588"
"chr17"	8272341	8272341	1	"-"	"chr17-8272341"	16	0.000180054466476109	453	"Polyclonal_50pct"	"sonic"	1855	"PFAS"	"+"	-16328	"RANGRF"	"+"	"FALSE"	""	110852	"RPL26"	"-"	""	"PFAS"
"chr19"	44763233	44763233	1	"+"	"chr19+44763233"	16	0.000180054466476109	453	"Polyclonal_50pct"	"sonic"	3189	"BCL3~"	"+"	4577	"MIR8085"	"+"	"FALSE"	""	14526	"BCL3"	"+"	"~"	"BCL3"
"chr2"	154736953	154736953	1	"+"	"chr2+154736953"	16	0.000180054466476109	453	"Polyclonal_50pct"	"sonic"	38259	"KCNJ3*"	"+"	38259	"KCNJ3"	"+"	"KCNJ3"	"+"	-2520751	"GALNT5"	"+"	"*"	"KCNJ3"
"chr2"	179295818	179295818	1	"-"	"chr2-179295818"	16	0.000180054466476109	453	"Polyclonal_50pct"	"sonic"	-30986	"SESTD1"	"-"	-30986	"SESTD1"	"-"	"FALSE"	""	-1187479	"PDE11A"	"-"	""	"SESTD1"
"chr3"	193082370	193082370	1	"-"	"chr3-193082370"	16	0.000180054466476109	453	"Polyclonal_50pct"	"sonic"	-158851	"PLAAT1"	"+"	-158851	"PLAAT1"	"+"	"FALSE"	""	-354829	"FGF12"	"-"	""	"PLAAT1"
"chr4"	63888133	63888133	1	"+"	"chr4+63888133"	16	0.000180054466476109	453	"Polyclonal_50pct"	"sonic"	388166	"TECRL"	"-"	521317	"TECRL"	"-"	"FALSE"	""	-6777748	"IGFBP7"	"-"	""	"TECRL"
"chr4"	159276026	159276026	1	"-"	"chr4-159276026"	16	0.000180054466476109	453	"Polyclonal_50pct"	"sonic"	8218	"RAPGEF2*"	"+"	8218	"RAPGEF2"	"+"	"RAPGEF2"	"+"	4056570	"NPY1R"	"-"	"*"	"RAPGEF2"
"chr5"	34334413	34334413	1	"+"	"chr5+34334413"	16	0.000180054466476109	453	"Polyclonal_50pct"	"sonic"	-89689	"C1QTNF3"	"-"	-89689	"C1QTNF3"	"-"	"FALSE"	""	783709	"PRLR"	"-"	""	"C1QTNF3"
"chr5"	59145789	59145789	1	"+"	"chr5+59145789"	16	0.000180054466476109	453	"Polyclonal_50pct"	"sonic"	130326	"PDE4D~*"	"-"	-106313	"PDE4D"	"-"	"PDE4D"	"-"	-106313	"PDE4D"	"-"	"~*"	"PDE4D"
"chr5"	53501676	53501676	1	"-"	"chr5-53501676"	16	0.000180054466476109	453	"Polyclonal_50pct"	"sonic"	14542	"FST~"	"+"	21048	"FST"	"+"	"FALSE"	""	21048	"FST"	"+"	"~"	"FST"
"chr6"	151486223	151486223	1	"-"	"chr6-151486223"	16	0.000180054466476109	453	"Polyclonal_50pct"	"sonic"	-7793	"CCDC170"	"+"	-7793	"CCDC170"	"+"	"FALSE"	""	144518	"AKAP12"	"+"	""	"CCDC170"
"chr7"	37081612	37081612	1	"-"	"chr7-37081612"	16	0.000180054466476109	453	"Polyclonal_50pct"	"sonic"	-228707	"ELMO1*"	"-"	83817	"ELMO1-AS1"	"+"	"ELMO1"	"-"	-95346	"ELMO1"	"-"	"*"	"ELMO1"
"chr7"	78871514	78871514	1	"-"	"chr7-78871514"	16	0.000180054466476109	453	"Polyclonal_50pct"	"sonic"	582153	"MAGI2*"	"-"	-137473	"MAGI2-AS2"	"+"	"MAGI2"	"-"	2391005	"DTX2"	"+"	"*"	"MAGI2"
"chr8"	112256941	112256941	1	"-"	"chr8-112256941"	16	0.000180054466476109	453	"Polyclonal_50pct"	"sonic"	-34012	"CSMD3~*"	"-"	-386551	"MIR2053"	"+"	"CSMD3"	"-"	1120211	"CSMD3"	"-"	"~*"	"CSMD3"
"chrX"	155691216	155691216	1	"-"	"chrX-155691216"	16	0.000180054466476109	453	"Polyclonal_50pct"	"sonic"	78652	"SPRY3*"	"+"	-76518	"SPRY3"	"+"	"SPRY3"	"+"	-620080	"MTCP1"	"-"	"*"	"SPRY3"
"chr1"	65437262	65437262	1	"-"	"chr1-65437262"	15	0.000168801062321352	469	"Polyclonal_50pct"	"sonic"	16595	"LEPR*"	"+"	16547	"LEPROT"	"+"	"LEPR"	"+"	127720	"DNAJC6"	"+"	"*"	"LEPR"
"chr11"	25421681	25421681	1	"+"	"chr11+25421681"	15	0.000168801062321352	469	"Polyclonal_50pct"	"sonic"	339043	"LUZP2"	"+"	-767441	"ANO3"	"+"	"FALSE"	""	-2795858	"FANCF"	"-"	""	"LUZP2"
"chr12"	112000387	112000387	1	"+"	"chr12+112000387"	15	0.000168801062321352	469	"Polyclonal_50pct"	"sonic"	12778	"TMEM116*"	"-"	12778	"TMEM116"	"-"	"TMEM116"	"-"	233455	"ALDH2"	"+"	"*"	"TMEM116"
"chr14"	42783949	42783949	1	"+"	"chr14+42783949"	15	0.000168801062321352	469	"Polyclonal_50pct"	"sonic"	879398	"LRFN5"	"+"	1177094	"LRFN5"	"+"	"FALSE"	""	1723334	"FSCB"	"-"	""	"LRFN5"
"chr19"	1641182	1641182	1	"-"	"chr19-1641182"	15	0.000168801062321352	469	"Polyclonal_50pct"	"sonic"	11433	"TCF3!~*"	"-"	11433	"TCF3"	"-"	"TCF3"	"-"	11433	"TCF3"	"-"	"!~*"	"TCF3"
"chr2"	83846051	83846051	1	"+"	"chr2+83846051"	15	0.000168801062321352	469	"Polyclonal_50pct"	"sonic"	322570	"LINC01809"	"+"	323238	"LINC01809"	"+"	"FALSE"	""	-1059604	"TMSB10"	"+"	""	"LINC01809"
"chr3"	173910861	173910861	1	"+"	"chr3+173910861"	15	0.000168801062321352	469	"Polyclonal_50pct"	"sonic"	-363	"NLGN1-AS1*"	"-"	9935	"NLGN1-AS1"	"-"	"NLGN1,NLGN1-AS1"	"+,-"	1159860	"ECT2"	"+"	"*"	"NLGN1-AS1"
"chr3"	17498542	17498542	1	"+"	"chr3+17498542"	15	0.000168801062321352	469	"Polyclonal_50pct"	"sonic"	201478	"TBC1D5*"	"-"	201478	"TBC1D5"	"-"	"TBC1D5"	"-"	926797	"SATB1"	"-"	"*"	"TBC1D5"
"chr3"	21985686	21985686	1	"+"	"chr3+21985686"	15	0.000168801062321352	469	"Polyclonal_50pct"	"sonic"	5858	"ZNF385D-AS2"	"+"	28548	"ZNF385D-AS2"	"+"	"FALSE"	""	-2843636	"RARB"	"+"	""	"ZNF385D-AS2"
"chr3"	68360461	68360461	1	"-"	"chr3-68360461"	15	0.000168801062321352	469	"Polyclonal_50pct"	"sonic"	-185159	"TAFA1*"	"+"	-140175	"LOC105377146"	"+"	"TAFA1"	"+"	-1379002	"MITF"	"+"	"*"	"TAFA1"
"chr4"	101681989	101681989	1	"+"	"chr4+101681989"	15	0.000168801062321352	469	"Polyclonal_50pct"	"sonic"	-108617	"BANK1"	"+"	-108617	"BANK1"	"+"	"FALSE"	""	-819369	"NFKB1"	"+"	""	"BANK1"
"chr4"	111541799	111541799	1	"-"	"chr4-111541799"	15	0.000168801062321352	469	"Polyclonal_50pct"	"sonic"	-603654	"FAM241A"	"+"	-603654	"FAM241A"	"+"	"FALSE"	""	1628917	"EGF"	"+"	""	"FAM241A"
"chr6"	116728909	116728909	1	"-"	"chr6-116728909"	15	0.000168801062321352	469	"Polyclonal_50pct"	"sonic"	-12958	"KPNA5~*"	"+"	36810	"FAM162B"	"-"	"KPNA5"	"+"	47699	"KPNA5"	"+"	"~*"	"KPNA5"
"chr6"	130386645	130386645	1	"-"	"chr6-130386645"	15	0.000168801062321352	469	"Polyclonal_50pct"	"sonic"	20365	"TMEM200A*"	"+"	20365	"TMEM200A"	"+"	"TMEM200A"	"+"	-1866046	"PTPRK"	"-"	"*"	"TMEM200A"
"chr6_GL000254v2_alt"	3041388	3041388	1	"-"	"chr6_GL000254v2_alt-3041388"	15	0.000168801062321352	469	"Polyclonal_50pct"	"sonic"	3443	"ABHD16A*"	"-"	1576	"MIR4646"	"-"	"ABHD16A"	"-"	-117065	"LTB"	"-"	"*"	"ABHD16A"
"chr7"	5751068	5751068	1	"+"	"chr7+5751068"	15	0.000168801062321352	469	"Polyclonal_50pct"	"sonic"	30595	"RNF216~*"	"-"	30595	"RNF216"	"-"	"RNF216"	"-"	30595	"RNF216"	"-"	"~*"	"RNF216"
"chr1"	145994033	145994033	1	"+"	"chr1+145994033"	14	0.000157547658166595	493	"Polyclonal_50pct"	"sonic"	-1592	"TXNIP*"	"-"	1711	"TXNIP"	"-"	"TXNIP"	"-"	-134952	"PIAS3"	"-"	"*"	"TXNIP"
"chr1"	224268804	224268804	1	"+"	"chr1+224268804"	14	0.000157547658166595	493	"Polyclonal_50pct"	"sonic"	-41460	"NVL*"	"-"	-11694	"MIR320B2"	"-"	"NVL"	"-"	-422832	"TP53BP2"	"-"	"*"	"NVL"
"chr11"	17170285	17170285	1	"-"	"chr11-17170285"	14	0.000157547658166595	493	"Polyclonal_50pct"	"sonic"	37701	"PIK3C2A*"	"-"	37701	"PIK3C2A"	"-"	"PIK3C2A"	"-"	-549285	"MYOD1"	"+"	"*"	"PIK3C2A"
"chr12"	71695914	71695914	1	"+"	"chr12+71695914"	14	0.000157547658166595	493	"Polyclonal_50pct"	"sonic"	-9133	"TMEM19*"	"+"	9833	"TMEM19"	"+"	"TMEM19"	"+"	-537915	"TSPAN8"	"-"	"*"	"TMEM19"
"chr12"	86718949	86718949	1	"+"	"chr12+86718949"	14	0.000157547658166595	493	"Polyclonal_50pct"	"sonic"	120051	"MGAT4C*"	"-"	26200	"MIR3059"	"-"	"MGAT4C"	"-"	1861522	"KITLG"	"-"	"*"	"MGAT4C"
"chr12"	92864574	92864574	1	"+"	"chr12+92864574"	14	0.000157547658166595	493	"Polyclonal_50pct"	"sonic"	64721	"EEA1*"	"-"	64721	"EEA1"	"-"	"EEA1"	"-"	-705394	"SOCS2"	"+"	"*"	"EEA1"
"chr12"	39915328	39915328	1	"-"	"chr12-39915328"	14	0.000157547658166595	493	"Polyclonal_50pct"	"sonic"	-160304	"SLC2A13*"	"-"	190753	"SLC2A13"	"-"	"SLC2A13"	"-"	-5814377	"ARID2"	"+"	"*"	"SLC2A13"
"chr12"	6675447	6675447	1	"-"	"chr12-6675447"	14	0.000157547658166595	493	"Polyclonal_50pct"	"sonic"	-8971	"ZNF384~*"	"-"	-12328	"ING4"	"-"	"ZNF384"	"-"	-12328	"ING4"	"-"	"~*"	"ZNF384"
"chr13"	66912938	66912938	1	"-"	"chr13-66912938"	14	0.000157547658166595	493	"Polyclonal_50pct"	"sonic"	-2093	"PCDH9-AS2*"	"+"	-64450	"PCDH9-AS3"	"+"	"PCDH9,PCDH9-AS2"	"-,+"	-6142037	"KLF5"	"+"	"*"	"PCDH9-AS2"
"chr15"	82185070	82185070	1	"+"	"chr15+82185070"	14	0.000157547658166595	493	"Polyclonal_50pct"	"sonic"	-54837	"EFL1*"	"-"	77458	"EFL1"	"-"	"EFL1"	"-"	888101	"IL16"	"+"	"*"	"EFL1"
"chr16"	29432935	29432935	1	"+"	"chr16+29432935"	14	0.000157547658166595	493	"Polyclonal_50pct"	"sonic"	-7525	"SMG1P6*"	"-"	14091	"SMG1P6"	"-"	"SMG1P6"	"-"	-387458	"MVP"	"+"	"*"	"SMG1P6"
"chr16"	89750177	89750177	1	"-"	"chr16-89750177"	14	0.000157547658166595	493	"Polyclonal_50pct"	"sonic"	-12629	"FANCA~*"	"-"	28641	"ZNF276"	"+"	"FANCA"	"-"	66470	"FANCA"	"-"	"~*"	"FANCA"
"chr17"	80303511	80303511	1	"+"	"chr17+80303511"	14	0.000157547658166595	493	"Polyclonal_50pct"	"sonic"	-17951	"RNF213~*"	"+"	42660	"RNF213"	"+"	"RNF213"	"+"	42660	"RNF213"	"+"	"~*"	"RNF213"
"chr19"	53089023	53089023	1	"-"	"chr19-53089023"	14	0.000157547658166595	493	"Polyclonal_50pct"	"sonic"	14399	"ZNF160*"	"-"	-1986	"ZNF160"	"-"	"ZNF160"	"-"	-431990	"ZNF331"	"+"	"*"	"ZNF160"
"chr2"	102954286	102954286	1	"-"	"chr2-102954286"	14	0.000157547658166595	493	"Polyclonal_50pct"	"sonic"	13122	"LINC01935"	"-"	30143	"LINC01935"	"-"	"FALSE"	""	334734	"SLC9A2"	"+"	""	"LINC01935"
"chr3"	2442013	2442013	1	"+"	"chr3+2442013"	14	0.000157547658166595	493	"Polyclonal_50pct"	"sonic"	203185	"CNTN4~*"	"+"	203185	"CNTN4"	"+"	"CNTN4"	"+"	203185	"CNTN4"	"+"	"~*"	"CNTN4"
"chr3"	129105779	129105779	1	"-"	"chr3-129105779"	14	0.000157547658166595	493	"Polyclonal_50pct"	"sonic"	16025	"RAB43*"	"-"	16025	"RAB43"	"-"	"RAB43,ISY1-RAB43"	"-"	-454961	"RPN1"	"-"	"*"	"RAB43"
"chr4"	116318999	116318999	1	"+"	"chr4+116318999"	14	0.000157547658166595	493	"Polyclonal_50pct"	"sonic"	19231	"MIR1973"	"+"	19275	"MIR1973"	"+"	"FALSE"	""	-2531681	"SYNPO2"	"+"	""	"MIR1973"
"chr4"	127805633	127805633	1	"-"	"chr4-127805633"	14	0.000157547658166595	493	"Polyclonal_50pct"	"sonic"	22111	"HSPA4L*"	"+"	22111	"HSPA4L"	"+"	"HSPA4L"	"+"	1287906	"SCLT1"	"-"	"*"	"HSPA4L"
"chr5"	18660522	18660522	1	"+"	"chr5+18660522"	14	0.000157547658166595	493	"Polyclonal_50pct"	"sonic"	730033	"LINC02223"	"+"	853249	"LINC02223"	"+"	"FALSE"	""	3159085	"FBXL7"	"+"	""	"LINC02223"
"chr7"	100623044	100623044	1	"+"	"chr7+100623044"	14	0.000157547658166595	493	"Polyclonal_50pct"	"sonic"	-2625	"TFR2*"	"-"	10505	"MOSPD3"	"+"	"TFR2"	"-"	-97423	"EPO"	"+"	"*"	"TFR2"
"chr7"	15642851	15642851	1	"+"	"chr7+15642851"	14	0.000157547658166595	493	"Polyclonal_50pct"	"sonic"	-31640	"MEOX2*"	"-"	-25095	"LOC105375166"	"+"	"MEOX2"	"-"	-1651426	"ETV1"	"-"	"*"	"MEOX2"
"chrUn_KI270337v1"	754	754	1	"+"	"chrUn_KI270337v1+754"	14	0.000157547658166595	493	"Polyclonal_50pct"	"sonic"	NA	NA	""	NA	""	""	"FALSE"	""	NA	""	""	""	""
"chrX"	82914452	82914452	1	"-"	"chrX-82914452"	14	0.000157547658166595	493	"Polyclonal_50pct"	"sonic"	-593837	"POU3F4"	"+"	-593837	"POU3F4"	"+"	"FALSE"	""	-2104575	"BRWD3"	"-"	""	"POU3F4"
"chr1"	126346	126346	1	"-"	"chr1-126346"	13	0.000146294254011839	514	"Polyclonal_50pct"	"sonic"	8426	"LOC729737"	"-"	14220	"LOC729737"	"-"	"FALSE"	""	-1489068	"MIB2"	"+"	""	"LOC729737"
"chr11"	102364728	102364728	1	"+"	"chr11+102364728"	13	0.000146294254011839	514	"Polyclonal_50pct"	"sonic"	-13942	"BIRC2~*"	"+"	17355	"BIRC2"	"+"	"BIRC2"	"+"	17355	"BIRC2"	"+"	"~*"	"BIRC2"
"chr11"	66027943	66027943	1	"+"	"chr11+66027943"	13	0.000146294254011839	514	"Polyclonal_50pct"	"sonic"	-1464	"CATSPER1"	"-"	-1464	"CATSPER1"	"-"	"FALSE"	""	15936	"CST6"	"+"	""	"CATSPER1"
"chr12"	69800119	69800119	1	"+"	"chr12+69800119"	13	0.000146294254011839	514	"Polyclonal_50pct"	"sonic"	21168	"RAB3IP*"	"+"	21168	"RAB3IP"	"+"	"RAB3IP"	"+"	991096	"MDM2"	"+"	"*"	"RAB3IP"
"chr12"	68677193	68677193	1	"-"	"chr12-68677193"	13	0.000146294254011839	514	"Polyclonal_50pct"	"sonic"	-2823	"LOC100507250*"	"-"	9666	"LOC100507250"	"-"	"LOC100507250"	"-"	66295	"RAP1B"	"+"	"*"	"LOC100507250"
"chr13"	66504863	66504863	1	"+"	"chr13+66504863"	13	0.000146294254011839	514	"Polyclonal_50pct"	"sonic"	-202030	"PCDH9*"	"-"	286614	"MIR4704"	"+"	"PCDH9"	"-"	-6550112	"KLF5"	"+"	"*"	"PCDH9"
"chr15"	89331223	89331223	1	"-"	"chr15-89331223"	13	0.000146294254011839	514	"Polyclonal_50pct"	"sonic"	3601	"POLG*"	"-"	3601	"POLG"	"-"	"POLG"	"-"	165360	"RHCG"	"-"	"*"	"POLG"
"chr16"	7853893	7853893	1	"+"	"chr16+7853893"	13	0.000146294254011839	514	"Polyclonal_50pct"	"sonic"	140553	"RBFOX1"	"+"	521049	"RBFOX1"	"+"	"FALSE"	""	1082746	"USP7"	"-"	""	"RBFOX1"
"chr16"	22463962	22463962	1	"-"	"chr16-22463962"	13	0.000146294254011839	514	"Polyclonal_50pct"	"sonic"	26955	"SMG1P1*"	"+"	-26247	"RRN3P3"	"-"	"SMG1P1"	"+"	510602	"UQCRC2"	"+"	"*"	"SMG1P1"
"chr17"	75966383	75966383	1	"-"	"chr17-75966383"	13	0.000146294254011839	514	"Polyclonal_50pct"	"sonic"	12783	"ACOX1*"	"-"	12783	"ACOX1"	"-"	"ACOX1"	"-"	241688	"ITGB4"	"+"	"*"	"ACOX1"
"chr18"	2538078	2538078	1	"+"	"chr18+2538078"	13	0.000146294254011839	514	"Polyclonal_50pct"	"sonic"	-549	"METTL4*"	"-"	33427	"METTL4"	"-"	"METTL4"	"-"	1307280	"DLGAP1"	"-"	"*"	"METTL4"
"chr19"	46088708	46088708	1	"+"	"chr19+46088708"	13	0.000146294254011839	514	"Polyclonal_50pct"	"sonic"	-11079	"IGFL4"	"-"	-11079	"IGFL4"	"-"	"FALSE"	""	620713	"FOSB"	"+"	""	"IGFL4"
"chr2"	57974671	57974671	1	"+"	"chr2+57974671"	13	0.000146294254011839	514	"Polyclonal_50pct"	"sonic"	67021	"VRK2*"	"+"	67021	"VRK2"	"+"	"VRK2"	"+"	2578827	"BCL11A"	"-"	"*"	"VRK2"
"chr2"	213165385	213165385	1	"-"	"chr2-213165385"	13	0.000146294254011839	514	"Polyclonal_50pct"	"sonic"	2325	"LINC01953*"	"-"	2325	"LINC01953"	"-"	"LINC01953"	"-"	-12929	"IKZF2"	"-"	"*"	"LINC01953"
"chr2"	62843492	62843492	1	"-"	"chr2-62843492"	13	0.000146294254011839	514	"Polyclonal_50pct"	"sonic"	136596	"EHBP1*"	"+"	136596	"EHBP1"	"+"	"EHBP1"	"+"	-1825233	"PUS10"	"-"	"*"	"EHBP1"
"chr3"	103685574	103685574	1	"+"	"chr3+103685574"	13	0.000146294254011839	514	"Polyclonal_50pct"	"sonic"	-161458	"MIR548AB"	"-"	-161458	"MIR548AB"	"-"	"FALSE"	""	2182017	"CBLB"	"-"	""	"MIR548AB"
"chr3"	149052135	149052135	1	"-"	"chr3-149052135"	13	0.000146294254011839	514	"Polyclonal_50pct"	"sonic"	-22009	"HLTF~*"	"-"	-34196	"HLTF-AS1"	"+"	"HLTF"	"-"	34398	"HLTF"	"-"	"~*"	"HLTF"
"chr4"	81180866	81180866	1	"+"	"chr4+81180866"	13	0.000146294254011839	514	"Polyclonal_50pct"	"sonic"	-12529	"PRKG2-AS1*"	"+"	15927	"PRKG2-AS1"	"+"	"PRKG2,PRKG2-AS1"	"-,+"	912602	"FGF5"	"+"	"*"	"PRKG2-AS1"
"chr5"	32306567	32306567	1	"+"	"chr5+32306567"	13	0.000146294254011839	514	"Polyclonal_50pct"	"sonic"	6372	"MTMR12*"	"-"	6372	"MTMR12"	"-"	"MTMR12"	"-"	2811555	"PRLR"	"-"	"*"	"MTMR12"
"chr5"	62703273	62703273	1	"+"	"chr5+62703273"	13	0.000146294254011839	514	"Polyclonal_50pct"	"sonic"	74684	"IPO11,IPO11-LRRC70"	"+"	124455	"LRRC70"	"+"	"FALSE"	""	-1758195	"ERCC8"	"-"	""	"IPO11,IPO11-LRRC70"
"chr7"	82688824	82688824	1	"-"	"chr7-82688824"	13	0.000146294254011839	514	"Polyclonal_50pct"	"sonic"	65187	"PCLO"	"-"	-244868	"CACNA2D1"	"-"	"FALSE"	""	-918777	"HGF"	"-"	""	"PCLO"
"chr1"	36071634	36071634	1	"+"	"chr1+36071634"	12	0.000135040849857082	534	"Polyclonal_50pct"	"sonic"	-865	"AGO3*"	"+"	-12459	"TEKT2"	"+"	"AGO3"	"+"	-152808	"THRAP3"	"+"	"*"	"AGO3"
"chr10"	90280922	90280922	1	"+"	"chr10+90280922"	12	0.000135040849857082	534	"Polyclonal_50pct"	"sonic"	121598	"LINC02653"	"-"	259883	"LINC02653"	"-"	"FALSE"	""	1289492	"FAS"	"+"	""	"LINC02653"
"chr11"	120433269	120433269	1	"+"	"chr11+120433269"	12	0.000135040849857082	534	"Polyclonal_50pct"	"sonic"	47943	"ARHGEF12~*"	"+"	47943	"ARHGEF12"	"+"	"ARHGEF12"	"+"	47943	"ARHGEF12"	"+"	"~*"	"ARHGEF12"
"chr11"	62256888	62256888	1	"+"	"chr11+62256888"	12	0.000135040849857082	534	"Polyclonal_50pct"	"sonic"	12076	"SCGB1D2"	"+"	-13269	"SCGB2A2"	"+"	"FALSE"	""	463978	"FEN1"	"+"	""	"SCGB1D2"
"chr12"	105164353	105164353	1	"+"	"chr12+105164353"	12	0.000135040849857082	534	"Polyclonal_50pct"	"sonic"	-4775	"WASHC4*"	"+"	56623	"WASHC4"	"+"	"WASHC4"	"+"	1233944	"HSP90B1"	"+"	"*"	"WASHC4"
"chr13"	65122914	65122914	1	"-"	"chr13-65122914"	12	0.000135040849857082	534	"Polyclonal_50pct"	"sonic"	-743132	"LINC01052"	"+"	-743132	"LINC01052"	"+"	"FALSE"	""	-7932061	"KLF5"	"+"	""	"LINC01052"
"chr15"	92974709	92974709	1	"+"	"chr15+92974709"	12	0.000135040849857082	534	"Polyclonal_50pct"	"sonic"	-53287	"CHD2*"	"+"	70311	"MIR3175"	"+"	"CHD2"	"+"	74386	"CHD2"	"+"	"*"	"CHD2"
"chr16"	56998426	56998426	1	"-"	"chr16-56998426"	12	0.000135040849857082	534	"Polyclonal_50pct"	"sonic"	8870	"NLRC5*"	"+"	8870	"NLRC5"	"+"	"NLRC5"	"+"	66285	"HERPUD1"	"+"	"*"	"NLRC5"
"chr17"	46655176	46655176	1	"+"	"chr17+46655176"	12	0.000135040849857082	534	"Polyclonal_50pct"	"sonic"	64508	"NSF*"	"+"	64443	"NSFP1"	"+"	"NSF"	"+"	163516	"WNT3"	"-"	"*"	"NSF"
"chr17"	76732565	76732565	1	"+"	"chr17+76732565"	12	0.000135040849857082	534	"Polyclonal_50pct"	"sonic"	-1315	"METTL23*"	"+"	3983	"MIR636"	"-"	"METTL23"	"+"	4766	"SRSF2"	"-"	"*"	"METTL23"
"chr18"	67879795	67879795	1	"+"	"chr18+67879795"	12	0.000135040849857082	534	"Polyclonal_50pct"	"sonic"	-19824	"LOC643542*"	"+"	-64973	"LINC01903"	"-"	"LOC643542"	"+"	-4217902	"SERPINB3"	"-"	"*"	"LOC643542"
"chr18"	2848951	2848951	1	"-"	"chr18-2848951"	12	0.000135040849857082	534	"Polyclonal_50pct"	"sonic"	1946	"EMILIN2*"	"+"	1946	"EMILIN2"	"+"	"EMILIN2"	"+"	996407	"DLGAP1"	"-"	"*"	"EMILIN2"
"chr2"	123356059	123356059	1	"-"	"chr2-123356059"	12	0.000135040849857082	534	"Polyclonal_50pct"	"sonic"	-282578	"LINC01826"	"-"	-282578	"LINC01826"	"-"	"FALSE"	""	2563779	"GLI2"	"+"	""	"LINC01826"
"chr6"	126026602	126026602	1	"+"	"chr6+126026602"	12	0.000135040849857082	534	"Polyclonal_50pct"	"sonic"	-12672	"TRMT11*"	"+"	40063	"TRMT11"	"+"	"TRMT11"	"+"	-1092068	"RSPO3"	"+"	"*"	"TRMT11"
"chr6"	55520163	55520163	1	"+"	"chr6+55520163"	12	0.000135040849857082	534	"Polyclonal_50pct"	"sonic"	-8089	"HMGCLL1*"	"-"	59029	"HMGCLL1"	"-"	"HMGCLL1"	"-"	1122726	"DST"	"-"	"*"	"HMGCLL1"
"chr6"	116431449	116431449	1	"-"	"chr6-116431449"	12	0.000135040849857082	534	"Polyclonal_50pct"	"sonic"	-365	"DSE*"	"+"	-29925	"CALHM6"	"+"	"DSE"	"+"	-249761	"KPNA5"	"+"	"*"	"DSE"
"chr6"	44124815	44124815	1	"-"	"chr6-44124815"	12	0.000135040849857082	534	"Polyclonal_50pct"	"sonic"	1452	"MRPL14*"	"-"	1452	"MRPL14"	"-"	"MRPL14"	"-"	-94799	"SLC29A1"	"+"	"*"	"MRPL14"
"chr9"	17908849	17908849	1	"+"	"chr9+17908849"	12	0.000135040849857082	534	"Polyclonal_50pct"	"sonic"	111725	"SH3GL2"	"+"	329784	"SH3GL2"	"+"	"FALSE"	""	329784	"SH3GL2"	"+"	""	"SH3GL2"
"chr9"	85666487	85666487	1	"+"	"chr9+85666487"	12	0.000135040849857082	534	"Polyclonal_50pct"	"sonic"	75467	"AGTPBP1*"	"-"	75467	"AGTPBP1"	"-"	"AGTPBP1"	"-"	960587	"NTRK2"	"+"	"*"	"AGTPBP1"
"chrX"	130237357	130237357	1	"-"	"chrX-130237357"	12	0.000135040849857082	534	"Polyclonal_50pct"	"sonic"	31542	"ZNF280C*"	"-"	31542	"ZNF280C"	"-"	"ZNF280C"	"-"	-71470	"AIFM1"	"-"	"*"	"ZNF280C"
"chr1"	149991492	149991492	1	"+"	"chr1+149991492"	11	0.000123787445702325	563	"Polyclonal_50pct"	"sonic"	19234	"OTUD7B*"	"-"	19234	"OTUD7B"	"-"	"OTUD7B"	"-"	277524	"APH1A"	"-"	"*"	"OTUD7B"
"chr10"	72282980	72282980	1	"-"	"chr10-72282980"	11	0.000123787445702325	563	"Polyclonal_50pct"	"sonic"	6944	"DDIT4"	"+"	9057	"DDIT4"	"+"	"FALSE"	""	-431729	"PSAP"	"-"	""	"DDIT4"
"chr11"	26557170	26557170	1	"+"	"chr11+26557170"	11	0.000123787445702325	563	"Polyclonal_50pct"	"sonic"	83269	"ANO3*"	"+"	15093	"MUC15"	"-"	"ANO3"	"+"	-3931347	"FANCF"	"-"	"*"	"ANO3"
"chr11"	62718224	62718224	1	"+"	"chr11+62718224"	11	0.000123787445702325	563	"Polyclonal_50pct"	"sonic"	-5595	"HNRNPUL2*"	"-"	-8605	"BSCL2"	"-"	"HNRNPUL2-BSCL2,HNRNPUL2"	"-"	925314	"FEN1"	"+"	"*"	"HNRNPUL2"
"chr11"	65125292	65125292	1	"-"	"chr11-65125292"	11	0.000123787445702325	563	"Polyclonal_50pct"	"sonic"	-2077	"MRPL49*"	"+"	2972	"MRPL49"	"+"	"MRPL49"	"+"	-261344	"FRMD8"	"+"	"*"	"MRPL49"
"chr12"	56644633	56644633	1	"+"	"chr12+56644633"	11	0.000123787445702325	563	"Polyclonal_50pct"	"sonic"	1351	"ATP5F1B*"	"-"	468	"SNORD59A"	"-"	"ATP5F1B"	"-"	80666	"NACA"	"-"	"*"	"ATP5F1B"
"chr12"	356684	356684	1	"-"	"chr12-356684"	11	0.000123787445702325	563	"Polyclonal_50pct"	"sonic"	32636	"KDM5A~*"	"-"	32636	"KDM5A"	"-"	"KDM5A"	"-"	32636	"KDM5A"	"-"	"~*"	"KDM5A"
"chr16"	88778023	88778023	1	"+"	"chr16+88778023"	11	0.000123787445702325	563	"Polyclonal_50pct"	"sonic"	7197	"PIEZO1*"	"-"	7197	"PIEZO1"	"-"	"PIEZO1"	"-"	-25765	"CDT1"	"+"	"*"	"PIEZO1"
"chr16"	2441160	2441160	1	"-"	"chr16-2441160"	11	0.000123787445702325	563	"Polyclonal_50pct"	"sonic"	11714	"CCNF~*"	"+"	-4231	"MIR6767"	"+"	"CCNF"	"+"	11714	"CCNF"	"+"	"~*"	"CCNF"
"chr16"	78361505	78361505	1	"-"	"chr16-78361505"	11	0.000123787445702325	563	"Polyclonal_50pct"	"sonic"	261852	"WWOX~*"	"+"	261852	"WWOX"	"+"	"WWOX"	"+"	261852	"WWOX"	"+"	"~*"	"WWOX"
"chr18"	62169014	62169014	1	"-"	"chr18-62169014"	11	0.000123787445702325	563	"Polyclonal_50pct"	"sonic"	18042	"PIGN*"	"-"	18042	"PIGN"	"-"	"PIGN"	"-"	-156272	"TNFRSF11A"	"+"	"*"	"PIGN"
"chr19"	36482309	36482309	1	"+"	"chr19+36482309"	11	0.000123787445702325	563	"Polyclonal_50pct"	"sonic"	7126	"ZNF566*"	"-"	7126	"ZNF566"	"-"	"ZNF566"	"-"	267204	"ZNF146"	"+"	"*"	"ZNF566"
"chr2"	144877975	144877975	1	"-"	"chr2-144877975"	11	0.000123787445702325	563	"Polyclonal_50pct"	"sonic"	-198749	"TEX41*"	"+"	210009	"TEX41"	"+"	"TEX41"	"+"	-357856	"ZEB2"	"-"	"*"	"TEX41"
"chr2"	152677336	152677336	1	"-"	"chr2-152677336"	11	0.000123787445702325	563	"Polyclonal_50pct"	"sonic"	-25741	"PRPF40A*"	"-"	40125	"PRPF40A"	"-"	"PRPF40A"	"-"	-4580368	"GALNT5"	"+"	"*"	"PRPF40A"
"chr2"	230215720	230215720	1	"-"	"chr2-230215720"	11	0.000123787445702325	563	"Polyclonal_50pct"	"sonic"	4264	"SP110~*"	"-"	4264	"SP110"	"-"	"SP110"	"-"	4264	"SP110"	"-"	"~*"	"SP110"
"chr3"	147258957	147258957	1	"+"	"chr3+147258957"	11	0.000123787445702325	563	"Polyclonal_50pct"	"sonic"	127088	"ZIC4"	"-"	133473	"ZIC4"	"-"	"FALSE"	""	1827576	"HLTF"	"-"	""	"ZIC4"
"chr3"	6595984	6595984	1	"-"	"chr3-6595984"	11	0.000123787445702325	563	"Polyclonal_50pct"	"sonic"	36373	"GRM7-AS3"	"-"	209465	"GRM7-AS3"	"-"	"FALSE"	""	2653662	"SRGAP3"	"-"	""	"GRM7-AS3"
"chr4"	180387989	180387989	1	"+"	"chr4+180387989"	11	0.000123787445702325	563	"Polyclonal_50pct"	"sonic"	676100	"LINC00290"	"-"	771160	"LINC00290"	"-"	"FALSE"	""	-3117068	"ING2"	"+"	""	"LINC00290"
"chr5"	18756878	18756878	1	"+"	"chr5+18756878"	11	0.000123787445702325	563	"Polyclonal_50pct"	"sonic"	714417	"CDH18"	"-"	949605	"LINC02223"	"+"	"FALSE"	""	3255441	"FBXL7"	"+"	""	"CDH18"
"chr5"	98677502	98677502	1	"+"	"chr5+98677502"	11	0.000123787445702325	563	"Polyclonal_50pct"	"sonic"	-91129	"RGMB"	"+"	-91129	"RGMB"	"+"	"FALSE"	""	1719070	"LNPEP"	"+"	""	"RGMB"
"chr5"	157497473	157497473	1	"-"	"chr5-157497473"	11	0.000123787445702325	563	"Polyclonal_50pct"	"sonic"	-20170	"ADAM19*"	"-"	37261	"NIPAL4"	"+"	"ADAM19"	"-"	316634	"ITK"	"+"	"*"	"ADAM19"
"chr5"	73863136	73863136	1	"-"	"chr5-73863136"	11	0.000123787445702325	563	"Polyclonal_50pct"	"sonic"	49591	"ARHGEF28*"	"+"	49591	"ARHGEF28"	"+"	"ARHGEF28"	"+"	778288	"ENC1"	"-"	"*"	"ARHGEF28"
"chr6"	126026541	126026541	1	"+"	"chr6+126026541"	11	0.000123787445702325	563	"Polyclonal_50pct"	"sonic"	-12733	"TRMT11*"	"+"	40002	"TRMT11"	"+"	"TRMT11"	"+"	-1092129	"RSPO3"	"+"	"*"	"TRMT11"
"chr7"	35177136	35177136	1	"+"	"chr7+35177136"	11	0.000123787445702325	563	"Polyclonal_50pct"	"sonic"	9026	"DPY19L2P1*"	"-"	9026	"DPY19L2P1"	"-"	"DPY19L2P1"	"-"	-1212725	"ANLN"	"+"	"*"	"DPY19L2P1"
"chr7"	12025914	12025914	1	"-"	"chr7-12025914"	11	0.000123787445702325	563	"Polyclonal_50pct"	"sonic"	-185379	"TMEM106B"	"+"	-185379	"TMEM106B"	"+"	"FALSE"	""	1960600	"ETV1"	"-"	""	"TMEM106B"
"chr7"	33281053	33281053	1	"-"	"chr7-33281053"	11	0.000123787445702325	563	"Polyclonal_50pct"	"sonic"	151490	"BBS9*"	"+"	151490	"BBS9"	"+"	"BBS9"	"+"	-2802187	"NOD1"	"-"	"*"	"BBS9"
"chr7"	46230461	46230461	1	"-"	"chr7-46230461"	11	0.000123787445702325	563	"Polyclonal_50pct"	"sonic"	-309189	"IGFBP3"	"-"	-309189	"IGFBP3"	"-"	"FALSE"	""	-309189	"IGFBP3"	"-"	""	"IGFBP3"
"chr9"	15058049	15058049	1	"+"	"chr9+15058049"	11	0.000123787445702325	563	"Polyclonal_50pct"	"sonic"	38325	"LOC389705"	"+"	64723	"LOC389705"	"+"	"FALSE"	""	192169	"TTC39B"	"-"	""	"LOC389705"
"chr9"	136920175	136920175	1	"-"	"chr9-136920175"	11	0.000123787445702325	563	"Polyclonal_50pct"	"sonic"	-6432	"TRAF2*"	"+"	24563	"FBXW5"	"-"	"TRAF2"	"+"	67830	"MAMDC4"	"+"	"*"	"TRAF2"
"chr1"	194878460	194878460	1	"+"	"chr1+194878460"	10	0.000112534041547568	599	"Polyclonal_50pct"	"sonic"	1166419	"LINC01724"	"-"	1210255	"LINC01724"	"-"	"FALSE"	""	1756430	"CDC73"	"+"	""	"LINC01724"
"chr1"	202528196	202528196	1	"+"	"chr1+202528196"	10	0.000112534041547568	599	"Polyclonal_50pct"	"sonic"	-64506	"PPP1R12B*"	"+"	-11917	"PPP1R12B"	"+"	"PPP1R12B"	"+"	314042	"LGR6"	"+"	"*"	"PPP1R12B"
"chr1"	234604223	234604223	1	"+"	"chr1+234604223"	10	0.000112534041547568	599	"Polyclonal_50pct"	"sonic"	45	"IRF2BP2"	"-"	5302	"IRF2BP2"	"-"	"FALSE"	""	5302	"IRF2BP2"	"-"	""	"IRF2BP2"
"chr1"	231661168	231661168	1	"-"	"chr1-231661168"	10	0.000112534041547568	599	"Polyclonal_50pct"	"sonic"	34354	"DISC1*"	"+"	34354	"DISC1"	"+"	"TSNAX-DISC1,DISC1"	"+"	-238881	"EGLN1"	"-"	"*"	"DISC1"
"chr10"	101933885	101933885	1	"+"	"chr10+101933885"	10	0.000112534041547568	599	"Polyclonal_50pct"	"sonic"	-88287	"ARMH3*"	"-"	-89965	"KCNIP2"	"-"	"ARMH3"	"-"	-153516	"FGF8"	"-"	"*"	"ARMH3"
"chr10"	67094008	67094008	1	"-"	"chr10-67094008"	10	0.000112534041547568	599	"Polyclonal_50pct"	"sonic"	-7543	"LRRTM3*"	"+"	81743	"LRRTM3"	"+"	"CTNNA3,LRRTM3"	"-,+"	-790647	"SIRT1"	"+"	"*"	"LRRTM3"
"chr11"	62572632	62572632	1	"-"	"chr11-62572632"	10	0.000112534041547568	599	"Polyclonal_50pct"	"sonic"	1259	"EEF1G*"	"-"	1259	"EEF1G"	"-"	"EEF1G"	"-"	779722	"FEN1"	"+"	"*"	"EEF1G"
"chr11"	88634009	88634009	1	"-"	"chr11-88634009"	10	0.000112534041547568	599	"Polyclonal_50pct"	"sonic"	-129367	"GRM5*"	"-"	129434	"GRM5-AS1"	"+"	"GRM5"	"-"	-1961373	"ME3"	"-"	"*"	"GRM5"
"chr12"	66204300	66204300	1	"+"	"chr12+66204300"	10	0.000112534041547568	599	"Polyclonal_50pct"	"sonic"	15087	"IRAK3*"	"+"	15087	"IRAK3"	"+"	"IRAK3"	"+"	379818	"HMGA2"	"+"	"*"	"IRAK3"
"chr13"	19648585	19648585	1	"-"	"chr13-19648585"	10	0.000112534041547568	599	"Polyclonal_50pct"	"sonic"	14927	"MPHOSPH8*"	"+"	14927	"MPHOSPH8"	"+"	"MPHOSPH8"	"+"	-308837	"ZMYM2"	"+"	"*"	"MPHOSPH8"
"chr13"	69940384	69940384	1	"-"	"chr13-69940384"	10	0.000112534041547568	599	"Polyclonal_50pct"	"sonic"	168068	"KLHL1*"	"-"	-166828	"ATXN8OS"	"+"	"KLHL1"	"-"	-3114591	"KLF5"	"+"	"*"	"KLHL1"
"chr16"	62011547	62011547	1	"-"	"chr16-62011547"	10	0.000112534041547568	599	"Polyclonal_50pct"	"sonic"	24891	"CDH8*"	"-"	24891	"CDH8"	"-"	"CDH8"	"-"	3110516	"CDH11"	"-"	"*"	"CDH8"
"chr16"	82116596	82116596	1	"-"	"chr16-82116596"	10	0.000112534041547568	599	"Polyclonal_50pct"	"sonic"	18062	"HSD17B2"	"+"	53628	"MPHOSPH6"	"-"	"FALSE"	""	-510372	"CDH13"	"+"	""	"HSD17B2"
"chr17"	56425264	56425264	1	"+"	"chr17+56425264"	10	0.000112534041547568	599	"Polyclonal_50pct"	"sonic"	-57382	"ANKFN1*"	"+"	-168434	"NOG"	"+"	"ANKFN1"	"+"	-408886	"DGKE"	"+"	"*"	"ANKFN1"
"chr17"	54598905	54598905	1	"-"	"chr17-54598905"	10	0.000112534041547568	599	"Polyclonal_50pct"	"sonic"	-301785	"TOM1L1"	"+"	-301785	"TOM1L1"	"+"	"FALSE"	""	-666054	"HLF"	"+"	""	"TOM1L1"
"chr19"	35656075	35656075	1	"+"	"chr19+35656075"	10	0.000112534041547568	599	"Polyclonal_50pct"	"sonic"	-2707	"COX6B1*"	"+"	7753	"COX6B1"	"+"	"COX6B1"	"+"	501341	"FXYD5"	"+"	"*"	"COX6B1"
"chr19"	47683058	47683058	1	"+"	"chr19+47683058"	10	0.000112534041547568	599	"Polyclonal_50pct"	"sonic"	-20219	"BICRA*"	"+"	-30363	"EHD2"	"+"	"BICRA"	"+"	-167995	"NAPA"	"-"	"*"	"BICRA"
"chr2"	83491988	83491988	1	"+"	"chr2+83491988"	10	0.000112534041547568	599	"Polyclonal_50pct"	"sonic"	-30825	"LINC01809"	"+"	-30825	"LINC01809"	"+"	"FALSE"	""	-1413667	"TMSB10"	"+"	""	"LINC01809"
"chr20"	47316370	47316370	1	"+"	"chr20+47316370"	10	0.000112534041547568	599	"Polyclonal_50pct"	"sonic"	-18245	"ZMYND8~*"	"-"	-2131	"LOC100131496"	"+"	"ZMYND8"	"-"	35379	"ZMYND8"	"-"	"~*"	"ZMYND8"
"chr22"	50311953	50311953	1	"+"	"chr22+50311953"	10	0.000112534041547568	599	"Polyclonal_50pct"	"sonic"	-2924	"DENND6B*"	"-"	-4307	"PLXNB2"	"-"	"DENND6B"	"-"	-50143	"MAPK12"	"-"	"*"	"DENND6B"
"chr3"	164353347	164353347	1	"-"	"chr3-164353347"	10	0.000112534041547568	599	"Polyclonal_50pct"	"sonic"	-181791	"MIR1263"	"-"	-181791	"MIR1263"	"-"	"FALSE"	""	4792176	"MECOM"	"-"	""	"MIR1263"
"chr4"	181042454	181042454	1	"+"	"chr4+181042454"	10	0.000112534041547568	599	"Polyclonal_50pct"	"sonic"	21635	"LINC00290"	"-"	116695	"LINC00290"	"-"	"FALSE"	""	-2462603	"ING2"	"+"	""	"LINC00290"
"chr4"	105901200	105901200	1	"-"	"chr4-105901200"	10	0.000112534041547568	599	"Polyclonal_50pct"	"sonic"	5730	"NPNT*"	"+"	5730	"NPNT"	"+"	"NPNT"	"+"	754325	"TET2"	"+"	"*"	"NPNT"
"chr4"	121225132	121225132	1	"-"	"chr4-121225132"	10	0.000112534041547568	599	"Polyclonal_50pct"	"sonic"	2351	"TNIP3*"	"-"	2351	"TNIP3"	"-"	"TNIP3"	"-"	598751	"CCNA2"	"-"	"*"	"TNIP3"
"chr5"	37375471	37375471	1	"+"	"chr5+37375471"	10	0.000112534041547568	599	"Polyclonal_50pct"	"sonic"	-3846	"WDR70"	"+"	-3846	"WDR70"	"+"	"FALSE"	""	498703	"NIPBL"	"+"	""	"WDR70"
"chr5"	10542957	10542957	1	"-"	"chr5-10542957"	10	0.000112534041547568	599	"Polyclonal_50pct"	"sonic"	-20873	"LINC02213"	"-"	-20873	"LINC02213"	"-"	"FALSE"	""	1045960	"CTNND2"	"-"	""	"LINC02213"
"chr6"	149631331	149631331	1	"+"	"chr6+149631331"	10	0.000112534041547568	599	"Polyclonal_50pct"	"sonic"	17383	"KATNA1*"	"-"	17383	"KATNA1"	"-"	"KATNA1"	"-"	85094	"LATS1"	"-"	"*"	"KATNA1"
"chr7"	116758546	116758546	1	"-"	"chr7-116758546"	10	0.000112534041547568	599	"Polyclonal_50pct"	"sonic"	-11364	"MET~*"	"+"	-70519	"COMETT"	"-"	"MET"	"+"	86351	"MET"	"+"	"~*"	"MET"
"chr7"	149545716	149545716	1	"-"	"chr7-149545716"	10	0.000112534041547568	599	"Polyclonal_50pct"	"sonic"	1437	"ZNF767P"	"-"	-47907	"ZNF746"	"-"	"FALSE"	""	-661425	"EZH2"	"-"	""	"ZNF767P"
"chr8"	56806189	56806189	1	"-"	"chr8-56806189"	10	0.000112534041547568	599	"Polyclonal_50pct"	"sonic"	151741	"BPNT2"	"-"	187678	"BPNT2"	"-"	"FALSE"	""	594401	"CHCHD7"	"+"	""	"BPNT2"
"chr8"	83480437	83480437	1	"-"	"chr8-83480437"	10	0.000112534041547568	599	"Polyclonal_50pct"	"sonic"	71540	"LINC01419"	"+"	76680	"LINC01419"	"+"	"FALSE"	""	-2862109	"WWP1"	"+"	""	"LINC01419"
"chr9"	128514334	128514334	1	"+"	"chr9+128514334"	10	0.000112534041547568	599	"Polyclonal_50pct"	"sonic"	9616	"GLE1*"	"+"	9616	"GLE1"	"+"	"MIR1268A,GLE1"	"+"	-38252	"SPTAN1"	"+"	"*"	"GLE1"
"chr9"	16722890	16722890	1	"+"	"chr9+16722890"	10	0.000112534041547568	599	"Polyclonal_50pct"	"sonic"	147780	"BNC2*"	"-"	-3923	"BNC2-AS1"	"+"	"BNC2"	"-"	-856175	"SH3GL2"	"+"	"*"	"BNC2"
"chr9"	8754345	8754345	1	"+"	"chr9+8754345"	10	0.000112534041547568	599	"Polyclonal_50pct"	"sonic"	25046	"PTPRD~*"	"-"	-20399	"PTPRD"	"-"	"PTPRD"	"-"	-20399	"PTPRD"	"-"	"~*"	"PTPRD"
"chrX"	123898545	123898545	1	"-"	"chrX-123898545"	10	0.000112534041547568	599	"Polyclonal_50pct"	"sonic"	-15427	"XIAP*"	"+"	38096	"XIAP"	"+"	"XIAP"	"+"	-62014	"STAG2"	"+"	"*"	"XIAP"
"chrX"	40589584	40589584	1	"-"	"chrX-40589584"	10	0.000112534041547568	599	"Polyclonal_50pct"	"sonic"	8615	"ATP6AP2*"	"+"	8615	"ATP6AP2"	"+"	"ATP6AP2"	"+"	-412255	"BCOR"	"-"	"*"	"ATP6AP2"
"chr1"	96777046	96777046	1	"+"	"chr1+96777046"	9	0.000101280637392811	633	"Polyclonal_50pct"	"sonic"	-38003	"PTBP2*"	"+"	54409	"PTBP2"	"+"	"PTBP2"	"+"	-1704095	"ALG14"	"-"	"*"	"PTBP2"
"chr11"	101924812	101924812	1	"+"	"chr11+101924812"	9	0.000101280637392811	633	"Polyclonal_50pct"	"sonic"	9803	"CEP126*"	"+"	-8290	"ANGPTL5"	"-"	"CEP126"	"+"	-185634	"YAP1"	"+"	"*"	"CEP126"
"chr11"	49334526	49334526	1	"+"	"chr11+49334526"	9	0.000101280637392811	633	"Polyclonal_50pct"	"sonic"	-125924	"FOLH1"	"-"	-125924	"FOLH1"	"-"	"FALSE"	""	1353968	"PTPRJ"	"+"	""	"FOLH1"
"chr11"	65690297	65690297	1	"+"	"chr11+65690297"	9	0.000101280637392811	633	"Polyclonal_50pct"	"sonic"	-21954	"KAT5~"	"+"	-21954	"KAT5"	"+"	"FALSE"	""	-21954	"KAT5"	"+"	"~"	"KAT5"
"chr11"	108190176	108190176	1	"-"	"chr11-108190176"	9	0.000101280637392811	633	"Polyclonal_50pct"	"sonic"	32462	"NPAT*"	"-"	32462	"NPAT"	"-"	"NPAT"	"-"	-32655	"ATM"	"+"	"*"	"NPAT"
"chr12"	44233500	44233500	1	"+"	"chr12+44233500"	9	0.000101280637392811	633	"Polyclonal_50pct"	"sonic"	-156258	"TMEM117*"	"+"	397420	"TMEM117"	"+"	"TMEM117"	"+"	-1496205	"ARID2"	"+"	"*"	"TMEM117"
"chr12"	9681154	9681154	1	"+"	"chr12+9681154"	9	0.000101280637392811	633	"Polyclonal_50pct"	"sonic"	11442	"CLEC2D*"	"+"	11442	"CLEC2D"	"+"	"CLEC2D"	"+"	79747	"CD69"	"-"	"*"	"CLEC2D"
"chr12"	59718315	59718315	1	"-"	"chr12-59718315"	9	0.000101280637392811	633	"Polyclonal_50pct"	"sonic"	28946	"SLC16A7*"	"+"	28946	"SLC16A7"	"+"	"SLC16A7"	"+"	-1966005	"CDK4"	"-"	"*"	"SLC16A7"
"chr12"	61512612	61512612	1	"-"	"chr12-61512612"	9	0.000101280637392811	633	"Polyclonal_50pct"	"sonic"	195635	"TAFA2"	"-"	680227	"TAFA2"	"-"	"FALSE"	""	-747727	"USP15"	"+"	""	"TAFA2"
"chr15"	81790986	81790986	1	"+"	"chr15+81790986"	9	0.000101280637392811	633	"Polyclonal_50pct"	"sonic"	250791	"MEX3B"	"-"	255032	"MEX3B"	"-"	"FALSE"	""	494017	"IL16"	"+"	""	"MEX3B"
"chr16"	56744727	56744727	1	"-"	"chr16-56744727"	9	0.000101280637392811	633	"Polyclonal_50pct"	"sonic"	14599	"NUP93*"	"+"	14599	"NUP93"	"+"	"NUP93"	"+"	-187414	"HERPUD1"	"+"	"*"	"NUP93"
"chr16"	68306816	68306816	1	"-"	"chr16-68306816"	9	0.000101280637392811	633	"Polyclonal_50pct"	"sonic"	4130	"SLC7A6OS*"	"-"	4130	"SLC7A6OS"	"-"	"SLC7A6OS"	"-"	221447	"NFATC3"	"+"	"*"	"SLC7A6OS"
"chr16"	89743135	89743135	1	"-"	"chr16-89743135"	9	0.000101280637392811	633	"Polyclonal_50pct"	"sonic"	-5587	"FANCA~*"	"-"	21599	"ZNF276"	"+"	"FANCA"	"-"	73512	"FANCA"	"-"	"~*"	"FANCA"
"chr17"	44819848	44819848	1	"+"	"chr17+44819848"	9	0.000101280637392811	633	"Polyclonal_50pct"	"sonic"	10439	"GJC1*"	"-"	10439	"GJC1"	"-"	"GJC1"	"-"	-241468	"NMT1"	"+"	"*"	"GJC1"
"chr19"	14833142	14833142	1	"+"	"chr19+14833142"	9	0.000101280637392811	633	"Polyclonal_50pct"	"sonic"	2043	"OR7C1,OR7A5*"	"-"	2043	"OR7C1,OR7A5"	"-"	"OR7C1,OR7A5"	"-"	-274258	"SYDE1"	"+"	"*"	"OR7C1,OR7A5"
"chr19"	3399409	3399409	1	"+"	"chr19+3399409"	9	0.000101280637392811	633	"Polyclonal_50pct"	"sonic"	32827	"NFIC*"	"+"	32827	"NFIC"	"+"	"NFIC"	"+"	32827	"NFIC"	"+"	"*"	"NFIC"
"chr2"	185123323	185123323	1	"-"	"chr2-185123323"	9	0.000101280637392811	633	"Polyclonal_50pct"	"sonic"	41630	"LOC105373782"	"-"	43749	"LOC105373782"	"-"	"FALSE"	""	3666800	"DIRC1"	"-"	""	"LOC105373782"
"chr2"	65679109	65679109	1	"-"	"chr2-65679109"	9	0.000101280637392811	633	"Polyclonal_50pct"	"sonic"	-246510	"SPRED2"	"-"	-246510	"SPRED2"	"-"	"FALSE"	""	-548808	"RAB1A"	"-"	""	"SPRED2"
"chr3"	145594141	145594141	1	"-"	"chr3-145594141"	9	0.000101280637392811	633	"Polyclonal_50pct"	"sonic"	472202	"LNCSRLR"	"-"	475044	"LNCSRLR"	"-"	"FALSE"	""	-1745673	"SLC9A9"	"-"	""	"LNCSRLR"
"chr3"	152004486	152004486	1	"-"	"chr3-152004486"	9	0.000101280637392811	633	"Polyclonal_50pct"	"sonic"	-76311	"AADACL2-AS1"	"-"	-76311	"AADACL2-AS1"	"-"	"FALSE"	""	-725944	"P2RY14"	"-"	""	"AADACL2-AS1"
"chr3"	166650583	166650583	1	"-"	"chr3-166650583"	9	0.000101280637392811	633	"Polyclonal_50pct"	"sonic"	-248099	"LOC105374194"	"+"	-248099	"LOC105374194"	"+"	"FALSE"	""	2494940	"MECOM"	"-"	""	"LOC105374194"
"chr4"	121962138	121962138	1	"-"	"chr4-121962138"	9	0.000101280637392811	633	"Polyclonal_50pct"	"sonic"	-10078	"TRPC3"	"-"	-10078	"TRPC3"	"-"	"FALSE"	""	-138255	"CCNA2"	"-"	""	"TRPC3"
"chr4"	66195629	66195629	1	"-"	"chr4-66195629"	9	0.000101280637392811	633	"Polyclonal_50pct"	"sonic"	-81194	"MIR1269A"	"+"	-81194	"MIR1269A"	"+"	"FALSE"	""	-4492902	"UTP3"	"+"	""	"MIR1269A"
"chr5"	124271561	124271561	1	"-"	"chr5-124271561"	9	0.000101280637392811	633	"Polyclonal_50pct"	"sonic"	166959	"LINC01170*"	"-"	166959	"LINC01170"	"-"	"LINC01170"	"-"	475078	"ZNF608"	"-"	"*"	"LINC01170"
"chr6"	126026887	126026887	1	"+"	"chr6+126026887"	9	0.000101280637392811	633	"Polyclonal_50pct"	"sonic"	-12387	"TRMT11*"	"+"	40348	"TRMT11"	"+"	"TRMT11"	"+"	-1091783	"RSPO3"	"+"	"*"	"TRMT11"
"chr6"	133943453	133943453	1	"+"	"chr6+133943453"	9	0.000101280637392811	633	"Polyclonal_50pct"	"sonic"	-8716	"TBPL1"	"+"	-8716	"TBPL1"	"+"	"FALSE"	""	701955	"EYA4"	"+"	""	"TBPL1"
"chr6"	48885453	48885453	1	"+"	"chr6+48885453"	9	0.000101280637392811	633	"Polyclonal_50pct"	"sonic"	544906	"MMUT"	"-"	577800	"MMUT"	"-"	"FALSE"	""	3202160	"PKHD1"	"-"	""	"MMUT"
"chr7"	114350819	114350819	1	"+"	"chr7+114350819"	9	0.000101280637392811	633	"Polyclonal_50pct"	"sonic"	264493	"FOXP2*"	"+"	-63995	"FOXP2"	"+"	"FOXP2"	"+"	-2174189	"CAV1"	"+"	"*"	"FOXP2"
"chr7"	123615854	123615854	1	"-"	"chr7-123615854"	9	0.000101280637392811	633	"Polyclonal_50pct"	"sonic"	-1694	"ASB15-AS1*"	"-"	6832	"ASB15"	"+"	"ASB15,ASB15-AS1"	"+,-"	-309386	"SPAM1"	"+"	"*"	"ASB15-AS1"
"chr7"	155722173	155722173	1	"-"	"chr7-155722173"	9	0.000101280637392811	633	"Polyclonal_50pct"	"sonic"	-59307	"RBM33*"	"+"	77513	"RBM33"	"+"	"RBM33"	"+"	86990	"SHH"	"-"	"*"	"RBM33"
"chr7"	89847937	89847937	1	"-"	"chr7-89847937"	9	0.000101280637392811	633	"Polyclonal_50pct"	"sonic"	34415	"STEAP2-AS1"	"-"	-271462	"DPY19L2P4"	"+"	"FALSE"	""	-306531	"STEAP1"	"+"	""	"STEAP2-AS1"
"chr9"	95656035	95656035	1	"+"	"chr9+95656035"	9	0.000101280637392811	633	"Polyclonal_50pct"	"sonic"	-139064	"PTCH1"	"-"	-139064	"PTCH1"	"-"	"FALSE"	""	-139064	"PTCH1"	"-"	""	"PTCH1"
"chr9"	132700632	132700632	1	"-"	"chr9-132700632"	9	0.000101280637392811	633	"Polyclonal_50pct"	"sonic"	5677	"GTF3C4"	"+"	30169	"GTF3C4"	"+"	"FALSE"	""	243984	"TSC1"	"-"	""	"GTF3C4"
"chrX"	11181461	11181461	1	"-"	"chrX-11181461"	9	0.000101280637392811	633	"Polyclonal_50pct"	"sonic"	-38065	"ARHGAP6*"	"-"	70130	"HCCS"	"+"	"ARHGAP6"	"-"	-347778	"MID1"	"-"	"*"	"ARHGAP6"
"chr1"	100386488	100386488	1	"+"	"chr1+100386488"	8	9.00272332380545e-05	685	"Polyclonal_50pct"	"sonic"	33983	"CDC14A*"	"+"	33983	"CDC14A"	"+"	"CDC14A"	"+"	2722008	"COL11A1"	"-"	"*"	"CDC14A"
"chr1"	183507881	183507881	1	"+"	"chr1+183507881"	8	9.00272332380545e-05	685	"Polyclonal_50pct"	"sonic"	35383	"SMG7*"	"+"	35383	"SMG7"	"+"	"SMG7"	"+"	-128227	"RGL1"	"+"	"*"	"SMG7"
"chr1"	241105346	241105346	1	"+"	"chr1+241105346"	8	9.00272332380545e-05	685	"Polyclonal_50pct"	"sonic"	250480	"RGS7*"	"-"	-26925	"MIR3123"	"+"	"RGS7"	"-"	414409	"FH"	"-"	"*"	"RGS7"
"chr1"	190242524	190242524	1	"-"	"chr1-190242524"	8	9.00272332380545e-05	685	"Polyclonal_50pct"	"sonic"	-144858	"BRINP3*"	"-"	233486	"BRINP3"	"-"	"BRINP3"	"-"	-2333248	"RGS1"	"+"	"*"	"BRINP3"
"chr10"	55151789	55151789	1	"+"	"chr10+55151789"	8	9.00272332380545e-05	685	"Polyclonal_50pct"	"sonic"	476153	"PCDH15*"	"-"	-350558	"PCDH15"	"-"	"PCDH15"	"-"	2837509	"DKK1"	"+"	"*"	"PCDH15"
"chr10"	93739850	93739850	1	"+"	"chr10+93739850"	8	9.00272332380545e-05	685	"Polyclonal_50pct"	"sonic"	-17958	"LGI1~"	"+"	-17958	"LGI1"	"+"	"FALSE"	""	-17958	"LGI1"	"+"	"~"	"LGI1"
"chr10"	19209752	19209752	1	"-"	"chr10-19209752"	8	9.00272332380545e-05	685	"Polyclonal_50pct"	"sonic"	160952	"MALRD1*"	"+"	160952	"MALRD1"	"+"	"MALRD1"	"+"	1400405	"MRC1"	"+"	"*"	"MALRD1"
"chr10"	58534465	58534465	1	"-"	"chr10-58534465"	8	9.00272332380545e-05	685	"Polyclonal_50pct"	"sonic"	21594	"BICC1*"	"+"	21594	"BICC1"	"+"	"BICC1"	"+"	1372091	"CCDC6"	"-"	"*"	"BICC1"
"chr11"	56875453	56875453	1	"+"	"chr11+56875453"	8	9.00272332380545e-05	685	"Polyclonal_50pct"	"sonic"	-2625	"LINC02735*"	"+"	26976	"LINC02735"	"+"	"LINC02735"	"+"	361797	"APLNR"	"-"	"*"	"LINC02735"
"chr11"	39650174	39650174	1	"-"	"chr11-39650174"	8	9.00272332380545e-05	685	"Polyclonal_50pct"	"sonic"	464026	"LRRC4C"	"-"	642956	"LRRC4C"	"-"	"FALSE"	""	-4416095	"ACCS"	"+"	""	"LRRC4C"
"chr12"	39345054	39345054	1	"-"	"chr12-39345054"	8	9.00272332380545e-05	685	"Polyclonal_50pct"	"sonic"	-51827	"KIF21A*"	"-"	98066	"KIF21A"	"-"	"KIF21A"	"-"	-6384651	"ARID2"	"+"	"*"	"KIF21A"
"chr12"	53140805	53140805	1	"-"	"chr12-53140805"	8	9.00272332380545e-05	685	"Polyclonal_50pct"	"sonic"	16270	"SOAT2"	"+"	23688	"CSAD"	"-"	"FALSE"	""	43139	"IGFBP6"	"+"	""	"SOAT2"
"chr12"	80403548	80403548	1	"-"	"chr12-80403548"	8	9.00272332380545e-05	685	"Polyclonal_50pct"	"sonic"	22668	"OTOGL"	"+"	-40686	"PTPRQ"	"+"	"FALSE"	""	-712451	"PAWR"	"-"	""	"OTOGL"
"chr14"	26362716	26362716	1	"+"	"chr14+26362716"	8	9.00272332380545e-05	685	"Polyclonal_50pct"	"sonic"	80374	"NOVA1"	"-"	190714	"NOVA1"	"-"	"FALSE"	""	-2404070	"FOXG1"	"+"	""	"NOVA1"
"chr16"	27254337	27254337	1	"+"	"chr16+27254337"	8	9.00272332380545e-05	685	"Polyclonal_50pct"	"sonic"	14435	"NSMCE1*"	"-"	-13867	"NSMCE1-DT"	"+"	"NSMCE1"	"-"	-59636	"IL4R"	"+"	"*"	"NSMCE1"
"chr17"	78282232	78282232	1	"+"	"chr17+78282232"	8	9.00272332380545e-05	685	"Polyclonal_50pct"	"sonic"	-3740	"LINC01993"	"-"	-3740	"LINC01993"	"-"	"FALSE"	""	-95028	"TK1"	"-"	""	"LINC01993"
"chr19"	11524066	11524066	1	"+"	"chr19+11524066"	8	9.00272332380545e-05	685	"Polyclonal_50pct"	"sonic"	4799	"ECSIT*"	"-"	4799	"ECSIT"	"-"	"ECSIT"	"-"	-139752	"EPOR"	"-"	"*"	"ECSIT"
"chr2"	215562477	215562477	1	"+"	"chr2+215562477"	8	9.00272332380545e-05	685	"Polyclonal_50pct"	"sonic"	49085	"LINC00607"	"-"	108771	"LOC102724849"	"+"	"FALSE"	""	-126409	"FN1"	"-"	""	"LINC00607"
"chr2"	166996684	166996684	1	"-"	"chr2-166996684"	8	9.00272332380545e-05	685	"Polyclonal_50pct"	"sonic"	108198	"XIRP2*"	"+"	108198	"XIRP2"	"+"	"XIRP2"	"+"	2365850	"LRP2"	"-"	"*"	"XIRP2"
"chr2"	55402474	55402474	1	"-"	"chr2-55402474"	8	9.00272332380545e-05	685	"Polyclonal_50pct"	"sonic"	17382	"CCDC88A*"	"-"	17382	"CCDC88A"	"-"	"CCDC88A"	"-"	-264643	"RTN4"	"-"	"*"	"CCDC88A"
"chr22"	24387980	24387980	1	"+"	"chr22+24387980"	8	9.00272332380545e-05	685	"Polyclonal_50pct"	"sonic"	-29758	"SPECC1L*"	"+"	-35616	"ADORA2A"	"+"	"SPECC1L-ADORA2A,SPECC1L"	"+"	-244934	"BCRP3"	"+"	"*"	"SPECC1L"
"chr3"	48025559	48025559	1	"+"	"chr3+48025559"	8	9.00272332380545e-05	685	"Polyclonal_50pct"	"sonic"	-52481	"MAP4~*"	"-"	-9143	"MAP4"	"-"	"MAP4"	"-"	-9143	"MAP4"	"-"	"~*"	"MAP4"
"chr3"	139357578	139357578	1	"-"	"chr3-139357578"	8	9.00272332380545e-05	685	"Polyclonal_50pct"	"sonic"	-173	"COPB2*"	"-"	13028	"MRPS22"	"+"	"COPB2"	"-"	-410441	"FOXL2"	"-"	"*"	"COPB2"
"chr3"	143010179	143010179	1	"-"	"chr3-143010179"	8	9.00272332380545e-05	685	"Polyclonal_50pct"	"sonic"	8610	"U2SURP*"	"+"	8610	"U2SURP"	"+"	"U2SURP"	"+"	-431446	"ATR"	"-"	"*"	"U2SURP"
"chr3"	149782093	149782093	1	"-"	"chr3-149782093"	8	9.00272332380545e-05	685	"Polyclonal_50pct"	"sonic"	10461	"ANKUB1*"	"-"	10461	"ANKUB1"	"-"	"ANKUB1"	"-"	-404444	"TM4SF1"	"-"	"*"	"ANKUB1"
"chr3"	3100650	3100650	1	"-"	"chr3-3100650"	8	9.00272332380545e-05	685	"Polyclonal_50pct"	"sonic"	-8841	"IL5RA*"	"-"	9724	"IL5RA"	"-"	"IL5RA"	"-"	208436	"CNTN4"	"+"	"*"	"IL5RA"
"chr3"	89736073	89736073	1	"-"	"chr3-89736073"	8	9.00272332380545e-05	685	"Polyclonal_50pct"	"sonic"	253939	"EPHA3"	"+"	628453	"EPHA3"	"+"	"FALSE"	""	628453	"EPHA3"	"+"	""	"EPHA3"
"chr4"	44721191	44721191	1	"+"	"chr4+44721191"	8	9.00272332380545e-05	685	"Polyclonal_50pct"	"sonic"	5365	"GNPDA2*"	"-"	5365	"GNPDA2"	"-"	"GNPDA2"	"-"	-2972466	"PHOX2B"	"-"	"*"	"GNPDA2"
"chr4"	70348040	70348040	1	"+"	"chr4+70348040"	8	9.00272332380545e-05	685	"Polyclonal_50pct"	"sonic"	10924	"CABS1"	"+"	-12719	"SMR3A"	"+"	"FALSE"	""	-340491	"UTP3"	"+"	""	"CABS1"
"chr4"	15064977	15064977	1	"-"	"chr4-15064977"	8	9.00272332380545e-05	685	"Polyclonal_50pct"	"sonic"	-5174	"CPEB2*"	"+"	62497	"CPEB2"	"+"	"CPEB2,C1QTNF7-AS1"	"+,-"	8371100	"S100P"	"+"	"*"	"CPEB2"
"chr4"	174125041	174125041	1	"-"	"chr4-174125041"	8	9.00272332380545e-05	685	"Polyclonal_50pct"	"sonic"	-30382	"LINC02268*"	"-"	95357	"LINC02268"	"-"	"LINC02268"	"-"	-793316	"ADAM29"	"+"	"*"	"LINC02268"
"chr4"	64247963	64247963	1	"-"	"chr4-64247963"	8	9.00272332380545e-05	685	"Polyclonal_50pct"	"sonic"	28336	"TECRL"	"-"	161487	"TECRL"	"-"	"FALSE"	""	-6440568	"UTP3"	"+"	""	"TECRL"
"chr4"	91222997	91222997	1	"-"	"chr4-91222997"	8	9.00272332380545e-05	685	"Polyclonal_50pct"	"sonic"	-382297	"CCSER1*"	"+"	987967	"CCSER1"	"+"	"CCSER1"	"+"	3247284	"SPP1"	"+"	"*"	"CCSER1"
"chr5"	36961177	36961177	1	"+"	"chr5+36961177"	8	9.00272332380545e-05	685	"Polyclonal_50pct"	"sonic"	84409	"NIPBL*"	"+"	84409	"NIPBL"	"+"	"NIPBL"	"+"	84409	"NIPBL"	"+"	"*"	"NIPBL"
"chr5"	109812087	109812087	1	"-"	"chr5-109812087"	8	9.00272332380545e-05	685	"Polyclonal_50pct"	"sonic"	-57538	"MAN2A1*"	"+"	-71094	"LINC01848"	"+"	"MAN2A1"	"+"	-2895410	"APC"	"+"	"*"	"MAN2A1"
"chr5"	141620403	141620403	1	"-"	"chr5-141620403"	8	9.00272332380545e-05	685	"Polyclonal_50pct"	"sonic"	472	"HDAC3~"	"-"	-1403	"DIAPH1"	"-"	"FALSE"	""	16446	"HDAC3"	"-"	"~"	"HDAC3"
"chr5"	146166347	146166347	1	"-"	"chr5-146166347"	8	9.00272332380545e-05	685	"Polyclonal_50pct"	"sonic"	16303	"LARS1*"	"-"	16303	"LARS1"	"-"	"LARS1"	"-"	-2146075	"SPINK7"	"+"	"*"	"LARS1"
"chr5"	59862239	59862239	1	"-"	"chr5-59862239"	8	9.00272332380545e-05	685	"Polyclonal_50pct"	"sonic"	31487	"PDE4D~*"	"-"	31487	"PDE4D"	"-"	"PDE4D"	"-"	31487	"PDE4D"	"-"	"~*"	"PDE4D"
"chr6"	158296397	158296397	1	"+"	"chr6+158296397"	8	9.00272332380545e-05	685	"Polyclonal_50pct"	"sonic"	-16067	"TULP4"	"+"	-16067	"TULP4"	"+"	"FALSE"	""	915208	"ZDHHC14"	"+"	""	"TULP4"
"chr7"	129918516	129918516	1	"-"	"chr7-129918516"	8	9.00272332380545e-05	685	"Polyclonal_50pct"	"sonic"	34444	"UBE2H*"	"-"	34444	"UBE2H"	"-"	"UBE2H"	"-"	288439	"NRF1"	"+"	"*"	"UBE2H"
"chr7"	49547768	49547768	1	"-"	"chr7-49547768"	8	9.00272332380545e-05	685	"Polyclonal_50pct"	"sonic"	-225869	"VWC2"	"+"	-225869	"VWC2"	"+"	"FALSE"	""	-756295	"IKZF1"	"+"	""	"VWC2"
"chr7"	78767139	78767139	1	"-"	"chr7-78767139"	8	9.00272332380545e-05	685	"Polyclonal_50pct"	"sonic"	686528	"MAGI2*"	"-"	-241848	"MAGI2-AS2"	"+"	"MAGI2"	"-"	2286630	"DTX2"	"+"	"*"	"MAGI2"
"chr8"	65441038	65441038	1	"+"	"chr8+65441038"	8	9.00272332380545e-05	685	"Polyclonal_50pct"	"sonic"	85969	"LINC01299"	"-"	121628	"LINC01299"	"-"	"FALSE"	""	-642301	"CYP7B1"	"-"	""	"LINC01299"
"chr8"	83015623	83015623	1	"+"	"chr8+83015623"	8	9.00272332380545e-05	685	"Polyclonal_50pct"	"sonic"	53699	"LOC101927141"	"+"	103520	"LOC101927141"	"+"	"FALSE"	""	-2844059	"TPD52"	"-"	""	"LOC101927141"
"chr9"	102406131	102406131	1	"+"	"chr9+102406131"	8	9.00272332380545e-05	685	"Polyclonal_50pct"	"sonic"	-113505	"LINC00587"	"+"	-113505	"LINC00587"	"+"	"FALSE"	""	-970357	"ALDOB"	"-"	""	"LINC00587"
"chr9"	73544032	73544032	1	"+"	"chr9+73544032"	8	9.00272332380545e-05	685	"Polyclonal_50pct"	"sonic"	373639	"ANXA1"	"+"	392168	"ANXA1"	"+"	"FALSE"	""	392168	"ANXA1"	"+"	""	"ANXA1"
"chr9"	132385352	132385352	1	"-"	"chr9-132385352"	8	9.00272332380545e-05	685	"Polyclonal_50pct"	"sonic"	-9804	"TTF1*"	"-"	21488	"TTF1"	"-"	"TTF1"	"-"	559264	"TSC1"	"-"	"*"	"TTF1"
"chr9"	136819827	136819827	1	"-"	"chr9-136819827"	8	9.00272332380545e-05	685	"Polyclonal_50pct"	"sonic"	11880	"RABL6*"	"+"	-10979	"CCDC183-AS1"	"-"	"RABL6"	"+"	-32518	"MAMDC4"	"+"	"*"	"RABL6"
"chr9"	94703727	94703727	1	"-"	"chr9-94703727"	8	9.00272332380545e-05	685	"Polyclonal_50pct"	"sonic"	-22941	"AOPEP"	"+"	-22941	"AOPEP"	"+"	"FALSE"	""	613527	"FANCC"	"-"	""	"AOPEP"
"chrX"	150786823	150786823	1	"+"	"chrX+150786823"	8	9.00272332380545e-05	685	"Polyclonal_50pct"	"sonic"	-20488	"CD99L2*"	"-"	75069	"MTMR1"	"+"	"CD99L2"	"-"	-2708156	"BGN"	"+"	"*"	"CD99L2"
"chrX"	22983139	22983139	1	"+"	"chrX+22983139"	8	9.00272332380545e-05	685	"Polyclonal_50pct"	"sonic"	310007	"PTCHD1-AS*"	"-"	-16820	"DDX53"	"+"	"PTCHD1-AS"	"-"	-2841301	"EIF1AX"	"-"	"*"	"PTCHD1-AS"
"chrX"	4536215	4536215	1	"-"	"chrX-4536215"	8	9.00272332380545e-05	685	"Polyclonal_50pct"	"sonic"	90984	"LOC101928201"	"-"	97357	"LOC101928201"	"-"	"FALSE"	""	-2999030	"P2RY8"	"-"	""	"LOC101928201"
"chr1"	156057586	156057586	1	"+"	"chr1+156057586"	7	7.87738290832977e-05	737	"Polyclonal_50pct"	"sonic"	-920	"LAMTOR2*"	"+"	2805	"LAMTOR2"	"+"	"LAMTOR2"	"+"	-78026	"ARHGEF2"	"-"	"*"	"LAMTOR2"
"chr1"	154800571	154800571	1	"-"	"chr1-154800571"	7	7.87738290832977e-05	737	"Polyclonal_50pct"	"sonic"	59305	"KCNN3*"	"-"	59305	"KCNN3"	"-"	"KCNN3"	"-"	170176	"SHC1"	"-"	"*"	"KCNN3"
"chr1"	244578344	244578344	1	"-"	"chr1-244578344"	7	7.87738290832977e-05	737	"Polyclonal_50pct"	"sonic"	-62016	"CATSPERE*"	"+"	-74781	"DESI2"	"+"	"CATSPERE"	"+"	-727265	"AKT3"	"-"	"*"	"CATSPERE"
"chr11"	108195362	108195362	1	"+"	"chr11+108195362"	7	7.87738290832977e-05	737	"Polyclonal_50pct"	"sonic"	27276	"NPAT*"	"-"	27276	"NPAT"	"-"	"NPAT"	"-"	-27469	"ATM"	"+"	"*"	"NPAT"
"chr11"	41875043	41875043	1	"+"	"chr11+41875043"	7	7.87738290832977e-05	737	"Polyclonal_50pct"	"sonic"	38601	"LINC01499"	"+"	160476	"LINC01499"	"+"	"FALSE"	""	-2191226	"ACCS"	"+"	""	"LINC01499"
"chr12"	55383549	55383549	1	"+"	"chr12+55383549"	7	7.87738290832977e-05	737	"Polyclonal_50pct"	"sonic"	-16979	"OR6C65"	"+"	-16979	"OR6C65"	"+"	"FALSE"	""	434175	"SARNP"	"-"	""	"OR6C65"
"chr12"	97472094	97472094	1	"+"	"chr12+97472094"	7	7.87738290832977e-05	737	"Polyclonal_50pct"	"sonic"	7075	"RMST*"	"+"	7075	"RMST"	"+"	"RMST"	"+"	-1173195	"APAF1"	"+"	"*"	"RMST"
"chr12"	66154911	66154911	1	"-"	"chr12-66154911"	7	7.87738290832977e-05	737	"Polyclonal_50pct"	"sonic"	15085	"TMBIM4*"	"-"	15085	"TMBIM4"	"-"	"TMBIM4"	"-"	330429	"HMGA2"	"+"	"*"	"TMBIM4"
"chr12"	67211291	67211291	1	"-"	"chr12-67211291"	7	7.87738290832977e-05	737	"Polyclonal_50pct"	"sonic"	-58066	"CAND1"	"+"	-58066	"CAND1"	"+"	"FALSE"	""	1042313	"IL22"	"-"	""	"CAND1"
"chr13"	56052087	56052087	1	"+"	"chr13+56052087"	7	7.87738290832977e-05	737	"Polyclonal_50pct"	"sonic"	877539	"MIR5007"	"+"	877634	"MIR5007"	"+"	"FALSE"	""	3023275	"OLFM4"	"+"	""	"MIR5007"
"chr13"	74204847	74204847	1	"+"	"chr13+74204847"	7	7.87738290832977e-05	737	"Polyclonal_50pct"	"sonic"	-26596	"LINC00402"	"+"	-26596	"LINC00402"	"+"	"FALSE"	""	1145843	"KLF5"	"+"	""	"LINC00402"
"chr13"	72136276	72136276	1	"-"	"chr13-72136276"	7	7.87738290832977e-05	737	"Polyclonal_50pct"	"sonic"	-269072	"DACH1"	"-"	-269072	"DACH1"	"-"	"FALSE"	""	-918699	"KLF5"	"+"	""	"DACH1"
"chr16"	2414595	2414595	1	"-"	"chr16-2414595"	7	7.87738290832977e-05	737	"Polyclonal_50pct"	"sonic"	-12104	"ABCA17P*"	"+"	-14851	"CCNF"	"+"	"ABCA17P"	"+"	-14851	"CCNF"	"+"	"*"	"ABCA17P"
"chr17"	64498417	64498417	1	"+"	"chr17+64498417"	7	7.87738290832977e-05	737	"Polyclonal_50pct"	"sonic"	-164	"DDX5~*"	"-"	-1363	"POLG2"	"-"	"DDX5"	"-"	7520	"DDX5"	"-"	"~*"	"DDX5"
"chr17"	82430836	82430836	1	"-"	"chr17-82430836"	7	7.87738290832977e-05	737	"Polyclonal_50pct"	"sonic"	-11809	"HEXD*"	"+"	-12250	"OGFOD3"	"-"	"HEXD"	"+"	195063	"SLC16A3"	"+"	"*"	"HEXD"
"chr19"	49295147	49295147	1	"+"	"chr19+49295147"	7	7.87738290832977e-05	737	"Polyclonal_50pct"	"sonic"	-5510	"SLC6A16*"	"-"	13721	"MIR4324"	"-"	"SLC6A16"	"-"	301261	"RUVBL2"	"+"	"*"	"SLC6A16"
"chr19"	10996189	10996189	1	"-"	"chr19-10996189"	7	7.87738290832977e-05	737	"Polyclonal_50pct"	"sonic"	12066	"SMARCA4~*"	"+"	12066	"SMARCA4"	"+"	"SMARCA4"	"+"	12066	"SMARCA4"	"+"	"~*"	"SMARCA4"
"chr2"	214060297	214060297	1	"-"	"chr2-214060297"	7	7.87738290832977e-05	737	"Polyclonal_50pct"	"sonic"	-350204	"SPAG16*"	"+"	302231	"MIR4438"	"+"	"SPAG16"	"+"	749386	"BARD1"	"-"	"*"	"SPAG16"
"chr2"	64693568	64693568	1	"-"	"chr2-64693568"	7	7.87738290832977e-05	737	"Polyclonal_50pct"	"sonic"	-39655	"SERTAD2"	"-"	-39655	"SERTAD2"	"-"	"FALSE"	""	436538	"RAB1A"	"-"	""	"SERTAD2"
"chr2"	82560094	82560094	1	"-"	"chr2-82560094"	7	7.87738290832977e-05	737	"Polyclonal_50pct"	"sonic"	-296708	"DHFRP3"	"+"	-296708	"DHFRP3"	"+"	"FALSE"	""	-2345561	"TMSB10"	"+"	""	"DHFRP3"
"chr20"	47446382	47446382	1	"+"	"chr20+47446382"	7	7.87738290832977e-05	737	"Polyclonal_50pct"	"sonic"	-34238	"LINC01754"	"-"	-34238	"LINC01754"	"-"	"FALSE"	""	-55504	"NCOA3"	"+"	""	"LINC01754"
"chr20"	9985765	9985765	1	"+"	"chr20+9985765"	7	7.87738290832977e-05	737	"Polyclonal_50pct"	"sonic"	-567	"PARAL1"	"+"	-567	"PARAL1"	"+"	"FALSE"	""	688234	"JAG1"	"-"	""	"PARAL1"
"chr22_ML143380v1_fix"	79684	79684	1	"+"	"chr22_ML143380v1_fix+79684"	7	7.87738290832977e-05	737	"Polyclonal_50pct"	"sonic"	NA	NA	""	NA	""	""	"FALSE"	""	NA	""	""	""	""
"chr3"	176908229	176908229	1	"+"	"chr3+176908229"	7	7.87738290832977e-05	737	"Polyclonal_50pct"	"sonic"	-91228	"LINC01209"	"-"	-91228	"LINC01209"	"-"	"FALSE"	""	-2240127	"PIK3CA"	"+"	""	"LINC01209"
"chr3"	48030573	48030573	1	"+"	"chr3+48030573"	7	7.87738290832977e-05	737	"Polyclonal_50pct"	"sonic"	-57495	"MAP4~*"	"-"	-14157	"MAP4"	"-"	"MAP4"	"-"	-14157	"MAP4"	"-"	"~*"	"MAP4"
"chr3"	71411022	71411022	1	"+"	"chr3+71411022"	7	7.87738290832977e-05	737	"Polyclonal_50pct"	"sonic"	132535	"FOXP1~*"	"-"	-106251	"FOXP1"	"-"	"FOXP1"	"-"	-106251	"FOXP1"	"-"	"~*"	"FOXP1"
"chr3"	152804861	152804861	1	"-"	"chr3-152804861"	7	7.87738290832977e-05	737	"Polyclonal_50pct"	"sonic"	-30269	"P2RY1"	"+"	-30269	"P2RY1"	"+"	"FALSE"	""	-357364	"RAP2B"	"+"	""	"P2RY1"
"chr3"	95625991	95625991	1	"-"	"chr3-95625991"	7	7.87738290832977e-05	737	"Polyclonal_50pct"	"sonic"	28431	"MTHFD2P1"	"-"	57202	"MTHFD2P1"	"-"	"FALSE"	""	-1652095	"PROS1"	"-"	""	"MTHFD2P1"
"chr4"	102649563	102649563	1	"+"	"chr4+102649563"	7	7.87738290832977e-05	737	"Polyclonal_50pct"	"sonic"	-18794	"MANBA*"	"-"	111405	"MANBA"	"-"	"MANBA"	"-"	147630	"NFKB1"	"+"	"*"	"MANBA"
"chr4"	128509989	128509989	1	"+"	"chr4+128509989"	7	7.87738290832977e-05	737	"Polyclonal_50pct"	"sonic"	-9407	"LINC02615*"	"+"	81974	"LINC02615"	"+"	"LINC02615"	"+"	583550	"SCLT1"	"-"	"*"	"LINC02615"
"chr4"	135623903	135623903	1	"-"	"chr4-135623903"	7	7.87738290832977e-05	737	"Polyclonal_50pct"	"sonic"	243080	"LINC00613"	"-"	264190	"LINC00613"	"-"	"FALSE"	""	-6530364	"SCLT1"	"-"	""	"LINC00613"
"chr4"	150903427	150903427	1	"-"	"chr4-150903427"	7	7.87738290832977e-05	737	"Polyclonal_50pct"	"sonic"	111840	"LRBA~*"	"-"	111840	"LRBA"	"-"	"LRBA"	"-"	111840	"LRBA"	"-"	"~*"	"LRBA"
"chr4"	161531006	161531006	1	"-"	"chr4-161531006"	7	7.87738290832977e-05	737	"Polyclonal_50pct"	"sonic"	-147110	"FSTL5*"	"-"	-491726	"LOC101928052"	"+"	"FSTL5"	"-"	1801590	"NPY1R"	"-"	"*"	"FSTL5"
"chr4"	49710190	49710190	1	"-"	"chr4-49710190"	7	7.87738290832977e-05	737	"Polyclonal_50pct"	"sonic"	648112	"CWH43"	"+"	723549	"CWH43"	"+"	"FALSE"	""	-929911	"FRYL"	"-"	""	"CWH43"
"chr5"	145789474	145789474	1	"+"	"chr5+145789474"	7	7.87738290832977e-05	737	"Polyclonal_50pct"	"sonic"	-33131	"PRELID2*"	"-"	45868	"PRELID2"	"-"	"PRELID2"	"-"	-2522948	"SPINK7"	"+"	"*"	"PRELID2"
"chr5"	27760078	27760078	1	"+"	"chr5+27760078"	7	7.87738290832977e-05	737	"Polyclonal_50pct"	"sonic"	263677	"PURPL"	"+"	287787	"PURPL"	"+"	"FALSE"	""	-3115100	"CDH10"	"-"	""	"PURPL"
"chr5"	52638613	52638613	1	"-"	"chr5-52638613"	7	7.87738290832977e-05	737	"Polyclonal_50pct"	"sonic"	-149302	"PELO,ITGA1"	"+"	-149302	"PELO,ITGA1"	"+"	"FALSE"	""	-842015	"FST"	"+"	""	"PELO,ITGA1"
"chr6"	126026411	126026411	1	"+"	"chr6+126026411"	7	7.87738290832977e-05	737	"Polyclonal_50pct"	"sonic"	-12863	"TRMT11*"	"+"	39872	"TRMT11"	"+"	"TRMT11"	"+"	-1092259	"RSPO3"	"+"	"*"	"TRMT11"
"chr6"	165191005	165191005	1	"+"	"chr6+165191005"	7	7.87738290832977e-05	737	"Polyclonal_50pct"	"sonic"	88658	"C6orf118"	"-"	118600	"C6orf118"	"-"	"FALSE"	""	1765545	"RNASET2"	"-"	""	"C6orf118"
"chr6"	48630018	48630018	1	"-"	"chr6-48630018"	7	7.87738290832977e-05	737	"Polyclonal_50pct"	"sonic"	-518821	"PTCHD4"	"-"	-518821	"PTCHD4"	"-"	"FALSE"	""	3207744	"RUNX2"	"+"	""	"PTCHD4"
"chr6"	65339545	65339545	1	"-"	"chr6-65339545"	7	7.87738290832977e-05	737	"Polyclonal_50pct"	"sonic"	-4633	"EYS*"	"-"	38128	"LOC441155"	"+"	"EYS"	"-"	-4527010	"COL19A1"	"+"	"*"	"EYS"
"chr6"	71471888	71471888	1	"-"	"chr6-71471888"	7	7.87738290832977e-05	737	"Polyclonal_50pct"	"sonic"	13016	"LINC01626"	"+"	50862	"LINC01626"	"+"	"FALSE"	""	803359	"SMAP1"	"+"	""	"LINC01626"
"chr7"	40039931	40039931	1	"+"	"chr7+40039931"	7	7.87738290832977e-05	737	"Polyclonal_50pct"	"sonic"	-57203	"CDK13*"	"+"	89572	"CDK13"	"+"	"CDK13"	"+"	416360	"RALA"	"+"	"*"	"CDK13"
"chr7"	7531285	7531285	1	"+"	"chr7+7531285"	7	7.87738290832977e-05	737	"Polyclonal_50pct"	"sonic"	4588	"COL28A1~*"	"-"	4588	"COL28A1"	"-"	"COL28A1"	"-"	4588	"COL28A1"	"-"	"~*"	"COL28A1"
"chr7"	122921151	122921151	1	"-"	"chr7-122921151"	7	7.87738290832977e-05	737	"Polyclonal_50pct"	"sonic"	-34392	"CADPS2"	"-"	-34392	"CADPS2"	"-"	"FALSE"	""	-34392	"CADPS2"	"-"	""	"CADPS2"
"chr7"	126128010	126128010	1	"-"	"chr7-126128010"	7	7.87738290832977e-05	737	"Polyclonal_50pct"	"sonic"	310587	"GRM8"	"-"	-863719	"LOC101928254"	"-"	"FALSE"	""	2202156	"SPAM1"	"+"	""	"GRM8"
"chr8"	112591358	112591358	1	"-"	"chr8-112591358"	7	7.87738290832977e-05	737	"Polyclonal_50pct"	"sonic"	-368429	"CSMD3~*"	"-"	-52134	"MIR2053"	"+"	"CSMD3"	"-"	785794	"CSMD3"	"-"	"~*"	"CSMD3"
"chr8"	131680665	131680665	1	"-"	"chr8-131680665"	7	7.87738290832977e-05	737	"Polyclonal_50pct"	"sonic"	-223427	"EFR3A"	"+"	-223427	"EFR3A"	"+"	"FALSE"	""	1616025	"NDRG1"	"-"	""	"EFR3A"
"chr8"	67233850	67233850	1	"-"	"chr8-67233850"	7	7.87738290832977e-05	737	"Polyclonal_50pct"	"sonic"	-36191	"ARFGEF1*"	"-"	109931	"ARFGEF1"	"-"	"ARFGEF1"	"-"	-620632	"MYBL1"	"-"	"*"	"ARFGEF1"
"chr9"	17971525	17971525	1	"-"	"chr9-17971525"	7	7.87738290832977e-05	737	"Polyclonal_50pct"	"sonic"	174401	"SH3GL2"	"+"	392460	"SH3GL2"	"+"	"FALSE"	""	392460	"SH3GL2"	"+"	""	"SH3GL2"
"chrX"	120437809	120437809	1	"-"	"chrX-120437809"	7	7.87738290832977e-05	737	"Polyclonal_50pct"	"sonic"	-1316	"LAMP2*"	"-"	31487	"LAMP2"	"-"	"LAMP2"	"-"	122089	"CUL4B"	"-"	"*"	"LAMP2"
"chrX"	86689916	86689916	1	"-"	"chrX-86689916"	7	7.87738290832977e-05	737	"Polyclonal_50pct"	"sonic"	-142686	"DACH2*"	"+"	426949	"DACH2"	"+"	"DACH2"	"+"	426949	"DACH2"	"+"	"*"	"DACH2"
"chr1"	197643112	197643112	1	"+"	"chr1+197643112"	6	6.75204249285409e-05	799	"Polyclonal_50pct"	"sonic"	-90853	"DENND1B*"	"-"	132368	"DENND1B"	"-"	"DENND1B"	"-"	-496418	"ASPM"	"-"	"*"	"DENND1B"
"chr1"	23037523	23037523	1	"+"	"chr1+23037523"	6	6.75204249285409e-05	799	"Polyclonal_50pct"	"sonic"	18056	"KDM1A*"	"+"	-6781	"MIR3115"	"+"	"KDM1A"	"+"	493710	"E2F2"	"-"	"*"	"KDM1A"
"chr1"	178748223	178748223	1	"-"	"chr1-178748223"	6	6.75204249285409e-05	799	"Polyclonal_50pct"	"sonic"	22980	"RALGPS2*"	"+"	22980	"RALGPS2"	"+"	"RALGPS2"	"+"	22980	"RALGPS2"	"+"	"*"	"RALGPS2"
"chr1"	43052861	43052861	1	"-"	"chr1-43052861"	6	6.75204249285409e-05	799	"Polyclonal_50pct"	"sonic"	69503	"SLC2A1-AS1"	"+"	93813	"SLC2A1-AS1"	"+"	"FALSE"	""	-248120	"TIE1"	"+"	""	"SLC2A1-AS1"
"chr10"	22548862	22548862	1	"+"	"chr10+22548862"	6	6.75204249285409e-05	799	"Polyclonal_50pct"	"sonic"	-14009	"PIP4K2A*"	"-"	-110933	"LOC100499489"	"-"	"PIP4K2A"	"-"	227764	"BMI1"	"+"	"*"	"PIP4K2A"
"chr11"	65751716	65751716	1	"+"	"chr11+65751716"	6	6.75204249285409e-05	799	"Polyclonal_50pct"	"sonic"	22181	"AP5B1"	"-"	29260	"AP5B1"	"-"	"FALSE"	""	39465	"KAT5"	"+"	""	"AP5B1"
"chr11"	32722901	32722901	1	"-"	"chr11-32722901"	6	6.75204249285409e-05	799	"Polyclonal_50pct"	"sonic"	71757	"CCDC73*"	"-"	71757	"CCDC73"	"-"	"CCDC73"	"-"	-287362	"WT1"	"-"	"*"	"CCDC73"
"chr11"	81773481	81773481	1	"-"	"chr11-81773481"	6	6.75204249285409e-05	799	"Polyclonal_50pct"	"sonic"	106369	"MIR4300HG"	"-"	117355	"MIR4300"	"-"	"FALSE"	""	-3355661	"GAB2"	"-"	""	"MIR4300HG"
"chr12"	24043015	24043015	1	"+"	"chr12+24043015"	6	6.75204249285409e-05	799	"Polyclonal_50pct"	"sonic"	-513512	"SOX5*"	"-"	-91983	"SOX5"	"-"	"SOX5"	"-"	-91983	"SOX5"	"-"	"*"	"SOX5"
"chr12"	74982662	74982662	1	"-"	"chr12-74982662"	6	6.75204249285409e-05	799	"Polyclonal_50pct"	"sonic"	57415	"KCNC2"	"-"	227086	"KCNC2"	"-"	"FALSE"	""	-3824663	"TSPAN8"	"-"	""	"KCNC2"
"chr13"	107165770	107165770	1	"+"	"chr13+107165770"	6	6.75204249285409e-05	799	"Polyclonal_50pct"	"sonic"	-2260	"FAM155A*"	"-"	155193	"SNORD31B"	"-"	"FAM155A"	"-"	-1103858	"TNFSF13B"	"+"	"*"	"FAM155A"
"chr13"	30228893	30228893	1	"-"	"chr13-30228893"	6	6.75204249285409e-05	799	"Polyclonal_50pct"	"sonic"	-26264	"KATNAL1*"	"-"	-75819	"LINC00384"	"-"	"KATNAL1"	"-"	235434	"HMGB1"	"-"	"*"	"KATNAL1"
"chr14"	41671263	41671263	1	"+"	"chr14+41671263"	6	6.75204249285409e-05	799	"Polyclonal_50pct"	"sonic"	64408	"LRFN5*"	"+"	64408	"LRFN5"	"+"	"LRFN5"	"+"	2836020	"FSCB"	"-"	"*"	"LRFN5"
"chr15"	65698562	65698562	1	"+"	"chr15+65698562"	6	6.75204249285409e-05	799	"Polyclonal_50pct"	"sonic"	-39440	"DENND4A*"	"-"	-1626	"SNORD13E"	"-"	"DENND4A"	"-"	-688349	"MAP2K1"	"+"	"*"	"DENND4A"
"chr15"	76742872	76742872	1	"-"	"chr15-76742872"	6	6.75204249285409e-05	799	"Polyclonal_50pct"	"sonic"	119072	"SCAPER*"	"-"	119072	"SCAPER"	"-"	"SCAPER"	"-"	-1030024	"CSPG4"	"-"	"*"	"SCAPER"
"chr16"	2069932	2069932	1	"+"	"chr16+2069932"	6	6.75204249285409e-05	799	"Polyclonal_50pct"	"sonic"	-18788	"TSC2~*"	"+"	20352	"MIR1225"	"-"	"TSC2"	"+"	21731	"TSC2"	"+"	"~*"	"TSC2"
"chr16"	20835489	20835489	1	"-"	"chr16-20835489"	6	6.75204249285409e-05	799	"Polyclonal_50pct"	"sonic"	-14176	"REXO5*"	"+"	28963	"REXO5"	"+"	"REXO5"	"+"	-1117871	"UQCRC2"	"+"	"*"	"REXO5"
"chr16"	334335	334335	1	"-"	"chr16-334335"	6	6.75204249285409e-05	799	"Polyclonal_50pct"	"sonic"	18388	"AXIN1~*"	"-"	18388	"AXIN1"	"-"	"AXIN1"	"-"	18388	"AXIN1"	"-"	"~*"	"AXIN1"
"chr17"	82116866	82116866	1	"-"	"chr17-82116866"	6	6.75204249285409e-05	799	"Polyclonal_50pct"	"sonic"	-15397	"CCDC57*"	"-"	-18630	"FASN"	"-"	"CCDC57"	"-"	85189	"RAC3"	"+"	"*"	"CCDC57"
"chr18"	24256536	24256536	1	"+"	"chr18+24256536"	6	6.75204249285409e-05	799	"Polyclonal_50pct"	"sonic"	15696	"OSBPL1A*"	"-"	15696	"OSBPL1A"	"-"	"OSBPL1A"	"-"	1095630	"ZNF521"	"-"	"*"	"OSBPL1A"
"chr18"	69248773	69248773	1	"+"	"chr18+69248773"	6	6.75204249285409e-05	799	"Polyclonal_50pct"	"sonic"	-152114	"DOK6"	"+"	-152114	"DOK6"	"+"	"FALSE"	""	-5586880	"SERPINB3"	"-"	""	"DOK6"
"chr19"	15408985	15408985	1	"+"	"chr19+15408985"	6	6.75204249285409e-05	799	"Polyclonal_50pct"	"sonic"	10003	"AKAP8L*"	"-"	10003	"AKAP8L"	"-"	"AKAP8L"	"-"	-76446	"BRD4"	"-"	"*"	"AKAP8L"
"chr19"	3675666	3675666	1	"+"	"chr19+3675666"	6	6.75204249285409e-05	799	"Polyclonal_50pct"	"sonic"	24802	"PIP5K1C*"	"-"	24802	"PIP5K1C"	"-"	"PIP5K1C"	"-"	110715	"MATK"	"-"	"*"	"PIP5K1C"
"chr19"	800144	800144	1	"+"	"chr19+800144"	6	6.75204249285409e-05	799	"Polyclonal_50pct"	"sonic"	2693	"PTBP1*"	"+"	2693	"PTBP1"	"+"	"PTBP1"	"+"	2693	"PTBP1"	"+"	"*"	"PTBP1"
"chr2"	103034940	103034940	1	"+"	"chr2+103034940"	6	6.75204249285409e-05	799	"Polyclonal_50pct"	"sonic"	-50511	"LINC01935"	"-"	-50511	"LINC01935"	"-"	"FALSE"	""	415388	"SLC9A2"	"+"	""	"LINC01935"
"chr2"	147674172	147674172	1	"+"	"chr2+147674172"	6	6.75204249285409e-05	799	"Polyclonal_50pct"	"sonic"	-170344	"ACVR2A"	"+"	-170344	"ACVR2A"	"+"	"FALSE"	""	-170344	"ACVR2A"	"+"	""	"ACVR2A"
"chr2"	195163645	195163645	1	"+"	"chr2+195163645"	6	6.75204249285409e-05	799	"Polyclonal_50pct"	"sonic"	402210	"LINC01790"	"+"	433051	"LINC01790"	"+"	"FALSE"	""	2147135	"ANKRD44"	"-"	""	"LINC01790"
"chr2"	202730300	202730300	1	"+"	"chr2+202730300"	6	6.75204249285409e-05	799	"Polyclonal_50pct"	"sonic"	-39457	"FAM117B*"	"+"	95332	"FAM117B"	"+"	"FAM117B"	"+"	805001	"RAPH1"	"-"	"*"	"FAM117B"
"chr2"	57813054	57813054	1	"+"	"chr2+57813054"	6	6.75204249285409e-05	799	"Polyclonal_50pct"	"sonic"	-94596	"VRK2"	"+"	-94596	"VRK2"	"+"	"FALSE"	""	-2675223	"RTN4"	"-"	""	"VRK2"
"chr2"	13577180	13577180	1	"-"	"chr2-13577180"	6	6.75204249285409e-05	799	"Polyclonal_50pct"	"sonic"	-570167	"LOC100506474"	"-"	-570167	"LOC100506474"	"-"	"FALSE"	""	-2014687	"DDX1"	"+"	""	"LOC100506474"
"chr2"	205435630	205435630	1	"-"	"chr2-205435630"	6	6.75204249285409e-05	799	"Polyclonal_50pct"	"sonic"	-184532	"PARD3B*"	"+"	-246869	"NRP2"	"+"	"PARD3B"	"+"	-1007901	"ADAM23"	"+"	"*"	"PARD3B"
"chr2"	51803801	51803801	1	"-"	"chr2-51803801"	6	6.75204249285409e-05	799	"Polyclonal_50pct"	"sonic"	-604116	"LOC730100*"	"+"	-566846	"LINC01867"	"+"	"LOC730100"	"+"	-3048077	"LHCGR"	"-"	"*"	"LOC730100"
"chr2"	78009058	78009058	1	"-"	"chr2-78009058"	6	6.75204249285409e-05	799	"Polyclonal_50pct"	"sonic"	-265363	"LOC101927967*"	"-"	-54032	"SNAR-H"	"-"	"LOC101927967"	"-"	1150695	"REG3A"	"-"	"*"	"LOC101927967"
"chr2"	78967320	78967320	1	"-"	"chr2-78967320"	6	6.75204249285409e-05	799	"Polyclonal_50pct"	"sonic"	-58381	"REG3G"	"+"	-58381	"REG3G"	"+"	"FALSE"	""	192433	"REG3A"	"-"	""	"REG3G"
"chr20"	50513485	50513485	1	"+"	"chr20+50513485"	6	6.75204249285409e-05	799	"Polyclonal_50pct"	"sonic"	3103	"PTPN1*"	"+"	3103	"PTPN1"	"+"	"PTPN1"	"+"	-281408	"BCAS4"	"+"	"*"	"PTPN1"
"chr20"	6294356	6294356	1	"-"	"chr20-6294356"	6	6.75204249285409e-05	799	"Polyclonal_50pct"	"sonic"	-132375	"CASC20"	"+"	-132375	"CASC20"	"+"	"FALSE"	""	-1167734	"PCNA"	"-"	""	"CASC20"
"chr21"	17495777	17495777	1	"-"	"chr21-17495777"	6	6.75204249285409e-05	799	"Polyclonal_50pct"	"sonic"	-17128	"CXADR"	"+"	-17128	"CXADR"	"+"	"FALSE"	""	905541	"MIR125B2"	"+"	""	"CXADR"
"chr21"	25189598	25189598	1	"-"	"chr21-25189598"	6	6.75204249285409e-05	799	"Polyclonal_50pct"	"sonic"	131855	"LINC01692"	"+"	242103	"LINC00158"	"-"	"FALSE"	""	1655811	"ADAMTS1"	"-"	""	"LINC01692"
"chr3"	141438820	141438820	1	"+"	"chr3+141438820"	6	6.75204249285409e-05	799	"Polyclonal_50pct"	"sonic"	-10970	"ZBTB38*"	"+"	35807	"ZBTB38"	"+"	"ZBTB38"	"+"	-299388	"RNF7"	"+"	"*"	"ZBTB38"
"chr3"	50242495	50242495	1	"+"	"chr3+50242495"	6	6.75204249285409e-05	799	"Polyclonal_50pct"	"sonic"	6292	"GNAI2*"	"+"	-4414	"GNAI2"	"+"	"GNAI2"	"+"	-4414	"GNAI2"	"+"	"*"	"GNAI2"
"chr3"	163548692	163548692	1	"-"	"chr3-163548692"	6	6.75204249285409e-05	799	"Polyclonal_50pct"	"sonic"	-245391	"LINC01192"	"-"	-245391	"LINC01192"	"-"	"FALSE"	""	-4816206	"RARRES1"	"-"	""	"LINC01192"
"chr3"	93881841	93881841	1	"-"	"chr3-93881841"	6	6.75204249285409e-05	799	"Polyclonal_50pct"	"sonic"	-8791	"PROS1~*"	"-"	92055	"PROS1"	"-"	"PROS1"	"-"	92055	"PROS1"	"-"	"~*"	"PROS1"
"chr4"	38402120	38402120	1	"+"	"chr4+38402120"	6	6.75204249285409e-05	799	"Polyclonal_50pct"	"sonic"	16374	"LINC02513"	"+"	35207	"LINC02513"	"+"	"FALSE"	""	-262078	"KLF3"	"+"	""	"LINC02513"
"chr4"	39122650	39122650	1	"+"	"chr4+39122650"	6	6.75204249285409e-05	799	"Polyclonal_50pct"	"sonic"	-3583	"KLHL5*"	"+"	-59878	"WDR19"	"+"	"KLHL5"	"+"	458452	"KLF3"	"+"	"*"	"KLHL5"
"chr4"	156586066	156586066	1	"-"	"chr4-156586066"	6	6.75204249285409e-05	799	"Polyclonal_50pct"	"sonic"	174387	"PDGFC"	"-"	385733	"PDGFC"	"-"	"FALSE"	""	-4049974	"FBXW7"	"-"	""	"PDGFC"
"chr4"	32718619	32718619	1	"-"	"chr4-32718619"	6	6.75204249285409e-05	799	"Polyclonal_50pct"	"sonic"	365399	"LINC02353"	"+"	367582	"LINC02353"	"+"	"FALSE"	""	3525320	"ARAP2"	"-"	""	"LINC02353"
"chr4"	94173694	94173694	1	"-"	"chr4-94173694"	6	6.75204249285409e-05	799	"Polyclonal_50pct"	"sonic"	33862	"LOC101929210*"	"-"	33862	"LOC101929210"	"-"	"LOC101929210"	"-"	-4087689	"RAP1GDS1"	"+"	"*"	"LOC101929210"
"chr5"	162081922	162081922	1	"+"	"chr5+162081922"	6	6.75204249285409e-05	799	"Polyclonal_50pct"	"sonic"	14150	"GABRG2*"	"+"	14150	"GABRG2"	"+"	"GABRG2"	"+"	-1355648	"CCNG1"	"+"	"*"	"GABRG2"
"chr5"	47134485	47134485	1	"+"	"chr5+47134485"	6	6.75204249285409e-05	799	"Polyclonal_50pct"	"sonic"	-1438105	"HCN1"	"-"	-1438105	"HCN1"	"-"	"FALSE"	""	-2745065	"FGF10"	"-"	""	"HCN1"
"chr5"	111968777	111968777	1	"-"	"chr5-111968777"	6	6.75204249285409e-05	799	"Polyclonal_50pct"	"sonic"	8155	"NREP*"	"-"	8155	"NREP"	"-"	"NREP,NREP-AS1"	"-,+"	-738720	"APC"	"+"	"*"	"NREP"
"chr6"	120347229	120347229	1	"+"	"chr6+120347229"	6	6.75204249285409e-05	799	"Polyclonal_50pct"	"sonic"	331972	"MIR3144"	"+"	332051	"MIR3144"	"+"	"FALSE"	""	-2744718	"GOPC"	"-"	""	"MIR3144"
"chr6"	148901479	148901479	1	"+"	"chr6+148901479"	6	6.75204249285409e-05	799	"Polyclonal_50pct"	"sonic"	154450	"UST*"	"+"	63205	"UST-AS1"	"-"	"UST"	"+"	814946	"LATS1"	"-"	"*"	"UST"
"chr6"	42478038	42478038	1	"+"	"chr6+42478038"	6	6.75204249285409e-05	799	"Polyclonal_50pct"	"sonic"	-25814	"TRERF1"	"-"	-25814	"TRERF1"	"-"	"FALSE"	""	-429144	"CCND3"	"-"	""	"TRERF1"
"chr6"	132563959	132563959	1	"-"	"chr6-132563959"	6	6.75204249285409e-05	799	"Polyclonal_50pct"	"sonic"	-6362	"TAAR6"	"+"	-6362	"TAAR6"	"+"	"FALSE"	""	-677397	"EYA4"	"+"	""	"TAAR6"
"chr6"	54320823	54320823	1	"-"	"chr6-54320823"	6	6.75204249285409e-05	799	"Polyclonal_50pct"	"sonic"	12383	"TINAG*"	"+"	12383	"TINAG"	"+"	"TINAG"	"+"	-971644	"ELOVL5"	"-"	"*"	"TINAG"
"chr7"	100282213	100282213	1	"+"	"chr7+100282213"	6	6.75204249285409e-05	799	"Polyclonal_50pct"	"sonic"	-9981	"CASTOR3"	"-"	-9981	"CASTOR3"	"-"	"FALSE"	""	-438254	"EPO"	"+"	""	"CASTOR3"
"chr7"	150561226	150561226	1	"+"	"chr7+150561226"	6	6.75204249285409e-05	799	"Polyclonal_50pct"	"sonic"	-6143	"GIMAP4"	"+"	-6143	"GIMAP4"	"+"	"FALSE"	""	46355	"GIMAP7"	"+"	""	"GIMAP4"
"chr7"	20105781	20105781	1	"+"	"chr7+20105781"	6	6.75204249285409e-05	799	"Polyclonal_50pct"	"sonic"	34645	"LOC101927668*"	"-"	34645	"LOC101927668"	"-"	"LOC101927668"	"-"	-509885	"ABCB5"	"+"	"*"	"LOC101927668"
"chr7"	20552377	20552377	1	"-"	"chr7-20552377"	6	6.75204249285409e-05	799	"Polyclonal_50pct"	"sonic"	-63289	"ABCB5"	"+"	-63289	"ABCB5"	"+"	"FALSE"	""	-63289	"ABCB5"	"+"	""	"ABCB5"
"chr8"	52646301	52646301	1	"+"	"chr8+52646301"	6	6.75204249285409e-05	799	"Polyclonal_50pct"	"sonic"	-23844	"RB1CC1~*"	"-"	68134	"RB1CC1"	"-"	"RB1CC1"	"-"	68134	"RB1CC1"	"-"	"~*"	"RB1CC1"
"chr8"	81752373	81752373	1	"+"	"chr8+81752373"	6	6.75204249285409e-05	799	"Polyclonal_50pct"	"sonic"	-7140	"CHMP4C*"	"+"	19926	"CHMP4C"	"+"	"CHMP4C"	"+"	-1580809	"TPD52"	"-"	"*"	"CHMP4C"
"chr9"	31816959	31816959	1	"+"	"chr9+31816959"	6	6.75204249285409e-05	799	"Polyclonal_50pct"	"sonic"	-435469	"LINC01243"	"-"	-435469	"LINC01243"	"-"	"FALSE"	""	735627	"TOPORS"	"-"	""	"LINC01243"
"chr1"	150042229	150042229	1	"+"	"chr1+150042229"	5	5.62670207737841e-05	913	"Polyclonal_50pct"	"sonic"	-25152	"VPS45"	"+"	-25152	"VPS45"	"+"	"FALSE"	""	226787	"APH1A"	"-"	""	"VPS45"
"chr1"	150354669	150354669	1	"+"	"chr1+150354669"	5	5.62670207737841e-05	913	"Polyclonal_50pct"	"sonic"	1436	"PRPF3"	"+"	-9441	"RPRD2"	"+"	"FALSE"	""	-85460	"APH1A"	"-"	""	"PRPF3"
"chr1"	191922216	191922216	1	"+"	"chr1+191922216"	5	5.62670207737841e-05	913	"Polyclonal_50pct"	"sonic"	-236245	"RGS18"	"+"	-236245	"RGS18"	"+"	"FALSE"	""	-653556	"RGS1"	"+"	""	"RGS18"
"chr1"	192594155	192594155	1	"+"	"chr1+192594155"	5	5.62670207737841e-05	913	"Polyclonal_50pct"	"sonic"	14131	"RGS1"	"+"	18383	"RGS1"	"+"	"FALSE"	""	18383	"RGS1"	"+"	""	"RGS1"
"chr1"	195670596	195670596	1	"+"	"chr1+195670596"	5	5.62670207737841e-05	913	"Polyclonal_50pct"	"sonic"	374283	"LINC01724"	"-"	418119	"LINC01724"	"-"	"FALSE"	""	1476073	"ASPM"	"-"	""	"LINC01724"
"chr1"	220531880	220531880	1	"+"	"chr1+220531880"	5	5.62670207737841e-05	913	"Polyclonal_50pct"	"sonic"	3698	"MARK1*"	"+"	3698	"MARK1"	"+"	"MARK1"	"+"	1205020	"DUSP10"	"-"	"*"	"MARK1"
"chr1"	247655668	247655668	1	"+"	"chr1+247655668"	5	5.62670207737841e-05	913	"Polyclonal_50pct"	"sonic"	16449	"OR13G1"	"-"	17373	"OR13G1"	"-"	"FALSE"	""	-1148389	"SMYD3"	"-"	""	"OR13G1"
"chr1"	97960747	97960747	1	"+"	"chr1+97960747"	5	5.62670207737841e-05	913	"Polyclonal_50pct"	"sonic"	-19007	"LINC01930"	"-"	-19007	"LINC01930"	"-"	"FALSE"	""	-2887796	"ALG14"	"-"	""	"LINC01930"
"chr1"	157668827	157668827	1	"-"	"chr1-157668827"	5	5.62670207737841e-05	913	"Polyclonal_50pct"	"sonic"	7653	"FCRL3"	"-"	31942	"FCRL3"	"-"	"FALSE"	""	-70742	"FCRL4"	"-"	""	"FCRL3"
"chr1"	183873782	183873782	1	"-"	"chr1-183873782"	5	5.62670207737841e-05	913	"Polyclonal_50pct"	"sonic"	-54750	"RGL1~*"	"+"	68663	"RGL1"	"+"	"RGL1"	"+"	68663	"RGL1"	"+"	"~*"	"RGL1"
"chr10"	106163890	106163890	1	"+"	"chr10+106163890"	5	5.62670207737841e-05	913	"Polyclonal_50pct"	"sonic"	23726	"LINC02624*"	"+"	23726	"LINC02624"	"+"	"LINC02624"	"+"	3659919	"SUFU"	"+"	"*"	"LINC02624"
"chr10"	11970040	11970040	1	"-"	"chr10-11970040"	5	5.62670207737841e-05	913	"Polyclonal_50pct"	"sonic"	-50019	"UPF2*"	"-"	72769	"UPF2"	"-"	"UPF2"	"-"	3915353	"GATA3"	"+"	"*"	"UPF2"
"chr10"	19521415	19521415	1	"-"	"chr10-19521415"	5	5.62670207737841e-05	913	"Polyclonal_50pct"	"sonic"	-213063	"MALRD1*"	"+"	207135	"LOC101928834"	"-"	"MALRD1"	"+"	1712068	"MRC1"	"+"	"*"	"MALRD1"
"chr11"	111637717	111637717	1	"+"	"chr11+111637717"	5	5.62670207737841e-05	913	"Polyclonal_50pct"	"sonic"	35269	"SIK2*"	"+"	35269	"SIK2"	"+"	"SIK2"	"+"	-258442	"POU2AF1"	"-"	"*"	"SIK2"
"chr11"	37464266	37464266	1	"+"	"chr11+37464266"	5	5.62670207737841e-05	913	"Polyclonal_50pct"	"sonic"	-474334	"LINC02760"	"+"	-474334	"LINC02760"	"+"	"FALSE"	""	2325096	"CD44"	"+"	""	"LINC02760"
"chr11"	42453258	42453258	1	"+"	"chr11+42453258"	5	5.62670207737841e-05	913	"Polyclonal_50pct"	"sonic"	-199568	"LINC02740"	"-"	-199568	"LINC02740"	"-"	"FALSE"	""	-1613011	"ACCS"	"+"	""	"LINC02740"
"chr11"	64481220	64481220	1	"+"	"chr11+64481220"	5	5.62670207737841e-05	913	"Polyclonal_50pct"	"sonic"	29564	"LINC02724"	"+"	32164	"LINC02724"	"+"	"FALSE"	""	162325	"NRXN2"	"-"	""	"LINC02724"
"chr11"	90806655	90806655	1	"+"	"chr11+90806655"	5	5.62670207737841e-05	913	"Polyclonal_50pct"	"sonic"	-108397	"DISC1FP1*"	"+"	62547	"MIR1261"	"-"	"DISC1FP1"	"+"	-4134019	"ME3"	"-"	"*"	"DISC1FP1"
"chr11"	61425637	61425637	1	"-"	"chr11-61425637"	5	5.62670207737841e-05	913	"Polyclonal_50pct"	"sonic"	4338	"CPSF7*"	"-"	4338	"CPSF7"	"-"	"CPSF7"	"-"	-4486	"SDHAF2"	"+"	"*"	"CPSF7"
"chr11"	63954577	63954577	1	"-"	"chr11-63954577"	5	5.62670207737841e-05	913	"Polyclonal_50pct"	"sonic"	-2742	"NAA40*"	"+"	15247	"NAA40"	"+"	"NAA40"	"+"	211536	"MACROD1"	"-"	"*"	"NAA40"
"chr11"	78447043	78447043	1	"-"	"chr11-78447043"	5	5.62670207737841e-05	913	"Polyclonal_50pct"	"sonic"	-11076	"NARS2*"	"-"	-17207	"LINC02728"	"-"	"NARS2"	"-"	-29223	"GAB2"	"-"	"*"	"NARS2"
"chr12"	122581697	122581697	1	"+"	"chr12+122581697"	5	5.62670207737841e-05	913	"Polyclonal_50pct"	"sonic"	-44699	"KNTC1*"	"+"	54449	"KNTC1"	"+"	"KNTC1"	"+"	-171126	"DENR"	"+"	"*"	"KNTC1"
"chr12"	31511574	31511574	1	"-"	"chr12-31511574"	5	5.62670207737841e-05	913	"Polyclonal_50pct"	"sonic"	-60275	"DENND5B*"	"-"	-78348	"DENND5B-AS1"	"+"	"DENND5B"	"-"	-3538841	"PTHLH"	"-"	"*"	"DENND5B"
"chr12"	39756962	39756962	1	"-"	"chr12-39756962"	5	5.62670207737841e-05	913	"Polyclonal_50pct"	"sonic"	-1938	"SLC2A13*"	"-"	130780	"C12orf40"	"+"	"C12orf40,SLC2A13"	"+,-"	-5972743	"ARID2"	"+"	"*"	"SLC2A13"
"chr12"	49391004	49391004	1	"-"	"chr12-49391004"	5	5.62670207737841e-05	913	"Polyclonal_50pct"	"sonic"	-1329	"LOC100335030*"	"+"	1831	"LOC100335030"	"+"	"SPATS2,LOC100335030"	"+"	316401	"FMNL3"	"-"	"*"	"LOC100335030"
"chr12"	63223458	63223458	1	"-"	"chr12-63223458"	5	5.62670207737841e-05	913	"Polyclonal_50pct"	"sonic"	-72257	"AVPR1A"	"-"	-72257	"AVPR1A"	"-"	"FALSE"	""	963055	"USP15"	"+"	""	"AVPR1A"
"chr12"	79831070	79831070	1	"-"	"chr12-79831070"	5	5.62670207737841e-05	913	"Polyclonal_50pct"	"sonic"	-57503	"PPP1R12A*"	"-"	82841	"PPP1R12A"	"-"	"PPP1R12A"	"-"	-139973	"PAWR"	"-"	"*"	"PPP1R12A"
"chr13"	71956950	71956950	1	"+"	"chr13+71956950"	5	5.62670207737841e-05	913	"Polyclonal_50pct"	"sonic"	-89746	"DACH1"	"-"	-89746	"DACH1"	"-"	"FALSE"	""	-1098025	"KLF5"	"+"	""	"DACH1"
"chr13"	79897768	79897768	1	"-"	"chr13-79897768"	5	5.62670207737841e-05	913	"Polyclonal_50pct"	"sonic"	-20268	"LINC00382*"	"+"	25183	"LINC00382"	"+"	"LINC00382"	"+"	-1294216	"POU4F1"	"-"	"*"	"LINC00382"
"chr14"	46952828	46952828	1	"+"	"chr14+46952828"	5	5.62670207737841e-05	913	"Polyclonal_50pct"	"sonic"	-113204	"MDGA2*"	"-"	-301047	"RPL10L"	"-"	"MDGA2"	"-"	-2445545	"FSCB"	"-"	"*"	"MDGA2"
"chr14"	83158812	83158812	1	"-"	"chr14-83158812"	5	5.62670207737841e-05	913	"Polyclonal_50pct"	"sonic"	451987	"LINC02301"	"+"	516181	"LINC02301"	"+"	"FALSE"	""	-1624951	"SEL1L"	"-"	""	"LINC02301"
"chr14"	83223204	83223204	1	"-"	"chr14-83223204"	5	5.62670207737841e-05	913	"Polyclonal_50pct"	"sonic"	516379	"LINC02301"	"+"	580573	"LINC02301"	"+"	"FALSE"	""	-1689343	"SEL1L"	"-"	""	"LINC02301"
"chr15"	78480100	78480100	1	"+"	"chr15+78480100"	5	5.62670207737841e-05	913	"Polyclonal_50pct"	"sonic"	-21353	"IREB2*"	"+"	-27463	"HYKK"	"+"	"IREB2"	"+"	161110	"CHRNB4"	"-"	"*"	"IREB2"
"chr16"	104922	104922	1	"+"	"chr16+104922"	5	5.62670207737841e-05	913	"Polyclonal_50pct"	"sonic"	-19118	"NPRL3*"	"-"	26698	"MPG"	"+"	"NPRL3"	"-"	247801	"AXIN1"	"-"	"*"	"NPRL3"
"chr16"	30661355	30661355	1	"+"	"chr16+30661355"	5	5.62670207737841e-05	913	"Polyclonal_50pct"	"sonic"	2925	"FBRS*"	"+"	2925	"FBRS"	"+"	"FBRS"	"+"	-371739	"STX4"	"+"	"*"	"FBRS"
"chr16"	73987994	73987994	1	"+"	"chr16+73987994"	5	5.62670207737841e-05	913	"Polyclonal_50pct"	"sonic"	204397	"LOC101928035"	"-"	227527	"LOC101928035"	"-"	"FALSE"	""	-843547	"ZFHX3"	"-"	""	"LOC101928035"
"chr17"	32105834	32105834	1	"+"	"chr17+32105834"	5	5.62670207737841e-05	913	"Polyclonal_50pct"	"sonic"	35391	"LOC105371730"	"-"	-36619	"RHOT1"	"+"	"FALSE"	""	168828	"SUZ12"	"+"	""	"LOC105371730"
"chr17"	82680666	82680666	1	"+"	"chr17+82680666"	5	5.62670207737841e-05	913	"Polyclonal_50pct"	"sonic"	18032	"RAB40B*"	"-"	-12359	"MIR4525"	"-"	"RAB40B"	"-"	444893	"SLC16A3"	"+"	"*"	"RAB40B"
"chr17"	28809626	28809626	1	"-"	"chr17-28809626"	5	5.62670207737841e-05	913	"Polyclonal_50pct"	"sonic"	2845	"FAM222B*"	"-"	2845	"FAM222B"	"-"	"FAM222B"	"-"	65616	"TRAF4"	"+"	"*"	"FAM222B"
"chr17"	82455422	82455422	1	"-"	"chr17-82455422"	5	5.62670207737841e-05	913	"Polyclonal_50pct"	"sonic"	-2775	"NARF"	"+"	-2775	"NARF"	"+"	"FALSE"	""	219649	"SLC16A3"	"+"	""	"NARF"
"chr18"	69143427	69143427	1	"+"	"chr18+69143427"	5	5.62670207737841e-05	913	"Polyclonal_50pct"	"sonic"	88238	"CCDC102B"	"+"	-257460	"DOK6"	"+"	"FALSE"	""	-5481534	"SERPINB3"	"-"	""	"CCDC102B"
"chr18"	64712448	64712448	1	"-"	"chr18-64712448"	5	5.62670207737841e-05	913	"Polyclonal_50pct"	"sonic"	288856	"LINC01924"	"+"	-452393	"LINC01538"	"-"	"FALSE"	""	-1050555	"SERPINB3"	"-"	""	"LINC01924"
"chr19"	10999012	10999012	1	"+"	"chr19+10999012"	5	5.62670207737841e-05	913	"Polyclonal_50pct"	"sonic"	14889	"SMARCA4~*"	"+"	14889	"SMARCA4"	"+"	"SMARCA4"	"+"	14889	"SMARCA4"	"+"	"~*"	"SMARCA4"
"chr19"	46158785	46158785	1	"+"	"chr19+46158785"	5	5.62670207737841e-05	913	"Polyclonal_50pct"	"sonic"	-2504	"IGFL2*"	"+"	10548	"IGFL2"	"+"	"IGFL2"	"+"	690790	"FOSB"	"+"	"*"	"IGFL2"
"chr19"	6410920	6410920	1	"+"	"chr19+6410920"	5	5.62670207737841e-05	913	"Polyclonal_50pct"	"sonic"	-1484	"LOC390877*"	"+"	5591	"MIR3940"	"-"	"LOC390877"	"+"	-130945	"MLLT1"	"-"	"*"	"LOC390877"
"chr19"	10164242	10164242	1	"-"	"chr19-10164242"	5	5.62670207737841e-05	913	"Polyclonal_50pct"	"sonic"	30711	"DNMT1~*"	"-"	30711	"DNMT1"	"-"	"DNMT1"	"-"	30711	"DNMT1"	"-"	"~*"	"DNMT1"
"chr19"	13536481	13536481	1	"-"	"chr19-13536481"	5	5.62670207737841e-05	913	"Polyclonal_50pct"	"sonic"	-30002	"CACNA1A"	"-"	-30002	"CACNA1A"	"-"	"FALSE"	""	386071	"IER2"	"+"	""	"CACNA1A"
"chr19"	17572003	17572003	1	"-"	"chr19-17572003"	5	5.62670207737841e-05	913	"Polyclonal_50pct"	"sonic"	-11154	"COLGALT1*"	"+"	16355	"COLGALT1"	"+"	"COLGALT1"	"+"	101480	"SLC27A1"	"+"	"*"	"COLGALT1"
"chr19"	17838756	17838756	1	"-"	"chr19-17838756"	5	5.62670207737841e-05	913	"Polyclonal_50pct"	"sonic"	9226	"JAK3~*"	"-"	9226	"JAK3"	"-"	"JAK3"	"-"	9226	"JAK3"	"-"	"~*"	"JAK3"
"chr19"	40681709	40681709	1	"-"	"chr19-40681709"	5	5.62670207737841e-05	913	"Polyclonal_50pct"	"sonic"	8455	"NUMBL*"	"-"	8455	"NUMBL"	"-"	"NUMBL"	"-"	168738	"CYP2A6"	"-"	"*"	"NUMBL"
"chr19"	45479951	45479951	1	"-"	"chr19-45479951"	5	5.62670207737841e-05	913	"Polyclonal_50pct"	"sonic"	4772	"FOSB~"	"+"	11956	"FOSB"	"+"	"FALSE"	""	11956	"FOSB"	"+"	"~"	"FOSB"
"chr19"	6467905	6467905	1	"-"	"chr19-6467905"	5	5.62670207737841e-05	913	"Polyclonal_50pct"	"sonic"	-699	"DENND1C*"	"-"	3635	"CRB3"	"+"	"DENND1C"	"-"	-187930	"MLLT1"	"-"	"*"	"DENND1C"
"chr2"	123429823	123429823	1	"+"	"chr2+123429823"	5	5.62670207737841e-05	913	"Polyclonal_50pct"	"sonic"	-356342	"LINC01826"	"-"	-356342	"LINC01826"	"-"	"FALSE"	""	2637543	"GLI2"	"+"	""	"LINC01826"
"chr2"	191251110	191251110	1	"+"	"chr2+191251110"	5	5.62670207737841e-05	913	"Polyclonal_50pct"	"sonic"	5707	"MYO1B*"	"+"	5707	"MYO1B"	"+"	"MYO1B"	"+"	1466661	"PMS1"	"+"	"*"	"MYO1B"
"chr2"	27991329	27991329	1	"+"	"chr2+27991329"	5	5.62670207737841e-05	913	"Polyclonal_50pct"	"sonic"	100601	"BABAM2*"	"+"	-5037	"MIR4263"	"+"	"BABAM2"	"+"	-401528	"FOSL2"	"+"	"*"	"BABAM2"
"chr2"	163262524	163262524	1	"-"	"chr2-163262524"	5	5.62670207737841e-05	913	"Polyclonal_50pct"	"sonic"	340091	"FIGN"	"-"	-423757	"KCNH7"	"-"	"FALSE"	""	6004820	"GALNT5"	"+"	""	"FIGN"
"chr2"	26820154	26820154	1	"-"	"chr2-26820154"	5	5.62670207737841e-05	913	"Polyclonal_50pct"	"sonic"	25567	"CENPA"	"+"	-27977	"DPYSL5"	"+"	"FALSE"	""	-261398	"OTOF"	"-"	""	"CENPA"
"chr21"	16244138	16244138	1	"-"	"chr21-16244138"	5	5.62670207737841e-05	913	"Polyclonal_50pct"	"sonic"	49760	"MIR99AHG*"	"+"	40630	"SNORD74B"	"-"	"MIR99AHG"	"+"	-346098	"MIR125B2"	"+"	"*"	"MIR99AHG"
"chr21"	20168657	20168657	1	"-"	"chr21-20168657"	5	5.62670207737841e-05	913	"Polyclonal_50pct"	"sonic"	88204	"LINC02573"	"-"	90028	"LINC02573"	"-"	"FALSE"	""	3578421	"MIR125B2"	"+"	""	"LINC02573"
"chr21"	21180439	21180439	1	"-"	"chr21-21180439"	5	5.62670207737841e-05	913	"Polyclonal_50pct"	"sonic"	33278	"NCAM2*"	"+"	33278	"NCAM2"	"+"	"NCAM2"	"+"	4590203	"MIR125B2"	"+"	"*"	"NCAM2"
"chr21"	37498251	37498251	1	"-"	"chr21-37498251"	5	5.62670207737841e-05	913	"Polyclonal_50pct"	"sonic"	-17125	"DYRK1A~*"	"+"	77953	"DYRK1A"	"+"	"DYRK1A"	"+"	77953	"DYRK1A"	"+"	"~*"	"DYRK1A"
"chr21"	44042547	44042547	1	"-"	"chr21-44042547"	5	5.62670207737841e-05	913	"Polyclonal_50pct"	"sonic"	30239	"TRAPPC10*"	"+"	30239	"TRAPPC10"	"+"	"TRAPPC10"	"+"	-266239	"CSTB"	"-"	"*"	"TRAPPC10"
"chr22"	39841900	39841900	1	"+"	"chr22+39841900"	5	5.62670207737841e-05	913	"Polyclonal_50pct"	"sonic"	51860	"ENTHD1*"	"-"	51860	"ENTHD1"	"-"	"ENTHD1"	"-"	321337	"ATF4"	"+"	"*"	"ENTHD1"
"chr22"	24291566	24291566	1	"-"	"chr22-24291566"	5	5.62670207737841e-05	913	"Polyclonal_50pct"	"sonic"	20736	"SPECC1L*"	"+"	20736	"SPECC1L"	"+"	"SPECC1L-ADORA2A,SPECC1L"	"+"	-341348	"BCRP3"	"+"	"*"	"SPECC1L"
"chr22"	39907580	39907580	1	"-"	"chr22-39907580"	5	5.62670207737841e-05	913	"Polyclonal_50pct"	"sonic"	6497	"GRAP2*"	"+"	6497	"GRAP2"	"+"	"GRAP2"	"+"	387017	"ATF4"	"+"	"*"	"GRAP2"
"chr3"	135676392	135676392	1	"+"	"chr3+135676392"	5	5.62670207737841e-05	913	"Polyclonal_50pct"	"sonic"	-289335	"PPP2R3A"	"+"	-289335	"PPP2R3A"	"+"	"FALSE"	""	1075986	"STAG1"	"-"	""	"PPP2R3A"
"chr3"	173921313	173921313	1	"+"	"chr3+173921313"	5	5.62670207737841e-05	913	"Polyclonal_50pct"	"sonic"	336880	"NLGN1*"	"+"	-517	"NLGN1-AS1"	"-"	"NLGN1"	"+"	1170312	"ECT2"	"+"	"*"	"NLGN1"
"chr3"	47273160	47273160	1	"+"	"chr3+47273160"	5	5.62670207737841e-05	913	"Polyclonal_50pct"	"sonic"	9639	"KIF9*"	"-"	9438	"KIF9"	"-"	"KIF9"	"-"	-109047	"SETD2"	"-"	"*"	"KIF9"
"chr3"	146880805	146880805	1	"-"	"chr3-146880805"	5	5.62670207737841e-05	913	"Polyclonal_50pct"	"sonic"	-41117	"LINC02010"	"+"	-41117	"LINC02010"	"+"	"FALSE"	""	2205728	"HLTF"	"-"	""	"LINC02010"
"chr3"	178713239	178713239	1	"-"	"chr3-178713239"	5	5.62670207737841e-05	913	"Polyclonal_50pct"	"sonic"	-131190	"KCNMB2*"	"+"	147166	"KCNMB2-AS1"	"-"	"KCNMB2-AS1,KCNMB2"	"-,+"	-435117	"PIK3CA"	"+"	"*"	"KCNMB2"
"chr3"	81059563	81059563	1	"-"	"chr3-81059563"	5	5.62670207737841e-05	913	"Polyclonal_50pct"	"sonic"	-36084	"LINC02027*"	"+"	65696	"LINC02027"	"+"	"LINC02027"	"+"	-1291565	"ROBO1"	"-"	"*"	"LINC02027"
"chr3"	99302154	99302154	1	"-"	"chr3-99302154"	5	5.62670207737841e-05	913	"Polyclonal_50pct"	"sonic"	-336439	"COL8A1"	"+"	-336439	"COL8A1"	"+"	"FALSE"	""	-1407135	"TFG"	"+"	""	"COL8A1"
"chr4"	121062164	121062164	1	"+"	"chr4+121062164"	5	5.62670207737841e-05	913	"Polyclonal_50pct"	"sonic"	10371	"NDNF*"	"-"	10371	"NDNF"	"-"	"NDNF"	"-"	761719	"CCNA2"	"-"	"*"	"NDNF"
"chr4"	126789327	126789327	1	"+"	"chr4+126789327"	5	5.62670207737841e-05	913	"Polyclonal_50pct"	"sonic"	-843629	"INTU"	"+"	-843629	"INTU"	"+"	"FALSE"	""	2304212	"SCLT1"	"-"	""	"INTU"
"chr4"	139321300	139321300	1	"+"	"chr4+139321300"	5	5.62670207737841e-05	913	"Polyclonal_50pct"	"sonic"	19796	"NAA15*"	"+"	-18749	"NDUFC1"	"-"	"NAA15"	"+"	-3863616	"USP38"	"+"	"*"	"NAA15"
"chr4"	33938742	33938742	1	"+"	"chr4+33938742"	5	5.62670207737841e-05	913	"Polyclonal_50pct"	"sonic"	-42402	"LOC101928622*"	"-"	101151	"LOC101928622"	"-"	"LOC101928622"	"-"	2305197	"ARAP2"	"-"	"*"	"LOC101928622"
"chr4"	113414992	113414992	1	"-"	"chr4-113414992"	5	5.62670207737841e-05	913	"Polyclonal_50pct"	"sonic"	31252	"ANK2"	"+"	122154	"ANK2"	"+"	"FALSE"	""	346746	"CAMK2D"	"-"	""	"ANK2"
"chr4"	119654617	119654617	1	"-"	"chr4-119654617"	5	5.62670207737841e-05	913	"Polyclonal_50pct"	"sonic"	23862	"LOC107986192"	"+"	-25813	"PDE5A"	"-"	"FALSE"	""	412231	"MAD2L1"	"-"	""	"LOC107986192"
"chr4"	122217069	122217069	1	"-"	"chr4-122217069"	5	5.62670207737841e-05	913	"Polyclonal_50pct"	"sonic"	46467	"KIAA1109*"	"+"	46467	"KIAA1109"	"+"	"KIAA1109"	"+"	239656	"IL2"	"-"	"*"	"KIAA1109"
"chr4"	134812143	134812143	1	"-"	"chr4-134812143"	5	5.62670207737841e-05	913	"Polyclonal_50pct"	"sonic"	266639	"LINC02462"	"+"	311416	"LINC02485"	"-"	"FALSE"	""	-5718604	"SCLT1"	"-"	""	"LINC02462"
"chr4"	147449375	147449375	1	"-"	"chr4-147449375"	5	5.62670207737841e-05	913	"Polyclonal_50pct"	"sonic"	-31541	"EDNRA"	"+"	-31541	"EDNRA"	"+"	"FALSE"	""	993039	"NR3C2"	"-"	""	"EDNRA"
"chr4"	55023129	55023129	1	"-"	"chr4-55023129"	5	5.62670207737841e-05	913	"Polyclonal_50pct"	"sonic"	55351	"KDR"	"-"	102466	"KDR"	"-"	"FALSE"	""	102466	"KDR"	"-"	""	"KDR"
"chr5"	101996524	101996524	1	"+"	"chr5+101996524"	5	5.62670207737841e-05	913	"Polyclonal_50pct"	"sonic"	237461	"SLCO4C1"	"-"	299760	"SLCO4C1"	"-"	"FALSE"	""	5038092	"LNPEP"	"+"	""	"SLCO4C1"
"chr5"	133960767	133960767	1	"+"	"chr5+133960767"	5	5.62670207737841e-05	913	"Polyclonal_50pct"	"sonic"	-5258	"C5orf15*"	"-"	7858	"C5orf15"	"-"	"C5orf15"	"-"	216183	"SKP1"	"-"	"*"	"C5orf15"
"chr5"	150426497	150426497	1	"+"	"chr5+150426497"	5	5.62670207737841e-05	913	"Polyclonal_50pct"	"sonic"	-13561	"CD74~"	"-"	-13561	"CD74"	"-"	"FALSE"	""	-13561	"CD74"	"-"	"~"	"CD74"
"chr5"	65433113	65433113	1	"+"	"chr5+65433113"	5	5.62670207737841e-05	913	"Polyclonal_50pct"	"sonic"	48807	"ADAMTS6*"	"-"	48807	"ADAMTS6"	"-"	"ADAMTS6"	"-"	-2782642	"PIK3R1"	"+"	"*"	"ADAMTS6"
"chr5"	9022559	9022559	1	"+"	"chr5+9022559"	5	5.62670207737841e-05	913	"Polyclonal_50pct"	"sonic"	12473	"SEMA5A"	"-"	31336	"MIR4636"	"-"	"FALSE"	""	2566358	"CTNND2"	"-"	""	"SEMA5A"
"chr5"	101274090	101274090	1	"-"	"chr5-101274090"	5	5.62670207737841e-05	913	"Polyclonal_50pct"	"sonic"	-370808	"ST8SIA4"	"-"	-370808	"ST8SIA4"	"-"	"FALSE"	""	4315658	"LNPEP"	"+"	""	"ST8SIA4"
"chr5"	12961973	12961973	1	"-"	"chr5-12961973"	5	5.62670207737841e-05	913	"Polyclonal_50pct"	"sonic"	70913	"LINC02220*"	"-"	70913	"LINC02220"	"-"	"LINC02220"	"-"	-1057527	"CTNND2"	"-"	"*"	"LINC02220"
"chr5"	14739288	14739288	1	"-"	"chr5-14739288"	5	5.62670207737841e-05	913	"Polyclonal_50pct"	"sonic"	-34489	"ANKH*"	"-"	26595	"LOC100130744"	"+"	"ANKH"	"-"	595947	"TRIO"	"+"	"*"	"ANKH"
"chr5"	153852468	153852468	1	"-"	"chr5-153852468"	5	5.62670207737841e-05	913	"Polyclonal_50pct"	"sonic"	34959	"LINC01861"	"-"	46519	"LINC01861"	"-"	"FALSE"	""	-2261137	"FAT2"	"-"	""	"LINC01861"
"chr5"	2502940	2502940	1	"-"	"chr5-2502940"	5	5.62670207737841e-05	913	"Polyclonal_50pct"	"sonic"	-190739	"LOC100506858"	"-"	-190739	"LOC100506858"	"-"	"FALSE"	""	-1057500	"SLC6A3"	"-"	""	"LOC100506858"
"chr5"	50570129	50570129	1	"-"	"chr5-50570129"	5	5.62670207737841e-05	913	"Polyclonal_50pct"	"sonic"	-95801	"PARP8"	"+"	-95801	"PARP8"	"+"	"FALSE"	""	-2910499	"FST"	"+"	""	"PARP8"
"chr6"	121120828	121120828	1	"-"	"chr6-121120828"	5	5.62670207737841e-05	913	"Polyclonal_50pct"	"sonic"	-41335	"TBC1D32*"	"-"	213652	"TBC1D32"	"-"	"TBC1D32"	"-"	-2683017	"NKAIN2"	"+"	"*"	"TBC1D32"
"chr6"	122986413	122986413	1	"-"	"chr6-122986413"	5	5.62670207737841e-05	913	"Polyclonal_50pct"	"sonic"	-9821	"CLVS2"	"+"	-9821	"CLVS2"	"+"	"FALSE"	""	-817432	"NKAIN2"	"+"	""	"CLVS2"
"chr6"	147261103	147261103	1	"-"	"chr6-147261103"	5	5.62670207737841e-05	913	"Polyclonal_50pct"	"sonic"	56746	"STXBP5*"	"+"	-56489	"STXBP5-AS1"	"-"	"STXBP5"	"+"	2455322	"LATS1"	"-"	"*"	"STXBP5"
"chr6"	9052627	9052627	1	"-"	"chr6-9052627"	5	5.62670207737841e-05	913	"Polyclonal_50pct"	"sonic"	267182	"LOC100506207"	"+"	400419	"HULC"	"+"	"FALSE"	""	1359764	"TFAP2A"	"-"	""	"LOC100506207"
"chr7"	126125327	126125327	1	"+"	"chr7+126125327"	5	5.62670207737841e-05	913	"Polyclonal_50pct"	"sonic"	313270	"GRM8"	"-"	-861036	"LOC101928254"	"-"	"FALSE"	""	2199473	"SPAM1"	"+"	""	"GRM8"
"chr7"	15097642	15097642	1	"+"	"chr7+15097642"	5	5.62670207737841e-05	913	"Polyclonal_50pct"	"sonic"	102674	"AGMO"	"-"	-122784	"DGKB"	"-"	"FALSE"	""	-1106217	"ETV1"	"-"	""	"AGMO"
"chr7"	126036176	126036176	1	"-"	"chr7-126036176"	5	5.62670207737841e-05	913	"Polyclonal_50pct"	"sonic"	402421	"GRM8"	"-"	-771885	"LOC101928254"	"-"	"FALSE"	""	2110322	"SPAM1"	"+"	""	"GRM8"
"chr7"	146120094	146120094	1	"-"	"chr7-146120094"	5	5.62670207737841e-05	913	"Polyclonal_50pct"	"sonic"	-654176	"CNTNAP2"	"+"	-654176	"CNTNAP2"	"+"	"FALSE"	""	-1284041	"TPK1"	"-"	""	"CNTNAP2"
"chr7"	81012853	81012853	1	"-"	"chr7-81012853"	5	5.62670207737841e-05	913	"Polyclonal_50pct"	"sonic"	-90464	"SEMA3C"	"-"	-90464	"SEMA3C"	"-"	"FALSE"	""	757194	"HGF"	"-"	""	"SEMA3C"
"chr7"	89498983	89498983	1	"-"	"chr7-89498983"	5	5.62670207737841e-05	913	"Polyclonal_50pct"	"sonic"	160455	"ZNF804B"	"+"	-620416	"DPY19L2P4"	"+"	"FALSE"	""	-655485	"STEAP1"	"+"	""	"ZNF804B"
"chr8"	54653222	54653222	1	"+"	"chr8+54653222"	5	5.62670207737841e-05	913	"Polyclonal_50pct"	"sonic"	94038	"RP1*"	"+"	37127	"RP1"	"+"	"RP1"	"+"	-630774	"TCEA1"	"-"	"*"	"RP1"
"chr8"	88778552	88778552	1	"+"	"chr8+88778552"	5	5.62670207737841e-05	913	"Polyclonal_50pct"	"sonic"	-451069	"MMP16"	"-"	-451069	"MMP16"	"-"	"FALSE"	""	1206115	"NBN"	"-"	""	"MMP16"
"chr8"	105311312	105311312	1	"-"	"chr8-105311312"	5	5.62670207737841e-05	913	"Polyclonal_50pct"	"sonic"	-7125	"ZFPM2"	"+"	-7125	"ZFPM2"	"+"	"FALSE"	""	1938806	"CTHRC1"	"+"	""	"ZFPM2"
"chr8"	113188240	113188240	1	"-"	"chr8-113188240"	5	5.62670207737841e-05	913	"Polyclonal_50pct"	"sonic"	188912	"CSMD3~*"	"-"	188912	"CSMD3"	"-"	"CSMD3"	"-"	188912	"CSMD3"	"-"	"~*"	"CSMD3"
"chr8"	39469141	39469141	1	"-"	"chr8-39469141"	5	5.62670207737841e-05	913	"Polyclonal_50pct"	"sonic"	-18097	"ADAM3A*"	"-"	53848	"ADAM3A"	"-"	"ADAM3A"	"-"	-444749	"IDO1"	"+"	"*"	"ADAM3A"
"chr9"	104615780	104615780	1	"+"	"chr9+104615780"	5	5.62670207737841e-05	913	"Polyclonal_50pct"	"sonic"	1467	"OR13C9"	"-"	2424	"OR13C9"	"-"	"FALSE"	""	312375	"ABCA1"	"-"	""	"OR13C9"
"chr9"	123049522	123049522	1	"+"	"chr9+123049522"	5	5.62670207737841e-05	913	"Polyclonal_50pct"	"sonic"	-55343	"RABGAP1*"	"+"	15856	"GPR21"	"+"	"RABGAP1"	"+"	-306674	"CRB2"	"+"	"*"	"RABGAP1"
"chr9"	41930550	41930550	1	"-"	"chr9-41930550"	5	5.62670207737841e-05	913	"Polyclonal_50pct"	"sonic"	-40015	"CNTNAP3B*"	"-"	198876	"CNTNAP3B"	"-"	"CNTNAP3B"	"-"	-4896282	"PAX5"	"-"	"*"	"CNTNAP3B"
"chrX"	154810087	154810087	1	"+"	"chrX+154810087"	5	5.62670207737841e-05	913	"Polyclonal_50pct"	"sonic"	-4560	"MPP1~"	"-"	-4560	"MPP1"	"-"	"FALSE"	""	-4560	"MPP1"	"-"	"~"	"MPP1"
"chrX"	155080891	155080891	1	"+"	"chrX+155080891"	5	5.62670207737841e-05	913	"Polyclonal_50pct"	"sonic"	9384	"BRCC3*"	"+"	9384	"BRCC3"	"+"	"BRCC3"	"+"	-9755	"MTCP1"	"-"	"*"	"BRCC3"
"chrX"	72291242	72291242	1	"-"	"chrX-72291242"	5	5.62670207737841e-05	913	"Polyclonal_50pct"	"sonic"	10395	"CITED1"	"-"	-13994	"RPS4X"	"-"	"FALSE"	""	-672731	"CXCR3"	"-"	""	"CITED1"
"chr1"	155905498	155905498	1	"+"	"chr1+155905498"	4	4.50136166190273e-05	1081	"Polyclonal_50pct"	"sonic"	5420	"RIT1*"	"-"	5420	"RIT1"	"-"	"RIT1"	"-"	72677	"ARHGEF2"	"-"	"*"	"RIT1"
"chr1"	160468659	160468659	1	"+"	"chr1+160468659"	4	4.50136166190273e-05	1081	"Polyclonal_50pct"	"sonic"	16376	"SLAMF6"	"-"	54596	"SLAMF6"	"-"	"FALSE"	""	54596	"SLAMF6"	"-"	""	"SLAMF6"
"chr1"	174671685	174671685	1	"+"	"chr1+174671685"	4	4.50136166190273e-05	1081	"Polyclonal_50pct"	"sonic"	-286502	"RABGAP1L*"	"+"	-28853	"RABGAP1L"	"+"	"RABGAP1L"	"+"	-28853	"RABGAP1L"	"+"	"*"	"RABGAP1L"
"chr1"	192316801	192316801	1	"+"	"chr1+192316801"	4	4.50136166190273e-05	1081	"Polyclonal_50pct"	"sonic"	-190	"RGS21"	"+"	-190	"RGS21"	"+"	"FALSE"	""	-258971	"RGS1"	"+"	""	"RGS21"
"chr1"	199234649	199234649	1	"+"	"chr1+199234649"	4	4.50136166190273e-05	1081	"Polyclonal_50pct"	"sonic"	86052	"LINC02789*"	"+"	86052	"LINC02789"	"+"	"LINC02789"	"+"	1175387	"ZNF281"	"-"	"*"	"LINC02789"
"chr1"	220132000	220132000	1	"+"	"chr1+220132000"	4	4.50136166190273e-05	1081	"Polyclonal_50pct"	"sonic"	-16041	"IARS2*"	"+"	-13759	"MIR194-1"	"-"	"IARS2"	"+"	1604900	"DUSP10"	"-"	"*"	"IARS2"
"chr1"	235218944	235218944	1	"+"	"chr1+235218944"	4	4.50136166190273e-05	1081	"Polyclonal_50pct"	"sonic"	-52043	"ARID4B*"	"-"	-28828	"MIR4753"	"-"	"ARID4B"	"-"	-57694	"RBM34"	"-"	"*"	"ARID4B"
"chr1"	42606106	42606106	1	"+"	"chr1+42606106"	4	4.50136166190273e-05	1081	"Polyclonal_50pct"	"sonic"	-48084	"CCDC30*"	"+"	-52316	"PPIH"	"+"	"CCDC30"	"+"	-76311	"YBX1"	"+"	"*"	"CCDC30"
"chr1"	71844102	71844102	1	"+"	"chr1+71844102"	4	4.50136166190273e-05	1081	"Polyclonal_50pct"	"sonic"	438437	"NEGR1*"	"-"	-7090	"NEGR1-IT1"	"-"	"NEGR1"	"-"	-3792471	"DIRAS3"	"-"	"*"	"NEGR1"
"chr1"	100385346	100385346	1	"-"	"chr1-100385346"	4	4.50136166190273e-05	1081	"Polyclonal_50pct"	"sonic"	32841	"CDC14A*"	"+"	32841	"CDC14A"	"+"	"CDC14A"	"+"	2723150	"COL11A1"	"-"	"*"	"CDC14A"
"chr1"	117626333	117626333	1	"-"	"chr1-117626333"	4	4.50136166190273e-05	1081	"Polyclonal_50pct"	"sonic"	-2056	"TENT5C*"	"+"	20286	"TENT5C"	"+"	"TENT5C"	"+"	-415373	"VTCN1"	"-"	"*"	"TENT5C"
"chr1"	155133468	155133468	1	"-"	"chr1-155133468"	4	4.50136166190273e-05	1081	"Polyclonal_50pct"	"sonic"	-1431	"EFNA1*"	"+"	-1906	"SLC50A1"	"+"	"EFNA1"	"+"	59441	"MUC1"	"-"	"*"	"EFNA1"
"chr1"	19213304	19213304	1	"-"	"chr1-19213304"	4	4.50136166190273e-05	1081	"Polyclonal_50pct"	"sonic"	2919	"EMC1-AS1*"	"+"	2919	"EMC1-AS1"	"+"	"EMC1-AS1"	"+"	-429924	"NBL1"	"+"	"*"	"EMC1-AS1"
"chr1"	194970376	194970376	1	"-"	"chr1-194970376"	4	4.50136166190273e-05	1081	"Polyclonal_50pct"	"sonic"	1074503	"LINC01724"	"-"	1118339	"LINC01724"	"-"	"FALSE"	""	1848346	"CDC73"	"+"	""	"LINC01724"
"chr1"	197269026	197269026	1	"-"	"chr1-197269026"	4	4.50136166190273e-05	1081	"Polyclonal_50pct"	"sonic"	775	"CRB1*"	"+"	775	"CRB1"	"+"	"CRB1"	"+"	-122332	"ASPM"	"-"	"*"	"CRB1"
"chr1"	248281759	248281759	1	"-"	"chr1-248281759"	4	4.50136166190273e-05	1081	"Polyclonal_50pct"	"sonic"	-7945	"OR2T33"	"-"	-7945	"OR2T33"	"-"	"FALSE"	""	-1774480	"SMYD3"	"-"	""	"OR2T33"
"chr1"	40231520	40231520	1	"-"	"chr1-40231520"	4	4.50136166190273e-05	1081	"Polyclonal_50pct"	"sonic"	-9401	"RLF~*"	"+"	-16416	"TMCO2"	"+"	"RLF"	"+"	70134	"RLF"	"+"	"~*"	"RLF"
"chr10"	23501555	23501555	1	"+"	"chr10+23501555"	4	4.50136166190273e-05	1081	"Polyclonal_50pct"	"sonic"	59178	"OTUD1"	"+"	62481	"OTUD1"	"+"	"FALSE"	""	1180457	"BMI1"	"+"	""	"OTUD1"
"chr10"	37223737	37223737	1	"+"	"chr10+37223737"	4	4.50136166190273e-05	1081	"Polyclonal_50pct"	"sonic"	-8830	"ANKRD30A*"	"+"	-85448	"LINC00993"	"+"	"ANKRD30A"	"+"	-5853289	"RET"	"+"	"*"	"ANKRD30A"
"chr10"	37848406	37848406	1	"+"	"chr10+37848406"	4	4.50136166190273e-05	1081	"Polyclonal_50pct"	"sonic"	9204	"ZNF248*"	"-"	9204	"ZNF248"	"-"	"ZNF248"	"-"	-5228620	"RET"	"+"	"*"	"ZNF248"
"chr10"	43161493	43161493	1	"+"	"chr10+43161493"	4	4.50136166190273e-05	1081	"Polyclonal_50pct"	"sonic"	6597	"CSGALNACT2*"	"+"	6597	"CSGALNACT2"	"+"	"CSGALNACT2"	"+"	56762	"RET"	"+"	"*"	"CSGALNACT2"
"chr10"	63494504	63494504	1	"+"	"chr10+63494504"	4	4.50136166190273e-05	1081	"Polyclonal_50pct"	"sonic"	27386	"JMJD1C*"	"-"	-26896	"REEP3"	"+"	"JMJD1C"	"-"	-2493064	"RHOBTB1"	"-"	"*"	"JMJD1C"
"chr10"	20030864	20030864	1	"-"	"chr10-20030864"	4	4.50136166190273e-05	1081	"Polyclonal_50pct"	"sonic"	214433	"PLXDC2*"	"+"	214433	"PLXDC2"	"+"	"PLXDC2"	"+"	-1502484	"MLLT10"	"+"	"*"	"PLXDC2"
"chr10"	4916273	4916273	1	"-"	"chr10-4916273"	4	4.50136166190273e-05	1081	"Polyclonal_50pct"	"sonic"	0	"AKR1C6P*"	"-"	0	"AKR1C6P"	"-"	"AKR1C6P"	"-"	-132492	"AKR1C3"	"+"	"*"	"AKR1C6P"
"chr11"	96351052	96351052	1	"+"	"chr11+96351052"	4	4.50136166190273e-05	1081	"Polyclonal_50pct"	"sonic"	1712	"CCDC82"	"-"	-7857	"MAML2"	"-"	"FALSE"	""	-7857	"MAML2"	"-"	""	"CCDC82"
"chr11"	25827802	25827802	1	"-"	"chr11-25827802"	4	4.50136166190273e-05	1081	"Polyclonal_50pct"	"sonic"	-361320	"ANO3"	"+"	-361320	"ANO3"	"+"	"FALSE"	""	-3201979	"FANCF"	"-"	""	"ANO3"
"chr11"	61999296	61999296	1	"-"	"chr11-61999296"	4	4.50136166190273e-05	1081	"Polyclonal_50pct"	"sonic"	-31662	"FTH1"	"-"	-31662	"FTH1"	"-"	"FALSE"	""	206386	"FEN1"	"+"	""	"FTH1"
"chr11"	84044012	84044012	1	"-"	"chr11-84044012"	4	4.50136166190273e-05	1081	"Polyclonal_50pct"	"sonic"	-26627	"DLG2*"	"-"	229268	"DLG2"	"-"	"DLG2"	"-"	2025072	"PICALM"	"-"	"*"	"DLG2"
"chr12"	111976592	111976592	1	"+"	"chr12+111976592"	4	4.50136166190273e-05	1081	"Polyclonal_50pct"	"sonic"	36573	"TMEM116*"	"-"	36573	"TMEM116"	"-"	"TMEM116"	"-"	209660	"ALDH2"	"+"	"*"	"TMEM116"
"chr12"	9731402	9731402	1	"+"	"chr12+9731402"	4	4.50136166190273e-05	1081	"Polyclonal_50pct"	"sonic"	1897	"CLECL1*"	"-"	1897	"CLECL1"	"-"	"CLECL1"	"-"	29499	"CD69"	"-"	"*"	"CLECL1"
"chr12"	10161820	10161820	1	"-"	"chr12-10161820"	4	4.50136166190273e-05	1081	"Polyclonal_50pct"	"sonic"	-3520	"OLR1*"	"-"	-8692	"TMEM52B"	"+"	"OLR1"	"-"	228221	"KLRK1"	"-"	"*"	"OLR1"
"chr12"	132654131	132654131	1	"-"	"chr12-132654131"	4	4.50136166190273e-05	1081	"Polyclonal_50pct"	"sonic"	-30370	"POLE*"	"-"	33211	"POLE"	"-"	"POLE"	"-"	233474	"CHFR"	"-"	"*"	"POLE"
"chr12"	44484968	44484968	1	"-"	"chr12-44484968"	4	4.50136166190273e-05	1081	"Polyclonal_50pct"	"sonic"	23306	"NELL2"	"-"	390693	"NELL2"	"-"	"FALSE"	""	-1244737	"ARID2"	"+"	""	"NELL2"
"chr12"	48675222	48675222	1	"-"	"chr12-48675222"	4	4.50136166190273e-05	1081	"Polyclonal_50pct"	"sonic"	7016	"KANSL2*"	"-"	7016	"KANSL2"	"-"	"KANSL2"	"-"	41485	"CCNT1"	"-"	"*"	"KANSL2"
"chr12"	51436697	51436697	1	"-"	"chr12-51436697"	4	4.50136166190273e-05	1081	"Polyclonal_50pct"	"sonic"	-4482	"SLC4A8*"	"+"	11581	"SLC4A8"	"+"	"SLC4A8"	"+"	-90018	"CELA1"	"-"	"*"	"SLC4A8"
"chr12"	66781008	66781008	1	"-"	"chr12-66781008"	4	4.50136166190273e-05	1081	"Polyclonal_50pct"	"sonic"	23261	"GRIP1*"	"-"	23261	"GRIP1"	"-"	"GRIP1"	"-"	956526	"HMGA2"	"+"	"*"	"GRIP1"
"chr12"	94504931	94504931	1	"-"	"chr12-94504931"	4	4.50136166190273e-05	1081	"Polyclonal_50pct"	"sonic"	42363	"CEP83-DT"	"+"	-44477	"CEP83"	"-"	"FALSE"	""	932257	"SOCS2"	"+"	""	"CEP83-DT"
"chr13"	70552750	70552750	1	"+"	"chr13+70552750"	4	4.50136166190273e-05	1081	"Polyclonal_50pct"	"sonic"	412997	"ATXN8OS"	"+"	-444257	"KLHL1"	"-"	"FALSE"	""	-2502225	"KLF5"	"+"	""	"ATXN8OS"
"chr13"	99562330	99562330	1	"+"	"chr13+99562330"	4	4.50136166190273e-05	1081	"Polyclonal_50pct"	"sonic"	-1718	"TM9SF2*"	"+"	-14781	"LINC01039"	"+"	"TM9SF2"	"+"	2128162	"RAP2A"	"+"	"*"	"TM9SF2"
"chr13"	106512794	106512794	1	"-"	"chr13-106512794"	4	4.50136166190273e-05	1081	"Polyclonal_50pct"	"sonic"	-6752	"EFNB2*"	"-"	22868	"EFNB2"	"-"	"EFNB2"	"-"	-1756834	"TNFSF13B"	"+"	"*"	"EFNB2"
"chr13"	19584240	19584240	1	"-"	"chr13-19584240"	4	4.50136166190273e-05	1081	"Polyclonal_50pct"	"sonic"	-2877	"LINC00350"	"+"	-2877	"LINC00350"	"+"	"FALSE"	""	-373182	"ZMYM2"	"+"	""	"LINC00350"
"chr13"	78390625	78390625	1	"-"	"chr13-78390625"	4	4.50136166190273e-05	1081	"Polyclonal_50pct"	"sonic"	-226700	"OBI1-AS1*"	"+"	-205496	"LOC780529"	"+"	"OBI1-AS1"	"+"	212927	"POU4F1"	"-"	"*"	"OBI1-AS1"
"chr14"	62608535	62608535	1	"+"	"chr14+62608535"	4	4.50136166190273e-05	1081	"Polyclonal_50pct"	"sonic"	90928	"KCNH5"	"-"	436923	"KCNH5"	"-"	"FALSE"	""	-1244468	"SYNE2"	"+"	""	"KCNH5"
"chr14"	72080821	72080821	1	"+"	"chr14+72080821"	4	4.50136166190273e-05	1081	"Polyclonal_50pct"	"sonic"	147295	"RGS6*"	"+"	147295	"RGS6"	"+"	"RGS6"	"+"	1633563	"PNMA1"	"-"	"*"	"RGS6"
"chr14"	39582125	39582125	1	"-"	"chr14-39582125"	4	4.50136166190273e-05	1081	"Polyclonal_50pct"	"sonic"	-149625	"FBXO33"	"-"	-149625	"FBXO33"	"-"	"FALSE"	""	-1986876	"FOXA1"	"-"	""	"FBXO33"
"chr15"	41653838	41653838	1	"-"	"chr15-41653838"	4	4.50136166190273e-05	1081	"Polyclonal_50pct"	"sonic"	-6573	"MGA"	"+"	-6573	"MGA"	"+"	"FALSE"	""	93867	"TYRO3"	"+"	""	"MGA"
"chr16"	1358302	1358302	1	"+"	"chr16+1358302"	4	4.50136166190273e-05	1081	"Polyclonal_50pct"	"sonic"	-5811	"GNPTG*"	"+"	6372	"GNPTG"	"+"	"GNPTG"	"+"	376533	"SOX8"	"+"	"*"	"GNPTG"
"chr16"	23421737	23421737	1	"+"	"chr16+23421737"	4	4.50136166190273e-05	1081	"Polyclonal_50pct"	"sonic"	31452	"COG7*"	"-"	31452	"COG7"	"-"	"COG7"	"-"	119436	"SCNN1B"	"+"	"*"	"COG7"
"chr16"	2373400	2373400	1	"+"	"chr16+2373400"	4	4.50136166190273e-05	1081	"Polyclonal_50pct"	"sonic"	32479	"ABCA17P*"	"+"	32479	"ABCA17P"	"+"	"ABCA17P"	"+"	-32672	"ABCA3"	"-"	"*"	"ABCA17P"
"chr16"	88585645	88585645	1	"+"	"chr16+88585645"	4	4.50136166190273e-05	1081	"Polyclonal_50pct"	"sonic"	15243	"ZC3H18*"	"+"	15243	"ZC3H18"	"+"	"ZC3H18"	"+"	-218143	"CDT1"	"+"	"*"	"ZC3H18"
"chr16"	334242	334242	1	"-"	"chr16-334242"	4	4.50136166190273e-05	1081	"Polyclonal_50pct"	"sonic"	18481	"AXIN1~*"	"-"	18481	"AXIN1"	"-"	"AXIN1"	"-"	18481	"AXIN1"	"-"	"~*"	"AXIN1"
"chr16"	82734888	82734888	1	"-"	"chr16-82734888"	4	4.50136166190273e-05	1081	"Polyclonal_50pct"	"sonic"	107920	"CDH13~*"	"+"	-38430	"LOC101928446"	"+"	"CDH13"	"+"	107920	"CDH13"	"+"	"~*"	"CDH13"
"chr17"	2630582	2630582	1	"+"	"chr17+2630582"	4	4.50136166190273e-05	1081	"Polyclonal_50pct"	"sonic"	36929	"PAFAH1B1*"	"+"	36929	"PAFAH1B1"	"+"	"PAFAH1B1"	"+"	-326797	"SMG6"	"-"	"*"	"PAFAH1B1"
"chr17"	29479638	29479638	1	"+"	"chr17+29479638"	4	4.50136166190273e-05	1081	"Polyclonal_50pct"	"sonic"	-72265	"TAOK1*"	"+"	87399	"ABHD15"	"-"	"TAOK1"	"+"	735628	"TRAF4"	"+"	"*"	"TAOK1"
"chr17"	37307824	37307824	1	"+"	"chr17+37307824"	4	4.50136166190273e-05	1081	"Polyclonal_50pct"	"sonic"	51292	"ACACA*"	"-"	-8057	"ACACA"	"-"	"ACACA"	"-"	358871	"AATF"	"+"	"*"	"ACACA"
"chr17"	50313167	50313167	1	"+"	"chr17+50313167"	4	4.50136166190273e-05	1081	"Polyclonal_50pct"	"sonic"	-25312	"TMEM92-AS1"	"-"	-25312	"TMEM92-AS1"	"-"	"FALSE"	""	-111536	"COL1A1"	"-"	""	"TMEM92-AS1"
"chr17"	75158561	75158561	1	"+"	"chr17+75158561"	4	4.50136166190273e-05	1081	"Polyclonal_50pct"	"sonic"	-4049	"JPT1"	"-"	-4049	"JPT1"	"-"	"FALSE"	""	111337	"KCTD2"	"+"	""	"JPT1"
"chr17"	78097484	78097484	1	"-"	"chr17-78097484"	4	4.50136166190273e-05	1081	"Polyclonal_50pct"	"sonic"	-11351	"TNRC6C*"	"+"	31271	"TMC6"	"-"	"TNRC6C"	"+"	89568	"TK1"	"-"	"*"	"TNRC6C"
"chr17"	78123569	78123569	1	"-"	"chr17-78123569"	4	4.50136166190273e-05	1081	"Polyclonal_50pct"	"sonic"	5186	"TMC6*"	"-"	5186	"TMC6"	"-"	"TMC6"	"-"	63483	"TK1"	"-"	"*"	"TMC6"
"chr17"	78713889	78713889	1	"-"	"chr17-78713889"	4	4.50136166190273e-05	1081	"Polyclonal_50pct"	"sonic"	3143	"CYTH1*"	"-"	3143	"CYTH1"	"-"	"CYTH1"	"-"	211498	"TIMP2"	"-"	"*"	"CYTH1"
"chr18"	67924299	67924299	1	"+"	"chr18+67924299"	4	4.50136166190273e-05	1081	"Polyclonal_50pct"	"sonic"	24680	"LOC643542"	"+"	-109477	"LINC01903"	"-"	"FALSE"	""	-4262406	"SERPINB3"	"-"	""	"LOC643542"
"chr19"	39687473	39687473	1	"-"	"chr19-39687473"	4	4.50136166190273e-05	1081	"Polyclonal_50pct"	"sonic"	1100	"LGALS17A"	"+"	8100	"LGALS17A"	"+"	"FALSE"	""	146689	"DYRK1B"	"-"	""	"LGALS17A"
"chr19"	56006147	56006147	1	"-"	"chr19-56006147"	4	4.50136166190273e-05	1081	"Polyclonal_50pct"	"sonic"	6422	"NLRP5*"	"+"	6422	"NLRP5"	"+"	"NLRP5"	"+"	58316	"NLRP8"	"+"	"*"	"NLRP5"
"chr2"	116738234	116738234	1	"+"	"chr2+116738234"	4	4.50136166190273e-05	1081	"Polyclonal_50pct"	"sonic"	892456	"DPP10"	"+"	-1076456	"DDX18"	"+"	"FALSE"	""	-3459313	"PAX8"	"-"	""	"DPP10"
"chr2"	159168538	159168538	1	"+"	"chr2+159168538"	4	4.50136166190273e-05	1081	"Polyclonal_50pct"	"sonic"	-64121	"TANC1*"	"+"	-18296	"MIR6888"	"+"	"TANC1"	"+"	1910834	"GALNT5"	"+"	"*"	"TANC1"
"chr2"	181660874	181660874	1	"+"	"chr2+181660874"	4	4.50136166190273e-05	1081	"Polyclonal_50pct"	"sonic"	-3767	"CERKL"	"-"	-3767	"CERKL"	"-"	"FALSE"	""	-3552535	"PDE11A"	"-"	""	"CERKL"
"chr2"	187339113	187339113	1	"+"	"chr2+187339113"	4	4.50136166190273e-05	1081	"Polyclonal_50pct"	"sonic"	2851	"CALCRL"	"-"	109139	"CALCRL"	"-"	"FALSE"	""	1451010	"DIRC1"	"-"	""	"CALCRL"
"chr2"	204805710	204805710	1	"+"	"chr2+204805710"	4	4.50136166190273e-05	1081	"Polyclonal_50pct"	"sonic"	260236	"PARD3B*"	"+"	260236	"PARD3B"	"+"	"PARD3B"	"+"	-1270409	"RAPH1"	"-"	"*"	"PARD3B"
"chr2"	112742021	112742021	1	"-"	"chr2-112742021"	4	4.50136166190273e-05	1081	"Polyclonal_50pct"	"sonic"	-856	"NT5DC4*"	"+"	20536	"NT5DC4"	"+"	"NT5DC4,CKAP2L"	"+,-"	94758	"IL1B"	"-"	"*"	"NT5DC4"
"chr2"	123010372	123010372	1	"-"	"chr2-123010372"	4	4.50136166190273e-05	1081	"Polyclonal_50pct"	"sonic"	55783	"LINC01826"	"-"	63109	"LINC01826"	"-"	"FALSE"	""	2218092	"GLI2"	"+"	""	"LINC01826"
"chr2"	22418367	22418367	1	"-"	"chr2-22418367"	4	4.50136166190273e-05	1081	"Polyclonal_50pct"	"sonic"	-118111	"LINC01884"	"+"	-118111	"LINC01884"	"+"	"FALSE"	""	1971294	"RHOB"	"+"	""	"LINC01884"
"chr2"	63695530	63695530	1	"-"	"chr2-63695530"	4	4.50136166190273e-05	1081	"Polyclonal_50pct"	"sonic"	88334	"MDH1"	"+"	106380	"MDH1"	"+"	"FALSE"	""	1434576	"RAB1A"	"-"	""	"MDH1"
"chr20"	43593494	43593494	1	"+"	"chr20+43593494"	4	4.50136166190273e-05	1081	"Polyclonal_50pct"	"sonic"	2558	"IFT52*"	"+"	2558	"IFT52"	"+"	"IFT52"	"+"	-73524	"MYBL2"	"+"	"*"	"IFT52"
"chr20"	9845516	9845516	1	"+"	"chr20+9845516"	4	4.50136166190273e-05	1081	"Polyclonal_50pct"	"sonic"	-6440	"PAK5"	"-"	-6440	"PAK5"	"-"	"FALSE"	""	828483	"JAG1"	"-"	""	"PAK5"
"chr20"	59880596	59880596	1	"-"	"chr20-59880596"	4	4.50136166190273e-05	1081	"Polyclonal_50pct"	"sonic"	-17025	"SYCP2*"	"-"	53041	"SYCP2"	"-"	"SYCP2"	"-"	988434	"GNAS"	"+"	"*"	"SYCP2"
"chr22"	25932874	25932874	1	"+"	"chr22+25932874"	4	4.50136166190273e-05	1081	"Polyclonal_50pct"	"sonic"	-98171	"MYO18B*"	"+"	190687	"MYO18B"	"+"	"MYO18B"	"+"	1299960	"BCRP3"	"+"	"*"	"MYO18B"
"chr22_ML143380v1_fix"	79059	79059	1	"+"	"chr22_ML143380v1_fix+79059"	4	4.50136166190273e-05	1081	"Polyclonal_50pct"	"sonic"	NA	NA	""	NA	""	""	"FALSE"	""	NA	""	""	""	""
"chr3"	141572416	141572416	1	"+"	"chr3+141572416"	4	4.50136166190273e-05	1081	"Polyclonal_50pct"	"sonic"	-42928	"RASA2*"	"+"	85390	"RASA2"	"+"	"RASA2"	"+"	-165792	"RNF7"	"+"	"*"	"RASA2"
"chr3"	155300630	155300630	1	"+"	"chr3+155300630"	4	4.50136166190273e-05	1081	"Polyclonal_50pct"	"sonic"	-6947	"STRIT1"	"-"	-6947	"STRIT1"	"-"	"FALSE"	""	220312	"MME"	"+"	""	"STRIT1"
"chr3"	161586481	161586481	1	"+"	"chr3+161586481"	4	4.50136166190273e-05	1081	"Polyclonal_50pct"	"sonic"	82539	"OTOL1"	"+"	89674	"OTOL1"	"+"	"FALSE"	""	-2853995	"RARRES1"	"-"	""	"OTOL1"
"chr3"	175544392	175544392	1	"+"	"chr3+175544392"	4	4.50136166190273e-05	1081	"Polyclonal_50pct"	"sonic"	-266156	"NAALADL2*"	"+"	174853	"MIR4789"	"+"	"NAALADL2"	"+"	2793391	"ECT2"	"+"	"*"	"NAALADL2"
"chr3"	176719592	176719592	1	"+"	"chr3+176719592"	4	4.50136166190273e-05	1081	"Polyclonal_50pct"	"sonic"	-84060	"LINC01208"	"-"	-84060	"LINC01208"	"-"	"FALSE"	""	-2428764	"PIK3CA"	"+"	""	"LINC01208"
"chr3"	178585923	178585923	1	"+"	"chr3+178585923"	4	4.50136166190273e-05	1081	"Polyclonal_50pct"	"sonic"	27074	"KCNMB2*"	"+"	27074	"KCNMB2"	"+"	"KCNMB2-AS1,KCNMB2"	"-,+"	-562433	"PIK3CA"	"+"	"*"	"KCNMB2"
"chr3"	97467743	97467743	1	"+"	"chr3+97467743"	4	4.50136166190273e-05	1081	"Polyclonal_50pct"	"sonic"	28137	"EPHA6*"	"+"	28137	"EPHA6"	"+"	"EPHA6"	"+"	-3241546	"TFG"	"+"	"*"	"EPHA6"
"chr3"	120619240	120619240	1	"-"	"chr3-120619240"	4	4.50136166190273e-05	1081	"Polyclonal_50pct"	"sonic"	8931	"HGD"	"-"	22905	"NDUFB4"	"+"	"FALSE"	""	-524793	"GSK3B"	"-"	""	"HGD"
"chr3"	129223694	129223694	1	"-"	"chr3-129223694"	4	4.50136166190273e-05	1081	"Polyclonal_50pct"	"sonic"	-25911	"COPG1"	"+"	-25911	"COPG1"	"+"	"FALSE"	""	-572876	"RPN1"	"-"	""	"COPG1"
"chr3"	145643705	145643705	1	"-"	"chr3-145643705"	4	4.50136166190273e-05	1081	"Polyclonal_50pct"	"sonic"	422638	"LNCSRLR"	"-"	425480	"LNCSRLR"	"-"	"FALSE"	""	-1795237	"SLC9A9"	"-"	""	"LNCSRLR"
"chr3"	158425581	158425581	1	"-"	"chr3-158425581"	4	4.50136166190273e-05	1081	"Polyclonal_50pct"	"sonic"	-119254	"RSRC1*"	"+"	-101126	"UC.134"	"+"	"RSRC1"	"+"	-145612	"MLF1"	"+"	"*"	"RSRC1"
"chr3"	190233857	190233857	1	"-"	"chr3-190233857"	4	4.50136166190273e-05	1081	"Polyclonal_50pct"	"sonic"	-56503	"CLDN16"	"+"	-56503	"CLDN16"	"+"	"FALSE"	""	2020962	"LPP"	"+"	""	"CLDN16"
"chr3"	52407259	52407259	1	"-"	"chr3-52407259"	4	4.50136166190273e-05	1081	"Polyclonal_50pct"	"sonic"	2749	"BAP1~*"	"-"	2749	"BAP1"	"-"	"BAP1"	"-"	2749	"BAP1"	"-"	"~*"	"BAP1"
"chr4"	124678266	124678266	1	"+"	"chr4+124678266"	4	4.50136166190273e-05	1081	"Polyclonal_50pct"	"sonic"	-14218	"ANKRD50*"	"-"	34466	"ANKRD50"	"-"	"ANKRD50"	"-"	-1755298	"NUDT6"	"-"	"*"	"ANKRD50"
"chr4"	143759561	143759561	1	"+"	"chr4+143759561"	4	4.50136166190273e-05	1081	"Polyclonal_50pct"	"sonic"	58232	"LOC105377458"	"-"	-58886	"FREM3"	"-"	"FALSE"	""	422686	"GAB1"	"+"	""	"LOC105377458"
"chr4"	143817848	143817848	1	"+"	"chr4+143817848"	4	4.50136166190273e-05	1081	"Polyclonal_50pct"	"sonic"	-55	"LOC105377458*"	"-"	11500	"LOC105377458"	"-"	"LOC105377458"	"-"	480973	"GAB1"	"+"	"*"	"LOC105377458"
"chr4"	164840002	164840002	1	"+"	"chr4+164840002"	4	4.50136166190273e-05	1081	"Polyclonal_50pct"	"sonic"	36207	"SMIM31"	"+"	-37175	"APELA"	"+"	"FALSE"	""	-1507406	"NPY1R"	"-"	""	"SMIM31"
"chr4"	170728706	170728706	1	"+"	"chr4+170728706"	4	4.50136166190273e-05	1081	"Polyclonal_50pct"	"sonic"	13762	"LINC02382"	"-"	15029	"LINC02382"	"-"	"FALSE"	""	-4189651	"ADAM29"	"+"	""	"LINC02382"
"chr4"	172157506	172157506	1	"+"	"chr4+172157506"	4	4.50136166190273e-05	1081	"Polyclonal_50pct"	"sonic"	344103	"GALNTL6*"	"+"	-343899	"LOC441052"	"-"	"GALNTL6"	"+"	-2760851	"ADAM29"	"+"	"*"	"GALNTL6"
"chr4"	176086276	176086276	1	"+"	"chr4+176086276"	4	4.50136166190273e-05	1081	"Polyclonal_50pct"	"sonic"	20436	"WDR17*"	"+"	20436	"WDR17"	"+"	"WDR17"	"+"	1167919	"ADAM29"	"+"	"*"	"WDR17"
"chr4"	21221063	21221063	1	"+"	"chr4+21221063"	4	4.50136166190273e-05	1081	"Polyclonal_50pct"	"sonic"	82843	"KCNIP4*"	"-"	82843	"KCNIP4"	"-"	"KCNIP4"	"-"	-4434787	"SLC34A2"	"+"	"*"	"KCNIP4"
"chr4"	58233557	58233557	1	"+"	"chr4+58233557"	4	4.50136166190273e-05	1081	"Polyclonal_50pct"	"sonic"	290957	"LINC02494"	"-"	302771	"LINC02494"	"-"	"FALSE"	""	-1123172	"IGFBP7"	"-"	""	"LINC02494"
"chr4"	86152598	86152598	1	"+"	"chr4+86152598"	4	4.50136166190273e-05	1081	"Polyclonal_50pct"	"sonic"	32793	"MAPK10-AS1~*"	"+"	32793	"MAPK10-AS1"	"+"	"MAPK10,MAPK10-AS1"	"-,+"	202046	"MAPK10"	"-"	"~*"	"MAPK10-AS1"
"chr4"	88866517	88866517	1	"+"	"chr4+88866517"	4	4.50136166190273e-05	1081	"Polyclonal_50pct"	"sonic"	-140558	"FAM13A*"	"-"	-43156	"FAM13A"	"-"	"FAM13A"	"-"	890804	"SPP1"	"+"	"*"	"FAM13A"
"chr4"	101900088	101900088	1	"-"	"chr4-101900088"	4	4.50136166190273e-05	1081	"Polyclonal_50pct"	"sonic"	86247	"BANK1*"	"+"	86247	"BANK1"	"+"	"BANK1"	"+"	-601270	"NFKB1"	"+"	"*"	"BANK1"
"chr4"	112254136	112254136	1	"-"	"chr4-112254136"	4	4.50136166190273e-05	1081	"Polyclonal_50pct"	"sonic"	-18974	"AP1AR*"	"+"	22350	"AP1AR"	"+"	"AP1AR"	"+"	1507602	"CAMK2D"	"-"	"*"	"AP1AR"
"chr4"	126375484	126375484	1	"-"	"chr4-126375484"	4	4.50136166190273e-05	1081	"Polyclonal_50pct"	"sonic"	868177	"MIR2054"	"+"	868226	"MIR2054"	"+"	"FALSE"	""	2718055	"SCLT1"	"-"	""	"MIR2054"
"chr4"	128409893	128409893	1	"-"	"chr4-128409893"	4	4.50136166190273e-05	1081	"Polyclonal_50pct"	"sonic"	-18122	"LINC02615"	"+"	-18122	"LINC02615"	"+"	"FALSE"	""	683646	"SCLT1"	"-"	""	"LINC02615"
"chr4"	135012147	135012147	1	"-"	"chr4-135012147"	4	4.50136166190273e-05	1081	"Polyclonal_50pct"	"sonic"	100937	"LINC02485"	"-"	111412	"LINC02485"	"-"	"FALSE"	""	-5918608	"SCLT1"	"-"	""	"LINC02485"
"chr4"	145110262	145110262	1	"-"	"chr4-145110262"	4	4.50136166190273e-05	1081	"Polyclonal_50pct"	"sonic"	11952	"ABCE1*"	"+"	-11721	"ANAPC10"	"-"	"ABCE1"	"+"	1773387	"GAB1"	"+"	"*"	"ABCE1"
"chr4"	162057706	162057706	1	"-"	"chr4-162057706"	4	4.50136166190273e-05	1081	"Polyclonal_50pct"	"sonic"	106294	"FSTL5*"	"-"	34974	"LOC101928052"	"+"	"FSTL5"	"-"	1274890	"NPY1R"	"-"	"*"	"FSTL5"
"chr4"	165793296	165793296	1	"-"	"chr4-165793296"	4	4.50136166190273e-05	1081	"Polyclonal_50pct"	"sonic"	30518	"LINC01179"	"+"	-50225	"LOC101928131"	"-"	"FALSE"	""	-2460700	"NPY1R"	"-"	""	"LINC01179"
"chr4"	168671454	168671454	1	"-"	"chr4-168671454"	4	4.50136166190273e-05	1081	"Polyclonal_50pct"	"sonic"	39877	"PALLD*"	"+"	39877	"PALLD"	"+"	"PALLD"	"+"	-5338858	"NPY1R"	"-"	"*"	"PALLD"
"chr4"	19404394	19404394	1	"-"	"chr4-19404394"	4	4.50136166190273e-05	1081	"Polyclonal_50pct"	"sonic"	-847510	"SLIT2"	"+"	-847510	"SLIT2"	"+"	"FALSE"	""	-6251456	"SLC34A2"	"+"	""	"SLIT2"
"chr4"	60846449	60846449	1	"-"	"chr4-60846449"	4	4.50136166190273e-05	1081	"Polyclonal_50pct"	"sonic"	-76169	"MIR548AG1"	"+"	-76169	"MIR548AG1"	"+"	"FALSE"	""	-3736064	"IGFBP7"	"-"	""	"MIR548AG1"
"chr4"	90541740	90541740	1	"-"	"chr4-90541740"	4	4.50136166190273e-05	1081	"Polyclonal_50pct"	"sonic"	-240263	"CCSER1*"	"+"	306710	"CCSER1"	"+"	"CCSER1"	"+"	2566027	"SPP1"	"+"	"*"	"CCSER1"
"chr5"	110682752	110682752	1	"+"	"chr5+110682752"	4	4.50136166190273e-05	1081	"Polyclonal_50pct"	"sonic"	43919	"TMEM232*"	"-"	43919	"TMEM232"	"-"	"TMEM232"	"-"	-2024745	"APC"	"+"	"*"	"TMEM232"
"chr5"	134326516	134326516	1	"+"	"chr5+134326516"	4	4.50136166190273e-05	1081	"Polyclonal_50pct"	"sonic"	-18516	"CDKL3*"	"-"	40558	"CDKL3"	"-"	"CDKL3"	"-"	-149483	"SKP1"	"-"	"*"	"CDKL3"
"chr5"	165888136	165888136	1	"+"	"chr5+165888136"	4	4.50136166190273e-05	1081	"Polyclonal_50pct"	"sonic"	1017085	"LINC01947"	"-"	1038234	"LINC01947"	"-"	"FALSE"	""	2450542	"CCNG1"	"+"	""	"LINC01947"
"chr5"	51645801	51645801	1	"+"	"chr5+51645801"	4	4.50136166190273e-05	1081	"Polyclonal_50pct"	"sonic"	251072	"ISL1"	"+"	262354	"ISL1"	"+"	"FALSE"	""	-1834827	"FST"	"+"	""	"ISL1"
"chr5"	72277731	72277731	1	"+"	"chr5+72277731"	4	4.50136166190273e-05	1081	"Polyclonal_50pct"	"sonic"	42509	"MRPS27*"	"-"	42509	"MRPS27"	"-"	"MRPS27"	"-"	2363693	"ENC1"	"-"	"*"	"MRPS27"
"chr5"	99390190	99390190	1	"+"	"chr5+99390190"	4	4.50136166190273e-05	1081	"Polyclonal_50pct"	"sonic"	-143799	"LINC02113"	"+"	-143799	"LINC02113"	"+"	"FALSE"	""	2431758	"LNPEP"	"+"	""	"LINC02113"
"chr5"	111361123	111361123	1	"-"	"chr5-111361123"	4	4.50136166190273e-05	1081	"Polyclonal_50pct"	"sonic"	-133761	"CAMK4*"	"+"	136740	"CAMK4"	"+"	"CAMK4"	"+"	-1346374	"APC"	"+"	"*"	"CAMK4"
"chr5"	112771536	112771536	1	"-"	"chr5-112771536"	4	4.50136166190273e-05	1081	"Polyclonal_50pct"	"sonic"	33652	"APC~*"	"+"	33652	"APC"	"+"	"APC"	"+"	33652	"APC"	"+"	"~*"	"APC"
"chr5"	112983447	112983447	1	"-"	"chr5-112983447"	4	4.50136166190273e-05	1081	"Polyclonal_50pct"	"sonic"	6650	"DCP2*"	"+"	6650	"DCP2"	"+"	"DCP2"	"+"	245563	"APC"	"+"	"*"	"DCP2"
"chr5"	129574886	129574886	1	"-"	"chr5-129574886"	4	4.50136166190273e-05	1081	"Polyclonal_50pct"	"sonic"	114589	"ADAMTS19*"	"+"	-114197	"ADAMTS19-AS1"	"-"	"ADAMTS19"	"+"	2222131	"FNIP1"	"-"	"*"	"ADAMTS19"
"chr5"	132606855	132606855	1	"-"	"chr5-132606855"	4	4.50136166190273e-05	1081	"Polyclonal_50pct"	"sonic"	-39492	"RAD50*"	"+"	34935	"TH2LCRR"	"-"	"RAD50"	"+"	-63333	"IL5"	"-"	"*"	"RAD50"
"chr5"	140490072	140490072	1	"-"	"chr5-140490072"	4	4.50136166190273e-05	1081	"Polyclonal_50pct"	"sonic"	-49777	"ANKHD1*"	"+"	-57589	"EIF4EBP3"	"+"	"ANKHD1-EIF4EBP3,ANKHD1"	"+"	-682571	"PCDHB7"	"+"	"*"	"ANKHD1"
"chr5"	171134285	171134285	1	"-"	"chr5-171134285"	4	4.50136166190273e-05	1081	"Polyclonal_50pct"	"sonic"	-165730	"RANBP17~*"	"+"	-174962	"TLX3"	"+"	"RANBP17"	"+"	-174962	"TLX3"	"+"	"~*"	"RANBP17"
"chr5"	23816945	23816945	1	"-"	"chr5-23816945"	4	4.50136166190273e-05	1081	"Polyclonal_50pct"	"sonic"	-134402	"C5orf17"	"+"	-134402	"C5orf17"	"+"	"FALSE"	""	828033	"CDH10"	"-"	""	"C5orf17"
"chr5"	24605213	24605213	1	"-"	"chr5-24605213"	4	4.50136166190273e-05	1081	"Polyclonal_50pct"	"sonic"	39765	"CDH10~*"	"-"	39765	"CDH10"	"-"	"CDH10"	"-"	39765	"CDH10"	"-"	"~*"	"CDH10"
"chr6"	121660630	121660630	1	"+"	"chr6+121660630"	4	4.50136166190273e-05	1081	"Polyclonal_50pct"	"sonic"	210903	"GJA1"	"+"	224985	"GJA1"	"+"	"FALSE"	""	-2143215	"NKAIN2"	"+"	""	"GJA1"
"chr6"	28418773	28418773	1	"+"	"chr6+28418773"	4	4.50136166190273e-05	1081	"Polyclonal_50pct"	"sonic"	13881	"ZSCAN23"	"-"	-19026	"ZSCAN12"	"-"	"FALSE"	""	505212	"TRIM27"	"-"	""	"ZSCAN23"
"chr6"	48352352	48352352	1	"+"	"chr6+48352352"	4	4.50136166190273e-05	1081	"Polyclonal_50pct"	"sonic"	-241155	"PTCHD4"	"-"	-241155	"PTCHD4"	"-"	"FALSE"	""	2930078	"RUNX2"	"+"	""	"PTCHD4"
"chr6"	62471126	62471126	1	"+"	"chr6+62471126"	4	4.50136166190273e-05	1081	"Polyclonal_50pct"	"sonic"	-184899	"KHDRBS2"	"-"	-184899	"KHDRBS2"	"-"	"FALSE"	""	-5516296	"DST"	"-"	""	"KHDRBS2"
"chr6"	69753553	69753553	1	"+"	"chr6+69753553"	4	4.50136166190273e-05	1081	"Polyclonal_50pct"	"sonic"	42913	"LMBRD1*"	"-"	42913	"LMBRD1"	"-"	"LMBRD1"	"-"	-113002	"COL19A1"	"+"	"*"	"LMBRD1"
"chr6"	113164368	113164368	1	"-"	"chr6-113164368"	4	4.50136166190273e-05	1081	"Polyclonal_50pct"	"sonic"	264171	"LINC02518"	"-"	269079	"LINC02518"	"-"	"FALSE"	""	806356	"HDAC2"	"-"	""	"LINC02518"
"chr6"	119718215	119718215	1	"-"	"chr6-119718215"	4	4.50136166190273e-05	1081	"Polyclonal_50pct"	"sonic"	-126869	"LOC105377975*"	"+"	168408	"LOC105377975"	"+"	"LOC105377975"	"+"	-2115704	"GOPC"	"-"	"*"	"LOC105377975"
"chr6"	12096392	12096392	1	"-"	"chr6-12096392"	4	4.50136166190273e-05	1081	"Polyclonal_50pct"	"sonic"	-68607	"HIVEP1*"	"+"	84081	"HIVEP1"	"+"	"HIVEP1"	"+"	84081	"HIVEP1"	"+"	"*"	"HIVEP1"
"chr6"	124374654	124374654	1	"-"	"chr6-124374654"	4	4.50136166190273e-05	1081	"Polyclonal_50pct"	"sonic"	91650	"NKAIN2!~*"	"+"	91650	"NKAIN2"	"+"	"NKAIN2"	"+"	91650	"NKAIN2"	"+"	"!~*"	"NKAIN2"
"chr6"	129113932	129113932	1	"-"	"chr6-129113932"	4	4.50136166190273e-05	1081	"Polyclonal_50pct"	"sonic"	230795	"LAMA2*"	"+"	230795	"LAMA2"	"+"	"LAMA2"	"+"	-593333	"PTPRK"	"-"	"*"	"LAMA2"
"chr6"	140860915	140860915	1	"-"	"chr6-140860915"	4	4.50136166190273e-05	1081	"Polyclonal_50pct"	"sonic"	177032	"MIR4465"	"+"	177102	"MIR4465"	"+"	"FALSE"	""	-1486267	"CITED2"	"-"	""	"MIR4465"
"chr6"	147217089	147217089	1	"-"	"chr6-147217089"	4	4.50136166190273e-05	1081	"Polyclonal_50pct"	"sonic"	12732	"STXBP5*"	"+"	-12475	"STXBP5-AS1"	"-"	"STXBP5"	"+"	2499336	"LATS1"	"-"	"*"	"STXBP5"
"chr6"	62892082	62892082	1	"-"	"chr6-62892082"	4	4.50136166190273e-05	1081	"Polyclonal_50pct"	"sonic"	383868	"LGSN"	"-"	427895	"LGSN"	"-"	"FALSE"	""	-5937252	"DST"	"-"	""	"LGSN"
"chr6"	69705101	69705101	1	"-"	"chr6-69705101"	4	4.50136166190273e-05	1081	"Polyclonal_50pct"	"sonic"	-31092	"LMBRD1*"	"-"	91365	"LMBRD1"	"-"	"LMBRD1"	"-"	-161454	"COL19A1"	"+"	"*"	"LMBRD1"
"chr7"	115960895	115960895	1	"+"	"chr7+115960895"	4	4.50136166190273e-05	1081	"Polyclonal_50pct"	"sonic"	7418	"TFEC*"	"-"	7418	"TFEC"	"-"	"TFEC"	"-"	-564113	"CAV1"	"+"	"*"	"TFEC"
"chr7"	123225096	123225096	1	"+"	"chr7+123225096"	4	4.50136166190273e-05	1081	"Polyclonal_50pct"	"sonic"	-25125	"SLC13A1"	"-"	-25125	"SLC13A1"	"-"	"FALSE"	""	-338337	"CADPS2"	"-"	""	"SLC13A1"
"chr7"	123881916	123881916	1	"+"	"chr7+123881916"	4	4.50136166190273e-05	1081	"Polyclonal_50pct"	"sonic"	4435	"HYAL4"	"+"	36748	"HYAL4"	"+"	"FALSE"	""	-43324	"SPAM1"	"+"	""	"HYAL4"
"chr7"	138570173	138570173	1	"+"	"chr7+138570173"	4	4.50136166190273e-05	1081	"Polyclonal_50pct"	"sonic"	-19823	"TRIM24~*"	"+"	94051	"SVOPL"	"-"	"TRIM24"	"+"	109915	"TRIM24"	"+"	"~*"	"TRIM24"
"chr7"	155687008	155687008	1	"+"	"chr7+155687008"	4	4.50136166190273e-05	1081	"Polyclonal_50pct"	"sonic"	42348	"RBM33*"	"+"	42348	"RBM33"	"+"	"RBM33"	"+"	122155	"SHH"	"-"	"*"	"RBM33"
"chr7"	19380984	19380984	1	"+"	"chr7+19380984"	4	4.50136166190273e-05	1081	"Polyclonal_50pct"	"sonic"	-235563	"FERD3L"	"-"	-235563	"FERD3L"	"-"	"FALSE"	""	-263348	"TWIST1"	"-"	""	"FERD3L"
"chr7"	79005497	79005497	1	"+"	"chr7+79005497"	4	4.50136166190273e-05	1081	"Polyclonal_50pct"	"sonic"	448170	"MAGI2*"	"-"	-3490	"MAGI2-AS2"	"+"	"MAGI2"	"-"	2524988	"DTX2"	"+"	"*"	"MAGI2"
"chr7"	81961964	81961964	1	"+"	"chr7+81961964"	4	4.50136166190273e-05	1081	"Polyclonal_50pct"	"sonic"	-15521	"CACNA2D1*"	"-"	-47212	"CACNA2D1-AS1"	"+"	"CACNA2D1"	"-"	-191917	"HGF"	"-"	"*"	"CACNA2D1"
"chr7"	15205423	15205423	1	"-"	"chr7-15205423"	4	4.50136166190273e-05	1081	"Polyclonal_50pct"	"sonic"	-5107	"AGMO*"	"-"	-230565	"DGKB"	"-"	"AGMO"	"-"	-1213998	"ETV1"	"-"	"*"	"AGMO"
"chr7"	54708800	54708800	1	"-"	"chr7-54708800"	4	4.50136166190273e-05	1081	"Polyclonal_50pct"	"sonic"	43446	"SEC61G"	"-"	50411	"SEC61G"	"-"	"FALSE"	""	-310216	"EGFR"	"+"	""	"SEC61G"
"chr7"	82874166	82874166	1	"-"	"chr7-82874166"	4	4.50136166190273e-05	1081	"Polyclonal_50pct"	"sonic"	-53689	"PCLO*"	"-"	288718	"PCLO"	"-"	"PCLO"	"-"	-1104119	"HGF"	"-"	"*"	"PCLO"
"chr7"	84355644	84355644	1	"-"	"chr7-84355644"	4	4.50136166190273e-05	1081	"Polyclonal_50pct"	"sonic"	-160855	"SEMA3A"	"-"	-160855	"SEMA3A"	"-"	"FALSE"	""	-2585597	"HGF"	"-"	""	"SEMA3A"
"chr7"	89705717	89705717	1	"-"	"chr7-89705717"	4	4.50136166190273e-05	1081	"Polyclonal_50pct"	"sonic"	176635	"STEAP2-AS1"	"-"	-413682	"DPY19L2P4"	"+"	"FALSE"	""	-448751	"STEAP1"	"+"	""	"STEAP2-AS1"
"chr7"	99592761	99592761	1	"-"	"chr7-99592761"	4	4.50136166190273e-05	1081	"Polyclonal_50pct"	"sonic"	-5505	"TMEM225B"	"+"	-5505	"TMEM225B"	"+"	"FALSE"	""	-1127706	"EPO"	"+"	""	"TMEM225B"
"chr8"	16255173	16255173	1	"+"	"chr8+16255173"	4	4.50136166190273e-05	1081	"Polyclonal_50pct"	"sonic"	-62382	"MSR1"	"-"	-62382	"MSR1"	"-"	"FALSE"	""	-1321259	"PDGFRL"	"+"	""	"MSR1"
"chr8"	16607264	16607264	1	"+"	"chr8+16607264"	4	4.50136166190273e-05	1081	"Polyclonal_50pct"	"sonic"	384916	"FGF20"	"-"	395081	"FGF20"	"-"	"FALSE"	""	-969168	"PDGFRL"	"+"	""	"FGF20"
"chr8"	16819771	16819771	1	"+"	"chr8+16819771"	4	4.50136166190273e-05	1081	"Polyclonal_50pct"	"sonic"	172409	"FGF20"	"-"	182574	"FGF20"	"-"	"FALSE"	""	-756661	"PDGFRL"	"+"	""	"FGF20"
"chr8"	107039887	107039887	1	"-"	"chr8-107039887"	4	4.50136166190273e-05	1081	"Polyclonal_50pct"	"sonic"	209594	"ANGPT1"	"-"	-269643	"ABRA"	"-"	"FALSE"	""	1042052	"RSPO2"	"-"	""	"ANGPT1"
"chr8"	129899281	129899281	1	"-"	"chr8-129899281"	4	4.50136166190273e-05	1081	"Polyclonal_50pct"	"sonic"	40530	"CYRIB*"	"-"	40530	"CYRIB"	"-"	"CYRIB"	"-"	2104749	"PVT1"	"+"	"*"	"CYRIB"
"chr9"	114564051	114564051	1	"+"	"chr9+114564051"	4	4.50136166190273e-05	1081	"Polyclonal_50pct"	"sonic"	-23717	"ATP6V1G1"	"+"	-23717	"ATP6V1G1"	"+"	"FALSE"	""	228479	"TNFSF15"	"-"	""	"ATP6V1G1"
"chr9"	102679752	102679752	1	"-"	"chr9-102679752"	4	4.50136166190273e-05	1081	"Polyclonal_50pct"	"sonic"	22243	"LINC00587"	"+"	160116	"LINC00587"	"+"	"FALSE"	""	-1243978	"ALDOB"	"-"	""	"LINC00587"
"chr9"	9849384	9849384	1	"-"	"chr9-9849384"	4	4.50136166190273e-05	1081	"Polyclonal_50pct"	"sonic"	763618	"PTPRD~*"	"-"	49993	"LOC105375972"	"+"	"PTPRD"	"-"	763618	"PTPRD"	"-"	"~*"	"PTPRD"
"chrX"	142120569	142120569	1	"+"	"chrX+142120569"	4	4.50136166190273e-05	1081	"Polyclonal_50pct"	"sonic"	81772	"MAGEC2"	"-"	84721	"MAGEC2"	"-"	"FALSE"	""	-1615500	"SOX3"	"-"	""	"MAGEC2"
"chrX"	95614671	95614671	1	"+"	"chrX+95614671"	4	4.50136166190273e-05	1081	"Polyclonal_50pct"	"sonic"	-551445	"MIR548M"	"-"	-551445	"MIR548M"	"-"	"FALSE"	""	5771520	"BTK"	"-"	""	"MIR548M"
"chrX"	16855745	16855745	1	"-"	"chrX-16855745"	4	4.50136166190273e-05	1081	"Polyclonal_50pct"	"sonic"	-11405	"RBBP7~*"	"-"	14118	"RBBP7"	"-"	"RBBP7"	"-"	14118	"RBBP7"	"-"	"~*"	"RBBP7"
"chrX"	65505850	65505850	1	"-"	"chrX-65505850"	4	4.50136166190273e-05	1081	"Polyclonal_50pct"	"sonic"	-2037	"ZC3H12B*"	"+"	17116	"ZC3H12B"	"+"	"ZC3H12B"	"+"	-161803	"MSN"	"+"	"*"	"ZC3H12B"
"chr1"	150042191	150042191	1	"+"	"chr1+150042191"	3	3.37602124642704e-05	1403	"Polyclonal_50pct"	"sonic"	-25190	"VPS45"	"+"	-25190	"VPS45"	"+"	"FALSE"	""	226825	"APH1A"	"-"	""	"VPS45"
"chr1"	150042319	150042319	1	"+"	"chr1+150042319"	3	3.37602124642704e-05	1403	"Polyclonal_50pct"	"sonic"	-25062	"VPS45"	"+"	-25062	"VPS45"	"+"	"FALSE"	""	226697	"APH1A"	"-"	""	"VPS45"
"chr1"	184593662	184593662	1	"+"	"chr1+184593662"	3	3.37602124642704e-05	1403	"Polyclonal_50pct"	"sonic"	-35357	"C1orf21*"	"+"	161196	"EDEM3"	"-"	"C1orf21"	"+"	788543	"RGL1"	"+"	"*"	"C1orf21"
"chr1"	188505145	188505145	1	"+"	"chr1+188505145"	3	3.37602124642704e-05	1403	"Polyclonal_50pct"	"sonic"	1027923	"LINC01037"	"+"	1061518	"LINC01037"	"+"	"FALSE"	""	1676197	"PLA2G4A"	"+"	""	"LINC01037"
"chr1"	196760250	196760250	1	"+"	"chr1+196760250"	3	3.37602124642704e-05	1403	"Polyclonal_50pct"	"sonic"	12746	"CFH"	"+"	-14549	"CFHR3"	"+"	"FALSE"	""	386419	"ASPM"	"-"	""	"CFH"
"chr1"	205401737	205401737	1	"+"	"chr1+205401737"	3	3.37602124642704e-05	1403	"Polyclonal_50pct"	"sonic"	20319	"LEMD1*"	"-"	20319	"LEMD1"	"-"	"LEMD1"	"-"	-102931	"CDK18"	"+"	"*"	"LEMD1"
"chr1"	20944628	20944628	1	"+"	"chr1+20944628"	3	3.37602124642704e-05	1403	"Polyclonal_50pct"	"sonic"	-3384	"EIF4G3*"	"-"	43804	"MIR1256"	"-"	"EIF4G3"	"-"	355532	"CDA"	"+"	"*"	"EIF4G3"
"chr1"	212731285	212731285	1	"+"	"chr1+212731285"	3	3.37602124642704e-05	1403	"Polyclonal_50pct"	"sonic"	-5133	"NSL1*"	"-"	-31445	"BATF3"	"-"	"NSL1"	"-"	116268	"ATF3"	"+"	"*"	"NSL1"
"chr1"	216324662	216324662	1	"+"	"chr1+216324662"	3	3.37602124642704e-05	1403	"Polyclonal_50pct"	"sonic"	98786	"USH2A*"	"-"	98786	"USH2A"	"-"	"USH2A"	"-"	398767	"ESRRG"	"-"	"*"	"USH2A"
"chr1"	239148594	239148594	1	"+"	"chr1+239148594"	3	3.37602124642704e-05	1403	"Polyclonal_50pct"	"sonic"	-237973	"CHRM3"	"+"	-237973	"CHRM3"	"+"	"FALSE"	""	2371161	"FH"	"-"	""	"CHRM3"
"chr1"	244855312	244855312	1	"+"	"chr1+244855312"	3	3.37602124642704e-05	1403	"Polyclonal_50pct"	"sonic"	-5013	"HNRNPU*"	"-"	-1095	"SNORA100"	"-"	"HNRNPU"	"-"	-1004233	"AKT3"	"-"	"*"	"HNRNPU"
"chr1"	4767401	4767401	1	"+"	"chr1+4767401"	3	3.37602124642704e-05	1403	"Polyclonal_50pct"	"sonic"	-10394	"AJAP1*"	"+"	112793	"AJAP1"	"+"	"AJAP1"	"+"	1069356	"TP73"	"+"	"*"	"AJAP1"
"chr1"	70181509	70181509	1	"+"	"chr1+70181509"	3	3.37602124642704e-05	1403	"Polyclonal_50pct"	"sonic"	24070	"LRRC40*"	"-"	24070	"LRRC40"	"-"	"LRRC40"	"-"	-2129878	"DIRAS3"	"-"	"*"	"LRRC40"
"chr1"	12792778	12792778	1	"-"	"chr1-12792778"	3	3.37602124642704e-05	1403	"Polyclonal_50pct"	"sonic"	1382	"PRAMEF1*"	"+"	1382	"PRAMEF1"	"+"	"PRAMEF1"	"+"	-174568	"DHRS3"	"-"	"*"	"PRAMEF1"
"chr1"	174455626	174455626	1	"-"	"chr1-174455626"	3	3.37602124642704e-05	1403	"Polyclonal_50pct"	"sonic"	-90278	"RABGAP1L*"	"+"	7663	"GPR52"	"+"	"RABGAP1L"	"+"	180527	"RABGAP1L"	"+"	"*"	"RABGAP1L"
"chr1"	188691438	188691438	1	"-"	"chr1-188691438"	3	3.37602124642704e-05	1403	"Polyclonal_50pct"	"sonic"	1214216	"LINC01037"	"+"	1247811	"LINC01037"	"+"	"FALSE"	""	1862490	"PLA2G4A"	"+"	""	"LINC01037"
"chr1"	190561330	190561330	1	"-"	"chr1-190561330"	3	3.37602124642704e-05	1403	"Polyclonal_50pct"	"sonic"	-63559	"LINC01720"	"+"	-63559	"LINC01720"	"+"	"FALSE"	""	-2014442	"RGS1"	"+"	""	"LINC01720"
"chr1"	191778399	191778399	1	"-"	"chr1-191778399"	3	3.37602124642704e-05	1403	"Polyclonal_50pct"	"sonic"	-380062	"RGS18"	"+"	-380062	"RGS18"	"+"	"FALSE"	""	-797373	"RGS1"	"+"	""	"RGS18"
"chr1"	192396142	192396142	1	"-"	"chr1-192396142"	3	3.37602124642704e-05	1403	"Polyclonal_50pct"	"sonic"	28858	"RGS21"	"+"	79151	"RGS21"	"+"	"FALSE"	""	-179630	"RGS1"	"+"	""	"RGS21"
"chr1"	194835367	194835367	1	"-"	"chr1-194835367"	3	3.37602124642704e-05	1403	"Polyclonal_50pct"	"sonic"	1209512	"LINC01724"	"-"	1253348	"LINC01724"	"-"	"FALSE"	""	1713337	"CDC73"	"+"	""	"LINC01724"
"chr1"	211983330	211983330	1	"-"	"chr1-211983330"	3	3.37602124642704e-05	1403	"Polyclonal_50pct"	"sonic"	-42928	"INTS7*"	"-"	-52222	"DTL"	"+"	"INTS7"	"-"	-582003	"ATF3"	"+"	"*"	"INTS7"
"chr1"	224968771	224968771	1	"-"	"chr1-224968771"	3	3.37602124642704e-05	1403	"Polyclonal_50pct"	"sonic"	-1016	"DNAH14*"	"+"	39097	"DNAH14"	"+"	"DNAH14"	"+"	684352	"ENAH"	"-"	"*"	"DNAH14"
"chr1"	28402943	28402943	1	"-"	"chr1-28402943"	3	3.37602124642704e-05	1403	"Polyclonal_50pct"	"sonic"	33204	"PHACTR4*"	"+"	33204	"PHACTR4"	"+"	"PHACTR4"	"+"	-488146	"RPA2"	"-"	"*"	"PHACTR4"
"chr1"	47298375	47298375	1	"-"	"chr1-47298375"	3	3.37602124642704e-05	1403	"Polyclonal_50pct"	"sonic"	15772	"STIL!~*"	"-"	15772	"STIL"	"-"	"STIL"	"-"	15772	"STIL"	"-"	"!~*"	"STIL"
"chr10"	110421804	110421804	1	"+"	"chr10+110421804"	3	3.37602124642704e-05	1403	"Polyclonal_50pct"	"sonic"	-76102	"DUSP5"	"+"	-76102	"DUSP5"	"+"	"FALSE"	""	195809	"MXI1"	"+"	""	"DUSP5"
"chr10"	26803542	26803542	1	"+"	"chr10+26803542"	3	3.37602124642704e-05	1403	"Polyclonal_50pct"	"sonic"	-56947	"ABI1~*"	"-"	57416	"ABI1"	"-"	"ABI1"	"-"	57416	"ABI1"	"-"	"~*"	"ABI1"
"chr10"	35020503	35020503	1	"+"	"chr10+35020503"	3	3.37602124642704e-05	1403	"Polyclonal_50pct"	"sonic"	-11953	"CUL2*"	"-"	53780	"CUL2"	"-"	"CUL2"	"-"	4585858	"MAP3K8"	"+"	"*"	"CUL2"
"chr10"	60563956	60563956	1	"+"	"chr10+60563956"	3	3.37602124642704e-05	1403	"Polyclonal_50pct"	"sonic"	9000	"ANK3*"	"-"	9000	"ANK3"	"-"	"ANK3"	"-"	-214374	"CDK1"	"+"	"*"	"ANK3"
"chr10"	83577540	83577540	1	"+"	"chr10+83577540"	3	3.37602124642704e-05	1403	"Polyclonal_50pct"	"sonic"	94865	"LINC02650"	"-"	99549	"LINC02650"	"-"	"FALSE"	""	-3179078	"BMPR1A"	"+"	""	"LINC02650"
"chr10"	95043819	95043819	1	"+"	"chr10+95043819"	3	3.37602124642704e-05	1403	"Polyclonal_50pct"	"sonic"	-7048	"CYP2C8*"	"-"	25678	"CYP2C8"	"-"	"CYP2C8"	"-"	1285884	"LGI1"	"+"	"*"	"CYP2C8"
"chr10"	113880315	113880315	1	"-"	"chr10-113880315"	3	3.37602124642704e-05	1403	"Polyclonal_50pct"	"sonic"	25655	"NHLRC2*"	"+"	25655	"NHLRC2"	"+"	"NHLRC2"	"+"	751045	"TCF7L2"	"+"	"*"	"NHLRC2"
"chr10"	121793533	121793533	1	"-"	"chr10-121793533"	3	3.37602124642704e-05	1403	"Polyclonal_50pct"	"sonic"	-53110	"ATE1*"	"-"	134498	"ATE1"	"-"	"ATE1"	"-"	-195075	"FGFR2"	"-"	"*"	"ATE1"
"chr10"	36628845	36628845	1	"-"	"chr10-36628845"	3	3.37602124642704e-05	1403	"Polyclonal_50pct"	"sonic"	-497011	"ANKRD30A"	"+"	-497011	"ANKRD30A"	"+"	"FALSE"	""	6194200	"MAP3K8"	"+"	""	"ANKRD30A"
"chr10"	62234083	62234083	1	"-"	"chr10-62234083"	3	3.37602124642704e-05	1403	"Polyclonal_50pct"	"sonic"	34761	"RTKN2*"	"-"	34761	"RTKN2"	"-"	"RTKN2"	"-"	-1232643	"RHOBTB1"	"-"	"*"	"RTKN2"
"chr11"	11856649	11856649	1	"+"	"chr11+11856649"	3	3.37602124642704e-05	1403	"Polyclonal_50pct"	"sonic"	14678	"USP47*"	"+"	14678	"USP47"	"+"	"USP47"	"+"	1639348	"PTH"	"-"	"*"	"USP47"
"chr11"	54687807	54687807	1	"+"	"chr11+54687807"	3	3.37602124642704e-05	1403	"Polyclonal_50pct"	"sonic"	-19024	"OR4A5"	"+"	-19024	"OR4A5"	"+"	"FALSE"	""	2549443	"APLNR"	"-"	""	"OR4A5"
"chr11"	58347900	58347900	1	"+"	"chr11+58347900"	3	3.37602124642704e-05	1403	"Polyclonal_50pct"	"sonic"	10223	"OR5B17"	"-"	11169	"OR5B17"	"-"	"FALSE"	""	586099	"CTNND1"	"+"	""	"OR5B17"
"chr11"	62464812	62464812	1	"+"	"chr11+62464812"	3	3.37602124642704e-05	1403	"Polyclonal_50pct"	"sonic"	-31269	"AHNAK*"	"-"	45780	"SCGB1A1"	"+"	"AHNAK"	"-"	671902	"FEN1"	"+"	"*"	"AHNAK"
"chr11"	65259269	65259269	1	"+"	"chr11+65259269"	3	3.37602124642704e-05	1403	"Polyclonal_50pct"	"sonic"	-2692	"POLA2"	"+"	-2692	"POLA2"	"+"	"FALSE"	""	-127367	"FRMD8"	"+"	""	"POLA2"
"chr11"	66202618	66202618	1	"+"	"chr11+66202618"	3	3.37602124642704e-05	1403	"Polyclonal_50pct"	"sonic"	-42126	"PACS1*"	"+"	-54675	"KLC2"	"+"	"PACS1"	"+"	114426	"CD248"	"-"	"*"	"PACS1"
"chr11"	67294077	67294077	1	"+"	"chr11+67294077"	3	3.37602124642704e-05	1403	"Polyclonal_50pct"	"sonic"	4775	"ANKRD13D*"	"+"	4775	"ANKRD13D"	"+"	"ANKRD13D"	"+"	-97908	"RAD9A"	"+"	"*"	"ANKRD13D"
"chr11"	83235802	83235802	1	"+"	"chr11+83235802"	3	3.37602124642704e-05	1403	"Polyclonal_50pct"	"sonic"	-13169	"ANKRD42*"	"+"	42091	"ANKRD42"	"+"	"ANKRD42"	"+"	2833282	"PICALM"	"-"	"*"	"ANKRD42"
"chr11"	25013649	25013649	1	"-"	"chr11-25013649"	3	3.37602124642704e-05	1403	"Polyclonal_50pct"	"sonic"	-68989	"LUZP2*"	"+"	516597	"LUZP2"	"+"	"LUZP2"	"+"	-2387826	"FANCF"	"-"	"*"	"LUZP2"
"chr11"	30340144	30340144	1	"-"	"chr11-30340144"	3	3.37602124642704e-05	1403	"Polyclonal_50pct"	"sonic"	1921	"ARL14EP"	"+"	17041	"ARL14EP"	"+"	"FALSE"	""	-1029715	"DNAJC24"	"+"	""	"ARL14EP"
"chr11"	66168557	66168557	1	"-"	"chr11-66168557"	3	3.37602124642704e-05	1403	"Polyclonal_50pct"	"sonic"	-76187	"PACS1*"	"+"	-88736	"KLC2"	"+"	"PACS1"	"+"	148487	"CD248"	"-"	"*"	"PACS1"
"chr11"	95738688	95738688	1	"-"	"chr11-95738688"	3	3.37602124642704e-05	1403	"Polyclonal_50pct"	"sonic"	30264	"FAM76B"	"-"	51094	"FAM76B"	"-"	"FALSE"	""	604507	"MAML2"	"-"	""	"FAM76B"
"chr11"	98283641	98283641	1	"-"	"chr11-98283641"	3	3.37602124642704e-05	1403	"Polyclonal_50pct"	"sonic"	-737307	"CNTN5"	"+"	-737307	"CNTN5"	"+"	"FALSE"	""	-1940446	"MAML2"	"-"	""	"CNTN5"
"chr12"	104067676	104067676	1	"+"	"chr12+104067676"	3	3.37602124642704e-05	1403	"Polyclonal_50pct"	"sonic"	3146	"HCFC2*"	"+"	3146	"HCFC2"	"+"	"HCFC2"	"+"	137267	"HSP90B1"	"+"	"*"	"HCFC2"
"chr12"	124069761	124069761	1	"+"	"chr12+124069761"	3	3.37602124642704e-05	1403	"Polyclonal_50pct"	"sonic"	96547	"ZNF664-RFLNA*"	"+"	96547	"ZNF664,ZNF664-RFLNA"	"+"	"ZNF664-RFLNA"	"+"	497851	"NCOR2"	"-"	"*"	"ZNF664-RFLNA"
"chr12"	26792461	26792461	1	"+"	"chr12+26792461"	3	3.37602124642704e-05	1403	"Polyclonal_50pct"	"sonic"	40733	"ITPR2*"	"-"	40733	"ITPR2"	"-"	"ITPR2"	"-"	-451824	"STK38L"	"+"	"*"	"ITPR2"
"chr12"	46114807	46114807	1	"+"	"chr12+46114807"	3	3.37602124642704e-05	1403	"Polyclonal_50pct"	"sonic"	68255	"SLC38A1"	"-"	-124233	"SCAF11"	"-"	"FALSE"	""	151709	"SLC38A1"	"-"	""	"SLC38A1"
"chr12"	71959304	71959304	1	"+"	"chr12+71959304"	3	3.37602124642704e-05	1403	"Polyclonal_50pct"	"sonic"	20460	"TPH2*"	"+"	20460	"TPH2"	"+"	"TPH2"	"+"	-801305	"TSPAN8"	"-"	"*"	"TPH2"
"chr12"	112373776	112373776	1	"-"	"chr12-112373776"	3	3.37602124642704e-05	1403	"Polyclonal_50pct"	"sonic"	8655	"HECTD4*"	"-"	8655	"HECTD4"	"-"	"HECTD4"	"-"	-45170	"PTPN11"	"+"	"*"	"HECTD4"
"chr12"	132107219	132107219	1	"-"	"chr12-132107219"	3	3.37602124642704e-05	1403	"Polyclonal_50pct"	"sonic"	-19121	"EP400P1*"	"+"	22937	"EP400P1"	"+"	"EP400P1"	"+"	157278	"EP400"	"+"	"*"	"EP400P1"
"chr12"	20352615	20352615	1	"-"	"chr12-20352615"	3	3.37602124642704e-05	1403	"Polyclonal_50pct"	"sonic"	-15921	"PDE3A"	"+"	-15921	"PDE3A"	"+"	"FALSE"	""	1149020	"RECQL"	"-"	""	"PDE3A"
"chr12"	30044744	30044744	1	"-"	"chr12-30044744"	3	3.37602124642704e-05	1403	"Polyclonal_50pct"	"sonic"	-259985	"TMTC1"	"-"	-259985	"TMTC1"	"-"	"FALSE"	""	-2072011	"PTHLH"	"-"	""	"TMTC1"
"chr12"	47060611	47060611	1	"-"	"chr12-47060611"	3	3.37602124642704e-05	1403	"Polyclonal_50pct"	"sonic"	15095	"AMIGO2"	"-"	-18991	"PCED1B"	"+"	"FALSE"	""	-687838	"SLC38A2"	"-"	""	"AMIGO2"
"chr12"	54344625	54344625	1	"-"	"chr12-54344625"	3	3.37602124642704e-05	1403	"Polyclonal_50pct"	"sonic"	-7220	"COPZ1*"	"+"	7410	"MIR148B"	"+"	"COPZ1"	"+"	244034	"PPP1R1A"	"-"	"*"	"COPZ1"
"chr12"	57709322	57709322	1	"-"	"chr12-57709322"	3	3.37602124642704e-05	1403	"Polyclonal_50pct"	"sonic"	-12235	"OS9*"	"+"	15191	"OS9"	"+"	"OS9"	"+"	28924	"AGAP2"	"-"	"*"	"OS9"
"chr12"	60160419	60160419	1	"-"	"chr12-60160419"	3	3.37602124642704e-05	1403	"Polyclonal_50pct"	"sonic"	370579	"SLC16A7"	"+"	471050	"SLC16A7"	"+"	"FALSE"	""	-2099920	"USP15"	"+"	""	"SLC16A7"
"chr12"	81235106	81235106	1	"-"	"chr12-81235106"	3	3.37602124642704e-05	1403	"Polyclonal_50pct"	"sonic"	-26104	"ACSS3*"	"+"	-44082	"PPFIA2-AS1"	"+"	"ACSS3"	"+"	-1544009	"PAWR"	"-"	"*"	"ACSS3"
"chr13"	53366995	53366995	1	"+"	"chr13+53366995"	3	3.37602124642704e-05	1403	"Polyclonal_50pct"	"sonic"	-215095	"LINC01065"	"-"	-215095	"LINC01065"	"-"	"FALSE"	""	338183	"OLFM4"	"+"	""	"LINC01065"
"chr13"	63577555	63577555	1	"+"	"chr13+63577555"	3	3.37602124642704e-05	1403	"Polyclonal_50pct"	"sonic"	90126	"LINC00395"	"-"	-159879	"OR7E156P"	"+"	"FALSE"	""	-9477420	"KLF5"	"+"	""	"LINC00395"
"chr13"	68440774	68440774	1	"+"	"chr13+68440774"	3	3.37602124642704e-05	1403	"Polyclonal_50pct"	"sonic"	420510	"LINC00550"	"-"	444551	"LINC00550"	"-"	"FALSE"	""	-4614201	"KLF5"	"+"	""	"LINC00550"
"chr13"	79558957	79558957	1	"+"	"chr13+79558957"	3	3.37602124642704e-05	1403	"Polyclonal_50pct"	"sonic"	2880	"NDFIP2"	"+"	-7769	"LINC01068"	"+"	"FALSE"	""	-955405	"POU4F1"	"-"	""	"NDFIP2"
"chr13"	81825426	81825426	1	"+"	"chr13+81825426"	3	3.37602124642704e-05	1403	"Polyclonal_50pct"	"sonic"	-598443	"LINC00564"	"-"	-598443	"LINC00564"	"-"	"FALSE"	""	-3221874	"POU4F1"	"-"	""	"LINC00564"
"chr13"	91805829	91805829	1	"+"	"chr13+91805829"	3	3.37602124642704e-05	1403	"Polyclonal_50pct"	"sonic"	407209	"GPC5*"	"+"	407209	"GPC5"	"+"	"GPC5"	"+"	407209	"GPC5"	"+"	"*"	"GPC5"
"chr13"	104461260	104461260	1	"-"	"chr13-104461260"	3	3.37602124642704e-05	1403	"Polyclonal_50pct"	"sonic"	997795	"DAOA-AS1"	"-"	-1004606	"DAOA"	"+"	"FALSE"	""	1615229	"ERCC5"	"+"	""	"DAOA-AS1"
"chr13"	70272092	70272092	1	"-"	"chr13-70272092"	3	3.37602124642704e-05	1403	"Polyclonal_50pct"	"sonic"	132339	"ATXN8OS"	"+"	-163599	"KLHL1"	"-"	"FALSE"	""	-2782883	"KLF5"	"+"	""	"ATXN8OS"
"chr14"	100037711	100037711	1	"+"	"chr14+100037711"	3	3.37602124642704e-05	1403	"Polyclonal_50pct"	"sonic"	66290	"EVL~*"	"+"	-27710	"EVL"	"+"	"EVL"	"+"	-27710	"EVL"	"+"	"~*"	"EVL"
"chr14"	103466164	103466164	1	"+"	"chr14+103466164"	3	3.37602124642704e-05	1403	"Polyclonal_50pct"	"sonic"	-37665	"MARK3*"	"+"	56666	"CKB"	"-"	"MARK3"	"+"	249287	"XRCC3"	"-"	"*"	"MARK3"
"chr14"	21152685	21152685	1	"+"	"chr14+21152685"	3	3.37602124642704e-05	1403	"Polyclonal_50pct"	"sonic"	2179	"OR5AU1"	"-"	3378	"OR5AU1"	"-"	"FALSE"	""	-81813	"NDRG2"	"-"	""	"OR5AU1"
"chr14"	29070402	29070402	1	"+"	"chr14+29070402"	3	3.37602124642704e-05	1403	"Polyclonal_50pct"	"sonic"	275608	"LINC01551"	"+"	-284615	"LINC02282"	"-"	"FALSE"	""	303616	"FOXG1"	"+"	""	"LINC01551"
"chr14"	37311782	37311782	1	"+"	"chr14+37311782"	3	3.37602124642704e-05	1403	"Polyclonal_50pct"	"sonic"	113846	"MIPOL1*"	"+"	113846	"MIPOL1"	"+"	"MIPOL1"	"+"	283467	"FOXA1"	"-"	"*"	"MIPOL1"
"chr14"	47988110	47988110	1	"+"	"chr14+47988110"	3	3.37602124642704e-05	1403	"Polyclonal_50pct"	"sonic"	-193096	"LINC00648"	"-"	-193096	"LINC00648"	"-"	"FALSE"	""	-1904971	"ARF6"	"+"	""	"LINC00648"
"chr14"	73669778	73669778	1	"+"	"chr14+73669778"	3	3.37602124642704e-05	1403	"Polyclonal_50pct"	"sonic"	24793	"DNAL1*"	"+"	24793	"DNAL1"	"+"	"DNAL1"	"+"	44606	"PNMA1"	"-"	"*"	"DNAL1"
"chr14"	101868427	101868427	1	"-"	"chr14-101868427"	3	3.37602124642704e-05	1403	"Polyclonal_50pct"	"sonic"	-44198	"PPP2R5C*"	"+"	58565	"PPP2R5C"	"+"	"PPP2R5C"	"+"	218617	"HSP90AA1"	"-"	"*"	"PPP2R5C"
"chr14"	103324074	103324074	1	"-"	"chr14-103324074"	3	3.37602124642704e-05	1403	"Polyclonal_50pct"	"sonic"	5535	"LOC105378183"	"+"	6791	"LOC105378183"	"+"	"FALSE"	""	391377	"XRCC3"	"-"	""	"LOC105378183"
"chr14"	42355240	42355240	1	"-"	"chr14-42355240"	3	3.37602124642704e-05	1403	"Polyclonal_50pct"	"sonic"	450689	"LRFN5"	"+"	748385	"LRFN5"	"+"	"FALSE"	""	2152043	"FSCB"	"-"	""	"LRFN5"
"chr14"	73122193	73122193	1	"-"	"chr14-73122193"	3	3.37602124642704e-05	1403	"Polyclonal_50pct"	"sonic"	-1706	"RBM25*"	"+"	-14313	"PSEN1"	"+"	"RBM25"	"+"	592191	"PNMA1"	"-"	"*"	"RBM25"
"chr15"	33453742	33453742	1	"+"	"chr15+33453742"	3	3.37602124642704e-05	1403	"Polyclonal_50pct"	"sonic"	142776	"RYR3*"	"+"	142776	"RYR3"	"+"	"RYR3"	"+"	-889572	"NUTM1"	"+"	"*"	"RYR3"
"chr15"	38185087	38185087	1	"+"	"chr15+38185087"	3	3.37602124642704e-05	1403	"Polyclonal_50pct"	"sonic"	-67748	"SPRED1"	"+"	-67748	"SPRED1"	"+"	"FALSE"	""	379727	"RASGRP1"	"-"	""	"SPRED1"
"chr15"	58595580	58595580	1	"+"	"chr15+58595580"	3	3.37602124642704e-05	1403	"Polyclonal_50pct"	"sonic"	-6772	"ADAM10*"	"-"	-96845	"LIPC-AS1"	"-"	"ADAM10"	"-"	-1016202	"GCNT3"	"+"	"*"	"ADAM10"
"chr15"	64408903	64408903	1	"+"	"chr15+64408903"	3	3.37602124642704e-05	1403	"Polyclonal_50pct"	"sonic"	21068	"TRIP4*"	"+"	21068	"TRIP4"	"+"	"TRIP4"	"+"	904311	"USP3"	"+"	"*"	"TRIP4"
"chr15"	100651617	100651617	1	"-"	"chr15-100651617"	3	3.37602124642704e-05	1403	"Polyclonal_50pct"	"sonic"	-82	"ASB7*"	"+"	49029	"ASB7"	"+"	"ASB7"	"+"	2003079	"IGF1R"	"+"	"*"	"ASB7"
"chr15"	25365530	25365530	1	"-"	"chr15-25365530"	3	3.37602124642704e-05	1403	"Polyclonal_50pct"	"sonic"	-28297	"UBE3A~*"	"-"	72699	"UBE3A"	"-"	"SNHG14,UBE3A"	"+,-"	72699	"UBE3A"	"-"	"~*"	"UBE3A"
"chr15"	89596794	89596794	1	"-"	"chr15-89596794"	3	3.37602124642704e-05	1403	"Polyclonal_50pct"	"sonic"	21208	"TICRR*"	"+"	21208	"TICRR"	"+"	"TICRR"	"+"	-100211	"RHCG"	"-"	"*"	"TICRR"
"chr16"	30281646	30281646	1	"+"	"chr16+30281646"	3	3.37602124642704e-05	1403	"Polyclonal_50pct"	"sonic"	3371	"SMG1P5"	"-"	-33233	"NPIPB13"	"-"	"FALSE"	""	98045	"CORO1A"	"+"	""	"SMG1P5"
"chr16"	31251294	31251294	1	"+"	"chr16+31251294"	3	3.37602124642704e-05	1403	"Polyclonal_50pct"	"sonic"	-8680	"ITGAM"	"+"	-8680	"ITGAM"	"+"	"FALSE"	""	71156	"FUS"	"+"	""	"ITGAM"
"chr16"	654254	654254	1	"+"	"chr16+654254"	3	3.37602124642704e-05	1403	"Polyclonal_50pct"	"sonic"	4890	"WDR90*"	"+"	4890	"WDR90"	"+"	"WDR90"	"+"	-301531	"AXIN1"	"-"	"*"	"WDR90"
"chr16"	84569786	84569786	1	"+"	"chr16+84569786"	3	3.37602124642704e-05	1403	"Polyclonal_50pct"	"sonic"	-4189	"COTL1*"	"-"	48292	"COTL1"	"-"	"COTL1"	"-"	48292	"COTL1"	"-"	"*"	"COTL1"
"chr16"	87418736	87418736	1	"+"	"chr16+87418736"	3	3.37602124642704e-05	1403	"Polyclonal_50pct"	"sonic"	-12489	"ZCCHC14*"	"-"	26401	"MAP1LC3B"	"+"	"ZCCHC14"	"-"	-26615	"FBXO31"	"-"	"*"	"ZCCHC14"
"chr16"	2461750	2461750	1	"-"	"chr16-2461750"	3	3.37602124642704e-05	1403	"Polyclonal_50pct"	"sonic"	1642	"TEDC2*"	"+"	1642	"TEDC2"	"+"	"TEDC2"	"+"	32304	"CCNF"	"+"	"*"	"TEDC2"
"chr16"	59222179	59222179	1	"-"	"chr16-59222179"	3	3.37602124642704e-05	1403	"Polyclonal_50pct"	"sonic"	-487863	"GOT2"	"-"	-487863	"GOT2"	"-"	"FALSE"	""	2290038	"HERPUD1"	"+"	""	"GOT2"
"chr16"	64616541	64616541	1	"-"	"chr16-64616541"	3	3.37602124642704e-05	1403	"Polyclonal_50pct"	"sonic"	327211	"CDH11"	"-"	505522	"CDH11"	"-"	"FALSE"	""	505522	"CDH11"	"-"	""	"CDH11"
"chr17"	13071531	13071531	1	"+"	"chr17+13071531"	3	3.37602124642704e-05	1403	"Polyclonal_50pct"	"sonic"	-53467	"ELAC2"	"-"	-53467	"ELAC2"	"-"	"FALSE"	""	-53467	"ELAC2"	"-"	""	"ELAC2"
"chr17"	18350125	18350125	1	"+"	"chr17+18350125"	3	3.37602124642704e-05	1403	"Polyclonal_50pct"	"sonic"	13425	"SHMT1*"	"-"	-9239	"MIR6778"	"-"	"SHMT1"	"-"	-91103	"FLII"	"-"	"*"	"SHMT1"
"chr17"	53124258	53124258	1	"+"	"chr17+53124258"	3	3.37602124642704e-05	1403	"Polyclonal_50pct"	"sonic"	136606	"LINC02876"	"+"	138754	"LINC02876"	"+"	"FALSE"	""	-2140701	"HLF"	"+"	""	"LINC02876"
"chr17"	59096800	59096800	1	"+"	"chr17+59096800"	3	3.37602124642704e-05	1403	"Polyclonal_50pct"	"sonic"	10080	"TRIM37~*"	"-"	10080	"TRIM37"	"-"	"TRIM37"	"-"	10080	"TRIM37"	"-"	"~*"	"TRIM37"
"chr17"	61027959	61027959	1	"+"	"chr17+61027959"	3	3.37602124642704e-05	1403	"Polyclonal_50pct"	"sonic"	350109	"BCAS3~*"	"+"	339745	"LOC101927855"	"-"	"BCAS3"	"+"	350109	"BCAS3"	"+"	"~*"	"BCAS3"
"chr17"	80304889	80304889	1	"+"	"chr17+80304889"	3	3.37602124642704e-05	1403	"Polyclonal_50pct"	"sonic"	-16573	"RNF213~*"	"+"	44038	"RNF213"	"+"	"RNF213"	"+"	44038	"RNF213"	"+"	"~*"	"RNF213"
"chr17"	80305270	80305270	1	"+"	"chr17+80305270"	3	3.37602124642704e-05	1403	"Polyclonal_50pct"	"sonic"	-16192	"RNF213~*"	"+"	44419	"RNF213"	"+"	"RNF213"	"+"	44419	"RNF213"	"+"	"~*"	"RNF213"
"chr17"	82166332	82166332	1	"+"	"chr17+82166332"	3	3.37602124642704e-05	1403	"Polyclonal_50pct"	"sonic"	-12731	"CCDC57*"	"-"	46510	"CCDC57"	"-"	"CCDC57"	"-"	-62073	"SLC16A3"	"+"	"*"	"CCDC57"
"chr17"	82632155	82632155	1	"+"	"chr17+82632155"	3	3.37602124642704e-05	1403	"Polyclonal_50pct"	"sonic"	16289	"WDR45B*"	"-"	16289	"WDR45B"	"-"	"WDR45B"	"-"	396382	"SLC16A3"	"+"	"*"	"WDR45B"
"chr17"	20535561	20535561	1	"-"	"chr17-20535561"	3	3.37602124642704e-05	1403	"Polyclonal_50pct"	"sonic"	-31063	"KRT16P3"	"-"	-31063	"KRT16P3"	"-"	"FALSE"	""	379490	"SPECC1"	"+"	""	"KRT16P3"
"chr17"	51046022	51046022	1	"-"	"chr17-51046022"	3	3.37602124642704e-05	1403	"Polyclonal_50pct"	"sonic"	856	"SPAG9*"	"-"	856	"SPAG9"	"-"	"SPAG9"	"-"	-844391	"COL1A1"	"-"	"*"	"SPAG9"
"chr17"	56348450	56348450	1	"-"	"chr17-56348450"	3	3.37602124642704e-05	1403	"Polyclonal_50pct"	"sonic"	-134196	"ANKFN1*"	"+"	194976	"ANKFN1"	"+"	"ANKFN1"	"+"	-485700	"DGKE"	"+"	"*"	"ANKFN1"
"chr17"	76218196	76218196	1	"-"	"chr17-76218196"	3	3.37602124642704e-05	1403	"Polyclonal_50pct"	"sonic"	22297	"RNF157*"	"-"	22297	"RNF157"	"-"	"RNF157"	"-"	22297	"RNF157"	"-"	"*"	"RNF157"
"chr17"	78767426	78767426	1	"-"	"chr17-78767426"	3	3.37602124642704e-05	1403	"Polyclonal_50pct"	"sonic"	14782	"CYTH1*"	"-"	14782	"CYTH1"	"-"	"CYTH1"	"-"	157961	"TIMP2"	"-"	"*"	"CYTH1"
"chr17"	81898575	81898575	1	"-"	"chr17-81898575"	3	3.37602124642704e-05	1403	"Polyclonal_50pct"	"sonic"	-1680	"ANAPC11*"	"+"	-3662	"NPB"	"+"	"ANAPC11"	"+"	24891	"MAFG"	"-"	"*"	"ANAPC11"
"chr17"	82132800	82132800	1	"-"	"chr17-82132800"	3	3.37602124642704e-05	1403	"Polyclonal_50pct"	"sonic"	-31331	"CCDC57*"	"-"	-34564	"FASN"	"-"	"CCDC57"	"-"	-95605	"SLC16A3"	"+"	"*"	"CCDC57"
"chr18"	32100797	32100797	1	"+"	"chr18+32100797"	3	3.37602124642704e-05	1403	"Polyclonal_50pct"	"sonic"	8192	"RNF138*"	"+"	8192	"RNF138"	"+"	"RNF138"	"+"	602621	"DSG2"	"+"	"*"	"RNF138"
"chr18"	33171800	33171800	1	"+"	"chr18+33171800"	3	3.37602124642704e-05	1403	"Polyclonal_50pct"	"sonic"	-234395	"CCDC178*"	"-"	268771	"CCDC178"	"-"	"CCDC178"	"-"	1673624	"DSG2"	"+"	"*"	"CCDC178"
"chr18"	62106332	62106332	1	"+"	"chr18+62106332"	3	3.37602124642704e-05	1403	"Polyclonal_50pct"	"sonic"	-65169	"PIGN*"	"-"	80724	"PIGN"	"-"	"PIGN"	"-"	-218954	"TNFRSF11A"	"+"	"*"	"PIGN"
"chr18"	72378558	72378558	1	"+"	"chr18+72378558"	3	3.37602124642704e-05	1403	"Polyclonal_50pct"	"sonic"	158122	"CBLN2"	"-"	165784	"CBLN2"	"-"	"FALSE"	""	-7017371	"NFATC1"	"+"	""	"CBLN2"
"chr18"	42599233	42599233	1	"-"	"chr18-42599233"	3	3.37602124642704e-05	1403	"Polyclonal_50pct"	"sonic"	-92191	"LINC00907*"	"+"	412566	"LINC00907"	"+"	"LINC00907"	"+"	-2080839	"SETBP1"	"+"	"*"	"LINC00907"
"chr18"	70146250	70146250	1	"-"	"chr18-70146250"	3	3.37602124642704e-05	1403	"Polyclonal_50pct"	"sonic"	59437	"RTTN*"	"-"	59437	"RTTN"	"-"	"RTTN"	"-"	-6484357	"SERPINB3"	"-"	"*"	"RTTN"
"chr19"	10788622	10788622	1	"+"	"chr19+10788622"	3	3.37602124642704e-05	1403	"Polyclonal_50pct"	"sonic"	-43281	"DNM2*"	"+"	8369	"MIR4748"	"+"	"DNM2"	"+"	-172407	"SMARCA4"	"+"	"*"	"DNM2"
"chr19"	12102454	12102454	1	"+"	"chr19+12102454"	3	3.37602124642704e-05	1403	"Polyclonal_50pct"	"sonic"	10158	"ZNF788P*"	"+"	10158	"ZNF788P"	"+"	"ZNF788P"	"+"	263229	"ZNF442"	"-"	"*"	"ZNF788P"
"chr19"	14040627	14040627	1	"+"	"chr19+14040627"	3	3.37602124642704e-05	1403	"Polyclonal_50pct"	"sonic"	8866	"IL27RA*"	"+"	8866	"IL27RA"	"+"	"IL27RA"	"+"	890217	"IER2"	"+"	"*"	"IL27RA"
"chr19"	50407497	50407497	1	"+"	"chr19+50407497"	3	3.37602124642704e-05	1403	"Polyclonal_50pct"	"sonic"	8646	"POLD1*"	"+"	8646	"POLD1"	"+"	"POLD1"	"+"	-465935	"KLK2"	"+"	"*"	"POLD1"
"chr19"	2052131	2052131	1	"-"	"chr19-2052131"	3	3.37602124642704e-05	1403	"Polyclonal_50pct"	"sonic"	-887	"MKNK2"	"-"	-887	"MKNK2"	"-"	"FALSE"	""	146733	"SCAMP4"	"+"	""	"MKNK2"
"chr19"	36709856	36709856	1	"-"	"chr19-36709856"	3	3.37602124642704e-05	1403	"Polyclonal_50pct"	"sonic"	6176	"ZNF567*"	"+"	6176	"ZNF567"	"+"	"ZNF567"	"+"	494751	"ZNF146"	"+"	"*"	"ZNF567"
"chr19"	40346376	40346376	1	"-"	"chr19-40346376"	3	3.37602124642704e-05	1403	"Polyclonal_50pct"	"sonic"	2021	"C19orf47*"	"-"	2021	"C19orf47"	"-"	"C19orf47"	"-"	-61031	"AKT2"	"-"	"*"	"C19orf47"
"chr19"	46732321	46732321	1	"-"	"chr19-46732321"	3	3.37602124642704e-05	1403	"Polyclonal_50pct"	"sonic"	-12811	"STRN4*"	"-"	-13735	"FKRP"	"+"	"STRN4"	"-"	498878	"BBC3"	"-"	"*"	"STRN4"
"chr19"	58606859	58606859	1	"-"	"chr19-58606859"	3	3.37602124642704e-05	1403	"Polyclonal_50pct"	"sonic"	22464	"CENPBD1P1"	"+"	31461	"CENPBD1P1"	"+"	"FALSE"	""	279866	"ZSCAN22"	"+"	""	"CENPBD1P1"
"chr19"	9159186	9159186	1	"-"	"chr19-9159186"	3	3.37602124642704e-05	1403	"Polyclonal_50pct"	"sonic"	-4227	"ZNF317*"	"+"	18790	"ZNF317"	"+"	"ZNF317"	"+"	-177844	"MUC16"	"-"	"*"	"ZNF317"
"chr2"	13914498	13914498	1	"+"	"chr2+13914498"	3	3.37602124642704e-05	1403	"Polyclonal_50pct"	"sonic"	314375	"LINC00276"	"-"	486460	"LINC00276"	"-"	"FALSE"	""	-1677369	"DDX1"	"+"	""	"LINC00276"
"chr2"	1616589	1616589	1	"+"	"chr2+1616589"	3	3.37602124642704e-05	1403	"Polyclonal_50pct"	"sonic"	15297	"PXDN"	"-"	64660	"LOC102723730"	"+"	"FALSE"	""	-4075794	"SOX11"	"+"	""	"PXDN"
"chr2"	176065169	176065169	1	"+"	"chr2+176065169"	3	3.37602124642704e-05	1403	"Polyclonal_50pct"	"sonic"	14937	"EVX2"	"-"	18793	"EVX2"	"-"	"FALSE"	""	-27551	"HOXD13"	"+"	""	"EVX2"
"chr2"	209535887	209535887	1	"+"	"chr2+209535887"	3	3.37602124642704e-05	1403	"Polyclonal_50pct"	"sonic"	111841	"MAP2~*"	"+"	-43444	"MAP2"	"+"	"MAP2"	"+"	-43444	"MAP2"	"+"	"~*"	"MAP2"
"chr2"	213844983	213844983	1	"+"	"chr2+213844983"	3	3.37602124642704e-05	1403	"Polyclonal_50pct"	"sonic"	560520	"SPAG16*"	"+"	86917	"MIR4438"	"+"	"SPAG16"	"+"	-692527	"IKZF2"	"-"	"*"	"SPAG16"
"chr2"	218721280	218721280	1	"+"	"chr2+218721280"	3	3.37602124642704e-05	1403	"Polyclonal_50pct"	"sonic"	10446	"TTLL4*"	"+"	10446	"TTLL4"	"+"	"TTLL4"	"+"	-138524	"WNT6"	"+"	"*"	"TTLL4"
"chr2"	46719042	46719042	1	"+"	"chr2+46719042"	3	3.37602124642704e-05	1403	"Polyclonal_50pct"	"sonic"	19748	"SOCS5*"	"+"	19748	"SOCS5"	"+"	"SOCS5"	"+"	-650268	"EPCAM"	"+"	"*"	"SOCS5"
"chr2"	58827654	58827654	1	"+"	"chr2+58827654"	3	3.37602124642704e-05	1403	"Polyclonal_50pct"	"sonic"	-236112	"LINC01122*"	"+"	306902	"LINC01122"	"+"	"LINC01122"	"+"	1725844	"BCL11A"	"-"	"*"	"LINC01122"
"chr2"	68276119	68276119	1	"+"	"chr2+68276119"	3	3.37602124642704e-05	1403	"Polyclonal_50pct"	"sonic"	8051	"CNRIP1"	"-"	-23587	"PPP3R1"	"-"	"FALSE"	""	-458691	"ARHGAP25"	"+"	""	"CNRIP1"
"chr2"	127750031	127750031	1	"-"	"chr2-127750031"	3	3.37602124642704e-05	1403	"Polyclonal_50pct"	"sonic"	-14653	"WDR33*"	"-"	48535	"SFT2D3"	"+"	"WDR33"	"-"	-455887	"ERCC3"	"-"	"*"	"WDR33"
"chr2"	13341177	13341177	1	"-"	"chr2-13341177"	3	3.37602124642704e-05	1403	"Polyclonal_50pct"	"sonic"	-334164	"LOC100506474"	"-"	-334164	"LOC100506474"	"-"	"FALSE"	""	-1875000	"E2F6"	"-"	""	"LOC100506474"
"chr2"	139526176	139526176	1	"-"	"chr2-139526176"	3	3.37602124642704e-05	1403	"Polyclonal_50pct"	"sonic"	627002	"YY1P2"	"+"	628853	"YY1P2"	"+"	"FALSE"	""	4993943	"ZEB2"	"-"	""	"YY1P2"
"chr2"	157426921	157426921	1	"-"	"chr2-157426921"	3	3.37602124642704e-05	1403	"Polyclonal_50pct"	"sonic"	-12303	"CYTIP*"	"-"	17168	"CYTIP"	"-"	"CYTIP"	"-"	169217	"GALNT5"	"+"	"*"	"CYTIP"
"chr2"	163081024	163081024	1	"-"	"chr2-163081024"	3	3.37602124642704e-05	1403	"Polyclonal_50pct"	"sonic"	-242257	"KCNH7"	"-"	-242257	"KCNH7"	"-"	"FALSE"	""	5823320	"GALNT5"	"+"	""	"KCNH7"
"chr2"	189920603	189920603	1	"-"	"chr2-189920603"	3	3.37602124642704e-05	1403	"Polyclonal_50pct"	"sonic"	42974	"PMS1~"	"+"	136154	"PMS1"	"+"	"FALSE"	""	136154	"PMS1"	"+"	"~"	"PMS1"
"chr2"	194119157	194119157	1	"-"	"chr2-194119157"	3	3.37602124642704e-05	1403	"Polyclonal_50pct"	"sonic"	-225111	"LINC01821"	"+"	-225111	"LINC01821"	"+"	"FALSE"	""	3191623	"ANKRD44"	"-"	""	"LINC01821"
"chr2"	51569215	51569215	1	"-"	"chr2-51569215"	3	3.37602124642704e-05	1403	"Polyclonal_50pct"	"sonic"	536615	"LOC730100*"	"+"	536615	"LOC730100"	"+"	"LOC730100"	"+"	-2813491	"LHCGR"	"-"	"*"	"LOC730100"
"chr2"	69426118	69426118	1	"-"	"chr2-69426118"	3	3.37602124642704e-05	1403	"Polyclonal_50pct"	"sonic"	11317	"NFU1*"	"-"	11317	"NFU1"	"-"	"NFU1"	"-"	-488922	"MXD1"	"+"	"*"	"NFU1"
"chr20"	16752237	16752237	1	"+"	"chr20+16752237"	3	3.37602124642704e-05	1403	"Polyclonal_50pct"	"sonic"	73	"OTOR"	"+"	3880	"OTOR"	"+"	"FALSE"	""	1216557	"SNX5"	"-"	""	"OTOR"
"chr20"	44550420	44550420	1	"+"	"chr20+44550420"	3	3.37602124642704e-05	1403	"Polyclonal_50pct"	"sonic"	18546	"PKIG*"	"+"	18546	"PKIG"	"+"	"PKIG"	"+"	18546	"PKIG"	"+"	"*"	"PKIG"
"chr20"	55461989	55461989	1	"+"	"chr20+55461989"	3	3.37602124642704e-05	1403	"Polyclonal_50pct"	"sonic"	-34792	"LINC01441"	"-"	-34792	"LINC01441"	"-"	"FALSE"	""	930226	"AURKA"	"-"	""	"LINC01441"
"chr20"	3178319	3178319	1	"-"	"chr20-3178319"	3	3.37602124642704e-05	1403	"Polyclonal_50pct"	"sonic"	-4770	"LZTS3"	"-"	-4770	"LZTS3"	"-"	"FALSE"	""	-608452	"CDC25B"	"+"	""	"LZTS3"
"chr20"	41443293	41443293	1	"-"	"chr20-41443293"	3	3.37602124642704e-05	1403	"Polyclonal_50pct"	"sonic"	-41211	"CHD6*"	"-"	-76475	"EMILIN3"	"-"	"CHD6"	"-"	414472	"TOP1"	"+"	"*"	"CHD6"
"chr21"	21010687	21010687	1	"+"	"chr21+21010687"	3	3.37602124642704e-05	1403	"Polyclonal_50pct"	"sonic"	12279	"NCAM2*"	"+"	12279	"NCAM2"	"+"	"NCAM2"	"+"	4420451	"MIR125B2"	"+"	"*"	"NCAM2"
"chr21"	37423859	37423859	1	"+"	"chr21+37423859"	3	3.37602124642704e-05	1403	"Polyclonal_50pct"	"sonic"	3561	"DYRK1A~*"	"+"	3561	"DYRK1A"	"+"	"DYRK1A"	"+"	3561	"DYRK1A"	"+"	"~*"	"DYRK1A"
"chr21"	46262463	46262463	1	"+"	"chr21+46262463"	3	3.37602124642704e-05	1403	"Polyclonal_50pct"	"sonic"	23148	"MCM3AP*"	"-"	23148	"MCM3AP"	"-"	"MCM3AP"	"-"	342619	"S100B"	"-"	"*"	"MCM3AP"
"chr22"	39130410	39130410	1	"+"	"chr22+39130410"	3	3.37602124642704e-05	1403	"Polyclonal_50pct"	"sonic"	363	"CBX7"	"-"	22270	"CBX7"	"-"	"FALSE"	""	110499	"PDGFB"	"-"	""	"CBX7"
"chr22"	37646237	37646237	1	"-"	"chr22-37646237"	3	3.37602124642704e-05	1403	"Polyclonal_50pct"	"sonic"	-4406	"PDXP-DT*"	"-"	6569	"SH3BP1"	"+"	"SH3BP1,PDXP-DT"	"+,-"	37198	"GGA1"	"+"	"*"	"PDXP-DT"
"chr22"	37837947	37837947	1	"-"	"chr22-37837947"	3	3.37602124642704e-05	1403	"Polyclonal_50pct"	"sonic"	5901	"ANKRD54*"	"-"	5901	"ANKRD54"	"-"	"ANKRD54"	"-"	146608	"SOX10"	"-"	"*"	"ANKRD54"
"chr3"	101244399	101244399	1	"+"	"chr3+101244399"	3	3.37602124642704e-05	1403	"Polyclonal_50pct"	"sonic"	-21854	"IMPG2*"	"-"	76176	"IMPG2"	"-"	"IMPG2"	"-"	534858	"TFG"	"+"	"*"	"IMPG2"
"chr3"	108549326	108549326	1	"+"	"chr3+108549326"	3	3.37602124642704e-05	1403	"Polyclonal_50pct"	"sonic"	539	"CIP2A"	"-"	-20004	"MYH15"	"-"	"FALSE"	""	-2679925	"CBLB"	"-"	""	"CIP2A"
"chr3"	111122691	111122691	1	"+"	"chr3+111122691"	3	3.37602124642704e-05	1403	"Polyclonal_50pct"	"sonic"	-14869	"NECTIN3*"	"+"	50876	"NECTIN3"	"+"	"NECTIN3"	"+"	-1209881	"CD200"	"+"	"*"	"NECTIN3"
"chr3"	14048034	14048034	1	"+"	"chr3+14048034"	3	3.37602124642704e-05	1403	"Polyclonal_50pct"	"sonic"	-17947	"TPRXL*"	"+"	76836	"CHCHD4"	"-"	"TPRXL"	"+"	130567	"XPC"	"-"	"*"	"TPRXL"
"chr3"	141397779	141397779	1	"+"	"chr3+141397779"	3	3.37602124642704e-05	1403	"Polyclonal_50pct"	"sonic"	10133	"ZBTB38*"	"+"	-3982	"ZBTB38"	"+"	"ZBTB38"	"+"	-340429	"RNF7"	"+"	"*"	"ZBTB38"
"chr3"	152800507	152800507	1	"+"	"chr3+152800507"	3	3.37602124642704e-05	1403	"Polyclonal_50pct"	"sonic"	-34623	"P2RY1"	"+"	-34623	"P2RY1"	"+"	"FALSE"	""	-361718	"RAP2B"	"+"	""	"P2RY1"
"chr3"	164615618	164615618	1	"+"	"chr3+164615618"	3	3.37602124642704e-05	1403	"Polyclonal_50pct"	"sonic"	98476	"LINC01324"	"-"	215862	"LINC01324"	"-"	"FALSE"	""	4529905	"MECOM"	"-"	""	"LINC01324"
"chr3"	177328968	177328968	1	"+"	"chr3+177328968"	3	3.37602124642704e-05	1403	"Polyclonal_50pct"	"sonic"	5533	"LINC00501"	"+"	34527	"LINC00501"	"+"	"FALSE"	""	-1819388	"PIK3CA"	"+"	""	"LINC00501"
"chr3"	179352906	179352906	1	"+"	"chr3+179352906"	3	3.37602124642704e-05	1403	"Polyclonal_50pct"	"sonic"	5198	"MFN1*"	"+"	5198	"MFN1"	"+"	"MFN1"	"+"	204550	"PIK3CA"	"+"	"*"	"MFN1"
"chr3"	52461641	52461641	1	"+"	"chr3+52461641"	3	3.37602124642704e-05	1403	"Polyclonal_50pct"	"sonic"	6038	"NISCH*"	"+"	6038	"NISCH"	"+"	"NISCH"	"+"	-51633	"BAP1"	"-"	"*"	"NISCH"
"chr3"	53025264	53025264	1	"+"	"chr3+53025264"	3	3.37602124642704e-05	1403	"Polyclonal_50pct"	"sonic"	20809	"SFMBT1*"	"-"	20809	"SFMBT1"	"-"	"SFMBT1"	"-"	-135944	"PRKCD"	"+"	"*"	"SFMBT1"
"chr3"	81963381	81963381	1	"+"	"chr3+81963381"	3	3.37602124642704e-05	1403	"Polyclonal_50pct"	"sonic"	-22760	"LINC02008"	"+"	-22760	"LINC02008"	"+"	"FALSE"	""	-2195383	"ROBO1"	"-"	""	"LINC02008"
"chr3"	85344782	85344782	1	"+"	"chr3+85344782"	3	3.37602124642704e-05	1403	"Polyclonal_50pct"	"sonic"	385794	"CADM2*"	"+"	-40927	"MIR5688"	"+"	"CADM2"	"+"	-3762838	"EPHA3"	"+"	"*"	"CADM2"
"chr3"	90061447	90061447	1	"+"	"chr3+90061447"	3	3.37602124642704e-05	1403	"Polyclonal_50pct"	"sonic"	579313	"EPHA3"	"+"	953827	"EPHA3"	"+"	"FALSE"	""	953827	"EPHA3"	"+"	""	"EPHA3"
"chr3"	96538524	96538524	1	"+"	"chr3+96538524"	3	3.37602124642704e-05	1403	"Polyclonal_50pct"	"sonic"	178485	"MIR8060"	"+"	178561	"MIR8060"	"+"	"FALSE"	""	-2564628	"PROS1"	"-"	""	"MIR8060"
"chr3"	96819936	96819936	1	"+"	"chr3+96819936"	3	3.37602124642704e-05	1403	"Polyclonal_50pct"	"sonic"	5343	"EPHA6*"	"+"	5343	"EPHA6"	"+"	"EPHA6"	"+"	-2846040	"PROS1"	"-"	"*"	"EPHA6"
"chr3"	134521051	134521051	1	"-"	"chr3-134521051"	3	3.37602124642704e-05	1403	"Polyclonal_50pct"	"sonic"	34879	"CEP63*"	"+"	34879	"CEP63"	"+"	"CEP63"	"+"	1120996	"BFSP2"	"+"	"*"	"CEP63"
"chr3"	147821966	147821966	1	"-"	"chr3-147821966"	3	3.37602124642704e-05	1403	"Polyclonal_50pct"	"sonic"	-256192	"LINC02032"	"+"	-256192	"LINC02032"	"+"	"FALSE"	""	1264567	"HLTF"	"-"	""	"LINC02032"
"chr3"	158483586	158483586	1	"-"	"chr3-158483586"	3	3.37602124642704e-05	1403	"Polyclonal_50pct"	"sonic"	-61249	"RSRC1*"	"+"	-43121	"UC.134"	"+"	"RSRC1"	"+"	-87607	"MLF1"	"+"	"*"	"RSRC1"
"chr3"	165527183	165527183	1	"-"	"chr3-165527183"	3	3.37602124642704e-05	1403	"Polyclonal_50pct"	"sonic"	13455	"LINC01322"	"+"	310240	"BCHE"	"-"	"FALSE"	""	3618340	"MECOM"	"-"	""	"LINC01322"
"chr3"	181333967	181333967	1	"-"	"chr3-181333967"	3	3.37602124642704e-05	1403	"Polyclonal_50pct"	"sonic"	158824	"SOX2-OT*"	"+"	102231	"RNU6-1,RNU6-7,RNU6-8,RNU6-9,RNU6-2"	"+"	"SOX2-OT"	"+"	-377957	"SOX2"	"+"	"*"	"SOX2-OT"
"chr3"	187051750	187051750	1	"-"	"chr3-187051750"	3	3.37602124642704e-05	1403	"Polyclonal_50pct"	"sonic"	13033	"ST6GAL1*"	"+"	13033	"ST6GAL1"	"+"	"ST6GAL1"	"+"	13033	"ST6GAL1"	"+"	"*"	"ST6GAL1"
"chr3"	192348393	192348393	1	"-"	"chr3-192348393"	3	3.37602124642704e-05	1403	"Polyclonal_50pct"	"sonic"	61204	"FGF12~*"	"-"	61204	"FGF12"	"-"	"FGF12"	"-"	61204	"FGF12"	"-"	"~*"	"FGF12"
"chr3"	2462767	2462767	1	"-"	"chr3-2462767"	3	3.37602124642704e-05	1403	"Polyclonal_50pct"	"sonic"	223939	"CNTN4~*"	"+"	223939	"CNTN4"	"+"	"CNTN4"	"+"	223939	"CNTN4"	"+"	"~*"	"CNTN4"
"chr3"	46429787	46429787	1	"-"	"chr3-46429787"	3	3.37602124642704e-05	1403	"Polyclonal_50pct"	"sonic"	5857	"LTF"	"-"	-6120	"LINC02009"	"-"	"FALSE"	""	-144747	"TDGF1"	"+"	""	"LTF"
"chr3"	75022252	75022252	1	"-"	"chr3-75022252"	3	3.37602124642704e-05	1403	"Polyclonal_50pct"	"sonic"	-192223	"MIR4444-1,MIR4444-2"	"+"	-192223	"MIR4444-1,MIR4444-2"	"+"	"FALSE"	""	-3438274	"FOXP1"	"-"	""	"MIR4444-1,MIR4444-2"
"chr3"	89469682	89469682	1	"-"	"chr3-89469682"	3	3.37602124642704e-05	1403	"Polyclonal_50pct"	"sonic"	-12452	"EPHA3~*"	"+"	362062	"EPHA3"	"+"	"EPHA3"	"+"	362062	"EPHA3"	"+"	"~*"	"EPHA3"
"chr3"	94636810	94636810	1	"-"	"chr3-94636810"	3	3.37602124642704e-05	1403	"Polyclonal_50pct"	"sonic"	-301452	"LINC00879"	"+"	-301452	"LINC00879"	"+"	"FALSE"	""	-662914	"PROS1"	"-"	""	"LINC00879"
"chr4"	126522015	126522015	1	"+"	"chr4+126522015"	3	3.37602124642704e-05	1403	"Polyclonal_50pct"	"sonic"	1014708	"MIR2054"	"+"	1014757	"MIR2054"	"+"	"FALSE"	""	2571524	"SCLT1"	"-"	""	"MIR2054"
"chr4"	147628870	147628870	1	"+"	"chr4+147628870"	3	3.37602124642704e-05	1403	"Polyclonal_50pct"	"sonic"	-7851	"TMEM184C*"	"+"	11474	"TMEM184C"	"+"	"TMEM184C"	"+"	813544	"NR3C2"	"-"	"*"	"TMEM184C"
"chr4"	158145318	158145318	1	"+"	"chr4+158145318"	3	3.37602124642704e-05	1403	"Polyclonal_50pct"	"sonic"	-20845	"GASK1B*"	"-"	-25433	"FAM198B-AS1"	"+"	"GASK1B"	"-"	5187278	"NPY1R"	"-"	"*"	"GASK1B"
"chr4"	165756174	165756174	1	"+"	"chr4+165756174"	3	3.37602124642704e-05	1403	"Polyclonal_50pct"	"sonic"	-6604	"LINC01179*"	"+"	-13103	"LOC101928131"	"-"	"LINC01179"	"+"	-2423578	"NPY1R"	"-"	"*"	"LINC01179"
"chr4"	42049481	42049481	1	"+"	"chr4+42049481"	3	3.37602124642704e-05	1403	"Polyclonal_50pct"	"sonic"	-40980	"SLC30A9*"	"+"	58952	"SLC30A9"	"+"	"SLC30A9"	"+"	-300756	"PHOX2B"	"-"	"*"	"SLC30A9"
"chr4"	5302062	5302062	1	"+"	"chr4+5302062"	3	3.37602124642704e-05	1403	"Polyclonal_50pct"	"sonic"	-198927	"STK32B*"	"+"	-222506	"LINC01587"	"+"	"STK32B"	"+"	892557	"JAKMIP1"	"-"	"*"	"STK32B"
"chr4"	58032903	58032903	1	"+"	"chr4+58032903"	3	3.37602124642704e-05	1403	"Polyclonal_50pct"	"sonic"	491611	"LINC02494"	"-"	503425	"LINC02494"	"-"	"FALSE"	""	-922518	"IGFBP7"	"-"	""	"LINC02494"
"chr4"	63289616	63289616	1	"+"	"chr4+63289616"	3	3.37602124642704e-05	1403	"Polyclonal_50pct"	"sonic"	986683	"TECRL"	"-"	1119834	"TECRL"	"-"	"FALSE"	""	-6179231	"IGFBP7"	"-"	""	"TECRL"
"chr4"	63947321	63947321	1	"+"	"chr4+63947321"	3	3.37602124642704e-05	1403	"Polyclonal_50pct"	"sonic"	328978	"TECRL"	"-"	462129	"TECRL"	"-"	"FALSE"	""	-6741210	"UTP3"	"+"	""	"TECRL"
"chr4"	106078233	106078233	1	"-"	"chr4-106078233"	3	3.37602124642704e-05	1403	"Polyclonal_50pct"	"sonic"	-36635	"TBCK*"	"-"	-55755	"LOC101929577"	"-"	"TBCK"	"-"	931358	"TET2"	"+"	"*"	"TBCK"
"chr4"	1067826	1067826	1	"-"	"chr4-1067826"	3	3.37602124642704e-05	1403	"Polyclonal_50pct"	"sonic"	-11576	"RNF212*"	"-"	45738	"RNF212"	"-"	"RNF212"	"-"	-135510	"GAK"	"-"	"*"	"RNF212"
"chr4"	115642935	115642935	1	"-"	"chr4-115642935"	3	3.37602124642704e-05	1403	"Polyclonal_50pct"	"sonic"	-529315	"NDST4"	"-"	-529315	"NDST4"	"-"	"FALSE"	""	-1881008	"CAMK2D"	"-"	""	"NDST4"
"chr4"	125810618	125810618	1	"-"	"chr4-125810618"	3	3.37602124642704e-05	1403	"Polyclonal_50pct"	"sonic"	303311	"MIR2054"	"+"	303360	"MIR2054"	"+"	"FALSE"	""	-2887650	"NUDT6"	"-"	""	"MIR2054"
"chr4"	128025606	128025606	1	"-"	"chr4-128025606"	3	3.37602124642704e-05	1403	"Polyclonal_50pct"	"sonic"	-6170	"ABHD18*"	"+"	-35705	"LARP1B"	"+"	"ABHD18"	"+"	1067933	"SCLT1"	"-"	"*"	"ABHD18"
"chr4"	130993619	130993619	1	"-"	"chr4-130993619"	3	3.37602124642704e-05	1403	"Polyclonal_50pct"	"sonic"	605548	"LINC02479"	"+"	617259	"LINC02479"	"+"	"FALSE"	""	-1900080	"SCLT1"	"-"	""	"LINC02479"
"chr4"	135798679	135798679	1	"-"	"chr4-135798679"	3	3.37602124642704e-05	1403	"Polyclonal_50pct"	"sonic"	68304	"LINC00613"	"-"	89414	"LINC00613"	"-"	"FALSE"	""	-6705140	"SCLT1"	"-"	""	"LINC00613"
"chr4"	145075559	145075559	1	"-"	"chr4-145075559"	3	3.37602124642704e-05	1403	"Polyclonal_50pct"	"sonic"	21823	"ANAPC10*"	"-"	21823	"ANAPC10"	"-"	"ANAPC10"	"-"	1738684	"GAB1"	"+"	"*"	"ANAPC10"
"chr4"	150735005	150735005	1	"-"	"chr4-150735005"	3	3.37602124642704e-05	1403	"Polyclonal_50pct"	"sonic"	280262	"LRBA~*"	"-"	152855	"MAB21L2"	"+"	"LRBA"	"-"	280262	"LRBA"	"-"	"~*"	"LRBA"
"chr4"	159334519	159334519	1	"-"	"chr4-159334519"	3	3.37602124642704e-05	1403	"Polyclonal_50pct"	"sonic"	-25580	"RAPGEF2*"	"+"	66711	"RAPGEF2"	"+"	"RAPGEF2"	"+"	3998077	"NPY1R"	"-"	"*"	"RAPGEF2"
"chr4"	164846395	164846395	1	"-"	"chr4-164846395"	3	3.37602124642704e-05	1403	"Polyclonal_50pct"	"sonic"	-30782	"APELA"	"+"	-30782	"APELA"	"+"	"FALSE"	""	-1513799	"NPY1R"	"-"	""	"APELA"
"chr4"	171847441	171847441	1	"-"	"chr4-171847441"	3	3.37602124642704e-05	1403	"Polyclonal_50pct"	"sonic"	34038	"GALNTL6*"	"+"	-33834	"LOC441052"	"-"	"GALNTL6"	"+"	-3070916	"ADAM29"	"+"	"*"	"GALNTL6"
"chr4"	181680466	181680466	1	"-"	"chr4-181680466"	3	3.37602124642704e-05	1403	"Polyclonal_50pct"	"sonic"	139538	"TEMN3-AS1"	"-"	149507	"TEMN3-AS1"	"-"	"FALSE"	""	-1824591	"ING2"	"+"	""	"TEMN3-AS1"
"chr4"	185251565	185251565	1	"-"	"chr4-185251565"	3	3.37602124642704e-05	1403	"Polyclonal_50pct"	"sonic"	42009	"SNX25*"	"+"	42009	"SNX25"	"+"	"SNX25"	"+"	405181	"SORBS2"	"-"	"*"	"SNX25"
"chr4"	18681245	18681245	1	"-"	"chr4-18681245"	3	3.37602124642704e-05	1403	"Polyclonal_50pct"	"sonic"	-659370	"LCORL"	"-"	-659370	"LCORL"	"-"	"FALSE"	""	-6974605	"SLC34A2"	"+"	""	"LCORL"
"chr4"	41049610	41049610	1	"-"	"chr4-41049610"	3	3.37602124642704e-05	1403	"Polyclonal_50pct"	"sonic"	164932	"APBB2*"	"-"	164932	"APBB2"	"-"	"APBB2"	"-"	699115	"PHOX2B"	"-"	"*"	"APBB2"
"chr4"	44692980	44692980	1	"-"	"chr4-44692980"	3	3.37602124642704e-05	1403	"Polyclonal_50pct"	"sonic"	-7700	"GUF1*"	"+"	14561	"GUF1"	"+"	"GUF1"	"+"	-2944255	"PHOX2B"	"-"	"*"	"GUF1"
"chr4"	53282695	53282695	1	"-"	"chr4-53282695"	3	3.37602124642704e-05	1403	"Polyclonal_50pct"	"sonic"	83366	"SCFD2*"	"-"	83366	"SCFD2"	"-"	"SCFD2"	"-"	-94945	"FIP1L1"	"+"	"*"	"SCFD2"
"chr4"	82291297	82291297	1	"-"	"chr4-82291297"	3	3.37602124642704e-05	1403	"Polyclonal_50pct"	"sonic"	61200	"HNRNPD"	"-"	82694	"HNRNPD"	"-"	"FALSE"	""	82694	"HNRNPD"	"-"	""	"HNRNPD"
"chr4"	88566765	88566765	1	"-"	"chr4-88566765"	3	3.37602124642704e-05	1403	"Polyclonal_50pct"	"sonic"	42923	"HERC3*"	"+"	-25714	"HERC3"	"+"	"HERC3"	"+"	591052	"SPP1"	"+"	"*"	"HERC3"
"chr5"	103934145	103934145	1	"+"	"chr5+103934145"	3	3.37602124642704e-05	1403	"Polyclonal_50pct"	"sonic"	-371356	"NUDT12"	"-"	-371356	"NUDT12"	"-"	"FALSE"	""	6975713	"LNPEP"	"+"	""	"NUDT12"
"chr5"	116827208	116827208	1	"+"	"chr5+116827208"	3	3.37602124642704e-05	1403	"Polyclonal_50pct"	"sonic"	-64999	"LINC02214"	"-"	-64999	"LINC02214"	"-"	"FALSE"	""	-3338755	"MCC"	"-"	""	"LINC02214"
"chr5"	128814988	128814988	1	"+"	"chr5+128814988"	3	3.37602124642704e-05	1403	"Polyclonal_50pct"	"sonic"	-150138	"SLC27A6"	"+"	-150138	"SLC27A6"	"+"	"FALSE"	""	2982029	"FNIP1"	"-"	""	"SLC27A6"
"chr5"	129913441	129913441	1	"+"	"chr5+129913441"	3	3.37602124642704e-05	1403	"Polyclonal_50pct"	"sonic"	8977	"CHSY3*"	"+"	8977	"CHSY3"	"+"	"CHSY3"	"+"	1883576	"FNIP1"	"-"	"*"	"CHSY3"
"chr5"	146485604	146485604	1	"+"	"chr5+146485604"	3	3.37602124642704e-05	1403	"Polyclonal_50pct"	"sonic"	-26355	"TCERG1*"	"+"	30586	"GPR151"	"-"	"TCERG1"	"+"	-1826818	"SPINK7"	"+"	"*"	"TCERG1"
"chr5"	164207408	164207408	1	"+"	"chr5+164207408"	3	3.37602124642704e-05	1403	"Polyclonal_50pct"	"sonic"	241013	"LINC02143"	"-"	259994	"LINC02143"	"-"	"FALSE"	""	769814	"CCNG1"	"+"	""	"LINC02143"
"chr5"	25622465	25622465	1	"+"	"chr5+25622465"	3	3.37602124642704e-05	1403	"Polyclonal_50pct"	"sonic"	320185	"LINC02211"	"+"	431513	"LINC02211"	"+"	"FALSE"	""	-977487	"CDH10"	"-"	""	"LINC02211"
"chr5"	29754620	29754620	1	"+"	"chr5+29754620"	3	3.37602124642704e-05	1403	"Polyclonal_50pct"	"sonic"	-125939	"LOC105374704"	"+"	-125939	"LOC105374704"	"+"	"FALSE"	""	-5109642	"CDH10"	"-"	""	"LOC105374704"
"chr5"	34219467	34219467	1	"+"	"chr5+34219467"	3	3.37602124642704e-05	1403	"Polyclonal_50pct"	"sonic"	25257	"C1QTNF3*"	"-"	25257	"C1QTNF3"	"-"	"C1QTNF3"	"-"	898655	"PRLR"	"-"	"*"	"C1QTNF3"
"chr5"	409724	409724	1	"+"	"chr5+409724"	3	3.37602124642704e-05	1403	"Polyclonal_50pct"	"sonic"	-28558	"PDCD6-AHRR,AHRR*"	"+"	33436	"EXOC3-AS1"	"-"	"PDCD6-AHRR,AHRR"	"+"	138079	"PDCD6"	"+"	"*"	"PDCD6-AHRR,AHRR"
"chr5"	47108416	47108416	1	"+"	"chr5+47108416"	3	3.37602124642704e-05	1403	"Polyclonal_50pct"	"sonic"	-1412036	"HCN1"	"-"	-1412036	"HCN1"	"-"	"FALSE"	""	-2718996	"FGF10"	"-"	""	"HCN1"
"chr5"	7891012	7891012	1	"+"	"chr5+7891012"	3	3.37602124642704e-05	1403	"Polyclonal_50pct"	"sonic"	-10101	"MTRR*"	"+"	21865	"MTRR"	"+"	"MTRR"	"+"	3697905	"CTNND2"	"-"	"*"	"MTRR"
"chr5"	86385583	86385583	1	"+"	"chr5+86385583"	3	3.37602124642704e-05	1403	"Polyclonal_50pct"	"sonic"	88036	"NBPF22P"	"+"	103140	"NBPF22P"	"+"	"FALSE"	""	-882299	"RASA1"	"+"	""	"NBPF22P"
"chr5"	92507506	92507506	1	"+"	"chr5+92507506"	3	3.37602124642704e-05	1403	"Polyclonal_50pct"	"sonic"	901849	"NR2F1-AS1"	"-"	1063837	"NR2F1-AS1"	"-"	"FALSE"	""	-1075715	"NR2F1"	"+"	""	"NR2F1-AS1"
"chr5"	98640916	98640916	1	"+"	"chr5+98640916"	3	3.37602124642704e-05	1403	"Polyclonal_50pct"	"sonic"	-127715	"RGMB"	"+"	-127715	"RGMB"	"+"	"FALSE"	""	1682484	"LNPEP"	"+"	""	"RGMB"
"chr5"	101740652	101740652	1	"-"	"chr5-101740652"	3	3.37602124642704e-05	1403	"Polyclonal_50pct"	"sonic"	493333	"SLCO4C1"	"-"	555632	"SLCO4C1"	"-"	"FALSE"	""	4782220	"LNPEP"	"+"	""	"SLCO4C1"
"chr5"	159417605	159417605	1	"-"	"chr5-159417605"	3	3.37602124642704e-05	1403	"Polyclonal_50pct"	"sonic"	30950	"LINC01845"	"-"	48671	"LINC01845"	"-"	"FALSE"	""	-317689	"EBF1"	"-"	""	"LINC01845"
"chr5"	21329430	21329430	1	"-"	"chr5-21329430"	3	3.37602124642704e-05	1403	"Polyclonal_50pct"	"sonic"	-130049	"GUSBP1"	"+"	-130049	"GUSBP1"	"+"	"FALSE"	""	3315548	"CDH10"	"-"	""	"GUSBP1"
"chr5"	25117034	25117034	1	"-"	"chr5-25117034"	3	3.37602124642704e-05	1403	"Polyclonal_50pct"	"sonic"	9270	"LINC02228"	"-"	73622	"LINC02228"	"-"	"FALSE"	""	-472056	"CDH10"	"-"	""	"LINC02228"
"chr5"	27288875	27288875	1	"-"	"chr5-27288875"	3	3.37602124642704e-05	1403	"Polyclonal_50pct"	"sonic"	-183416	"PURPL"	"+"	-183416	"PURPL"	"+"	"FALSE"	""	-2643897	"CDH10"	"-"	""	"PURPL"
"chr5"	39023668	39023668	1	"-"	"chr5-39023668"	3	3.37602124642704e-05	1403	"Polyclonal_50pct"	"sonic"	50731	"RICTOR*"	"-"	50731	"RICTOR"	"-"	"RICTOR"	"-"	401312	"DAB2"	"-"	"*"	"RICTOR"
"chr5"	51022863	51022863	1	"-"	"chr5-51022863"	3	3.37602124642704e-05	1403	"Polyclonal_50pct"	"sonic"	-52676	"LINC02106"	"-"	-52676	"LINC02106"	"-"	"FALSE"	""	-2457765	"FST"	"+"	""	"LINC02106"
"chr5"	51466224	51466224	1	"-"	"chr5-51466224"	3	3.37602124642704e-05	1403	"Polyclonal_50pct"	"sonic"	71495	"ISL1"	"+"	82777	"ISL1"	"+"	"FALSE"	""	-2014404	"FST"	"+"	""	"ISL1"
"chr5"	59661615	59661615	1	"-"	"chr5-59661615"	3	3.37602124642704e-05	1403	"Polyclonal_50pct"	"sonic"	107233	"PDE4D~*"	"-"	42088	"MIR582"	"-"	"PDE4D"	"-"	-73990	"PDE4D"	"-"	"~*"	"PDE4D"
"chr5"	60957451	60957451	1	"-"	"chr5-60957451"	3	3.37602124642704e-05	1403	"Polyclonal_50pct"	"sonic"	12247	"NDUFAF2*"	"+"	12247	"NDUFAF2"	"+"	"NDUFAF2"	"+"	-12373	"ERCC8"	"-"	"*"	"NDUFAF2"
"chr5"	62715683	62715683	1	"-"	"chr5-62715683"	3	3.37602124642704e-05	1403	"Polyclonal_50pct"	"sonic"	87094	"IPO11,IPO11-LRRC70"	"+"	136865	"LRRC70"	"+"	"FALSE"	""	-1770605	"ERCC8"	"-"	""	"IPO11,IPO11-LRRC70"
"chr5"	99817342	99817342	1	"-"	"chr5-99817342"	3	3.37602124642704e-05	1403	"Polyclonal_50pct"	"sonic"	239388	"LINC02113"	"+"	283353	"LINC02113"	"+"	"FALSE"	""	2858910	"LNPEP"	"+"	""	"LINC02113"
"chr6"	116479415	116479415	1	"+"	"chr6+116479415"	3	3.37602124642704e-05	1403	"Polyclonal_50pct"	"sonic"	15573	"TRAPPC3L"	"-"	18041	"CALHM6"	"+"	"FALSE"	""	-201795	"KPNA5"	"+"	""	"TRAPPC3L"
"chr6"	116482048	116482048	1	"+"	"chr6+116482048"	3	3.37602124642704e-05	1403	"Polyclonal_50pct"	"sonic"	12940	"TRAPPC3L"	"-"	20674	"CALHM6"	"+"	"FALSE"	""	-199162	"KPNA5"	"+"	""	"TRAPPC3L"
"chr6"	116624478	116624478	1	"+"	"chr6+116624478"	3	3.37602124642704e-05	1403	"Polyclonal_50pct"	"sonic"	8000	"RSPH4A*"	"+"	8000	"RSPH4A"	"+"	"RSPH4A"	"+"	-56732	"KPNA5"	"+"	"*"	"RSPH4A"
"chr6"	124837358	124837358	1	"+"	"chr6+124837358"	3	3.37602124642704e-05	1403	"Polyclonal_50pct"	"sonic"	11718	"NKAIN2!~"	"+"	-125186	"RNF217"	"+"	"FALSE"	""	554354	"NKAIN2"	"+"	"!~"	"NKAIN2"
"chr6"	126151198	126151198	1	"+"	"chr6+126151198"	3	3.37602124642704e-05	1403	"Polyclonal_50pct"	"sonic"	71472	"TRMT11"	"+"	164659	"TRMT11"	"+"	"FALSE"	""	-967472	"RSPO3"	"+"	""	"TRMT11"
"chr6"	18089013	18089013	1	"+"	"chr6+18089013"	3	3.37602124642704e-05	1403	"Polyclonal_50pct"	"sonic"	31426	"NHLRC1"	"-"	33664	"NHLRC1"	"-"	"FALSE"	""	175517	"DEK"	"-"	""	"NHLRC1"
"chr6"	60771206	60771206	1	"+"	"chr6+60771206"	3	3.37602124642704e-05	1403	"Polyclonal_50pct"	"sonic"	771490	"KHDRBS2"	"-"	-802923	"MTRNR2L9"	"+"	"FALSE"	""	-3816376	"DST"	"-"	""	"KHDRBS2"
"chr6"	70183296	70183296	1	"+"	"chr6+70183296"	3	3.37602124642704e-05	1403	"Polyclonal_50pct"	"sonic"	-29171	"COL19A1~*"	"+"	99901	"COL9A1"	"-"	"COL19A1"	"+"	316741	"COL19A1"	"+"	"~*"	"COL19A1"
"chr6"	73606530	73606530	1	"+"	"chr6+73606530"	3	3.37602124642704e-05	1403	"Polyclonal_50pct"	"sonic"	-13152	"SLC17A5*"	"-"	47462	"SLC17A5"	"-"	"SLC17A5"	"-"	-85498	"EEF1A1"	"-"	"*"	"SLC17A5"
"chr6"	130890587	130890587	1	"-"	"chr6-130890587"	3	3.37602124642704e-05	1403	"Polyclonal_50pct"	"sonic"	-51240	"EPB41L2*"	"-"	63182	"SMLR1"	"+"	"EPB41L2"	"-"	-2350769	"EYA4"	"+"	"*"	"EPB41L2"
"chr6"	131330735	131330735	1	"-"	"chr6-131330735"	3	3.37602124642704e-05	1403	"Polyclonal_50pct"	"sonic"	47203	"AKAP7"	"+"	80332	"AKAP7"	"+"	"FALSE"	""	-1910621	"EYA4"	"+"	""	"AKAP7"
"chr6"	133713952	133713952	1	"-"	"chr6-133713952"	3	3.37602124642704e-05	1403	"Polyclonal_50pct"	"sonic"	175054	"TARID*"	"-"	-107194	"LINC01312"	"+"	"TARID"	"-"	472454	"EYA4"	"+"	"*"	"TARID"
"chr6"	139360307	139360307	1	"-"	"chr6-139360307"	3	3.37602124642704e-05	1403	"Polyclonal_50pct"	"sonic"	11499	"CITED2~"	"-"	13906	"CITED2"	"-"	"FALSE"	""	13906	"CITED2"	"-"	"~"	"CITED2"
"chr6"	140111885	140111885	1	"-"	"chr6-140111885"	3	3.37602124642704e-05	1403	"Polyclonal_50pct"	"sonic"	18164	"LOC100507477"	"+"	-93366	"MIR3668"	"+"	"FALSE"	""	-737237	"CITED2"	"-"	""	"LOC100507477"
"chr6"	142718498	142718498	1	"-"	"chr6-142718498"	3	3.37602124642704e-05	1403	"Polyclonal_50pct"	"sonic"	32970	"HIVEP2"	"-"	-80609	"LOC153910"	"-"	"FALSE"	""	1242912	"PLAGL1"	"-"	""	"HIVEP2"
"chr6"	26209027	26209027	1	"-"	"chr6-26209027"	3	3.37602124642704e-05	1403	"Polyclonal_50pct"	"sonic"	4006	"H4C5"	"+"	4418	"H4C5"	"+"	"FALSE"	""	121599	"HFE"	"+"	""	"H4C5"
"chr6"	35022863	35022863	1	"-"	"chr6-35022863"	3	3.37602124642704e-05	1403	"Polyclonal_50pct"	"sonic"	-68543	"ANKS1A*"	"+"	118476	"TCP11"	"-"	"ANKS1A"	"+"	-319694	"PPARD"	"+"	"*"	"ANKS1A"
"chr6"	4005183	4005183	1	"-"	"chr6-4005183"	3	3.37602124642704e-05	1403	"Polyclonal_50pct"	"sonic"	-16116	"PRPF4B~"	"+"	-16116	"PRPF4B"	"+"	"FALSE"	""	-16116	"PRPF4B"	"+"	"~"	"PRPF4B"
"chr6"	43578503	43578503	1	"-"	"chr6-43578503"	3	3.37602124642704e-05	1403	"Polyclonal_50pct"	"sonic"	2319	"POLH~*"	"+"	2319	"POLH"	"+"	"POLH"	"+"	2319	"POLH"	"+"	"~*"	"POLH"
"chr6"	50526130	50526130	1	"-"	"chr6-50526130"	3	3.37602124642704e-05	1403	"Polyclonal_50pct"	"sonic"	-187395	"TFAP2D"	"+"	-187395	"TFAP2D"	"+"	"FALSE"	""	1561483	"PKHD1"	"-"	""	"TFAP2D"
"chr6"	55835456	55835456	1	"-"	"chr6-55835456"	3	3.37602124642704e-05	1403	"Polyclonal_50pct"	"sonic"	40134	"BMP5*"	"-"	40134	"BMP5"	"-"	"BMP5"	"-"	807433	"DST"	"-"	"*"	"BMP5"
"chr6"	62974690	62974690	1	"-"	"chr6-62974690"	3	3.37602124642704e-05	1403	"Polyclonal_50pct"	"sonic"	301260	"LGSN"	"-"	345287	"LGSN"	"-"	"FALSE"	""	-6019860	"DST"	"-"	""	"LGSN"
"chr6"	84112926	84112926	1	"-"	"chr6-84112926"	3	3.37602124642704e-05	1403	"Polyclonal_50pct"	"sonic"	11323	"CEP162"	"-"	78808	"MRAP2"	"+"	"FALSE"	""	253238	"CYB5R4"	"+"	""	"CEP162"
"chr6"	88876626	88876626	1	"-"	"chr6-88876626"	3	3.37602124642704e-05	1403	"Polyclonal_50pct"	"sonic"	86992	"RNGTT*"	"-"	86992	"RNGTT"	"-"	"RNGTT"	"-"	1420217	"BACH2"	"-"	"*"	"RNGTT"
"chr6_GL000254v2_alt"	1385597	1385597	1	"-"	"chr6_GL000254v2_alt-1385597"	3	3.37602124642704e-05	1403	"Polyclonal_50pct"	"sonic"	19685	"ZNRD1ASP*"	"-"	17228	"ZNRD1ASP"	"-"	"ZNRD1ASP"	"-"	-841164	"DDR1"	"+"	"*"	"ZNRD1ASP"
"chr6_GL000255v2_alt"	2955350	2955350	1	"-"	"chr6_GL000255v2_alt-2955350"	3	3.37602124642704e-05	1403	"Polyclonal_50pct"	"sonic"	3440	"ABHD16A*"	"-"	1575	"MIR4646"	"-"	"ABHD16A"	"-"	-117104	"LTB"	"-"	"*"	"ABHD16A"
"chr7"	100019601	100019601	1	"+"	"chr7+100019601"	3	3.37602124642704e-05	1403	"Polyclonal_50pct"	"sonic"	4006	"ZKSCAN1*"	"+"	4006	"ZKSCAN1"	"+"	"ZKSCAN1"	"+"	-700866	"EPO"	"+"	"*"	"ZKSCAN1"
"chr7"	100906608	100906608	1	"+"	"chr7+100906608"	3	3.37602124642704e-05	1403	"Polyclonal_50pct"	"sonic"	-9614	"ACHE"	"-"	-9614	"ACHE"	"-"	"FALSE"	""	-113472	"MUC17"	"+"	""	"ACHE"
"chr7"	101030098	101030098	1	"+"	"chr7+101030098"	3	3.37602124642704e-05	1403	"Polyclonal_50pct"	"sonic"	10018	"MUC17~*"	"+"	10018	"MUC17"	"+"	"MUC17"	"+"	10018	"MUC17"	"+"	"~*"	"MUC17"
"chr7"	110979065	110979065	1	"+"	"chr7+110979065"	3	3.37602124642704e-05	1403	"Polyclonal_50pct"	"sonic"	-16758	"IMMP2L*"	"-"	-111940	"LRRN3"	"+"	"IMMP2L"	"-"	-2522345	"NRCAM"	"-"	"*"	"IMMP2L"
"chr7"	111812259	111812259	1	"+"	"chr7+111812259"	3	3.37602124642704e-05	1403	"Polyclonal_50pct"	"sonic"	3755	"DOCK4-AS1*"	"+"	3755	"DOCK4-AS1"	"+"	"DOCK4,DOCK4-AS1"	"-,+"	-3355539	"NRCAM"	"-"	"*"	"DOCK4-AS1"
"chr7"	117658203	117658203	1	"+"	"chr7+117658203"	3	3.37602124642704e-05	1403	"Polyclonal_50pct"	"sonic"	-10461	"CFTR*"	"+"	-93527	"CFTR-AS1"	"-"	"CFTR"	"+"	-335145	"WNT2"	"-"	"*"	"CFTR"
"chr7"	118737422	118737422	1	"+"	"chr7+118737422"	3	3.37602124642704e-05	1403	"Polyclonal_50pct"	"sonic"	494692	"ANKRD7"	"+"	512719	"ANKRD7"	"+"	"FALSE"	""	-1414364	"WNT2"	"-"	""	"ANKRD7"
"chr7"	121493948	121493948	1	"+"	"chr7+121493948"	3	3.37602124642704e-05	1403	"Polyclonal_50pct"	"sonic"	-97580	"FAM3C"	"-"	-97580	"FAM3C"	"-"	"FALSE"	""	543172	"ING3"	"+"	""	"FAM3C"
"chr7"	121747233	121747233	1	"+"	"chr7+121747233"	3	3.37602124642704e-05	1403	"Polyclonal_50pct"	"sonic"	-125927	"PTPRZ1"	"+"	-125927	"PTPRZ1"	"+"	"FALSE"	""	796457	"ING3"	"+"	""	"PTPRZ1"
"chr7"	123542569	123542569	1	"+"	"chr7+123542569"	3	3.37602124642704e-05	1403	"Polyclonal_50pct"	"sonic"	-5572	"NDUFA5*"	"-"	-7905	"IQUB"	"-"	"NDUFA5"	"-"	-382671	"SPAM1"	"+"	"*"	"NDUFA5"
"chr7"	124159408	124159408	1	"+"	"chr7+124159408"	3	3.37602124642704e-05	1403	"Polyclonal_50pct"	"sonic"	-126341	"TMEM229A"	"-"	-126341	"TMEM229A"	"-"	"FALSE"	""	233554	"SPAM1"	"+"	""	"TMEM229A"
"chr7"	135387430	135387430	1	"+"	"chr7+135387430"	3	3.37602124642704e-05	1403	"Polyclonal_50pct"	"sonic"	-361	"CNOT4*"	"-"	122672	"CNOT4"	"-"	"CNOT4"	"-"	1260091	"LRGUK"	"+"	"*"	"CNOT4"
"chr7"	148931521	148931521	1	"+"	"chr7+148931521"	3	3.37602124642704e-05	1403	"Polyclonal_50pct"	"sonic"	-9966	"RNY5"	"+"	-9966	"RNY5"	"+"	"FALSE"	""	-47230	"EZH2"	"-"	""	"RNY5"
"chr7"	149545712	149545712	1	"+"	"chr7+149545712"	3	3.37602124642704e-05	1403	"Polyclonal_50pct"	"sonic"	1441	"ZNF767P"	"-"	-47903	"ZNF746"	"-"	"FALSE"	""	-661421	"EZH2"	"-"	""	"ZNF767P"
"chr7"	46304979	46304979	1	"+"	"chr7+46304979"	3	3.37602124642704e-05	1403	"Polyclonal_50pct"	"sonic"	382899	"LOC730338"	"-"	-383707	"IGFBP3"	"-"	"FALSE"	""	-383707	"IGFBP3"	"-"	""	"LOC730338"
"chr7"	5752331	5752331	1	"+"	"chr7+5752331"	3	3.37602124642704e-05	1403	"Polyclonal_50pct"	"sonic"	29332	"RNF216~*"	"-"	29332	"RNF216"	"-"	"RNF216"	"-"	29332	"RNF216"	"-"	"~*"	"RNF216"
"chr7"	84839827	84839827	1	"+"	"chr7+84839827"	3	3.37602124642704e-05	1403	"Polyclonal_50pct"	"sonic"	155728	"SEMA3D"	"-"	307352	"LOC101927378"	"+"	"FALSE"	""	-2312533	"DMTF1"	"+"	""	"SEMA3D"
"chr7"	89643695	89643695	1	"+"	"chr7+89643695"	3	3.37602124642704e-05	1403	"Polyclonal_50pct"	"sonic"	238657	"STEAP2-AS1"	"-"	-475704	"DPY19L2P4"	"+"	"FALSE"	""	-510773	"STEAP1"	"+"	""	"STEAP2-AS1"
"chr7"	90947278	90947278	1	"+"	"chr7+90947278"	3	3.37602124642704e-05	1403	"Polyclonal_50pct"	"sonic"	237463	"CDK14*"	"+"	237463	"CDK14"	"+"	"CDK14"	"+"	733459	"STEAP2"	"+"	"*"	"CDK14"
"chr7"	95565139	95565139	1	"+"	"chr7+95565139"	3	3.37602124642704e-05	1403	"Polyclonal_50pct"	"sonic"	18361	"PDK4"	"-"	31377	"PDK4"	"-"	"FALSE"	""	908770	"PEG10"	"+"	""	"PDK4"
"chr7"	107477019	107477019	1	"-"	"chr7-107477019"	3	3.37602124642704e-05	1403	"Polyclonal_50pct"	"sonic"	86901	"COG5*"	"-"	6963	"GPR22"	"+"	"COG5"	"-"	308017	"HBP1"	"+"	"*"	"COG5"
"chr7"	1479521	1479521	1	"-"	"chr7-1479521"	3	3.37602124642704e-05	1403	"Polyclonal_50pct"	"sonic"	-9245	"INTS1*"	"-"	-20051	"MICALL2"	"-"	"INTS1"	"-"	-51180	"MAFK"	"+"	"*"	"INTS1"
"chr7"	23000258	23000258	1	"-"	"chr7-23000258"	3	3.37602124642704e-05	1403	"Polyclonal_50pct"	"sonic"	13872	"FAM126A*"	"-"	13872	"FAM126A"	"-"	"FAM126A"	"-"	-246516	"GPNMB"	"+"	"*"	"FAM126A"
"chr7"	74681542	74681542	1	"-"	"chr7-74681542"	3	3.37602124642704e-05	1403	"Polyclonal_50pct"	"sonic"	23825	"GTF2I*"	"+"	23825	"GTF2I"	"+"	"GTF2I"	"+"	588326	"LIMK1"	"+"	"*"	"GTF2I"
"chr8"	105676816	105676816	1	"+"	"chr8+105676816"	3	3.37602124642704e-05	1403	"Polyclonal_50pct"	"sonic"	-127723	"ZFPM2*"	"+"	357274	"ZFPM2"	"+"	"ZFPM2"	"+"	2304310	"CTHRC1"	"+"	"*"	"ZFPM2"
"chr8"	113070514	113070514	1	"+"	"chr8+113070514"	3	3.37602124642704e-05	1403	"Polyclonal_50pct"	"sonic"	306638	"CSMD3~*"	"-"	306638	"CSMD3"	"-"	"CSMD3"	"-"	306638	"CSMD3"	"-"	"~*"	"CSMD3"
"chr8"	38307177	38307177	1	"+"	"chr8+38307177"	3	3.37602124642704e-05	1403	"Polyclonal_50pct"	"sonic"	-37473	"NSD3*"	"-"	-37945	"PLPP5"	"-"	"NSD3"	"-"	160547	"FGFR1"	"-"	"*"	"NSD3"
"chr8"	50883158	50883158	1	"+"	"chr8+50883158"	3	3.37602124642704e-05	1403	"Polyclonal_50pct"	"sonic"	86466	"SNTG1"	"+"	719028	"SNTG1"	"+"	"FALSE"	""	1831277	"RB1CC1"	"-"	""	"SNTG1"
"chr8"	61707262	61707262	1	"+"	"chr8+61707262"	3	3.37602124642704e-05	1403	"Polyclonal_50pct"	"sonic"	7330	"ASPH*"	"-"	7330	"ASPH"	"-"	"ASPH"	"-"	1331544	"GGH"	"-"	"*"	"ASPH"
"chr8"	64818603	64818603	1	"+"	"chr8+64818603"	3	3.37602124642704e-05	1403	"Polyclonal_50pct"	"sonic"	-19866	"CYP7B1~"	"-"	-19866	"CYP7B1"	"-"	"FALSE"	""	-19866	"CYP7B1"	"-"	"~"	"CYP7B1"
"chr8"	84599580	84599580	1	"+"	"chr8+84599580"	3	3.37602124642704e-05	1403	"Polyclonal_50pct"	"sonic"	184097	"RALYL*"	"+"	-106346	"RALYL"	"+"	"RALYL"	"+"	-1742966	"WWP1"	"+"	"*"	"RALYL"
"chr8"	91774934	91774934	1	"+"	"chr8+91774934"	3	3.37602124642704e-05	1403	"Polyclonal_50pct"	"sonic"	180032	"RUNX1T1"	"-"	242746	"RUNX1T1"	"-"	"FALSE"	""	242746	"RUNX1T1"	"-"	""	"RUNX1T1"
"chr8"	107662132	107662132	1	"-"	"chr8-107662132"	3	3.37602124642704e-05	1403	"Polyclonal_50pct"	"sonic"	-164214	"ANGPT1"	"-"	-164214	"ANGPT1"	"-"	"FALSE"	""	419807	"RSPO2"	"-"	""	"ANGPT1"
"chr8"	23013958	23013958	1	"-"	"chr8-23013958"	3	3.37602124642704e-05	1403	"Polyclonal_50pct"	"sonic"	-6241	"RHOBTB2~*"	"+"	14411	"RHOBTB2"	"+"	"RHOBTB2"	"+"	14411	"RHOBTB2"	"+"	"~*"	"RHOBTB2"
"chr9"	75129243	75129243	1	"+"	"chr9+75129243"	3	3.37602124642704e-05	1403	"Polyclonal_50pct"	"sonic"	-18022	"OSTF1*"	"+"	40730	"OSTF1"	"+"	"OSTF1"	"+"	1977379	"ANXA1"	"+"	"*"	"OSTF1"
"chr9"	76250563	76250563	1	"+"	"chr9+76250563"	3	3.37602124642704e-05	1403	"Polyclonal_50pct"	"sonic"	-111776	"PCSK5*"	"+"	143863	"RFK"	"-"	"PCSK5"	"+"	1781248	"GNAQ"	"-"	"*"	"PCSK5"
"chr9"	129249317	129249317	1	"-"	"chr9-129249317"	3	3.37602124642704e-05	1403	"Polyclonal_50pct"	"sonic"	-33098	"LOC101929331"	"+"	-33098	"LOC101929331"	"+"	"FALSE"	""	-416329	"PRRX2"	"+"	""	"LOC101929331"
"chr9"	15477155	15477155	1	"-"	"chr9-15477155"	3	3.37602124642704e-05	1403	"Polyclonal_50pct"	"sonic"	-6512	"PSIP1~*"	"-"	33134	"PSIP1"	"-"	"PSIP1"	"-"	33134	"PSIP1"	"-"	"~*"	"PSIP1"
"chr9"	23990125	23990125	1	"-"	"chr9-23990125"	3	3.37602124642704e-05	1403	"Polyclonal_50pct"	"sonic"	-139524	"ELAVL2"	"-"	-139524	"ELAVL2"	"-"	"FALSE"	""	-1980812	"CDKN2B"	"-"	""	"ELAVL2"
"chr9"	27585084	27585084	1	"-"	"chr9-27585084"	3	3.37602124642704e-05	1403	"Polyclonal_50pct"	"sonic"	-11218	"C9orf72"	"-"	-11218	"C9orf72"	"-"	"FALSE"	""	475635	"TEK"	"+"	""	"C9orf72"
"chr9"	70863707	70863707	1	"-"	"chr9-70863707"	3	3.37602124642704e-05	1403	"Polyclonal_50pct"	"sonic"	5345	"TRPM3*"	"-"	5345	"TRPM3"	"-"	"TRPM3"	"-"	1658553	"TJP2"	"+"	"*"	"TRPM3"
"chr9"	74583167	74583167	1	"-"	"chr9-74583167"	3	3.37602124642704e-05	1403	"Polyclonal_50pct"	"sonic"	85833	"RORB*"	"+"	-32366	"RORB"	"+"	"RORB"	"+"	1431303	"ANXA1"	"+"	"*"	"RORB"
"chr9"	76827625	76827625	1	"-"	"chr9-76827625"	3	3.37602124642704e-05	1403	"Polyclonal_50pct"	"sonic"	78462	"PRUNE2*"	"-"	63190	"PCA3"	"+"	"PRUNE2"	"-"	1204186	"GNAQ"	"-"	"*"	"PRUNE2"
"chr9"	78046661	78046661	1	"-"	"chr9-78046661"	3	3.37602124642704e-05	1403	"Polyclonal_50pct"	"sonic"	-14850	"GNAQ~"	"-"	-14850	"GNAQ"	"-"	"FALSE"	""	-14850	"GNAQ"	"-"	"~"	"GNAQ"
"chr9"	82307290	82307290	1	"-"	"chr9-82307290"	3	3.37602124642704e-05	1403	"Polyclonal_50pct"	"sonic"	312037	"SPATA31D1"	"+"	318519	"SPATA31D1"	"+"	"FALSE"	""	1662567	"MIR7-1"	"-"	""	"SPATA31D1"
"chr9"	83984419	83984419	1	"-"	"chr9-83984419"	3	3.37602124642704e-05	1403	"Polyclonal_50pct"	"sonic"	3615	"RMI1*"	"+"	3615	"RMI1"	"+"	"RMI1"	"+"	-3637	"HNRNPK"	"-"	"*"	"RMI1"
"chrX"	101296727	101296727	1	"+"	"chrX+101296727"	3	3.37602124642704e-05	1403	"Polyclonal_50pct"	"sonic"	-3644	"TAF7L"	"-"	-3644	"TAF7L"	"-"	"FALSE"	""	89464	"BTK"	"-"	""	"TAF7L"
"chrX"	154935334	154935334	1	"+"	"chrX+154935334"	3	3.37602124642704e-05	1403	"Polyclonal_50pct"	"sonic"	87389	"F8*"	"-"	-47876	"MIR1184-1,MIR1184-2,MIR1184-3"	"-"	"F8"	"-"	-129807	"MPP1"	"-"	"*"	"F8"
"chrX"	20194265	20194265	1	"+"	"chrX+20194265"	3	3.37602124642704e-05	1403	"Polyclonal_50pct"	"sonic"	-44355	"RPS6KA3*"	"-"	-52427	"EIF1AX"	"-"	"RPS6KA3"	"-"	-52427	"EIF1AX"	"-"	"*"	"RPS6KA3"
"chrX"	46937883	46937883	1	"+"	"chrX+46937883"	3	3.37602124642704e-05	1403	"Polyclonal_50pct"	"sonic"	25463	"JADE3*"	"+"	25463	"JADE3"	"+"	"JADE3"	"+"	-280419	"CDK16"	"+"	"*"	"JADE3"
"chrX"	6939924	6939924	1	"+"	"chrX+6939924"	3	3.37602124642704e-05	1403	"Polyclonal_50pct"	"sonic"	108995	"PUDP"	"-"	-207365	"STS"	"+"	"FALSE"	""	3627679	"MID1"	"-"	""	"PUDP"
"chrX"	104791058	104791058	1	"-"	"chrX-104791058"	3	3.37602124642704e-05	1403	"Polyclonal_50pct"	"sonic"	224860	"IL1RAPL2*"	"+"	224860	"IL1RAPL2"	"+"	"IL1RAPL2"	"+"	-2837365	"PRPS1"	"+"	"*"	"IL1RAPL2"
"chrX"	128245878	128245878	1	"-"	"chrX-128245878"	3	3.37602124642704e-05	1403	"Polyclonal_50pct"	"sonic"	-193475	"ACTRT1"	"-"	-193475	"ACTRT1"	"-"	"FALSE"	""	1864619	"ELF4"	"-"	""	"ACTRT1"
"chrX"	148716381	148716381	1	"-"	"chrX-148716381"	3	3.37602124642704e-05	1403	"Polyclonal_50pct"	"sonic"	215765	"AFF2*"	"+"	-2709	"AFF2"	"+"	"AFF2"	"+"	-4778598	"BGN"	"+"	"*"	"AFF2"
"chrX"	43161956	43161956	1	"-"	"chrX-43161956"	3	3.37602124642704e-05	1403	"Polyclonal_50pct"	"sonic"	-15037	"PINCR"	"+"	-15037	"PINCR"	"+"	"FALSE"	""	-1711218	"KDM6A"	"+"	""	"PINCR"
"chrX"	84390631	84390631	1	"-"	"chrX-84390631"	3	3.37602124642704e-05	1403	"Polyclonal_50pct"	"sonic"	-72754	"HDX*"	"-"	111822	"HDX"	"-"	"HDX"	"-"	-1757819	"DACH2"	"+"	"*"	"HDX"
"chr1"	116780662	116780662	1	"+"	"chr1+116780662"	2	2.25068083095136e-05	2095	"Polyclonal_50pct"	"sonic"	11433	"CD2"	"+"	26233	"CD2"	"+"	"FALSE"	""	423174	"VTCN1"	"-"	""	"CD2"
"chr1"	146906988	146906988	1	"+"	"chr1+146906988"	2	2.25068083095136e-05	2095	"Polyclonal_50pct"	"sonic"	-31556	"NBPF12"	"+"	-31556	"NBPF12"	"+"	"FALSE"	""	-634512	"BCL9"	"+"	""	"NBPF12"
"chr1"	149411259	149411259	1	"+"	"chr1+149411259"	2	2.25068083095136e-05	2095	"Polyclonal_50pct"	"sonic"	20622	"NOTCH2NLC*"	"+"	20622	"NOTCH2NLC"	"+"	"NOTCH2NLC"	"+"	458803	"PDE4DIP"	"+"	"*"	"NOTCH2NLC"
"chr1"	155023912	155023912	1	"+"	"chr1+155023912"	2	2.25068083095136e-05	2095	"Polyclonal_50pct"	"sonic"	-5386	"DCST2*"	"-"	9869	"DCST2"	"-"	"DCST2"	"-"	49232	"CKS1B"	"+"	"*"	"DCST2"
"chr1"	155387015	155387015	1	"+"	"chr1+155387015"	2	2.25068083095136e-05	2095	"Polyclonal_50pct"	"sonic"	-51748	"ASH1L*"	"-"	-40570	"MIR555"	"-"	"ASH1L"	"-"	-179034	"THBS3"	"-"	"*"	"ASH1L"
"chr1"	155623544	155623544	1	"+"	"chr1+155623544"	2	2.25068083095136e-05	2095	"Polyclonal_50pct"	"sonic"	8577	"MSTO1"	"+"	13327	"MSTO1"	"+"	"FALSE"	""	354631	"ARHGEF2"	"-"	""	"MSTO1"
"chr1"	160573287	160573287	1	"+"	"chr1+160573287"	2	2.25068083095136e-05	2095	"Polyclonal_50pct"	"sonic"	6209	"CD84*"	"-"	6209	"CD84"	"-"	"CD84"	"-"	-50032	"SLAMF6"	"-"	"*"	"CD84"
"chr1"	172567883	172567883	1	"+"	"chr1+172567883"	2	2.25068083095136e-05	2095	"Polyclonal_50pct"	"sonic"	34734	"SUCO*"	"+"	34734	"SUCO"	"+"	"SUCO"	"+"	483058	"TNFSF18"	"-"	"*"	"SUCO"
"chr1"	183500719	183500719	1	"+"	"chr1+183500719"	2	2.25068083095136e-05	2095	"Polyclonal_50pct"	"sonic"	28221	"SMG7*"	"+"	28221	"SMG7"	"+"	"SMG7"	"+"	-135389	"RGL1"	"+"	"*"	"SMG7"
"chr1"	187831350	187831350	1	"+"	"chr1+187831350"	2	2.25068083095136e-05	2095	"Polyclonal_50pct"	"sonic"	354128	"LINC01037"	"+"	387723	"LINC01037"	"+"	"FALSE"	""	1002402	"PLA2G4A"	"+"	""	"LINC01037"
"chr1"	192341301	192341301	1	"+"	"chr1+192341301"	2	2.25068083095136e-05	2095	"Polyclonal_50pct"	"sonic"	24310	"RGS21*"	"+"	24310	"RGS21"	"+"	"RGS21"	"+"	-234471	"RGS1"	"+"	"*"	"RGS21"
"chr1"	192520930	192520930	1	"+"	"chr1+192520930"	2	2.25068083095136e-05	2095	"Polyclonal_50pct"	"sonic"	-54842	"RGS1"	"+"	-54842	"RGS1"	"+"	"FALSE"	""	-54842	"RGS1"	"+"	""	"RGS1"
"chr1"	195773612	195773612	1	"+"	"chr1+195773612"	2	2.25068083095136e-05	2095	"Polyclonal_50pct"	"sonic"	271267	"LINC01724"	"-"	315103	"LINC01724"	"-"	"FALSE"	""	1373057	"ASPM"	"-"	""	"LINC01724"
"chr1"	219278829	219278829	1	"+"	"chr1+219278829"	2	2.25068083095136e-05	2095	"Polyclonal_50pct"	"sonic"	65964	"LYPLAL1"	"+"	103861	"LYPLAL1"	"+"	"FALSE"	""	933494	"TGFB2"	"+"	""	"LYPLAL1"
"chr1"	223415244	223415244	1	"+"	"chr1+223415244"	2	2.25068083095136e-05	2095	"Polyclonal_50pct"	"sonic"	19779	"CCDC185"	"+"	21830	"CCDC185"	"+"	"FALSE"	""	430703	"TP53BP2"	"-"	""	"CCDC185"
"chr1"	239424864	239424864	1	"+"	"chr1+239424864"	2	2.25068083095136e-05	2095	"Polyclonal_50pct"	"sonic"	38297	"CHRM3*"	"+"	38297	"CHRM3"	"+"	"CHRM3"	"+"	2094891	"FH"	"-"	"*"	"CHRM3"
"chr1"	239736115	239736115	1	"+"	"chr1+239736115"	2	2.25068083095136e-05	2095	"Polyclonal_50pct"	"sonic"	107043	"CHRM3*"	"+"	-16996	"CHRM3-AS2"	"-"	"CHRM3"	"+"	1783640	"FH"	"-"	"*"	"CHRM3"
"chr1"	240319095	240319095	1	"+"	"chr1+240319095"	2	2.25068083095136e-05	2095	"Polyclonal_50pct"	"sonic"	-156090	"FMN2*"	"+"	227213	"FMN2"	"+"	"FMN2"	"+"	1200660	"FH"	"-"	"*"	"FMN2"
"chr1"	27455218	27455218	1	"+"	"chr1+27455218"	2	2.25068083095136e-05	2095	"Polyclonal_50pct"	"sonic"	34949	"WASF2~*"	"-"	34949	"WASF2"	"-"	"WASF2"	"-"	34949	"WASF2"	"-"	"~*"	"WASF2"
"chr1"	27749269	27749269	1	"+"	"chr1+27749269"	2	2.25068083095136e-05	2095	"Polyclonal_50pct"	"sonic"	-13847	"FAM76A*"	"+"	23309	"FAM76A"	"+"	"FAM76A"	"+"	-114084	"FGR"	"-"	"*"	"FAM76A"
"chr1"	30950502	30950502	1	"+"	"chr1+30950502"	2	2.25068083095136e-05	2095	"Polyclonal_50pct"	"sonic"	-18997	"PUM1*"	"-"	-1297	"SNORD103A,SNORD103B"	"-"	"PUM1"	"-"	-41744	"SDC3"	"-"	"*"	"PUM1"
"chr1"	36231108	36231108	1	"+"	"chr1+36231108"	2	2.25068083095136e-05	2095	"Polyclonal_50pct"	"sonic"	6666	"THRAP3~*"	"+"	6666	"THRAP3"	"+"	"THRAP3"	"+"	6666	"THRAP3"	"+"	"~*"	"THRAP3"
"chr1"	45851380	45851380	1	"+"	"chr1+45851380"	2	2.25068083095136e-05	2095	"Polyclonal_50pct"	"sonic"	47768	"MAST2*"	"+"	-12967	"MAST2"	"+"	"MAST2"	"+"	-323706	"TSPAN1"	"+"	"*"	"MAST2"
"chr1"	62659359	62659359	1	"+"	"chr1+62659359"	2	2.25068083095136e-05	2095	"Polyclonal_50pct"	"sonic"	29009	"DOCK7*"	"-"	29009	"DOCK7"	"-"	"DOCK7"	"-"	2307190	"JAK1"	"-"	"*"	"DOCK7"
"chr1"	77156231	77156231	1	"+"	"chr1+77156231"	2	2.25068083095136e-05	2095	"Polyclonal_50pct"	"sonic"	63199	"PIGK*"	"-"	63199	"PIGK"	"-"	"PIGK"	"-"	822841	"FUBP1"	"-"	"*"	"PIGK"
"chr1"	81765251	81765251	1	"+"	"chr1+81765251"	2	2.25068083095136e-05	2095	"Polyclonal_50pct"	"sonic"	65482	"ADGRL2*"	"+"	-35124	"ADGRL2"	"+"	"ADGRL2"	"+"	3511381	"BCL10"	"-"	"*"	"ADGRL2"
"chr1"	88997669	88997669	1	"+"	"chr1+88997669"	2	2.25068083095136e-05	2095	"Polyclonal_50pct"	"sonic"	-4709	"KYAT3,RBMXL1"	"-"	-4709	"KYAT3,RBMXL1"	"-"	"FALSE"	""	67539	"GBP1"	"-"	""	"KYAT3,RBMXL1"
"chr1"	93324391	93324391	1	"+"	"chr1+93324391"	2	2.25068083095136e-05	2095	"Polyclonal_50pct"	"sonic"	-14283	"CCDC18-AS1*"	"-"	21420	"CCDC18-AS1"	"-"	"CCDC18-AS1"	"-"	-837466	"GFI1"	"-"	"*"	"CCDC18-AS1"
"chr1"	96305566	96305566	1	"+"	"chr1+96305566"	2	2.25068083095136e-05	2095	"Polyclonal_50pct"	"sonic"	-51498	"LINC01787*"	"-"	68559	"LINC01787"	"-"	"LINC01787"	"-"	-1232615	"ALG14"	"-"	"*"	"LINC01787"
"chr1"	97853235	97853235	1	"+"	"chr1+97853235"	2	2.25068083095136e-05	2095	"Polyclonal_50pct"	"sonic"	67799	"DPYD*"	"-"	56315	"DPYD-AS2"	"+"	"DPYD"	"-"	-2780284	"ALG14"	"-"	"*"	"DPYD"
"chr1"	99557285	99557285	1	"+"	"chr1+99557285"	2	2.25068083095136e-05	2095	"Polyclonal_50pct"	"sonic"	-40302	"MIR548N*"	"-"	-69481	"LINC01708"	"-"	"MIR548N"	"-"	3551211	"COL11A1"	"-"	"*"	"MIR548N"
"chr1"	10586790	10586790	1	"-"	"chr1-10586790"	2	2.25068083095136e-05	2095	"Polyclonal_50pct"	"sonic"	-43968	"PEX14*"	"+"	111841	"PEX14"	"+"	"PEX14"	"+"	675761	"MTOR"	"-"	"*"	"PEX14"
"chr1"	144446546	144446546	1	"-"	"chr1-144446546"	2	2.25068083095136e-05	2095	"Polyclonal_50pct"	"sonic"	15123	"NBPF15*"	"-"	15123	"NBPF15"	"-"	"NBPF15"	"-"	1412535	"PIAS3"	"-"	"*"	"NBPF15"
"chr1"	148133443	148133443	1	"-"	"chr1-148133443"	2	2.25068083095136e-05	2095	"Polyclonal_50pct"	"sonic"	18838	"NBPF11*"	"-"	18838	"NBPF11"	"-"	"NBPF11"	"-"	591943	"BCL9"	"+"	"*"	"NBPF11"
"chr1"	156775426	156775426	1	"-"	"chr1-156775426"	2	2.25068083095136e-05	2095	"Polyclonal_50pct"	"sonic"	7892	"PRCC~*"	"+"	7892	"PRCC"	"+"	"PRCC"	"+"	7892	"PRCC"	"+"	"~*"	"PRCC"
"chr1"	15861901	15861901	1	"-"	"chr1-15861901"	2	2.25068083095136e-05	2095	"Polyclonal_50pct"	"sonic"	14195	"SPEN*"	"+"	-13754	"FLJ37453"	"-"	"SPEN"	"+"	294168	"EPHA2"	"-"	"*"	"SPEN"
"chr1"	180823869	180823869	1	"-"	"chr1-180823869"	2	2.25068083095136e-05	2095	"Polyclonal_50pct"	"sonic"	-15001	"XPR1*"	"+"	-89027	"KIAA1614"	"+"	"XPR1"	"+"	-1594185	"ABL2"	"-"	"*"	"XPR1"
"chr1"	1828005	1828005	1	"-"	"chr1-1828005"	2	2.25068083095136e-05	2095	"Polyclonal_50pct"	"sonic"	-42720	"GNB1*"	"-"	-47974	"NADK"	"-"	"GNB1"	"-"	-103648	"CDK11A"	"-"	"*"	"GNB1"
"chr1"	186328540	186328540	1	"-"	"chr1-186328540"	2	2.25068083095136e-05	2095	"Polyclonal_50pct"	"sonic"	-16887	"TPR~*"	"-"	32262	"PRG4"	"+"	"TPR"	"-"	32262	"PRG4"	"+"	"~*"	"TPR"
"chr1"	191857543	191857543	1	"-"	"chr1-191857543"	2	2.25068083095136e-05	2095	"Polyclonal_50pct"	"sonic"	-300918	"RGS18"	"+"	-300918	"RGS18"	"+"	"FALSE"	""	-718229	"RGS1"	"+"	""	"RGS18"
"chr1"	192636229	192636229	1	"-"	"chr1-192636229"	2	2.25068083095136e-05	2095	"Polyclonal_50pct"	"sonic"	83	"RGS13*"	"+"	83	"RGS13"	"+"	"RGS13"	"+"	60457	"RGS1"	"+"	"*"	"RGS13"
"chr1"	201166254	201166254	1	"-"	"chr1-201166254"	2	2.25068083095136e-05	2095	"Polyclonal_50pct"	"sonic"	5328	"TMEM9*"	"-"	5328	"TMEM9"	"-"	"TMEM9"	"-"	-482067	"NAV1"	"+"	"*"	"TMEM9"
"chr1"	206090099	206090099	1	"-"	"chr1-206090099"	2	2.25068083095136e-05	2095	"Polyclonal_50pct"	"sonic"	6505	"RHEX*"	"+"	6505	"RHEX"	"+"	"RHEX"	"+"	-409590	"SLC45A3"	"-"	"*"	"RHEX"
"chr1"	211672510	211672510	1	"-"	"chr1-211672510"	2	2.25068083095136e-05	2095	"Polyclonal_50pct"	"sonic"	3111	"NEK2*"	"-"	3111	"NEK2"	"-"	"NEK2"	"-"	-538362	"KCNH1"	"-"	"*"	"NEK2"
"chr1"	211762489	211762489	1	"-"	"chr1-211762489"	2	2.25068083095136e-05	2095	"Polyclonal_50pct"	"sonic"	-19033	"LPGAT1*"	"-"	-67147	"LPGAT1-AS1"	"+"	"LPGAT1"	"-"	-628341	"KCNH1"	"-"	"*"	"LPGAT1"
"chr1"	222992143	222992143	1	"-"	"chr1-222992143"	2	2.25068083095136e-05	2095	"Polyclonal_50pct"	"sonic"	-13852	"DISP1*"	"+"	63720	"DISP1"	"+"	"DISP1"	"+"	853804	"TP53BP2"	"-"	"*"	"DISP1"
"chr1"	227983635	227983635	1	"-"	"chr1-227983635"	2	2.25068083095136e-05	2095	"Polyclonal_50pct"	"sonic"	15715	"LOC107985355"	"+"	16625	"LOC107985355"	"+"	"FALSE"	""	-23362	"WNT3A"	"+"	""	"LOC107985355"
"chr1"	231407361	231407361	1	"-"	"chr1-231407361"	2	2.25068083095136e-05	2095	"Polyclonal_50pct"	"sonic"	14926	"EGLN1~*"	"-"	14926	"EGLN1"	"-"	"EGLN1"	"-"	14926	"EGLN1"	"-"	"~*"	"EGLN1"
"chr1"	238548402	238548402	1	"-"	"chr1-238548402"	2	2.25068083095136e-05	2095	"Polyclonal_50pct"	"sonic"	-62385	"LINC01139"	"-"	-62385	"LINC01139"	"-"	"FALSE"	""	2971353	"FH"	"-"	""	"LINC01139"
"chr1"	39427984	39427984	1	"-"	"chr1-39427984"	2	2.25068083095136e-05	2095	"Polyclonal_50pct"	"sonic"	-59154	"MACF1~*"	"+"	18912	"KIAA0754"	"+"	"MACF1"	"+"	343818	"MACF1"	"+"	"~*"	"MACF1"
"chr1"	58031751	58031751	1	"-"	"chr1-58031751"	2	2.25068083095136e-05	2095	"Polyclonal_50pct"	"sonic"	218752	"DAB1*"	"-"	171171	"DAB1-AS1"	"+"	"DAB1"	"-"	545501	"TACSTD2"	"-"	"*"	"DAB1"
"chr1"	64794769	64794769	1	"-"	"chr1-64794769"	2	2.25068083095136e-05	2095	"Polyclonal_50pct"	"sonic"	-38462	"RAVER2*"	"+"	49695	"RAVER2"	"+"	"RAVER2"	"+"	171780	"JAK1"	"-"	"*"	"RAVER2"
"chr1"	66184446	66184446	1	"-"	"chr1-66184446"	2	2.25068083095136e-05	2095	"Polyclonal_50pct"	"sonic"	-190128	"PDE4B*"	"+"	-133728	"PDE4B-AS1"	"-"	"PDE4B"	"+"	-740448	"MIER1"	"+"	"*"	"PDE4B"
"chr1"	81791441	81791441	1	"-"	"chr1-81791441"	2	2.25068083095136e-05	2095	"Polyclonal_50pct"	"sonic"	91672	"ADGRL2*"	"+"	-8934	"ADGRL2"	"+"	"ADGRL2"	"+"	3485191	"BCL10"	"-"	"*"	"ADGRL2"
"chr1"	92014720	92014720	1	"-"	"chr1-92014720"	2	2.25068083095136e-05	2095	"Polyclonal_50pct"	"sonic"	292	"BRDT"	"+"	-15264	"EPHX4"	"+"	"FALSE"	""	-108718	"TGFBR3"	"-"	""	"BRDT"
"chr1"	97437242	97437242	1	"-"	"chr1-97437242"	2	2.25068083095136e-05	2095	"Polyclonal_50pct"	"sonic"	-359499	"DPYD*"	"-"	341320	"DPYD-AS1"	"+"	"DPYD"	"-"	-2364291	"ALG14"	"-"	"*"	"DPYD"
"chr1"	98744129	98744129	1	"-"	"chr1-98744129"	2	2.25068083095136e-05	2095	"Polyclonal_50pct"	"sonic"	-16371	"SNX7*"	"+"	82409	"SNX7"	"+"	"SNX7"	"+"	-3671178	"ALG14"	"-"	"*"	"SNX7"
"chr10"	18761872	18761872	1	"+"	"chr10+18761872"	2	2.25068083095136e-05	2095	"Polyclonal_50pct"	"sonic"	80233	"ARL5B"	"+"	102442	"ARL5B"	"+"	"FALSE"	""	952525	"MRC1"	"+"	""	"ARL5B"
"chr10"	19725474	19725474	1	"+"	"chr10+19725474"	2	2.25068083095136e-05	2095	"Polyclonal_50pct"	"sonic"	3076	"LOC101928834*"	"-"	3076	"LOC101928834"	"-"	"MALRD1,LOC101928834"	"+,-"	-1807874	"MLLT10"	"+"	"*"	"LOC101928834"
"chr10"	27884288	27884288	1	"+"	"chr10+27884288"	2	2.25068083095136e-05	2095	"Polyclonal_50pct"	"sonic"	-72121	"ARMC4*"	"-"	97583	"ARMC4"	"-"	"ARMC4"	"-"	-1023201	"ABI1"	"-"	"*"	"ARMC4"
"chr10"	32026669	32026669	1	"+"	"chr10+32026669"	2	2.25068083095136e-05	2095	"Polyclonal_50pct"	"sonic"	-17654	"KIF5B*"	"-"	29756	"KIF5B"	"-"	"KIF5B"	"-"	1592024	"MAP3K8"	"+"	"*"	"KIF5B"
"chr10"	48851196	48851196	1	"+"	"chr10+48851196"	2	2.25068083095136e-05	2095	"Polyclonal_50pct"	"sonic"	-131760	"WDFY4*"	"+"	74091	"LRRC18"	"-"	"WDFY4"	"+"	449585	"MAPK8"	"+"	"*"	"WDFY4"
"chr10"	52229364	52229364	1	"+"	"chr10+52229364"	2	2.25068083095136e-05	2095	"Polyclonal_50pct"	"sonic"	-68986	"PRKG1*"	"+"	84764	"PRKG1-AS1"	"-"	"PRKG1"	"+"	-84916	"DKK1"	"+"	"*"	"PRKG1"
"chr10"	56648299	56648299	1	"+"	"chr10+56648299"	2	2.25068083095136e-05	2095	"Polyclonal_50pct"	"sonic"	-287026	"ZWINT"	"-"	-287026	"ZWINT"	"-"	"FALSE"	""	3258257	"CCDC6"	"-"	""	"ZWINT"
"chr10"	65138956	65138956	1	"+"	"chr10+65138956"	2	2.25068083095136e-05	2095	"Polyclonal_50pct"	"sonic"	-214438	"LINC02671"	"-"	-214438	"LINC02671"	"-"	"FALSE"	""	-2745699	"SIRT1"	"+"	""	"LINC02671"
"chr10"	7950224	7950224	1	"+"	"chr10+7950224"	2	2.25068083095136e-05	2095	"Polyclonal_50pct"	"sonic"	-66407	"TAF3*"	"+"	102267	"GATA3-AS1"	"-"	"TAF3"	"+"	-104463	"GATA3"	"+"	"*"	"TAF3"
"chr10"	89456911	89456911	1	"+"	"chr10+89456911"	2	2.25068083095136e-05	2095	"Polyclonal_50pct"	"sonic"	921	"SLC16A12-AS1*"	"+"	921	"SLC16A12-AS1"	"+"	"SLC16A12,SLC16A12-AS1"	"-,+"	465481	"FAS"	"+"	"*"	"SLC16A12-AS1"
"chr10"	94449821	94449821	1	"+"	"chr10+94449821"	2	2.25068083095136e-05	2095	"Polyclonal_50pct"	"sonic"	47281	"TBC1D12*"	"+"	47281	"TBC1D12"	"+"	"TBC1D12"	"+"	691886	"LGI1"	"+"	"*"	"TBC1D12"
"chr10"	103297746	103297746	1	"-"	"chr10-103297746"	2	2.25068083095136e-05	2095	"Polyclonal_50pct"	"sonic"	5049	"PCGF6"	"-"	20609	"INA"	"+"	"FALSE"	""	793775	"SUFU"	"+"	""	"PCGF6"
"chr10"	107103486	107103486	1	"-"	"chr10-107103486"	2	2.25068083095136e-05	2095	"Polyclonal_50pct"	"sonic"	61220	"SORCS1*"	"-"	61220	"SORCS1"	"-"	"SORCS1"	"-"	-2892886	"ADD3"	"+"	"*"	"SORCS1"
"chr10"	114812678	114812678	1	"-"	"chr10-114812678"	2	2.25068083095136e-05	2095	"Polyclonal_50pct"	"sonic"	-9101	"FAM160B1"	"+"	-9101	"FAM160B1"	"+"	"FALSE"	""	1683408	"TCF7L2"	"+"	""	"FAM160B1"
"chr10"	11947165	11947165	1	"-"	"chr10-11947165"	2	2.25068083095136e-05	2095	"Polyclonal_50pct"	"sonic"	-27144	"UPF2*"	"-"	-52455	"PROSER2-AS1"	"-"	"UPF2"	"-"	3892478	"GATA3"	"+"	"*"	"UPF2"
"chr10"	121802348	121802348	1	"-"	"chr10-121802348"	2	2.25068083095136e-05	2095	"Polyclonal_50pct"	"sonic"	-61925	"ATE1*"	"-"	125683	"ATE1"	"-"	"ATE1"	"-"	-203890	"FGFR2"	"-"	"*"	"ATE1"
"chr10"	221944	221944	1	"-"	"chr10-221944"	2	2.25068083095136e-05	2095	"Polyclonal_50pct"	"sonic"	-27845	"ZMYND11*"	"+"	41951	"ZMYND11"	"+"	"ZMYND11"	"+"	467724	"DIP2C"	"-"	"*"	"ZMYND11"
"chr10"	25298319	25298319	1	"-"	"chr10-25298319"	2	2.25068083095136e-05	2095	"Polyclonal_50pct"	"sonic"	123319	"GPR158*"	"+"	-122043	"GPR158-AS1"	"-"	"GPR158"	"+"	1562639	"ABI1"	"-"	"*"	"GPR158"
"chr10"	29244860	29244860	1	"-"	"chr10-29244860"	2	2.25068083095136e-05	2095	"Polyclonal_50pct"	"sonic"	-44209	"LYZL1"	"+"	-44209	"LYZL1"	"+"	"FALSE"	""	-1189160	"MAP3K8"	"+"	""	"LYZL1"
"chr10"	51731799	51731799	1	"-"	"chr10-51731799"	2	2.25068083095136e-05	2095	"Polyclonal_50pct"	"sonic"	-331066	"PRKG1*"	"+"	-32204	"CSTF2T"	"-"	"PRKG1"	"+"	-582481	"DKK1"	"+"	"*"	"PRKG1"
"chr10"	51840694	51840694	1	"-"	"chr10-51840694"	2	2.25068083095136e-05	2095	"Polyclonal_50pct"	"sonic"	-222171	"PRKG1*"	"+"	-141099	"CSTF2T"	"-"	"PRKG1"	"+"	-473586	"DKK1"	"+"	"*"	"PRKG1"
"chr10"	53814105	53814105	1	"-"	"chr10-53814105"	2	2.25068083095136e-05	2095	"Polyclonal_50pct"	"sonic"	-6036	"PCDH15*"	"-"	-672124	"LOC105378311"	"+"	"PCDH15"	"-"	1499825	"DKK1"	"+"	"*"	"PCDH15"
"chr10"	5970241	5970241	1	"-"	"chr10-5970241"	2	2.25068083095136e-05	2095	"Polyclonal_50pct"	"sonic"	7302	"IL15RA*"	"-"	-1313	"IL15RA"	"-"	"IL15RA"	"-"	92126	"IL2RA"	"-"	"*"	"IL15RA"
"chr10"	68346082	68346082	1	"-"	"chr10-68346082"	2	2.25068083095136e-05	2095	"Polyclonal_50pct"	"sonic"	-2565	"RUFY2*"	"-"	-13154	"PBLD"	"-"	"RUFY2"	"-"	-214254	"TET1"	"+"	"*"	"RUFY2"
"chr11"	107836241	107836241	1	"+"	"chr11+107836241"	2	2.25068083095136e-05	2095	"Polyclonal_50pct"	"sonic"	22546	"SLC35F2*"	"-"	22546	"SLC35F2"	"-"	"SLC35F2"	"-"	-386590	"ATM"	"+"	"*"	"SLC35F2"
"chr11"	125565846	125565846	1	"+"	"chr11+125565846"	2	2.25068083095136e-05	2095	"Polyclonal_50pct"	"sonic"	-3630	"EI24"	"+"	-3630	"EI24"	"+"	"FALSE"	""	891943	"SPA17"	"+"	""	"EI24"
"chr11"	21691186	21691186	1	"+"	"chr11+21691186"	2	2.25068083095136e-05	2095	"Polyclonal_50pct"	"sonic"	115503	"NELL1"	"+"	-501898	"ANO5"	"+"	"FALSE"	""	934637	"FANCF"	"-"	""	"NELL1"
"chr11"	22188330	22188330	1	"+"	"chr11+22188330"	2	2.25068083095136e-05	2095	"Polyclonal_50pct"	"sonic"	-4754	"ANO5"	"+"	-4754	"ANO5"	"+"	"FALSE"	""	437493	"FANCF"	"-"	""	"ANO5"
"chr11"	24262625	24262625	1	"+"	"chr11+24262625"	2	2.25068083095136e-05	2095	"Polyclonal_50pct"	"sonic"	-234427	"LUZP2"	"+"	-234427	"LUZP2"	"+"	"FALSE"	""	-1636802	"FANCF"	"-"	""	"LUZP2"
"chr11"	25962540	25962540	1	"+"	"chr11+25962540"	2	2.25068083095136e-05	2095	"Polyclonal_50pct"	"sonic"	-226582	"ANO3"	"+"	-226582	"ANO3"	"+"	"FALSE"	""	-3336717	"FANCF"	"-"	""	"ANO3"
"chr11"	43768993	43768993	1	"+"	"chr11+43768993"	2	2.25068083095136e-05	2095	"Polyclonal_50pct"	"sonic"	-87619	"HSD17B12*"	"+"	88256	"HSD17B12"	"+"	"HSD17B12"	"+"	-297276	"ACCS"	"+"	"*"	"HSD17B12"
"chr11"	59644291	59644291	1	"+"	"chr11+59644291"	2	2.25068083095136e-05	2095	"Polyclonal_50pct"	"sonic"	-7576	"PATL1*"	"-"	24746	"PATL1"	"-"	"PATL1"	"-"	-1327388	"CD6"	"+"	"*"	"PATL1"
"chr11"	62183593	62183593	1	"+"	"chr11+62183593"	2	2.25068083095136e-05	2095	"Polyclonal_50pct"	"sonic"	-6622	"SCGB1D1"	"+"	-6622	"SCGB1D1"	"+"	"FALSE"	""	390683	"FEN1"	"+"	""	"SCGB1D1"
"chr11"	66063391	66063391	1	"+"	"chr11+66063391"	2	2.25068083095136e-05	2095	"Polyclonal_50pct"	"sonic"	-5917	"SF3B2*"	"+"	-6880	"PACS1"	"+"	"SF3B2"	"+"	51384	"CST6"	"+"	"*"	"SF3B2"
"chr11"	66536136	66536136	1	"+"	"chr11+66536136"	2	2.25068083095136e-05	2095	"Polyclonal_50pct"	"sonic"	-511	"ZDHHC24*"	"-"	9912	"ZDHHC24"	"-"	"ZDHHC24"	"-"	-191032	"BRMS1"	"-"	"*"	"ZDHHC24"
"chr11"	68001350	68001350	1	"+"	"chr11+68001350"	2	2.25068083095136e-05	2095	"Polyclonal_50pct"	"sonic"	2747	"UNC93B1*"	"-"	2747	"UNC93B1"	"-"	"UNC93B1"	"-"	-37674	"TCIRG1"	"+"	"*"	"UNC93B1"
"chr11"	73069233	73069233	1	"+"	"chr11+73069233"	2	2.25068083095136e-05	2095	"Polyclonal_50pct"	"sonic"	73085	"FCHSD2*"	"-"	73085	"FCHSD2"	"-"	"FCHSD2"	"-"	-577347	"PLEKHB1"	"+"	"*"	"FCHSD2"
"chr11"	73125980	73125980	1	"+"	"chr11+73125980"	2	2.25068083095136e-05	2095	"Polyclonal_50pct"	"sonic"	16338	"FCHSD2*"	"-"	16338	"FCHSD2"	"-"	"FCHSD2"	"-"	-520600	"PLEKHB1"	"+"	"*"	"FCHSD2"
"chr11"	80007863	80007863	1	"+"	"chr11+80007863"	2	2.25068083095136e-05	2095	"Polyclonal_50pct"	"sonic"	-566833	"TENM4"	"-"	-566833	"TENM4"	"-"	"FALSE"	""	-1590043	"GAB2"	"-"	""	"TENM4"
"chr11"	114465728	114465728	1	"-"	"chr11-114465728"	2	2.25068083095136e-05	2095	"Polyclonal_50pct"	"sonic"	15450	"REXO2"	"+"	26262	"REXO2"	"+"	"FALSE"	""	169330	"NNMT"	"+"	""	"REXO2"
"chr11"	125603486	125603486	1	"-"	"chr11-125603486"	2	2.25068083095136e-05	2095	"Polyclonal_50pct"	"sonic"	10635	"STT3A*"	"+"	10635	"STT3A"	"+"	"STT3A"	"+"	929583	"SPA17"	"+"	"*"	"STT3A"
"chr11"	26074947	26074947	1	"-"	"chr11-26074947"	2	2.25068083095136e-05	2095	"Polyclonal_50pct"	"sonic"	-114175	"ANO3"	"+"	-114175	"ANO3"	"+"	"FALSE"	""	-3449124	"FANCF"	"-"	""	"ANO3"
"chr11"	26531093	26531093	1	"-"	"chr11-26531093"	2	2.25068083095136e-05	2095	"Polyclonal_50pct"	"sonic"	57192	"ANO3*"	"+"	41170	"MUC15"	"-"	"ANO3"	"+"	-3905270	"FANCF"	"-"	"*"	"ANO3"
"chr11"	32565713	32565713	1	"-"	"chr11-32565713"	2	2.25068083095136e-05	2095	"Polyclonal_50pct"	"sonic"	-18117	"EIF3M"	"+"	-18117	"EIF3M"	"+"	"FALSE"	""	-130174	"WT1"	"-"	""	"EIF3M"
"chr11"	32699326	32699326	1	"-"	"chr11-32699326"	2	2.25068083095136e-05	2095	"Polyclonal_50pct"	"sonic"	95332	"CCDC73*"	"-"	95332	"CCDC73"	"-"	"CCDC73"	"-"	-263787	"WT1"	"-"	"*"	"CCDC73"
"chr11"	43122418	43122418	1	"-"	"chr11-43122418"	2	2.25068083095136e-05	2095	"Polyclonal_50pct"	"sonic"	139085	"HNRNPKP3"	"-"	146951	"HNRNPKP3"	"-"	"FALSE"	""	-943851	"ACCS"	"+"	""	"HNRNPKP3"
"chr11"	56171365	56171365	1	"-"	"chr11-56171365"	2	2.25068083095136e-05	2095	"Polyclonal_50pct"	"sonic"	-5252	"OR5J2"	"+"	-5252	"OR5J2"	"+"	"FALSE"	""	1065885	"APLNR"	"-"	""	"OR5J2"
"chr11"	58173991	58173991	1	"-"	"chr11-58173991"	2	2.25068083095136e-05	2095	"Polyclonal_50pct"	"sonic"	-7621	"OR9Q1*"	"+"	-16442	"OR9Q2"	"+"	"OR9Q1"	"+"	412190	"CTNND1"	"+"	"*"	"OR9Q1"
"chr11"	62363699	62363699	1	"-"	"chr11-62363699"	2	2.25068083095136e-05	2095	"Polyclonal_50pct"	"sonic"	26252	"ASRGL1*"	"+"	26252	"ASRGL1"	"+"	"ASRGL1"	"+"	570789	"FEN1"	"+"	"*"	"ASRGL1"
"chr11"	63588252	63588252	1	"-"	"chr11-63588252"	2	2.25068083095136e-05	2095	"Polyclonal_50pct"	"sonic"	-13782	"PLAAT3*"	"-"	-24873	"PLAAT2"	"-"	"PLAAT3"	"-"	577861	"MACROD1"	"-"	"*"	"PLAAT3"
"chr11"	65423688	65423688	1	"-"	"chr11-65423688"	2	2.25068083095136e-05	2095	"Polyclonal_50pct"	"sonic"	891	"NEAT1*"	"+"	891	"NEAT1"	"+"	"NEAT1"	"+"	37052	"FRMD8"	"+"	"*"	"NEAT1"
"chr11"	78479799	78479799	1	"-"	"chr11-78479799"	2	2.25068083095136e-05	2095	"Polyclonal_50pct"	"sonic"	-43832	"NARS2*"	"-"	-49963	"LINC02728"	"-"	"NARS2"	"-"	-61979	"GAB2"	"-"	"*"	"NARS2"
"chr11"	79483103	79483103	1	"-"	"chr11-79483103"	2	2.25068083095136e-05	2095	"Polyclonal_50pct"	"sonic"	-42073	"TENM4"	"-"	-42073	"TENM4"	"-"	"FALSE"	""	-1065283	"GAB2"	"-"	""	"TENM4"
"chr11"	83709093	83709093	1	"-"	"chr11-83709093"	2	2.25068083095136e-05	2095	"Polyclonal_50pct"	"sonic"	15832	"DLG2*"	"-"	15832	"DLG2"	"-"	"DLG2"	"-"	2359991	"PICALM"	"-"	"*"	"DLG2"
"chr11"	93255670	93255670	1	"-"	"chr11-93255670"	2	2.25068083095136e-05	2095	"Polyclonal_50pct"	"sonic"	-57679	"SLC36A4"	"-"	-57679	"SLC36A4"	"-"	"FALSE"	""	3087525	"MAML2"	"-"	""	"SLC36A4"
"chr11"	94205734	94205734	1	"-"	"chr11-94205734"	2	2.25068083095136e-05	2095	"Polyclonal_50pct"	"sonic"	23766	"PANX1"	"+"	76894	"PANX1"	"+"	"FALSE"	""	2137461	"MAML2"	"-"	""	"PANX1"
"chr12"	106829842	106829842	1	"+"	"chr12+106829842"	2	2.25068083095136e-05	2095	"Polyclonal_50pct"	"sonic"	55161	"RIC8B*"	"+"	-55011	"LOC100287944"	"-"	"RIC8B"	"+"	1873156	"CORO1C"	"-"	"*"	"RIC8B"
"chr12"	112003590	112003590	1	"+"	"chr12+112003590"	2	2.25068083095136e-05	2095	"Polyclonal_50pct"	"sonic"	9575	"TMEM116*"	"-"	9575	"TMEM116"	"-"	"TMEM116"	"-"	236658	"ALDH2"	"+"	"*"	"TMEM116"
"chr12"	114820934	114820934	1	"+"	"chr12+114820934"	2	2.25068083095136e-05	2095	"Polyclonal_50pct"	"sonic"	-136759	"TBX3"	"-"	-136759	"TBX3"	"-"	"FALSE"	""	2401988	"PTPN11"	"+"	""	"TBX3"
"chr12"	15101249	15101249	1	"+"	"chr12+15101249"	2	2.25068083095136e-05	2095	"Polyclonal_50pct"	"sonic"	6533	"RERG"	"-"	-50673	"RERG-AS1"	"+"	"FALSE"	""	688139	"EPS8"	"-"	""	"RERG"
"chr12"	17259322	17259322	1	"+"	"chr12+17259322"	2	2.25068083095136e-05	2095	"Polyclonal_50pct"	"sonic"	268694	"SKP1P2"	"+"	270576	"SKP1P2"	"+"	"FALSE"	""	270576	"SKP1P2"	"+"	""	"SKP1P2"
"chr12"	19506906	19506906	1	"+"	"chr12+19506906"	2	2.25068083095136e-05	2095	"Polyclonal_50pct"	"sonic"	-15321	"AEBP2*"	"+"	66308	"AEBP2"	"+"	"AEBP2"	"+"	1994729	"RECQL"	"-"	"*"	"AEBP2"
"chr12"	28334307	28334307	1	"+"	"chr12+28334307"	2	2.25068083095136e-05	2095	"Polyclonal_50pct"	"sonic"	143852	"CCDC91*"	"+"	-143569	"LOC729291"	"-"	"CCDC91"	"+"	-361574	"PTHLH"	"-"	"*"	"CCDC91"
"chr12"	46458136	46458136	1	"+"	"chr12+46458136"	2	2.25068083095136e-05	2095	"Polyclonal_50pct"	"sonic"	74030	"LOC100288798*"	"+"	74030	"LOC100288798"	"+"	"LOC100288798"	"+"	-85363	"SLC38A2"	"-"	"*"	"LOC100288798"
"chr12"	48366076	48366076	1	"+"	"chr12+48366076"	2	2.25068083095136e-05	2095	"Polyclonal_50pct"	"sonic"	-14830	"ZNF641"	"-"	-14830	"ZNF641"	"-"	"FALSE"	""	350631	"CCNT1"	"-"	""	"ZNF641"
"chr12"	53164879	53164879	1	"+"	"chr12+53164879"	2	2.25068083095136e-05	2095	"Polyclonal_50pct"	"sonic"	-7217	"CSAD*"	"-"	-386	"CSAD"	"-"	"CSAD"	"-"	55483	"RARG"	"-"	"*"	"CSAD"
"chr12"	55145370	55145370	1	"+"	"chr12+55145370"	2	2.25068083095136e-05	2095	"Polyclonal_50pct"	"sonic"	14594	"OR9K2"	"+"	15602	"OR9K2"	"+"	"FALSE"	""	-556711	"PPP1R1A"	"-"	""	"OR9K2"
"chr12"	56477541	56477541	1	"+"	"chr12+56477541"	2	2.25068083095136e-05	2095	"Polyclonal_50pct"	"sonic"	-2167	"SPRYD4*"	"+"	8964	"SPRYD4"	"+"	"SPRYD4,GLS2"	"+,-"	138658	"IL23A"	"+"	"*"	"SPRYD4"
"chr12"	56480810	56480810	1	"+"	"chr12+56480810"	2	2.25068083095136e-05	2095	"Polyclonal_50pct"	"sonic"	7351	"GLS2*"	"-"	7351	"GLS2"	"-"	"GLS2"	"-"	141927	"IL23A"	"+"	"*"	"GLS2"
"chr12"	58183918	58183918	1	"+"	"chr12+58183918"	2	2.25068083095136e-05	2095	"Polyclonal_50pct"	"sonic"	90558	"LINC02403"	"+"	96027	"LINC02403"	"+"	"FALSE"	""	-431608	"CDK4"	"-"	""	"LINC02403"
"chr12"	59967873	59967873	1	"+"	"chr12+59967873"	2	2.25068083095136e-05	2095	"Polyclonal_50pct"	"sonic"	178033	"SLC16A7"	"+"	278504	"SLC16A7"	"+"	"FALSE"	""	-2215563	"CDK4"	"-"	""	"SLC16A7"
"chr12"	60154082	60154082	1	"+"	"chr12+60154082"	2	2.25068083095136e-05	2095	"Polyclonal_50pct"	"sonic"	364242	"SLC16A7"	"+"	464713	"SLC16A7"	"+"	"FALSE"	""	-2106257	"USP15"	"+"	""	"SLC16A7"
"chr12"	74063749	74063749	1	"+"	"chr12+74063749"	2	2.25068083095136e-05	2095	"Polyclonal_50pct"	"sonic"	69426	"LINC02882"	"-"	228882	"LINC02882"	"-"	"FALSE"	""	-2905750	"TSPAN8"	"-"	""	"LINC02882"
"chr12"	77947742	77947742	1	"+"	"chr12+77947742"	2	2.25068083095136e-05	2095	"Polyclonal_50pct"	"sonic"	116849	"NAV3*"	"+"	116849	"NAV3"	"+"	"NAV3"	"+"	1742838	"PAWR"	"-"	"*"	"NAV3"
"chr12"	80157545	80157545	1	"+"	"chr12+80157545"	2	2.25068083095136e-05	2095	"Polyclonal_50pct"	"sonic"	58009	"OTOGL*"	"+"	-51668	"OTOGL"	"+"	"OTOGL"	"+"	-466448	"PAWR"	"-"	"*"	"OTOGL"
"chr12"	84376181	84376181	1	"+"	"chr12+84376181"	2	2.25068083095136e-05	2095	"Polyclonal_50pct"	"sonic"	483309	"SLC6A15"	"-"	536618	"SLC6A15"	"-"	"FALSE"	""	4204290	"KITLG"	"-"	""	"SLC6A15"
"chr12"	102650189	102650189	1	"-"	"chr12-102650189"	2	2.25068083095136e-05	2095	"Polyclonal_50pct"	"sonic"	159093	"LINC00485"	"-"	-169626	"IGF1"	"-"	"FALSE"	""	-169626	"IGF1"	"-"	""	"LINC00485"
"chr12"	112983019	112983019	1	"-"	"chr12-112983019"	2	2.25068083095136e-05	2095	"Polyclonal_50pct"	"sonic"	4501	"OAS2*"	"+"	4501	"OAS2"	"+"	"OAS2"	"+"	564073	"PTPN11"	"+"	"*"	"OAS2"
"chr12"	122769935	122769935	1	"-"	"chr12-122769935"	2	2.25068083095136e-05	2095	"Polyclonal_50pct"	"sonic"	-1129	"DENR~*"	"+"	-4636	"CCDC62"	"+"	"DENR"	"+"	17112	"DENR"	"+"	"~*"	"DENR"
"chr12"	15146012	15146012	1	"-"	"chr12-15146012"	2	2.25068083095136e-05	2095	"Polyclonal_50pct"	"sonic"	-38230	"RERG*"	"-"	-5910	"RERG-AS1"	"+"	"RERG"	"-"	643376	"EPS8"	"-"	"*"	"RERG"
"chr12"	20631452	20631452	1	"-"	"chr12-20631452"	2	2.25068083095136e-05	2095	"Polyclonal_50pct"	"sonic"	-32755	"PDE3A*"	"+"	59374	"PDE3A"	"+"	"PDE3A"	"+"	870183	"RECQL"	"-"	"*"	"PDE3A"
"chr12"	24264450	24264450	1	"-"	"chr12-24264450"	2	2.25068083095136e-05	2095	"Polyclonal_50pct"	"sonic"	298041	"SOX5*"	"-"	41180	"SOX5-AS1"	"+"	"SOX5"	"-"	298041	"SOX5"	"-"	"*"	"SOX5"
"chr12"	30483166	30483166	1	"-"	"chr12-30483166"	2	2.25068083095136e-05	2095	"Polyclonal_50pct"	"sonic"	145814	"IPO8"	"-"	194078	"IPO8"	"-"	"FALSE"	""	-2510433	"PTHLH"	"-"	""	"IPO8"
"chr12"	314416	314416	1	"-"	"chr12-314416"	2	2.25068083095136e-05	2095	"Polyclonal_50pct"	"sonic"	-34360	"KDM5A~*"	"-"	-51543	"SLC6A13"	"-"	"KDM5A"	"-"	74904	"KDM5A"	"-"	"~*"	"KDM5A"
"chr12"	42348379	42348379	1	"-"	"chr12-42348379"	2	2.25068083095136e-05	2095	"Polyclonal_50pct"	"sonic"	16582	"PPHLN1*"	"+"	16582	"PPHLN1"	"+"	"PPHLN1"	"+"	-3381326	"ARID2"	"+"	"*"	"PPHLN1"
"chr12"	50244894	50244894	1	"-"	"chr12-50244894"	2	2.25068083095136e-05	2095	"Polyclonal_50pct"	"sonic"	38626	"LIMA1*"	"-"	-10682	"MIR1293"	"-"	"LIMA1"	"-"	-519206	"ATF1"	"+"	"*"	"LIMA1"
"chr12"	53020753	53020753	1	"-"	"chr12-53020753"	2	2.25068083095136e-05	2095	"Polyclonal_50pct"	"sonic"	14298	"EIF4B*"	"+"	14298	"EIF4B"	"+"	"EIF4B"	"+"	-76913	"IGFBP6"	"+"	"*"	"EIF4B"
"chr12"	58753777	58753777	1	"-"	"chr12-58753777"	2	2.25068083095136e-05	2095	"Polyclonal_50pct"	"sonic"	27939	"LINC02388*"	"-"	27939	"LINC02388"	"-"	"LINC02388,LOC100506869"	"-,+"	-1001467	"CDK4"	"-"	"*"	"LINC02388"
"chr12"	59291917	59291917	1	"-"	"chr12-59291917"	2	2.25068083095136e-05	2095	"Polyclonal_50pct"	"sonic"	-304111	"SLC16A7"	"+"	-304111	"SLC16A7"	"+"	"FALSE"	""	-1539607	"CDK4"	"-"	""	"SLC16A7"
"chr12"	59591445	59591445	1	"-"	"chr12-59591445"	2	2.25068083095136e-05	2095	"Polyclonal_50pct"	"sonic"	-4583	"SLC16A7"	"+"	-4583	"SLC16A7"	"+"	"FALSE"	""	-1839135	"CDK4"	"-"	""	"SLC16A7"
"chr12"	64004266	64004266	1	"-"	"chr12-64004266"	2	2.25068083095136e-05	2095	"Polyclonal_50pct"	"sonic"	-157951	"SRGAP1*"	"+"	159567	"SRGAP1"	"+"	"SRGAP1"	"+"	1117039	"WIF1"	"-"	"*"	"SRGAP1"
"chr12"	6587764	6587764	1	"-"	"chr12-6587764"	2	2.25068083095136e-05	2095	"Polyclonal_50pct"	"sonic"	-17683	"CHD4*"	"-"	-6155	"SCARNA11"	"-"	"CHD4"	"-"	75355	"ING4"	"-"	"*"	"CHD4"
"chr12"	71382723	71382723	1	"-"	"chr12-71382723"	2	2.25068083095136e-05	2095	"Polyclonal_50pct"	"sonic"	-57074	"LGR5"	"+"	-57074	"LGR5"	"+"	"FALSE"	""	-224724	"TSPAN8"	"-"	""	"LGR5"
"chr12"	75591623	75591623	1	"-"	"chr12-75591623"	2	2.25068083095136e-05	2095	"Polyclonal_50pct"	"sonic"	-80014	"KRR1"	"-"	-80014	"KRR1"	"-"	"FALSE"	""	4098957	"PAWR"	"-"	""	"KRR1"
"chr12"	9502746	9502746	1	"-"	"chr12-9502746"	2	2.25068083095136e-05	2095	"Polyclonal_50pct"	"sonic"	54460	"LOC408186*"	"+"	54460	"LOC408186"	"+"	"LOC408186"	"+"	258155	"CD69"	"-"	"*"	"LOC408186"
"chr12"	9891812	9891812	1	"-"	"chr12-9891812"	2	2.25068083095136e-05	2095	"Polyclonal_50pct"	"sonic"	-4021	"KLRF2*"	"+"	10324	"KLRF2"	"+"	"KLRF2"	"+"	-130911	"CD69"	"-"	"*"	"KLRF2"
"chr13"	114244639	114244639	1	"+"	"chr13+114244639"	2	2.25068083095136e-05	2095	"Polyclonal_50pct"	"sonic"	9743	"CDC16*"	"+"	135	"MIR548AR"	"+"	"CDC16"	"+"	-112016	"RASA3"	"-"	"*"	"CDC16"
"chr13"	27589665	27589665	1	"+"	"chr13+27589665"	2	2.25068083095136e-05	2095	"Polyclonal_50pct"	"sonic"	30864	"LNX2*"	"-"	30864	"LNX2"	"-"	"LNX2"	"-"	-330334	"PDX1"	"+"	"*"	"LNX2"
"chr13"	57251348	57251348	1	"+"	"chr13+57251348"	2	2.25068083095136e-05	2095	"Polyclonal_50pct"	"sonic"	81130	"PRR20B,PRR20A,PRR20C,PRR20D,PRR20E"	"+"	84152	"PRR20B,PRR20A,PRR20C,PRR20D,PRR20E"	"+"	"FALSE"	""	4222536	"OLFM4"	"+"	""	"PRR20B,PRR20A,PRR20C,PRR20D,PRR20E"
"chr13"	66887397	66887397	1	"+"	"chr13+66887397"	2	2.25068083095136e-05	2095	"Polyclonal_50pct"	"sonic"	-27634	"PCDH9-AS2*"	"+"	62229	"PCDH9-AS2"	"+"	"PCDH9,PCDH9-AS2"	"-,+"	-6167578	"KLF5"	"+"	"*"	"PCDH9-AS2"
"chr13"	71266363	71266363	1	"+"	"chr13+71266363"	2	2.25068083095136e-05	2095	"Polyclonal_50pct"	"sonic"	97946	"LINC00348"	"+"	251223	"LINC00348"	"+"	"FALSE"	""	-1788612	"KLF5"	"+"	""	"LINC00348"
"chr13"	79342308	79342308	1	"+"	"chr13+79342308"	2	2.25068083095136e-05	2095	"Polyclonal_50pct"	"sonic"	-23441	"RBM26*"	"-"	63913	"RBM26"	"-"	"RBM26"	"-"	-738756	"POU4F1"	"-"	"*"	"RBM26"
"chr13"	98805068	98805068	1	"+"	"chr13+98805068"	2	2.25068083095136e-05	2095	"Polyclonal_50pct"	"sonic"	-11640	"DOCK9*"	"-"	-27015	"DOCK9-AS1"	"+"	"DOCK9"	"-"	1370900	"RAP2A"	"+"	"*"	"DOCK9"
"chr13"	20638417	20638417	1	"-"	"chr13-20638417"	2	2.25068083095136e-05	2095	"Polyclonal_50pct"	"sonic"	-53027	"IFT88*"	"+"	-63095	"IL17D"	"+"	"IFT88"	"+"	423169	"LATS2"	"-"	"*"	"IFT88"
"chr13"	21033491	21033491	1	"-"	"chr13-21033491"	2	2.25068083095136e-05	2095	"Polyclonal_50pct"	"sonic"	28095	"LATS2~*"	"-"	28095	"LATS2"	"-"	"LATS2"	"-"	28095	"LATS2"	"-"	"~*"	"LATS2"
"chr13"	37014626	37014626	1	"-"	"chr13-37014626"	2	2.25068083095136e-05	2095	"Polyclonal_50pct"	"sonic"	-5313	"SUPT20H*"	"-"	13841	"EXOSC8"	"+"	"SUPT20H"	"-"	-3337832	"STARD13"	"-"	"*"	"SUPT20H"
"chr13"	39030264	39030264	1	"-"	"chr13-39030264"	2	2.25068083095136e-05	2095	"Polyclonal_50pct"	"sonic"	7812	"PROSER1*"	"-"	7812	"PROSER1"	"-"	"PROSER1"	"-"	1636377	"FOXO1"	"-"	"*"	"PROSER1"
"chr13"	56665083	56665083	1	"-"	"chr13-56665083"	2	2.25068083095136e-05	2095	"Polyclonal_50pct"	"sonic"	-475834	"PRR20B,PRR20D,PRR20E,PRR20C,PRR20A"	"+"	-475834	"PRR20B,PRR20D,PRR20E,PRR20C,PRR20A"	"+"	"FALSE"	""	3636271	"OLFM4"	"+"	""	"PRR20B,PRR20D,PRR20E,PRR20C,PRR20A"
"chr13"	57365962	57365962	1	"-"	"chr13-57365962"	2	2.25068083095136e-05	2095	"Polyclonal_50pct"	"sonic"	195744	"PRR20B,PRR20A,PRR20C,PRR20D,PRR20E"	"+"	198766	"PRR20B,PRR20A,PRR20C,PRR20D,PRR20E"	"+"	"FALSE"	""	4337150	"OLFM4"	"+"	""	"PRR20B,PRR20A,PRR20C,PRR20D,PRR20E"
"chr13"	62226150	62226150	1	"-"	"chr13-62226150"	2	2.25068083095136e-05	2095	"Polyclonal_50pct"	"sonic"	13869	"LINC01075*"	"+"	13869	"LINC01075"	"+"	"LINC01075"	"+"	9197338	"OLFM4"	"+"	"*"	"LINC01075"
"chr13"	62924186	62924186	1	"-"	"chr13-62924186"	2	2.25068083095136e-05	2095	"Polyclonal_50pct"	"sonic"	-116827	"LINC00448"	"-"	-116827	"LINC00448"	"-"	"FALSE"	""	9895374	"OLFM4"	"+"	""	"LINC00448"
"chr13"	67977006	67977006	1	"-"	"chr13-67977006"	2	2.25068083095136e-05	2095	"Polyclonal_50pct"	"sonic"	597012	"LINC00364"	"+"	604620	"LINC00364"	"+"	"FALSE"	""	-5077969	"KLF5"	"+"	""	"LINC00364"
"chr13"	70732976	70732976	1	"-"	"chr13-70732976"	2	2.25068083095136e-05	2095	"Polyclonal_50pct"	"sonic"	-282164	"LINC00348"	"+"	-282164	"LINC00348"	"+"	"FALSE"	""	-2321999	"KLF5"	"+"	""	"LINC00348"
"chr13"	77168725	77168725	1	"-"	"chr13-77168725"	2	2.25068083095136e-05	2095	"Polyclonal_50pct"	"sonic"	-124069	"MYCBP2*"	"-"	93212	"MYCBP2-AS1"	"+"	"MYCBP2"	"-"	1408065	"LMO7"	"+"	"*"	"MYCBP2"
"chr13"	84229400	84229400	1	"-"	"chr13-84229400"	2	2.25068083095136e-05	2095	"Polyclonal_50pct"	"sonic"	88799	"LINC00333*"	"+"	88799	"LINC00333"	"+"	"LINC00333"	"+"	-5625848	"POU4F1"	"-"	"*"	"LINC00333"
"chr13"	86050012	86050012	1	"-"	"chr13-86050012"	2	2.25068083095136e-05	2095	"Polyclonal_50pct"	"sonic"	-250593	"SLITRK6"	"-"	-250593	"SLITRK6"	"-"	"FALSE"	""	-5300592	"MIR17"	"+"	""	"SLITRK6"
"chr13"	87199636	87199636	1	"-"	"chr13-87199636"	2	2.25068083095136e-05	2095	"Polyclonal_50pct"	"sonic"	244350	"MIR4500HG"	"-"	287717	"LINC00430"	"+"	"FALSE"	""	-4150968	"MIR17"	"+"	""	"MIR4500HG"
"chr14"	104915813	104915813	1	"+"	"chr14+104915813"	2	2.25068083095136e-05	2095	"Polyclonal_50pct"	"sonic"	-9065	"PLD4"	"+"	-9065	"PLD4"	"+"	"FALSE"	""	-120065	"AKT1"	"-"	""	"PLD4"
"chr14"	50545732	50545732	1	"+"	"chr14+50545732"	2	2.25068083095136e-05	2095	"Polyclonal_50pct"	"sonic"	12651	"ATL1*"	"+"	12651	"ATL1"	"+"	"ATL1"	"+"	122574	"SAV1"	"-"	"*"	"ATL1"
"chr14"	62104176	62104176	1	"+"	"chr14+62104176"	2	2.25068083095136e-05	2095	"Polyclonal_50pct"	"sonic"	-8374	"SYT16*"	"+"	-13180	"LINC00643"	"+"	"SYT16"	"+"	1369416	"MNAT1"	"+"	"*"	"SYT16"
"chr14"	73036460	73036460	1	"+"	"chr14+73036460"	2	2.25068083095136e-05	2095	"Polyclonal_50pct"	"sonic"	-9354	"ZFYVE1"	"-"	-9354	"ZFYVE1"	"-"	"FALSE"	""	677924	"PNMA1"	"-"	""	"ZFYVE1"
"chr14"	74006055	74006055	1	"+"	"chr14+74006055"	2	2.25068083095136e-05	2095	"Polyclonal_50pct"	"sonic"	13233	"ENTPD5*"	"-"	13233	"ENTPD5"	"-"	"ENTPD5"	"-"	154109	"PTGR2"	"+"	"*"	"ENTPD5"
"chr14"	82973165	82973165	1	"+"	"chr14+82973165"	2	2.25068083095136e-05	2095	"Polyclonal_50pct"	"sonic"	266340	"LINC02301"	"+"	330534	"LINC02301"	"+"	"FALSE"	""	-1439304	"SEL1L"	"-"	""	"LINC02301"
"chr14"	84625868	84625868	1	"+"	"chr14+84625868"	2	2.25068083095136e-05	2095	"Polyclonal_50pct"	"sonic"	-646063	"SNORD3P3"	"+"	-646063	"SNORD3P3"	"+"	"FALSE"	""	-3092007	"SEL1L"	"-"	""	"SNORD3P3"
"chr14"	103170500	103170500	1	"-"	"chr14-103170500"	2	2.25068083095136e-05	2095	"Polyclonal_50pct"	"sonic"	16720	"LINC00605"	"-"	18528	"LINC00605"	"-"	"FALSE"	""	393022	"TRAF3"	"+"	""	"LINC00605"
"chr14"	32318785	32318785	1	"-"	"chr14-32318785"	2	2.25068083095136e-05	2095	"Polyclonal_50pct"	"sonic"	-10512	"AKAP6"	"+"	-10512	"AKAP6"	"+"	"FALSE"	""	-2390938	"PRKD1"	"-"	""	"AKAP6"
"chr14"	52902211	52902211	1	"-"	"chr14-52902211"	2	2.25068083095136e-05	2095	"Polyclonal_50pct"	"sonic"	-42906	"FERMT2*"	"-"	48839	"FERMT2"	"-"	"FERMT2"	"-"	-1494656	"CDKN3"	"+"	"*"	"FERMT2"
"chr14"	58447006	58447006	1	"-"	"chr14-58447006"	2	2.25068083095136e-05	2095	"Polyclonal_50pct"	"sonic"	7326	"KIAA0586*"	"+"	7326	"KIAA0586"	"+"	"KIAA0586"	"+"	148452	"ARID4A"	"+"	"*"	"KIAA0586"
"chr14"	67294752	67294752	1	"-"	"chr14-67294752"	2	2.25068083095136e-05	2095	"Polyclonal_50pct"	"sonic"	-41309	"MPP5*"	"+"	53318	"MPP5"	"+"	"MPP5"	"+"	117413	"PLEK2"	"-"	"*"	"MPP5"
"chr14"	74821021	74821021	1	"-"	"chr14-74821021"	2	2.25068083095136e-05	2095	"Polyclonal_50pct"	"sonic"	-16297	"YLPM1*"	"+"	55124	"PROX2"	"-"	"YLPM1"	"+"	-60894	"DLST"	"+"	"*"	"YLPM1"
"chr14"	92821539	92821539	1	"-"	"chr14-92821539"	2	2.25068083095136e-05	2095	"Polyclonal_50pct"	"sonic"	-18408	"GOLGA5~*"	"+"	27235	"GOLGA5"	"+"	"GOLGA5"	"+"	27235	"GOLGA5"	"+"	"~*"	"GOLGA5"
"chr15"	42794080	42794080	1	"+"	"chr15+42794080"	2	2.25068083095136e-05	2095	"Polyclonal_50pct"	"sonic"	-55351	"TTBK2*"	"-"	-56952	"CDAN1"	"-"	"TTBK2"	"-"	1234109	"TYRO3"	"+"	"*"	"TTBK2"
"chr15"	48786903	48786903	1	"+"	"chr15+48786903"	2	2.25068083095136e-05	2095	"Polyclonal_50pct"	"sonic"	24166	"CEP152*"	"-"	24166	"CEP152"	"-"	"CEP152"	"-"	177016	"SHC4"	"-"	"*"	"CEP152"
"chr15"	49179153	49179153	1	"+"	"chr15+49179153"	2	2.25068083095136e-05	2095	"Polyclonal_50pct"	"sonic"	8907	"GALK2*"	"+"	8907	"GALK2"	"+"	"GALK2"	"+"	-23554	"COPS2"	"-"	"*"	"GALK2"
"chr15"	67242069	67242069	1	"+"	"chr15+67242069"	2	2.25068083095136e-05	2095	"Polyclonal_50pct"	"sonic"	12592	"AAGAB*"	"-"	12592	"AAGAB"	"-"	"AAGAB"	"-"	75915	"SMAD3"	"+"	"*"	"AAGAB"
"chr15"	72557508	72557508	1	"+"	"chr15+72557508"	2	2.25068083095136e-05	2095	"Polyclonal_50pct"	"sonic"	-45479	"ARIH1*"	"+"	-29708	"MIR630"	"+"	"ARIH1"	"+"	-1437164	"PML"	"+"	"*"	"ARIH1"
"chr15"	26418135	26418135	1	"-"	"chr15-26418135"	2	2.25068083095136e-05	2095	"Polyclonal_50pct"	"sonic"	125410	"GABRB3"	"-"	210955	"GABRB3"	"-"	"FALSE"	""	-979079	"UBE3A"	"-"	""	"GABRB3"
"chr15"	41653295	41653295	1	"-"	"chr15-41653295"	2	2.25068083095136e-05	2095	"Polyclonal_50pct"	"sonic"	-7116	"MGA"	"+"	-7116	"MGA"	"+"	"FALSE"	""	93324	"TYRO3"	"+"	""	"MGA"
"chr15"	48347724	48347724	1	"-"	"chr15-48347724"	2	2.25068083095136e-05	2095	"Polyclonal_50pct"	"sonic"	4351	"DUT"	"+"	15528	"DUT"	"+"	"FALSE"	""	616195	"SHC4"	"-"	""	"DUT"
"chr15"	50317177	50317177	1	"-"	"chr15-50317177"	2	2.25068083095136e-05	2095	"Polyclonal_50pct"	"sonic"	-31298	"GABPB1*"	"-"	-36996	"GABPB1-AS1"	"+"	"GABPB1"	"-"	38021	"GABPB1"	"-"	"*"	"GABPB1"
"chr15"	50317691	50317691	1	"-"	"chr15-50317691"	2	2.25068083095136e-05	2095	"Polyclonal_50pct"	"sonic"	-31812	"GABPB1*"	"-"	-36482	"GABPB1-AS1"	"+"	"GABPB1"	"-"	37507	"GABPB1"	"-"	"*"	"GABPB1"
"chr15"	52044969	52044969	1	"-"	"chr15-52044969"	2	2.25068083095136e-05	2095	"Polyclonal_50pct"	"sonic"	-22406	"MAPK6~*"	"+"	25751	"MAPK6"	"+"	"MAPK6"	"+"	25751	"MAPK6"	"+"	"~*"	"MAPK6"
"chr15"	54508056	54508056	1	"-"	"chr15-54508056"	2	2.25068083095136e-05	2095	"Polyclonal_50pct"	"sonic"	-120549	"UNC13C*"	"+"	529616	"UNC13C"	"+"	"UNC13C"	"+"	-2410033	"TCF12"	"+"	"*"	"UNC13C"
"chr15"	64284463	64284463	1	"-"	"chr15-64284463"	2	2.25068083095136e-05	2095	"Polyclonal_50pct"	"sonic"	71710	"CSNK1G1*"	"-"	71710	"CSNK1G1"	"-"	"CSNK1G1"	"-"	779871	"USP3"	"+"	"*"	"CSNK1G1"
"chr15"	80069381	80069381	1	"-"	"chr15-80069381"	2	2.25068083095136e-05	2095	"Polyclonal_50pct"	"sonic"	9222	"ZFAND6*"	"+"	-3179	"ZFAND6"	"+"	"ZFAND6"	"+"	-98185	"BCL2A1"	"-"	"*"	"ZFAND6"
"chr15"	90541575	90541575	1	"-"	"chr15-90541575"	2	2.25068083095136e-05	2095	"Polyclonal_50pct"	"sonic"	11653	"CRTC3~*"	"+"	11653	"CRTC3"	"+"	"CRTC3"	"+"	11653	"CRTC3"	"+"	"~*"	"CRTC3"
"chr16"	15009843	15009843	1	"+"	"chr16+15009843"	2	2.25068083095136e-05	2095	"Polyclonal_50pct"	"sonic"	-19959	"PDXDC1*"	"+"	554	"MIR1972-1,MIR1972-2"	"-"	"PDXDC1"	"+"	847185	"MYH11"	"-"	"*"	"PDXDC1"
"chr16"	2375698	2375698	1	"+"	"chr16+2375698"	2	2.25068083095136e-05	2095	"Polyclonal_50pct"	"sonic"	34777	"ABCA17P*"	"+"	34777	"ABCA17P"	"+"	"ABCA17P"	"+"	-34970	"ABCA3"	"-"	"*"	"ABCA17P"
"chr16"	2403931	2403931	1	"+"	"chr16+2403931"	2	2.25068083095136e-05	2095	"Polyclonal_50pct"	"sonic"	-22768	"ABCA17P*"	"+"	-25515	"CCNF"	"+"	"ABCA17P"	"+"	-25515	"CCNF"	"+"	"*"	"ABCA17P"
"chr16"	2486795	2486795	1	"+"	"chr16+2486795"	2	2.25068083095136e-05	2095	"Polyclonal_50pct"	"sonic"	11669	"TBC1D24*"	"+"	11669	"TBC1D24"	"+"	"TBC1D24"	"+"	57349	"CCNF"	"+"	"*"	"TBC1D24"
"chr16"	29424213	29424213	1	"+"	"chr16+29424213"	2	2.25068083095136e-05	2095	"Polyclonal_50pct"	"sonic"	1197	"SMG1P6"	"-"	-19668	"NPIPB11"	"-"	"FALSE"	""	-396180	"MVP"	"+"	""	"SMG1P6"
"chr16"	34207037	34207037	1	"+"	"chr16+34207037"	2	2.25068083095136e-05	2095	"Polyclonal_50pct"	"sonic"	43364	"MIR9901"	"+"	43460	"MIR9901"	"+"	"FALSE"	""	2851862	"ITGAX"	"+"	""	"MIR9901"
"chr16"	59739803	59739803	1	"+"	"chr16+59739803"	2	2.25068083095136e-05	2095	"Polyclonal_50pct"	"sonic"	14337	"APOOP5"	"-"	15388	"APOOP5"	"-"	"FALSE"	""	2807662	"HERPUD1"	"+"	""	"APOOP5"
"chr16"	67042468	67042468	1	"+"	"chr16+67042468"	2	2.25068083095136e-05	2095	"Polyclonal_50pct"	"sonic"	13320	"CBFB~*"	"+"	13320	"CBFB"	"+"	"CBFB"	"+"	13320	"CBFB"	"+"	"~*"	"CBFB"
"chr16"	89807581	89807581	1	"+"	"chr16+89807581"	2	2.25068083095136e-05	2095	"Polyclonal_50pct"	"sonic"	9066	"FANCA~*"	"-"	9066	"FANCA"	"-"	"FANCA"	"-"	9066	"FANCA"	"-"	"~*"	"FANCA"
"chr16"	2075007	2075007	1	"-"	"chr16-2075007"	2	2.25068083095136e-05	2095	"Polyclonal_50pct"	"sonic"	-13713	"TSC2~*"	"+"	15277	"MIR1225"	"-"	"TSC2"	"+"	26806	"TSC2"	"+"	"~*"	"TSC2"
"chr16"	2244238	2244238	1	"-"	"chr16-2244238"	2	2.25068083095136e-05	2095	"Polyclonal_50pct"	"sonic"	-4836	"ECI1*"	"-"	7349	"ECI1"	"-"	"ECI1"	"-"	88457	"TRAF7"	"+"	"*"	"ECI1"
"chr16"	30245222	30245222	1	"-"	"chr16-30245222"	2	2.25068083095136e-05	2095	"Polyclonal_50pct"	"sonic"	633	"NPIPB12*"	"-"	633	"NPIPB12"	"-"	"NPIPB13,NPIPB12"	"-"	61621	"CORO1A"	"+"	"*"	"NPIPB12"
"chr16"	31190222	31190222	1	"-"	"chr16-31190222"	2	2.25068083095136e-05	2095	"Polyclonal_50pct"	"sonic"	-1382	"FUS~*"	"+"	10084	"FUS"	"+"	"FUS"	"+"	10084	"FUS"	"+"	"~*"	"FUS"
"chr16"	32593662	32593662	1	"-"	"chr16-32593662"	2	2.25068083095136e-05	2095	"Polyclonal_50pct"	"sonic"	-56480	"LOC105369266"	"+"	-56480	"LOC105369266"	"+"	"FALSE"	""	1238487	"ITGAX"	"+"	""	"LOC105369266"
"chr16"	59469033	59469033	1	"-"	"chr16-59469033"	2	2.25068083095136e-05	2095	"Polyclonal_50pct"	"sonic"	285107	"APOOP5"	"-"	286158	"APOOP5"	"-"	"FALSE"	""	2536892	"HERPUD1"	"+"	""	"APOOP5"
"chr16"	59494559	59494559	1	"-"	"chr16-59494559"	2	2.25068083095136e-05	2095	"Polyclonal_50pct"	"sonic"	259581	"APOOP5"	"-"	260632	"APOOP5"	"-"	"FALSE"	""	2562418	"HERPUD1"	"+"	""	"APOOP5"
"chr16"	69989082	69989082	1	"-"	"chr16-69989082"	2	2.25068083095136e-05	2095	"Polyclonal_50pct"	"sonic"	-12784	"PDXDC2P-NPIPB14P*"	"-"	37970	"CLEC18A"	"+"	"PDXDC2P-NPIPB14P"	"-"	-262522	"NQO1"	"-"	"*"	"PDXDC2P-NPIPB14P"
"chr16"	75049045	75049045	1	"-"	"chr16-75049045"	2	2.25068083095136e-05	2095	"Polyclonal_50pct"	"sonic"	50022	"ZNRF1*"	"+"	50022	"ZNRF1"	"+"	"ZNRF1"	"+"	-1904598	"ZFHX3"	"-"	"*"	"ZNRF1"
"chr16"	85019039	85019039	1	"-"	"chr16-85019039"	2	2.25068083095136e-05	2095	"Polyclonal_50pct"	"sonic"	-7504	"ZDHHC7"	"-"	-7504	"ZDHHC7"	"-"	"FALSE"	""	-7504	"ZDHHC7"	"-"	""	"ZDHHC7"
"chr16"	87380895	87380895	1	"-"	"chr16-87380895"	2	2.25068083095136e-05	2095	"Polyclonal_50pct"	"sonic"	2881	"FBXO31~*"	"-"	2881	"FBXO31"	"-"	"FBXO31"	"-"	2881	"FBXO31"	"-"	"~*"	"FBXO31"
"chr17"	17942042	17942042	1	"+"	"chr17+17942042"	2	2.25068083095136e-05	2095	"Polyclonal_50pct"	"sonic"	30358	"TOM1L2*"	"-"	30358	"TOM1L2"	"-"	"TOM1L2"	"-"	316696	"FLII"	"-"	"*"	"TOM1L2"
"chr17"	18614421	18614421	1	"+"	"chr17+18614421"	2	2.25068083095136e-05	2095	"Polyclonal_50pct"	"sonic"	11196	"CCDC144B*"	"-"	11196	"CCDC144B"	"-"	"CCDC144B"	"-"	-355399	"FLII"	"-"	"*"	"CCDC144B"
"chr17"	18828740	18828740	1	"+"	"chr17+18828740"	2	2.25068083095136e-05	2095	"Polyclonal_50pct"	"sonic"	-6923	"LOC101929141"	"+"	-6923	"LOC101929141"	"+"	"FALSE"	""	-548980	"MAPK7"	"+"	""	"LOC101929141"
"chr17"	42263459	42263459	1	"+"	"chr17+42263459"	2	2.25068083095136e-05	2095	"Polyclonal_50pct"	"sonic"	12932	"STAT5B*"	"-"	12932	"STAT5B"	"-"	"STAT5B"	"-"	12932	"STAT5B"	"-"	"*"	"STAT5B"
"chr17"	42595705	42595705	1	"+"	"chr17+42595705"	2	2.25068083095136e-05	2095	"Polyclonal_50pct"	"sonic"	13669	"RETREG3*"	"-"	13669	"RETREG3"	"-"	"RETREG3"	"-"	-207263	"STAT3"	"-"	"*"	"RETREG3"
"chr17"	44892897	44892897	1	"+"	"chr17+44892897"	2	2.25068083095136e-05	2095	"Polyclonal_50pct"	"sonic"	6471	"EFTUD2*"	"-"	6471	"EFTUD2"	"-"	"EFTUD2"	"-"	-168419	"NMT1"	"+"	"*"	"EFTUD2"
"chr17"	45056434	45056434	1	"+"	"chr17+45056434"	2	2.25068083095136e-05	2095	"Polyclonal_50pct"	"sonic"	4695	"DCAKD*"	"-"	4695	"DCAKD"	"-"	"DCAKD"	"-"	-4882	"NMT1"	"+"	"*"	"DCAKD"
"chr17"	47570137	47570137	1	"+"	"chr17+47570137"	2	2.25068083095136e-05	2095	"Polyclonal_50pct"	"sonic"	39030	"NPEPPS*"	"+"	39030	"NPEPPS"	"+"	"NPEPPS"	"+"	-163098	"TBX21"	"+"	"*"	"NPEPPS"
"chr17"	47669081	47669081	1	"+"	"chr17+47669081"	2	2.25068083095136e-05	2095	"Polyclonal_50pct"	"sonic"	-16424	"KPNB1*"	"+"	18017	"KPNB1"	"+"	"KPNB1"	"+"	-64154	"TBX21"	"+"	"*"	"KPNB1"
"chr17"	47797154	47797154	1	"+"	"chr17+47797154"	2	2.25068083095136e-05	2095	"Polyclonal_50pct"	"sonic"	10217	"OSBPL7"	"-"	24640	"OSBPL7"	"-"	"FALSE"	""	63919	"TBX21"	"+"	""	"OSBPL7"
"chr17"	4964054	4964054	1	"+"	"chr17+4964054"	2	2.25068083095136e-05	2095	"Polyclonal_50pct"	"sonic"	3763	"SPAG7*"	"-"	3763	"SPAG7"	"-"	"SPAG7"	"-"	-15524	"PFN1"	"-"	"*"	"SPAG7"
"chr17"	53713367	53713367	1	"+"	"chr17+53713367"	2	2.25068083095136e-05	2095	"Polyclonal_50pct"	"sonic"	-109559	"KIF2B"	"+"	-109559	"KIF2B"	"+"	"FALSE"	""	-1551592	"HLF"	"+"	""	"KIF2B"
"chr17"	59209688	59209688	1	"+"	"chr17+59209688"	2	2.25068083095136e-05	2095	"Polyclonal_50pct"	"sonic"	-321	"SMG8"	"+"	-321	"SMG8"	"+"	"FALSE"	""	-102808	"TRIM37"	"-"	""	"SMG8"
"chr17"	59804012	59804012	1	"+"	"chr17+59804012"	2	2.25068083095136e-05	2095	"Polyclonal_50pct"	"sonic"	-38243	"VMP1*"	"+"	-37253	"MIR21"	"+"	"VMP1"	"+"	-37253	"MIR21"	"+"	"*"	"VMP1"
"chr17"	63254454	63254454	1	"+"	"chr17+63254454"	2	2.25068083095136e-05	2095	"Polyclonal_50pct"	"sonic"	-173247	"TANC2*"	"+"	185813	"CYB561"	"-"	"TANC2"	"+"	677877	"CD79B"	"-"	"*"	"TANC2"
"chr17"	78769793	78769793	1	"+"	"chr17+78769793"	2	2.25068083095136e-05	2095	"Polyclonal_50pct"	"sonic"	12415	"CYTH1*"	"-"	12415	"CYTH1"	"-"	"CYTH1"	"-"	155594	"TIMP2"	"-"	"*"	"CYTH1"
"chr17"	81881583	81881583	1	"+"	"chr17+81881583"	2	2.25068083095136e-05	2095	"Polyclonal_50pct"	"sonic"	6251	"ALYREF"	"-"	-9206	"ANAPC11"	"+"	"FALSE"	""	41883	"MAFG"	"-"	""	"ALYREF"
"chr17"	29602892	29602892	1	"-"	"chr17-29602892"	2	2.25068083095136e-05	2095	"Polyclonal_50pct"	"sonic"	9761	"ANKRD13B*"	"+"	9761	"ANKRD13B"	"+"	"ANKRD13B"	"+"	858882	"TRAF4"	"+"	"*"	"ANKRD13B"
"chr17"	30178877	30178877	1	"-"	"chr17-30178877"	2	2.25068083095136e-05	2095	"Polyclonal_50pct"	"sonic"	-7598	"NSRP1*"	"+"	56820	"SLC6A4"	"-"	"NSRP1"	"+"	-916049	"NF1"	"+"	"*"	"NSRP1"
"chr17"	39783235	39783235	1	"-"	"chr17-39783235"	2	2.25068083095136e-05	2095	"Polyclonal_50pct"	"sonic"	-25517	"IKZF3~*"	"-"	-5010	"IKZF3"	"-"	"IKZF3"	"-"	-5010	"IKZF3"	"-"	"~*"	"IKZF3"
"chr17"	39846138	39846138	1	"-"	"chr17-39846138"	2	2.25068083095136e-05	2095	"Polyclonal_50pct"	"sonic"	18050	"IKZF3~*"	"-"	18050	"IKZF3"	"-"	"IKZF3"	"-"	18050	"IKZF3"	"-"	"~*"	"IKZF3"
"chr17"	40249967	40249967	1	"-"	"chr17-40249967"	2	2.25068083095136e-05	2095	"Polyclonal_50pct"	"sonic"	30664	"WIPF2*"	"+"	30664	"WIPF2"	"+"	"WIPF2"	"+"	-37911	"CDC6"	"+"	"*"	"WIPF2"
"chr17"	42626398	42626398	1	"-"	"chr17-42626398"	2	2.25068083095136e-05	2095	"Polyclonal_50pct"	"sonic"	11160	"TUBG1"	"+"	16716	"TUBG1"	"+"	"FALSE"	""	-237956	"STAT3"	"-"	""	"TUBG1"
"chr17"	43087801	43087801	1	"-"	"chr17-43087801"	2	2.25068083095136e-05	2095	"Polyclonal_50pct"	"sonic"	36314	"BRCA1~*"	"-"	36314	"BRCA1"	"-"	"BRCA1"	"-"	36314	"BRCA1"	"-"	"~*"	"BRCA1"
"chr17"	44449938	44449938	1	"-"	"chr17-44449938"	2	2.25068083095136e-05	2095	"Polyclonal_50pct"	"sonic"	53468	"GPATCH8*"	"-"	-13087	"GPATCH8"	"-"	"GPATCH8"	"-"	104637	"GRN"	"+"	"*"	"GPATCH8"
"chr17"	46293346	46293346	1	"-"	"chr17-46293346"	2	2.25068083095136e-05	2095	"Polyclonal_50pct"	"sonic"	-8071	"ARL17B*"	"-"	-1784	"LRRC37A"	"+"	"ARL17B"	"-"	525346	"WNT3"	"-"	"*"	"ARL17B"
"chr17"	55104138	55104138	1	"-"	"chr17-55104138"	2	2.25068083095136e-05	2095	"Polyclonal_50pct"	"sonic"	-69494	"STXBP4*"	"+"	-135353	"COX11"	"-"	"STXBP4"	"+"	-160821	"HLF"	"+"	"*"	"STXBP4"
"chr17"	56853272	56853272	1	"-"	"chr17-56853272"	2	2.25068083095136e-05	2095	"Polyclonal_50pct"	"sonic"	-16295	"DGKE*"	"+"	19122	"DGKE"	"+"	"DGKE"	"+"	19122	"DGKE"	"+"	"*"	"DGKE"
"chr17"	57417848	57417848	1	"-"	"chr17-57417848"	2	2.25068083095136e-05	2095	"Polyclonal_50pct"	"sonic"	160830	"MSI2~*"	"+"	105749	"LOC101927557"	"-"	"MSI2"	"+"	160830	"MSI2"	"+"	"~*"	"MSI2"
"chr17"	58602384	58602384	1	"-"	"chr17-58602384"	2	2.25068083095136e-05	2095	"Polyclonal_50pct"	"sonic"	-45707	"TEX14*"	"-"	-58056	"SEPTIN4"	"-"	"TEX14"	"-"	-153469	"PPM1E"	"+"	"*"	"TEX14"
"chr17"	64570648	64570648	1	"-"	"chr17-64570648"	2	2.25068083095136e-05	2095	"Polyclonal_50pct"	"sonic"	-28367	"SMURF2*"	"-"	63672	"CEP95"	"+"	"SMURF2"	"-"	-63782	"DDX5"	"-"	"*"	"SMURF2"
"chr17"	76769027	76769027	1	"-"	"chr17-76769027"	2	2.25068083095136e-05	2095	"Polyclonal_50pct"	"sonic"	-9790	"MFSD11*"	"+"	-30016	"LINC02080"	"+"	"MFSD11"	"+"	-31616	"SRSF2"	"-"	"*"	"MFSD11"
"chr17"	76774721	76774721	1	"-"	"chr17-76774721"	2	2.25068083095136e-05	2095	"Polyclonal_50pct"	"sonic"	-4096	"MFSD11*"	"+"	-24322	"LINC02080"	"+"	"MFSD11"	"+"	-37310	"SRSF2"	"-"	"*"	"MFSD11"
"chr17"	78713659	78713659	1	"-"	"chr17-78713659"	2	2.25068083095136e-05	2095	"Polyclonal_50pct"	"sonic"	3373	"CYTH1*"	"-"	3373	"CYTH1"	"-"	"CYTH1"	"-"	211728	"TIMP2"	"-"	"*"	"CYTH1"
"chr17"	80558416	80558416	1	"-"	"chr17-80558416"	2	2.25068083095136e-05	2095	"Polyclonal_50pct"	"sonic"	13579	"RPTOR*"	"+"	13579	"RPTOR"	"+"	"RPTOR"	"+"	297565	"RNF213"	"+"	"*"	"RPTOR"
"chr17"	82202653	82202653	1	"-"	"chr17-82202653"	2	2.25068083095136e-05	2095	"Polyclonal_50pct"	"sonic"	10189	"CCDC57*"	"-"	10189	"CCDC57"	"-"	"CCDC57"	"-"	-25752	"SLC16A3"	"+"	"*"	"CCDC57"
"chr17_GL000258v2_alt"	1238433	1238433	1	"-"	"chr17_GL000258v2_alt-1238433"	2	2.25068083095136e-05	2095	"Polyclonal_50pct"	"sonic"	-7059	"ARL17B"	"+"	-7059	"ARL17B"	"+"	"FALSE"	""	565986	"WNT3"	"-"	""	"ARL17B"
"chr17_GL000258v2_alt"	293457	293457	1	"-"	"chr17_GL000258v2_alt-293457"	2	2.25068083095136e-05	2095	"Polyclonal_50pct"	"sonic"	-97730	"LRRC37A4P*"	"-"	85103	"NSFP1"	"-"	"LRRC37A4P"	"-"	1510962	"WNT3"	"-"	"*"	"LRRC37A4P"
"chr18"	12700297	12700297	1	"+"	"chr18+12700297"	2	2.25068083095136e-05	2095	"Polyclonal_50pct"	"sonic"	2426	"CEP76*"	"-"	2426	"CEP76"	"-"	"PSMG2,CEP76"	"+,-"	-791980	"MPPE1"	"-"	"*"	"CEP76"
"chr18"	1979302	1979302	1	"+"	"chr18+1979302"	2	2.25068083095136e-05	2095	"Polyclonal_50pct"	"sonic"	558227	"METTL4"	"-"	592203	"METTL4"	"-"	"FALSE"	""	-1167060	"YES1"	"-"	""	"METTL4"
"chr18"	30267073	30267073	1	"+"	"chr18+30267073"	2	2.25068083095136e-05	2095	"Polyclonal_50pct"	"sonic"	-31836	"MIR302F"	"+"	-31836	"MIR302F"	"+"	"FALSE"	""	-1231103	"DSG2"	"+"	""	"MIR302F"
"chr18"	32591584	32591584	1	"+"	"chr18+32591584"	2	2.25068083095136e-05	2095	"Polyclonal_50pct"	"sonic"	76950	"WBP11P1"	"+"	79922	"WBP11P1"	"+"	"FALSE"	""	1093408	"DSG2"	"+"	""	"WBP11P1"
"chr18"	33004574	33004574	1	"+"	"chr18+33004574"	2	2.25068083095136e-05	2095	"Polyclonal_50pct"	"sonic"	-67169	"CCDC178*"	"-"	-231551	"KLHL14"	"-"	"CCDC178"	"-"	1506398	"DSG2"	"+"	"*"	"CCDC178"
"chr18"	49326875	49326875	1	"+"	"chr18+49326875"	2	2.25068083095136e-05	2095	"Polyclonal_50pct"	"sonic"	133770	"DYM*"	"-"	133770	"DYM"	"-"	"DYM"	"-"	133770	"DYM"	"-"	"*"	"DYM"
"chr18"	51319229	51319229	1	"+"	"chr18+51319229"	2	2.25068083095136e-05	2095	"Polyclonal_50pct"	"sonic"	-72812	"LINC01630"	"+"	-72812	"LINC01630"	"+"	"FALSE"	""	289017	"SMAD4"	"+"	""	"LINC01630"
"chr18"	72404815	72404815	1	"+"	"chr18+72404815"	2	2.25068083095136e-05	2095	"Polyclonal_50pct"	"sonic"	131865	"CBLN2"	"-"	139527	"CBLN2"	"-"	"FALSE"	""	-6991114	"NFATC1"	"+"	""	"CBLN2"
"chr18"	29505165	29505165	1	"-"	"chr18-29505165"	2	2.25068083095136e-05	2095	"Polyclonal_50pct"	"sonic"	-793744	"MIR302F"	"+"	-793744	"MIR302F"	"+"	"FALSE"	""	-1993011	"DSG2"	"+"	""	"MIR302F"
"chr18"	3122904	3122904	1	"-"	"chr18-3122904"	2	2.25068083095136e-05	2095	"Polyclonal_50pct"	"sonic"	-56098	"MYOM1*"	"-"	97064	"MYOM1"	"-"	"MYOM1"	"-"	722454	"DLGAP1"	"-"	"*"	"MYOM1"
"chr18"	43340081	43340081	1	"-"	"chr18-43340081"	2	2.25068083095136e-05	2095	"Polyclonal_50pct"	"sonic"	-62591	"SYT4"	"-"	-62591	"SYT4"	"-"	"FALSE"	""	-1339991	"SETBP1"	"+"	""	"SYT4"
"chr18"	62556031	62556031	1	"-"	"chr18-62556031"	2	2.25068083095136e-05	2095	"Polyclonal_50pct"	"sonic"	-22548	"ZCCHC2*"	"+"	33007	"ZCCHC2"	"+"	"ZCCHC2"	"+"	-159509	"PHLPP1"	"+"	"*"	"ZCCHC2"
"chr18"	6579850	6579850	1	"-"	"chr18-6579850"	2	2.25068083095136e-05	2095	"Polyclonal_50pct"	"sonic"	-10803	"LINC01387*"	"+"	68435	"LINC01387"	"+"	"LINC01387"	"+"	-949187	"EPB41L3"	"-"	"*"	"LINC01387"
"chr18"	65893702	65893702	1	"-"	"chr18-65893702"	2	2.25068083095136e-05	2095	"Polyclonal_50pct"	"sonic"	3366	"CDH7"	"+"	142691	"CDH7"	"+"	"FALSE"	""	-2231809	"SERPINB3"	"-"	""	"CDH7"
"chr18"	66512756	66512756	1	"-"	"chr18-66512756"	2	2.25068083095136e-05	2095	"Polyclonal_50pct"	"sonic"	-11672	"CDH19*"	"-"	91334	"CDH19"	"-"	"CDH19"	"-"	-2850863	"SERPINB3"	"-"	"*"	"CDH19"
"chr18"	71874556	71874556	1	"-"	"chr18-71874556"	2	2.25068083095136e-05	2095	"Polyclonal_50pct"	"sonic"	-92330	"LINC01899"	"-"	-92330	"LINC01899"	"-"	"FALSE"	""	-7521373	"NFATC1"	"+"	""	"LINC01899"
"chr19"	1050227	1050227	1	"+"	"chr19+1050227"	2	2.25068083095136e-05	2095	"Polyclonal_50pct"	"sonic"	10121	"ABCA7*"	"+"	10121	"ABCA7"	"+"	"ABCA7"	"+"	-155550	"STK11"	"+"	"*"	"ABCA7"
"chr19"	12600024	12600024	1	"+"	"chr19+12600024"	2	2.25068083095136e-05	2095	"Polyclonal_50pct"	"sonic"	10789	"ZNF490*"	"-"	10789	"ZNF490"	"-"	"ZNF490"	"-"	-191461	"JUNB"	"+"	"*"	"ZNF490"
"chr19"	2242157	2242157	1	"+"	"chr19+2242157"	2	2.25068083095136e-05	2095	"Polyclonal_50pct"	"sonic"	5334	"SF3A2*"	"+"	5334	"SF3A2"	"+"	"SF3A2"	"+"	-86526	"SPPL2B"	"+"	"*"	"SF3A2"
"chr19"	34714999	34714999	1	"+"	"chr19+34714999"	2	2.25068083095136e-05	2095	"Polyclonal_50pct"	"sonic"	-19243	"ZNF181"	"+"	-19243	"ZNF181"	"+"	"FALSE"	""	-439735	"FXYD5"	"+"	""	"ZNF181"
"chr19"	3559176	3559176	1	"+"	"chr19+3559176"	2	2.25068083095136e-05	2095	"Polyclonal_50pct"	"sonic"	-1590	"MFSD12"	"-"	-1590	"MFSD12"	"-"	"FALSE"	""	192594	"NFIC"	"+"	""	"MFSD12"
"chr19"	39521457	39521457	1	"+"	"chr19+39521457"	2	2.25068083095136e-05	2095	"Polyclonal_50pct"	"sonic"	771	"SELENOV"	"+"	6035	"SELENOV"	"+"	"FALSE"	""	107679	"PLEKHG2"	"+"	""	"SELENOV"
"chr19"	4118901	4118901	1	"+"	"chr19+4118901"	2	2.25068083095136e-05	2095	"Polyclonal_50pct"	"sonic"	5221	"MAP2K2*"	"-"	5221	"MAP2K2"	"-"	"MAP2K2"	"-"	281646	"SH3GL1"	"-"	"*"	"MAP2K2"
"chr19"	46779944	46779944	1	"+"	"chr19+46779944"	2	2.25068083095136e-05	2095	"Polyclonal_50pct"	"sonic"	4870	"SLC1A5*"	"-"	4870	"SLC1A5"	"-"	"SLC1A5"	"-"	451255	"BBC3"	"-"	"*"	"SLC1A5"
"chr19"	55781782	55781782	1	"+"	"chr19+55781782"	2	2.25068083095136e-05	2095	"Polyclonal_50pct"	"sonic"	3625	"NLRP11"	"-"	12665	"RFPL4AL1"	"+"	"FALSE"	""	-166049	"NLRP8"	"+"	""	"NLRP11"
"chr19"	7547548	7547548	1	"+"	"chr19+7547548"	2	2.25068083095136e-05	2095	"Polyclonal_50pct"	"sonic"	11832	"PNPLA6*"	"+"	11832	"PNPLA6"	"+"	"PNPLA6"	"+"	458093	"ELAVL1"	"-"	"*"	"PNPLA6"
"chr19"	15880665	15880665	1	"-"	"chr19-15880665"	2	2.25068083095136e-05	2095	"Polyclonal_50pct"	"sonic"	-2643	"CYP4F2*"	"-"	-15741	"CLEC4O"	"-"	"CYP4F2"	"-"	-186872	"TPM4"	"+"	"*"	"CYP4F2"
"chr19"	16096407	16096407	1	"-"	"chr19-16096407"	2	2.25068083095136e-05	2095	"Polyclonal_50pct"	"sonic"	-337	"TPM4~*"	"+"	-15481	"RAB8A"	"+"	"TPM4"	"+"	-15481	"RAB8A"	"+"	"~*"	"TPM4"
"chr19"	40123800	40123800	1	"-"	"chr19-40123800"	2	2.25068083095136e-05	2095	"Polyclonal_50pct"	"sonic"	-32857	"ZNF780A"	"-"	-32857	"ZNF780A"	"-"	"FALSE"	""	141551	"AKT2"	"-"	""	"ZNF780A"
"chr19"	46712356	46712356	1	"-"	"chr19-46712356"	2	2.25068083095136e-05	2095	"Polyclonal_50pct"	"sonic"	1964	"PRKD2*"	"-"	1964	"PRKD2"	"-"	"PRKD2"	"-"	518843	"BBC3"	"-"	"*"	"PRKD2"
"chr19"	49242231	49242231	1	"-"	"chr19-49242231"	2	2.25068083095136e-05	2095	"Polyclonal_50pct"	"sonic"	30395	"TRPM4"	"+"	66637	"MIR4324"	"-"	"FALSE"	""	248345	"RUVBL2"	"+"	""	"TRPM4"
"chr19"	49616411	49616411	1	"-"	"chr19-49616411"	2	2.25068083095136e-05	2095	"Polyclonal_50pct"	"sonic"	-10028	"PRR12*"	"+"	23732	"RRAS"	"-"	"PRR12"	"+"	23732	"RRAS"	"-"	"*"	"PRR12"
"chr2"	152680714	152680714	1	"+"	"chr2+152680714"	2	2.25068083095136e-05	2095	"Polyclonal_50pct"	"sonic"	-29119	"PRPF40A*"	"-"	36747	"PRPF40A"	"-"	"PRPF40A"	"-"	-4576990	"GALNT5"	"+"	"*"	"PRPF40A"
"chr2"	181901983	181901983	1	"+"	"chr2+181901983"	2	2.25068083095136e-05	2095	"Polyclonal_50pct"	"sonic"	10254	"ITPRID2*"	"+"	10254	"ITPRID2"	"+"	"ITPRID2"	"+"	-3793644	"PDE11A"	"-"	"*"	"ITPRID2"
"chr2"	184248968	184248968	1	"+"	"chr2+184248968"	2	2.25068083095136e-05	2095	"Polyclonal_50pct"	"sonic"	-130006	"MIR548AE1"	"+"	-130006	"MIR548AE1"	"+"	"FALSE"	""	4541155	"DIRC1"	"-"	""	"MIR548AE1"
"chr2"	187152201	187152201	1	"+"	"chr2+187152201"	2	2.25068083095136e-05	2095	"Polyclonal_50pct"	"sonic"	189763	"CALCRL"	"-"	296051	"CALCRL"	"-"	"FALSE"	""	1637922	"DIRC1"	"-"	""	"CALCRL"
"chr2"	187389886	187389886	1	"+"	"chr2+187389886"	2	2.25068083095136e-05	2095	"Polyclonal_50pct"	"sonic"	-47922	"CALCRL*"	"-"	58366	"CALCRL"	"-"	"CALCRL"	"-"	1400237	"DIRC1"	"-"	"*"	"CALCRL"
"chr2"	188749511	188749511	1	"+"	"chr2+188749511"	2	2.25068083095136e-05	2095	"Polyclonal_50pct"	"sonic"	-15774	"DIRC1~*"	"-"	40612	"DIRC1"	"-"	"DIRC1"	"-"	40612	"DIRC1"	"-"	"~*"	"DIRC1"
"chr2"	193179017	193179017	1	"+"	"chr2+193179017"	2	2.25068083095136e-05	2095	"Polyclonal_50pct"	"sonic"	402118	"PCGEM1"	"+"	429173	"PCGEM1"	"+"	"FALSE"	""	3394568	"PMS1"	"+"	""	"PCGEM1"
"chr2"	197539032	197539032	1	"+"	"chr2+197539032"	2	2.25068083095136e-05	2095	"Polyclonal_50pct"	"sonic"	-14667	"HSPE1-MOB4,MOB4*"	"+"	22735	"MOB4"	"+"	"HSPE1-MOB4,MOB4"	"+"	-38758	"HSPD1"	"-"	"*"	"HSPE1-MOB4,MOB4"
"chr2"	211667400	211667400	1	"+"	"chr2+211667400"	2	2.25068083095136e-05	2095	"Polyclonal_50pct"	"sonic"	-291684	"ERBB4~*"	"-"	758960	"MIR548F2"	"-"	"ERBB4"	"-"	871228	"ERBB4"	"-"	"~*"	"ERBB4"
"chr2"	21335381	21335381	1	"+"	"chr2+21335381"	2	2.25068083095136e-05	2095	"Polyclonal_50pct"	"sonic"	191013	"TDRD15"	"+"	211414	"TDRD15"	"+"	"FALSE"	""	888308	"RHOB"	"+"	""	"TDRD15"
"chr2"	36890958	36890958	1	"+"	"chr2+36890958"	2	2.25068083095136e-05	2095	"Polyclonal_50pct"	"sonic"	-53261	"STRN~*"	"-"	75578	"STRN"	"-"	"STRN"	"-"	75578	"STRN"	"-"	"~*"	"STRN"
"chr2"	39272564	39272564	1	"+"	"chr2+39272564"	2	2.25068083095136e-05	2095	"Polyclonal_50pct"	"sonic"	-23299	"MAP4K3*"	"-"	-28581	"CDKL4"	"-"	"MAP4K3"	"-"	-2115517	"EIF2AK2"	"-"	"*"	"MAP4K3"
"chr2"	48373361	48373361	1	"+"	"chr2+48373361"	2	2.25068083095136e-05	2095	"Polyclonal_50pct"	"sonic"	-5934	"FOXN2*"	"+"	58680	"FOXN2"	"+"	"FOXN2"	"+"	382363	"LHCGR"	"-"	"*"	"FOXN2"
"chr2"	54226964	54226964	1	"+"	"chr2+54226964"	2	2.25068083095136e-05	2095	"Polyclonal_50pct"	"sonic"	-78334	"ACYP2*"	"+"	29265	"TSPYL6"	"-"	"ACYP2"	"+"	783308	"RTN4"	"-"	"*"	"ACYP2"
"chr2"	60952221	60952221	1	"+"	"chr2+60952221"	2	2.25068083095136e-05	2095	"Polyclonal_50pct"	"sonic"	-11809	"PUS10~*"	"-"	64991	"PUS10"	"-"	"PUS10"	"-"	64991	"PUS10"	"-"	"~*"	"PUS10"
"chr2"	61392894	61392894	1	"+"	"chr2+61392894"	2	2.25068083095136e-05	2095	"Polyclonal_50pct"	"sonic"	78193	"USP34*"	"-"	24483	"SNORA70B"	"-"	"USP34"	"-"	-374635	"PUS10"	"-"	"*"	"USP34"
"chr2"	68681007	68681007	1	"+"	"chr2+68681007"	2	2.25068083095136e-05	2095	"Polyclonal_50pct"	"sonic"	22758	"PROKR1"	"+"	37429	"PROKR1"	"+"	"FALSE"	""	-53803	"ARHGAP25"	"+"	""	"PROKR1"
"chr2"	79306214	79306214	1	"+"	"chr2+79306214"	2	2.25068083095136e-05	2095	"Polyclonal_50pct"	"sonic"	-146461	"REG3A"	"-"	-146461	"REG3A"	"-"	"FALSE"	""	-146461	"REG3A"	"-"	""	"REG3A"
"chr2"	90111389	90111389	1	"+"	"chr2+90111389"	2	2.25068083095136e-05	2095	"Polyclonal_50pct"	"sonic"	-473482	"LOC101927050"	"-"	-473482	"LOC101927050"	"-"	"FALSE"	""	3669929	"KDM3A"	"+"	""	"LOC101927050"
"chr2"	110761264	110761264	1	"-"	"chr2-110761264"	2	2.25068083095136e-05	2095	"Polyclonal_50pct"	"sonic"	28692	"ACOXL*"	"+"	28692	"ACOXL"	"+"	"ACOXL"	"+"	-83157	"BUB1"	"-"	"*"	"ACOXL"
"chr2"	14761251	14761251	1	"-"	"chr2-14761251"	2	2.25068083095136e-05	2095	"Polyclonal_50pct"	"sonic"	109335	"LRATD1"	"+"	128535	"LRATD1"	"+"	"FALSE"	""	-830616	"DDX1"	"+"	""	"LRATD1"
"chr2"	150026866	150026866	1	"-"	"chr2-150026866"	2	2.25068083095136e-05	2095	"Polyclonal_50pct"	"sonic"	-167675	"LINC01931"	"-"	-167675	"LINC01931"	"-"	"FALSE"	""	2181838	"ACVR2A"	"+"	""	"LINC01931"
"chr2"	153994870	153994870	1	"-"	"chr2-153994870"	2	2.25068083095136e-05	2095	"Polyclonal_50pct"	"sonic"	122949	"GALNT13*"	"+"	122949	"GALNT13"	"+"	"GALNT13"	"+"	-3262834	"GALNT5"	"+"	"*"	"GALNT13"
"chr2"	160540774	160540774	1	"-"	"chr2-160540774"	2	2.25068083095136e-05	2095	"Polyclonal_50pct"	"sonic"	-46967	"RBMS1"	"-"	-46967	"RBMS1"	"-"	"FALSE"	""	3283070	"GALNT5"	"+"	""	"RBMS1"
"chr2"	162269642	162269642	1	"-"	"chr2-162269642"	2	2.25068083095136e-05	2095	"Polyclonal_50pct"	"sonic"	-2569	"IFIH1*"	"-"	-26197	"FAP"	"-"	"IFIH1"	"-"	5011938	"GALNT5"	"+"	"*"	"IFIH1"
"chr2"	171075812	171075812	1	"-"	"chr2-171075812"	2	2.25068083095136e-05	2095	"Polyclonal_50pct"	"sonic"	-84990	"TLK1*"	"-"	-8839	"TLK1"	"-"	"TLK1"	"-"	-1713278	"LRP2"	"-"	"*"	"TLK1"
"chr2"	175120234	175120234	1	"-"	"chr2-175120234"	2	2.25068083095136e-05	2095	"Polyclonal_50pct"	"sonic"	-5992	"ATF2~*"	"-"	47475	"MIR933"	"-"	"ATF2"	"-"	47969	"ATF2"	"-"	"~*"	"ATF2"
"chr2"	186909594	186909594	1	"-"	"chr2-186909594"	2	2.25068083095136e-05	2095	"Polyclonal_50pct"	"sonic"	-60424	"ZSWIM2"	"-"	-60424	"ZSWIM2"	"-"	"FALSE"	""	1880529	"DIRC1"	"-"	""	"ZSWIM2"
"chr2"	192613765	192613765	1	"-"	"chr2-192613765"	2	2.25068083095136e-05	2095	"Polyclonal_50pct"	"sonic"	-136079	"PCGEM1"	"+"	-136079	"PCGEM1"	"+"	"FALSE"	""	2829316	"PMS1"	"+"	""	"PCGEM1"
"chr2"	209605563	209605563	1	"-"	"chr2-209605563"	2	2.25068083095136e-05	2095	"Polyclonal_50pct"	"sonic"	25957	"MAP2~*"	"+"	25957	"MAP2"	"+"	"MAP2"	"+"	25957	"MAP2"	"+"	"~*"	"MAP2"
"chr2"	211777504	211777504	1	"-"	"chr2-211777504"	2	2.25068083095136e-05	2095	"Polyclonal_50pct"	"sonic"	-401788	"ERBB4~*"	"-"	648856	"MIR548F2"	"-"	"ERBB4"	"-"	761124	"ERBB4"	"-"	"~*"	"ERBB4"
"chr2"	22312570	22312570	1	"-"	"chr2-22312570"	2	2.25068083095136e-05	2095	"Polyclonal_50pct"	"sonic"	-223908	"LINC01884"	"+"	-223908	"LINC01884"	"+"	"FALSE"	""	1865497	"RHOB"	"+"	""	"LINC01884"
"chr2"	241693289	241693289	1	"-"	"chr2-241693289"	2	2.25068083095136e-05	2095	"Polyclonal_50pct"	"sonic"	6270	"ING5*"	"+"	6270	"ING5"	"+"	"ING5"	"+"	134545	"BOK"	"+"	"*"	"ING5"
"chr2"	242125842	242125842	1	"-"	"chr2-242125842"	2	2.25068083095136e-05	2095	"Polyclonal_50pct"	"sonic"	-34661	"LINC01881*"	"+"	37210	"LINC01881"	"+"	"LINC01881"	"+"	567098	"BOK"	"+"	"*"	"LINC01881"
"chr2"	26997415	26997415	1	"-"	"chr2-26997415"	2	2.25068083095136e-05	2095	"Polyclonal_50pct"	"sonic"	-12644	"MAPRE3-AS1*"	"-"	17173	"MAPRE3-AS1"	"-"	"MAPRE3,MAPRE3-AS1"	"+,-"	-438659	"OTOF"	"-"	"*"	"MAPRE3-AS1"
"chr2"	32772801	32772801	1	"-"	"chr2-32772801"	2	2.25068083095136e-05	2095	"Polyclonal_50pct"	"sonic"	-48250	"TTC27*"	"+"	-52631	"LINC00486"	"+"	"TTC27"	"+"	415586	"BIRC6"	"+"	"*"	"TTC27"
"chr2"	38597489	38597489	1	"-"	"chr2-38597489"	2	2.25068083095136e-05	2095	"Polyclonal_50pct"	"sonic"	5439	"HNRNPLL*"	"-"	5439	"HNRNPLL"	"-"	"HNRNPLL"	"-"	-1440442	"EIF2AK2"	"-"	"*"	"HNRNPLL"
"chr2"	41168074	41168074	1	"-"	"chr2-41168074"	2	2.25068083095136e-05	2095	"Polyclonal_50pct"	"sonic"	-655639	"SLC8A1"	"-"	-655639	"SLC8A1"	"-"	"FALSE"	""	-1001278	"EML4"	"+"	""	"SLC8A1"
"chr2"	72366033	72366033	1	"-"	"chr2-72366033"	2	2.25068083095136e-05	2095	"Polyclonal_50pct"	"sonic"	-190050	"EXOC6B*"	"-"	-218171	"CYP26B1"	"-"	"EXOC6B"	"-"	-1812207	"TGFA"	"-"	"*"	"EXOC6B"
"chr2"	74201346	74201346	1	"-"	"chr2-74201346"	2	2.25068083095136e-05	2095	"Polyclonal_50pct"	"sonic"	2732	"MTHFD2*"	"+"	2732	"MTHFD2"	"+"	"MTHFD2"	"+"	348180	"LOXL3"	"-"	"*"	"MTHFD2"
"chr2"	77450181	77450181	1	"-"	"chr2-77450181"	2	2.25068083095136e-05	2095	"Polyclonal_50pct"	"sonic"	72252	"LRRTM4*"	"-"	72195	"LRRTM4"	"-"	"LRRTM4"	"-"	1709572	"REG3A"	"-"	"*"	"LRRTM4"
"chr2"	78032310	78032310	1	"-"	"chr2-78032310"	2	2.25068083095136e-05	2095	"Polyclonal_50pct"	"sonic"	258421	"LOC101927967*"	"-"	-56419	"LOC101927948"	"+"	"LOC101927967"	"-"	1127443	"REG3A"	"-"	"*"	"LOC101927967"
"chr2"	96078287	96078287	1	"-"	"chr2-96078287"	2	2.25068083095136e-05	2095	"Polyclonal_50pct"	"sonic"	34588	"ADRA2B"	"-"	38284	"ADRA2B"	"-"	"FALSE"	""	67153	"DUSP2"	"-"	""	"ADRA2B"
"chr20"	20469910	20469910	1	"+"	"chr20+20469910"	2	2.25068083095136e-05	2095	"Polyclonal_50pct"	"sonic"	-80381	"RALGAPA2*"	"-"	101807	"INSM1"	"+"	"RALGAPA2"	"-"	1044154	"NKX2-2"	"-"	"*"	"RALGAPA2"
"chr20"	52821963	52821963	1	"+"	"chr20+52821963"	2	2.25068083095136e-05	2095	"Polyclonal_50pct"	"sonic"	-150394	"TSHZ2"	"+"	-150394	"TSHZ2"	"+"	"FALSE"	""	-629978	"ZFP64"	"-"	""	"TSHZ2"
"chr20"	63720803	63720803	1	"+"	"chr20+63720803"	2	2.25068083095136e-05	2095	"Polyclonal_50pct"	"sonic"	12765	"ZGPAT*"	"+"	12765	"ZGPAT"	"+"	"ZGPAT"	"+"	24152	"TNFRSF6B"	"+"	"*"	"ZGPAT"
"chr20"	45621512	45621512	1	"-"	"chr20-45621512"	2	2.25068083095136e-05	2095	"Polyclonal_50pct"	"sonic"	9772	"WFDC9*"	"-"	-8226	"WFDC10A"	"+"	"WFDC9"	"-"	-191063	"UBE2C"	"+"	"*"	"WFDC9"
"chr20"	53627036	53627036	1	"-"	"chr20-53627036"	2	2.25068083095136e-05	2095	"Polyclonal_50pct"	"sonic"	-7554	"LOC105372672*"	"+"	18683	"LOC105372672"	"+"	"LOC105372672"	"+"	-33197	"ZNF217"	"-"	"*"	"LOC105372672"
"chr20"	58257682	58257682	1	"-"	"chr20-58257682"	2	2.25068083095136e-05	2095	"Polyclonal_50pct"	"sonic"	-24906	"PPP4R1L*"	"-"	-29029	"ANKRD60"	"-"	"PPP4R1L"	"-"	-546146	"PMEPA1"	"-"	"*"	"PPP4R1L"
"chr21"	18675807	18675807	1	"+"	"chr21+18675807"	2	2.25068083095136e-05	2095	"Polyclonal_50pct"	"sonic"	84005	"MIR548XHG*"	"-"	10357	"MIR548X"	"-"	"MIR548XHG"	"-"	2085571	"MIR125B2"	"+"	"*"	"MIR548XHG"
"chr21"	21350286	21350286	1	"+"	"chr21+21350286"	2	2.25068083095136e-05	2095	"Polyclonal_50pct"	"sonic"	-35388	"NCAM2*"	"+"	203125	"NCAM2"	"+"	"NCAM2"	"+"	4760050	"MIR125B2"	"+"	"*"	"NCAM2"
"chr21"	24404750	24404750	1	"+"	"chr21+24404750"	2	2.25068083095136e-05	2095	"Polyclonal_50pct"	"sonic"	-23989	"LINC01684"	"+"	-23989	"LINC01684"	"+"	"FALSE"	""	2440659	"ADAMTS1"	"-"	""	"LINC01684"
"chr21"	25271862	25271862	1	"+"	"chr21+25271862"	2	2.25068083095136e-05	2095	"Polyclonal_50pct"	"sonic"	113957	"LINC00158"	"-"	159839	"LINC00158"	"-"	"FALSE"	""	1573547	"ADAMTS1"	"-"	""	"LINC00158"
"chr21"	26141028	26141028	1	"+"	"chr21+26141028"	2	2.25068083095136e-05	2095	"Polyclonal_50pct"	"sonic"	29742	"APP*"	"-"	-638	"APP"	"-"	"APP"	"-"	704381	"ADAMTS1"	"-"	"*"	"APP"
"chr21"	27591347	27591347	1	"+"	"chr21+27591347"	2	2.25068083095136e-05	2095	"Polyclonal_50pct"	"sonic"	-131031	"LINC00113"	"+"	-131031	"LINC00113"	"+"	"FALSE"	""	-745938	"ADAMTS1"	"-"	""	"LINC00113"
"chr21"	30966745	30966745	1	"+"	"chr21+30966745"	2	2.25068083095136e-05	2095	"Polyclonal_50pct"	"sonic"	71413	"KRTAP19-8"	"-"	71731	"KRTAP19-8"	"-"	"FALSE"	""	194195	"TIAM1"	"-"	""	"KRTAP19-8"
"chr21"	46513614	46513614	1	"+"	"chr21+46513614"	2	2.25068083095136e-05	2095	"Polyclonal_50pct"	"sonic"	-32692	"DIP2A*"	"+"	51144	"DIP2A-IT1"	"+"	"DIP2A"	"+"	91468	"S100B"	"-"	"*"	"DIP2A"
"chr21"	14572301	14572301	1	"-"	"chr21-14572301"	2	2.25068083095136e-05	2095	"Polyclonal_50pct"	"sonic"	11101	"SAMSN1*"	"-"	-9900	"SAMSN1-AS1"	"+"	"SAMSN1"	"-"	492699	"NRIP1"	"-"	"*"	"SAMSN1"
"chr21"	17789473	17789473	1	"-"	"chr21-17789473"	2	2.25068083095136e-05	2095	"Polyclonal_50pct"	"sonic"	-500	"C21orf91*"	"-"	3036	"C21orf91-OT1"	"-"	"C21orf91-OT1,C21orf91"	"-"	1199237	"MIR125B2"	"+"	"*"	"C21orf91"
"chr21"	20652086	20652086	1	"-"	"chr21-20652086"	2	2.25068083095136e-05	2095	"Polyclonal_50pct"	"sonic"	90503	"LINC00320"	"-"	151022	"LINC00320"	"-"	"FALSE"	""	4061850	"MIR125B2"	"+"	""	"LINC00320"
"chr21"	24445191	24445191	1	"-"	"chr21-24445191"	2	2.25068083095136e-05	2095	"Polyclonal_50pct"	"sonic"	16452	"LINC01684*"	"+"	16452	"LINC01684"	"+"	"LINC01684"	"+"	2400218	"ADAMTS1"	"-"	"*"	"LINC01684"
"chr21"	33208601	33208601	1	"-"	"chr21-33208601"	2	2.25068083095136e-05	2095	"Polyclonal_50pct"	"sonic"	-21293	"IFNAR2"	"+"	-21293	"IFNAR2"	"+"	"FALSE"	""	-115793	"IFNAR1"	"+"	""	"IFNAR2"
"chr22"	40231647	40231647	1	"+"	"chr22+40231647"	2	2.25068083095136e-05	2095	"Polyclonal_50pct"	"sonic"	53723	"TNRC6B*"	"+"	53723	"TNRC6B"	"+"	"TNRC6B"	"+"	624992	"ST13"	"-"	"*"	"TNRC6B"
"chr22"	49318995	49318995	1	"+"	"chr22+49318995"	2	2.25068083095136e-05	2095	"Polyclonal_50pct"	"sonic"	95529	"C22orf34"	"-"	224471	"MIR3667"	"-"	"FALSE"	""	-641776	"PIM3"	"+"	""	"C22orf34"
"chr22"	50421554	50421554	1	"+"	"chr22+50421554"	2	2.25068083095136e-05	2095	"Polyclonal_50pct"	"sonic"	-23535	"PPP6R2*"	"+"	14113	"MIR12114"	"+"	"PPP6R2"	"+"	108458	"TYMP"	"-"	"*"	"PPP6R2"
"chr22"	26602937	26602937	1	"-"	"chr22-26602937"	2	2.25068083095136e-05	2095	"Polyclonal_50pct"	"sonic"	-3660	"CRYBB1*"	"-"	-12805	"TPST2"	"-"	"CRYBB1"	"-"	1198819	"MN1"	"-"	"*"	"CRYBB1"
"chr22"	36171000	36171000	1	"-"	"chr22-36171000"	2	2.25068083095136e-05	2095	"Polyclonal_50pct"	"sonic"	-4823	"APOL3"	"-"	-4823	"APOL3"	"-"	"FALSE"	""	216967	"MYH9"	"-"	""	"APOL3"
"chr22_ML143380v1_fix"	79311	79311	1	"+"	"chr22_ML143380v1_fix+79311"	2	2.25068083095136e-05	2095	"Polyclonal_50pct"	"sonic"	NA	NA	""	NA	""	""	"FALSE"	""	NA	""	""	""	""
"chr22_ML143380v1_fix"	79642	79642	1	"+"	"chr22_ML143380v1_fix+79642"	2	2.25068083095136e-05	2095	"Polyclonal_50pct"	"sonic"	NA	NA	""	NA	""	""	"FALSE"	""	NA	""	""	""	""
"chr22_ML143380v1_fix"	79539	79539	1	"-"	"chr22_ML143380v1_fix-79539"	2	2.25068083095136e-05	2095	"Polyclonal_50pct"	"sonic"	NA	NA	""	NA	""	""	"FALSE"	""	NA	""	""	""	""
"chr22_ML143380v1_fix"	80192	80192	1	"-"	"chr22_ML143380v1_fix-80192"	2	2.25068083095136e-05	2095	"Polyclonal_50pct"	"sonic"	NA	NA	""	NA	""	""	"FALSE"	""	NA	""	""	""	""
"chr3"	107794251	107794251	1	"+"	"chr3+107794251"	2	2.25068083095136e-05	2095	"Polyclonal_50pct"	"sonic"	-17088	"BBX*"	"+"	83817	"LINC00635"	"-"	"BBX"	"+"	-1924850	"CBLB"	"-"	"*"	"BBX"
"chr3"	111136332	111136332	1	"+"	"chr3+111136332"	2	2.25068083095136e-05	2095	"Polyclonal_50pct"	"sonic"	-1228	"NECTIN3*"	"+"	64517	"NECTIN3"	"+"	"NECTIN3"	"+"	-1196240	"CD200"	"+"	"*"	"NECTIN3"
"chr3"	114470370	114470370	1	"+"	"chr3+114470370"	2	2.25068083095136e-05	2095	"Polyclonal_50pct"	"sonic"	16778	"ZBTB20-AS5*"	"+"	16778	"ZBTB20-AS5"	"+"	"ZBTB20,ZBTB20-AS5"	"-,+"	2137215	"CD200"	"+"	"*"	"ZBTB20-AS5"
"chr3"	122431788	122431788	1	"+"	"chr3+122431788"	2	2.25068083095136e-05	2095	"Polyclonal_50pct"	"sonic"	-9885	"KPNA1*"	"-"	15583	"LOC102723582"	"+"	"LOC102723582,KPNA1"	"+,-"	106541	"CSTA"	"+"	"*"	"KPNA1"
"chr3"	125265071	125265071	1	"+"	"chr3+125265071"	2	2.25068083095136e-05	2095	"Polyclonal_50pct"	"sonic"	-39403	"ZNF148*"	"-"	-52323	"SLC12A8"	"-"	"ZNF148"	"-"	-330320	"MUC13"	"-"	"*"	"ZNF148"
"chr3"	136286797	136286797	1	"+"	"chr3+136286797"	2	2.25068083095136e-05	2095	"Polyclonal_50pct"	"sonic"	36458	"PCCB*"	"+"	36458	"PCCB"	"+"	"PCCB"	"+"	465581	"STAG1"	"-"	"*"	"PCCB"
"chr3"	138496884	138496884	1	"+"	"chr3+138496884"	2	2.25068083095136e-05	2095	"Polyclonal_50pct"	"sonic"	-2540	"CEP70*"	"-"	62269	"ESYT3"	"+"	"CEP70"	"-"	-111886	"FAIM"	"+"	"*"	"CEP70"
"chr3"	145377760	145377760	1	"+"	"chr3+145377760"	2	2.25068083095136e-05	2095	"Polyclonal_50pct"	"sonic"	688583	"LNCSRLR"	"-"	691425	"LNCSRLR"	"-"	"FALSE"	""	-1529292	"SLC9A9"	"-"	""	"LNCSRLR"
"chr3"	150692045	150692045	1	"+"	"chr3+150692045"	2	2.25068083095136e-05	2095	"Polyclonal_50pct"	"sonic"	11875	"ERICH6*"	"-"	-11518	"ERICH6-AS1"	"+"	"ERICH6"	"-"	71124	"SIAH2"	"-"	"*"	"ERICH6"
"chr3"	153264658	153264658	1	"+"	"chr3+153264658"	2	2.25068083095136e-05	2095	"Polyclonal_50pct"	"sonic"	94032	"RAP2B"	"+"	102433	"RAP2B"	"+"	"FALSE"	""	102433	"RAP2B"	"+"	""	"RAP2B"
"chr3"	159271600	159271600	1	"+"	"chr3+159271600"	2	2.25068083095136e-05	2095	"Polyclonal_50pct"	"sonic"	202349	"IQCJ-SCHIP1*"	"+"	-1646	"SCHIP1"	"+"	"IQCJ-SCHIP1"	"+"	-539114	"RARRES1"	"-"	"*"	"IQCJ-SCHIP1"
"chr3"	162563389	162563389	1	"+"	"chr3+162563389"	2	2.25068083095136e-05	2095	"Polyclonal_50pct"	"sonic"	613853	"LINC01192"	"-"	739912	"LINC01192"	"-"	"FALSE"	""	-3830903	"RARRES1"	"-"	""	"LINC01192"
"chr3"	163686876	163686876	1	"+"	"chr3+163686876"	2	2.25068083095136e-05	2095	"Polyclonal_50pct"	"sonic"	-383575	"LINC01192"	"-"	-383575	"LINC01192"	"-"	"FALSE"	""	-4954390	"RARRES1"	"-"	""	"LINC01192"
"chr3"	166700743	166700743	1	"+"	"chr3+166700743"	2	2.25068083095136e-05	2095	"Polyclonal_50pct"	"sonic"	-197939	"LOC105374194"	"+"	-197939	"LOC105374194"	"+"	"FALSE"	""	2444780	"MECOM"	"-"	""	"LOC105374194"
"chr3"	167722976	167722976	1	"+"	"chr3+167722976"	2	2.25068083095136e-05	2095	"Polyclonal_50pct"	"sonic"	11866	"PDCD10*"	"-"	11866	"PDCD10"	"-"	"PDCD10"	"-"	1422547	"MECOM"	"-"	"*"	"PDCD10"
"chr3"	174141763	174141763	1	"+"	"chr3+174141763"	2	2.25068083095136e-05	2095	"Polyclonal_50pct"	"sonic"	-152609	"NLGN1*"	"+"	-220967	"NLGN1-AS1"	"-"	"NLGN1"	"+"	1390762	"ECT2"	"+"	"*"	"NLGN1"
"chr3"	179156672	179156672	1	"+"	"chr3+179156672"	2	2.25068083095136e-05	2095	"Polyclonal_50pct"	"sonic"	8316	"PIK3CA~*"	"+"	8316	"PIK3CA"	"+"	"PIK3CA"	"+"	8316	"PIK3CA"	"+"	"~*"	"PIK3CA"
"chr3"	182379796	182379796	1	"+"	"chr3+182379796"	2	2.25068083095136e-05	2095	"Polyclonal_50pct"	"sonic"	67173	"LINC01994"	"-"	106566	"LINC01994"	"-"	"FALSE"	""	667872	"SOX2"	"+"	""	"LINC01994"
"chr3"	189265150	189265150	1	"+"	"chr3+189265150"	2	2.25068083095136e-05	2095	"Polyclonal_50pct"	"sonic"	-60154	"TPRG1*"	"+"	-24556	"TPRG1-AS2"	"-"	"TPRG1"	"+"	1052255	"LPP"	"+"	"*"	"TPRG1"
"chr3"	189970751	189970751	1	"+"	"chr3+189970751"	2	2.25068083095136e-05	2095	"Polyclonal_50pct"	"sonic"	-14024	"P3H2*"	"-"	140830	"MIR944"	"+"	"P3H2"	"-"	1757856	"LPP"	"+"	"*"	"P3H2"
"chr3"	22351500	22351500	1	"+"	"chr3+22351500"	2	2.25068083095136e-05	2095	"Polyclonal_50pct"	"sonic"	371672	"ZNF385D-AS2"	"+"	394362	"ZNF385D-AS2"	"+"	"FALSE"	""	-2477822	"RARB"	"+"	""	"ZNF385D-AS2"
"chr3"	2684040	2684040	1	"+"	"chr3+2684040"	2	2.25068083095136e-05	2095	"Polyclonal_50pct"	"sonic"	-373918	"CNTN4~*"	"+"	-208174	"CNTN4"	"+"	"CNTN4"	"+"	-208174	"CNTN4"	"+"	"~*"	"CNTN4"
"chr3"	27021165	27021165	1	"+"	"chr3+27021165"	2	2.25068083095136e-05	2095	"Polyclonal_50pct"	"sonic"	89737	"NEK10"	"-"	195358	"NEK10"	"-"	"FALSE"	""	-1356258	"TOP2B"	"-"	""	"NEK10"
"chr3"	28288397	28288397	1	"+"	"chr3+28288397"	2	2.25068083095136e-05	2095	"Polyclonal_50pct"	"sonic"	-36730	"CMC1*"	"+"	46779	"CMC1"	"+"	"CMC1"	"+"	-2318104	"TGFBR2"	"+"	"*"	"CMC1"
"chr3"	36891310	36891310	1	"+"	"chr3+36891310"	2	2.25068083095136e-05	2095	"Polyclonal_50pct"	"sonic"	53744	"TRANK1*"	"-"	53744	"TRANK1"	"-"	"TRANK1"	"-"	-102039	"MLH1"	"+"	"*"	"TRANK1"
"chr3"	61103661	61103661	1	"+"	"chr3+61103661"	2	2.25068083095136e-05	2095	"Polyclonal_50pct"	"sonic"	147791	"FHIT~*"	"-"	147791	"FHIT"	"-"	"FHIT"	"-"	147791	"FHIT"	"-"	"~*"	"FHIT"
"chr3"	69818153	69818153	1	"+"	"chr3+69818153"	2	2.25068083095136e-05	2095	"Polyclonal_50pct"	"sonic"	54343	"MITF~*"	"+"	-48070	"MITF"	"+"	"MITF"	"+"	-48070	"MITF"	"+"	"~*"	"MITF"
"chr3"	82418455	82418455	1	"+"	"chr3+82418455"	2	2.25068083095136e-05	2095	"Polyclonal_50pct"	"sonic"	-45220	"LINC02008*"	"+"	432314	"LINC02008"	"+"	"LINC02008"	"+"	-2650457	"ROBO1"	"-"	"*"	"LINC02008"
"chr3"	83099794	83099794	1	"+"	"chr3+83099794"	2	2.25068083095136e-05	2095	"Polyclonal_50pct"	"sonic"	636119	"LINC02008"	"+"	1113653	"LINC02008"	"+"	"FALSE"	""	-3331796	"ROBO1"	"-"	""	"LINC02008"
"chr3"	95218275	95218275	1	"+"	"chr3+95218275"	2	2.25068083095136e-05	2095	"Polyclonal_50pct"	"sonic"	226947	"LINC00879"	"+"	280013	"LINC00879"	"+"	"FALSE"	""	-1244379	"PROS1"	"-"	""	"LINC00879"
"chr3"	98985609	98985609	1	"+"	"chr3+98985609"	2	2.25068083095136e-05	2095	"Polyclonal_50pct"	"sonic"	-83914	"DCBLD2"	"-"	-83914	"DCBLD2"	"-"	"FALSE"	""	-1723680	"TFG"	"+"	""	"DCBLD2"
"chr3"	10283389	10283389	1	"-"	"chr3-10283389"	2	2.25068083095136e-05	2095	"Polyclonal_50pct"	"sonic"	2438	"GHRLOS*"	"+"	-1029	"LINC00852"	"+"	"GHRLOS"	"+"	9558	"GHRL"	"-"	"*"	"GHRLOS"
"chr3"	108048970	108048970	1	"-"	"chr3-108048970"	2	2.25068083095136e-05	2095	"Polyclonal_50pct"	"sonic"	-5880	"CD47*"	"-"	42061	"CD47"	"-"	"CD47"	"-"	-2179569	"CBLB"	"-"	"*"	"CD47"
"chr3"	109598649	109598649	1	"-"	"chr3-109598649"	2	2.25068083095136e-05	2095	"Polyclonal_50pct"	"sonic"	-4178	"MIR4445"	"+"	-4178	"MIR4445"	"+"	"FALSE"	""	-2733923	"CD200"	"+"	""	"MIR4445"
"chr3"	114696737	114696737	1	"-"	"chr3-114696737"	2	2.25068083095136e-05	2095	"Polyclonal_50pct"	"sonic"	62370	"ZBTB20*"	"-"	46788	"MIR4796"	"-"	"ZBTB20"	"-"	2363582	"CD200"	"+"	"*"	"ZBTB20"
"chr3"	119205743	119205743	1	"-"	"chr3-119205743"	2	2.25068083095136e-05	2095	"Polyclonal_50pct"	"sonic"	600	"UPK1B"	"+"	-20742	"B4GALT4-AS1"	"+"	"FALSE"	""	888704	"GSK3B"	"-"	""	"UPK1B"
"chr3"	120667442	120667442	1	"-"	"chr3-120667442"	2	2.25068083095136e-05	2095	"Polyclonal_50pct"	"sonic"	14797	"HGD*"	"-"	14797	"HGD"	"-"	"HGD"	"-"	-572995	"GSK3B"	"-"	"*"	"HGD"
"chr3"	12657752	12657752	1	"-"	"chr3-12657752"	2	2.25068083095136e-05	2095	"Polyclonal_50pct"	"sonic"	5756	"RAF1~*"	"-"	5756	"RAF1"	"-"	"RAF1"	"-"	5756	"RAF1"	"-"	"~*"	"RAF1"
"chr3"	129541671	129541671	1	"-"	"chr3-129541671"	2	2.25068083095136e-05	2095	"Polyclonal_50pct"	"sonic"	-1503	"H1-8"	"+"	-1503	"H1-8"	"+"	"FALSE"	""	-890853	"RPN1"	"-"	""	"H1-8"
"chr3"	146551013	146551013	1	"-"	"chr3-146551013"	2	2.25068083095136e-05	2095	"Polyclonal_50pct"	"sonic"	-6406	"PLSCR1"	"-"	-6406	"PLSCR1"	"-"	"FALSE"	""	2535520	"HLTF"	"-"	""	"PLSCR1"
"chr3"	152519140	152519140	1	"-"	"chr3-152519140"	2	2.25068083095136e-05	2095	"Polyclonal_50pct"	"sonic"	53360	"MBNL1"	"+"	-178150	"TMEM14EP"	"-"	"FALSE"	""	-643085	"RAP2B"	"+"	""	"MBNL1"
"chr3"	162619580	162619580	1	"-"	"chr3-162619580"	2	2.25068083095136e-05	2095	"Polyclonal_50pct"	"sonic"	557662	"LINC01192"	"-"	683721	"LINC01192"	"-"	"FALSE"	""	-3887094	"RARRES1"	"-"	""	"LINC01192"
"chr3"	164174831	164174831	1	"-"	"chr3-164174831"	2	2.25068083095136e-05	2095	"Polyclonal_50pct"	"sonic"	-3275	"MIR1263"	"-"	-3275	"MIR1263"	"-"	"FALSE"	""	4970692	"MECOM"	"-"	""	"MIR1263"
"chr3"	164435068	164435068	1	"-"	"chr3-164435068"	2	2.25068083095136e-05	2095	"Polyclonal_50pct"	"sonic"	-263512	"MIR1263"	"-"	-263512	"MIR1263"	"-"	"FALSE"	""	4710455	"MECOM"	"-"	""	"MIR1263"
"chr3"	170362994	170362994	1	"-"	"chr3-170362994"	2	2.25068083095136e-05	2095	"Polyclonal_50pct"	"sonic"	3372	"SKIL~*"	"+"	3372	"SKIL"	"+"	"SKIL"	"+"	3372	"SKIL"	"+"	"~*"	"SKIL"
"chr3"	172345623	172345623	1	"-"	"chr3-172345623"	2	2.25068083095136e-05	2095	"Polyclonal_50pct"	"sonic"	-56046	"FNDC3B*"	"+"	102833	"GHSR"	"-"	"FNDC3B"	"+"	177807	"TNFSF10"	"-"	"*"	"FNDC3B"
"chr3"	174504410	174504410	1	"-"	"chr3-174504410"	2	2.25068083095136e-05	2095	"Polyclonal_50pct"	"sonic"	210038	"NLGN1"	"+"	-354923	"NAALADL2"	"+"	"FALSE"	""	1753409	"ECT2"	"+"	""	"NLGN1"
"chr3"	175270879	175270879	1	"-"	"chr3-175270879"	2	2.25068083095136e-05	2095	"Polyclonal_50pct"	"sonic"	217	"NAALADL2-AS2*"	"-"	217	"NAALADL2-AS2"	"-"	"NAALADL2,NAALADL2-AS2"	"+,-"	2519878	"ECT2"	"+"	"*"	"NAALADL2-AS2"
"chr3"	181791785	181791785	1	"-"	"chr3-181791785"	2	2.25068083095136e-05	2095	"Polyclonal_50pct"	"sonic"	49560	"SOX2-OT"	"+"	79861	"SOX2"	"+"	"FALSE"	""	79861	"SOX2"	"+"	""	"SOX2-OT"
"chr3"	25764024	25764024	1	"-"	"chr3-25764024"	2	2.25068083095136e-05	2095	"Polyclonal_50pct"	"sonic"	19419	"NGLY1*"	"-"	19419	"NGLY1"	"-"	"NGLY1"	"-"	-99117	"TOP2B"	"-"	"*"	"NGLY1"
"chr3"	2894957	2894957	1	"-"	"chr3-2894957"	2	2.25068083095136e-05	2095	"Polyclonal_50pct"	"sonic"	2743	"CNTN4~*"	"+"	2743	"CNTN4"	"+"	"CNTN4"	"+"	2743	"CNTN4"	"+"	"~*"	"CNTN4"
"chr3"	36979333	36979333	1	"-"	"chr3-36979333"	2	2.25068083095136e-05	2095	"Polyclonal_50pct"	"sonic"	5709	"EPM2AIP1"	"-"	13798	"EPM2AIP1"	"-"	"FALSE"	""	-14016	"MLH1"	"+"	""	"EPM2AIP1"
"chr3"	51125244	51125244	1	"-"	"chr3-51125244"	2	2.25068083095136e-05	2095	"Polyclonal_50pct"	"sonic"	-258954	"DOCK3*"	"+"	-260046	"MANF"	"+"	"DOCK3"	"+"	-260046	"MANF"	"+"	"*"	"DOCK3"
"chr3"	89302432	89302432	1	"-"	"chr3-89302432"	2	2.25068083095136e-05	2095	"Polyclonal_50pct"	"sonic"	-97913	"EPHA3~*"	"+"	194812	"EPHA3"	"+"	"EPHA3"	"+"	194812	"EPHA3"	"+"	"~*"	"EPHA3"
"chr3"	9449123	9449123	1	"-"	"chr3-9449123"	2	2.25068083095136e-05	2095	"Polyclonal_50pct"	"sonic"	-29022	"SETD5*"	"+"	51509	"SETD5"	"+"	"SETD5"	"+"	-199477	"SRGAP3"	"-"	"*"	"SETD5"
"chr4"	104850253	104850253	1	"+"	"chr4+104850253"	2	2.25068083095136e-05	2095	"Polyclonal_50pct"	"sonic"	152661	"CXXC4-AS1"	"+"	-295621	"TET2"	"+"	"FALSE"	""	-295621	"TET2"	"+"	""	"CXXC4-AS1"
"chr4"	109061914	109061914	1	"+"	"chr4+109061914"	2	2.25068083095136e-05	2095	"Polyclonal_50pct"	"sonic"	-238032	"COL25A1*"	"-"	240744	"COL25A1"	"-"	"COL25A1"	"-"	-850968	"EGF"	"+"	"*"	"COL25A1"
"chr4"	109118160	109118160	1	"+"	"chr4+109118160"	2	2.25068083095136e-05	2095	"Polyclonal_50pct"	"sonic"	184498	"COL25A1*"	"-"	184498	"COL25A1"	"-"	"COL25A1"	"-"	-794722	"EGF"	"+"	"*"	"COL25A1"
"chr4"	111590101	111590101	1	"+"	"chr4+111590101"	2	2.25068083095136e-05	2095	"Polyclonal_50pct"	"sonic"	-555352	"FAM241A"	"+"	-555352	"FAM241A"	"+"	"FALSE"	""	1677219	"EGF"	"+"	""	"FAM241A"
"chr4"	112551419	112551419	1	"+"	"chr4+112551419"	2	2.25068083095136e-05	2095	"Polyclonal_50pct"	"sonic"	-12081	"ZGRF1*"	"-"	-35239	"NEUROG2"	"-"	"ZGRF1"	"-"	1210319	"CAMK2D"	"-"	"*"	"ZGRF1"
"chr4"	113662090	113662090	1	"+"	"chr4+113662090"	2	2.25068083095136e-05	2095	"Polyclonal_50pct"	"sonic"	99648	"CAMK2D*"	"-"	99648	"CAMK2D"	"-"	"CAMK2D"	"-"	99648	"CAMK2D"	"-"	"*"	"CAMK2D"
"chr4"	119676814	119676814	1	"+"	"chr4+119676814"	2	2.25068083095136e-05	2095	"Polyclonal_50pct"	"sonic"	46059	"LOC107986192"	"+"	-48010	"PDE5A"	"-"	"FALSE"	""	390034	"MAD2L1"	"-"	""	"LOC107986192"
"chr4"	1198176	1198176	1	"+"	"chr4+1198176"	2	2.25068083095136e-05	2095	"Polyclonal_50pct"	"sonic"	-2394	"LOC100130872*"	"-"	10786	"SPON2,LOC100130872"	"-"	"SPON2,LOC100130872"	"-"	-265860	"GAK"	"-"	"*"	"LOC100130872"
"chr4"	122806173	122806173	1	"+"	"chr4+122806173"	2	2.25068083095136e-05	2095	"Polyclonal_50pct"	"sonic"	-20534	"FGF2~"	"+"	-20534	"FGF2"	"+"	"FALSE"	""	-20534	"FGF2"	"+"	"~"	"FGF2"
"chr4"	124221599	124221599	1	"+"	"chr4+124221599"	2	2.25068083095136e-05	2095	"Polyclonal_50pct"	"sonic"	278342	"LINC02516"	"-"	336835	"LINC02516"	"-"	"FALSE"	""	-1298631	"NUDT6"	"-"	""	"LINC02516"
"chr4"	126231483	126231483	1	"+"	"chr4+126231483"	2	2.25068083095136e-05	2095	"Polyclonal_50pct"	"sonic"	724176	"MIR2054"	"+"	724225	"MIR2054"	"+"	"FALSE"	""	2862056	"SCLT1"	"-"	""	"MIR2054"
"chr4"	131559883	131559883	1	"+"	"chr4+131559883"	2	2.25068083095136e-05	2095	"Polyclonal_50pct"	"sonic"	-204954	"SNHG27"	"+"	-204954	"SNHG27"	"+"	"FALSE"	""	-2466344	"SCLT1"	"-"	""	"SNHG27"
"chr4"	132301658	132301658	1	"+"	"chr4+132301658"	2	2.25068083095136e-05	2095	"Polyclonal_50pct"	"sonic"	-289430	"LINC01256"	"+"	-289430	"LINC01256"	"+"	"FALSE"	""	-3208119	"SCLT1"	"-"	""	"LINC01256"
"chr4"	136421423	136421423	1	"+"	"chr4+136421423"	2	2.25068083095136e-05	2095	"Polyclonal_50pct"	"sonic"	374478	"LINC02511"	"-"	-507743	"LINC00613"	"-"	"FALSE"	""	-6763493	"USP38"	"+"	""	"LINC02511"
"chr4"	146480187	146480187	1	"+"	"chr4+146480187"	2	2.25068083095136e-05	2095	"Polyclonal_50pct"	"sonic"	-38522	"SLC10A7*"	"-"	41753	"SLC10A7"	"-"	"SLC10A7"	"-"	1962227	"NR3C2"	"-"	"*"	"SLC10A7"
"chr4"	146921307	146921307	1	"+"	"chr4+146921307"	2	2.25068083095136e-05	2095	"Polyclonal_50pct"	"sonic"	24557	"TTC29*"	"-"	24557	"TTC29"	"-"	"TTC29"	"-"	1521107	"NR3C2"	"-"	"*"	"TTC29"
"chr4"	160310310	160310310	1	"+"	"chr4+160310310"	2	2.25068083095136e-05	2095	"Polyclonal_50pct"	"sonic"	-532526	"LINC02233"	"-"	-532526	"LINC02233"	"-"	"FALSE"	""	3022286	"NPY1R"	"-"	""	"LINC02233"
"chr4"	170463560	170463560	1	"+"	"chr4+170463560"	2	2.25068083095136e-05	2095	"Polyclonal_50pct"	"sonic"	179838	"LINC01612"	"+"	236970	"LINC01612"	"+"	"FALSE"	""	-4454797	"ADAM29"	"+"	""	"LINC01612"
"chr4"	172395776	172395776	1	"+"	"chr4+172395776"	2	2.25068083095136e-05	2095	"Polyclonal_50pct"	"sonic"	582373	"GALNTL6*"	"+"	293141	"GALNTL6-AS1"	"-"	"GALNTL6"	"+"	-2522581	"ADAM29"	"+"	"*"	"GALNTL6"
"chr4"	173993590	173993590	1	"+"	"chr4+173993590"	2	2.25068083095136e-05	2095	"Polyclonal_50pct"	"sonic"	64065	"LINC02269"	"+"	96318	"LINC02269"	"+"	"FALSE"	""	-924767	"ADAM29"	"+"	""	"LINC02269"
"chr4"	180103777	180103777	1	"+"	"chr4+180103777"	2	2.25068083095136e-05	2095	"Polyclonal_50pct"	"sonic"	960312	"LINC00290"	"-"	1055372	"LINC00290"	"-"	"FALSE"	""	-3401280	"ING2"	"+"	""	"LINC00290"
"chr4"	28380171	28380171	1	"+"	"chr4+28380171"	2	2.25068083095136e-05	2095	"Polyclonal_50pct"	"sonic"	-439410	"MIR4275"	"+"	-439410	"MIR4275"	"+"	"FALSE"	""	2723708	"SLC34A2"	"+"	""	"MIR4275"
"chr4"	43162594	43162594	1	"+"	"chr4+43162594"	2	2.25068083095136e-05	2095	"Polyclonal_50pct"	"sonic"	131936	"GRXCR1"	"+"	269882	"GRXCR1"	"+"	"FALSE"	""	-1413869	"PHOX2B"	"-"	""	"GRXCR1"
"chr4"	55106096	55106096	1	"+"	"chr4+55106096"	2	2.25068083095136e-05	2095	"Polyclonal_50pct"	"sonic"	19499	"KDR*"	"-"	19499	"KDR"	"-"	"KDR"	"-"	19499	"KDR"	"-"	"*"	"KDR"
"chr4"	55160996	55160996	1	"+"	"chr4+55160996"	2	2.25068083095136e-05	2095	"Polyclonal_50pct"	"sonic"	-35401	"KDR"	"-"	-35401	"KDR"	"-"	"FALSE"	""	-35401	"KDR"	"-"	""	"KDR"
"chr4"	56546160	56546160	1	"+"	"chr4+56546160"	2	2.25068083095136e-05	2095	"Polyclonal_50pct"	"sonic"	15555	"THEGL*"	"+"	15555	"THEGL"	"+"	"THEGL"	"+"	-361739	"REST"	"+"	"*"	"THEGL"
"chr4"	5937642	5937642	1	"+"	"chr4+5937642"	2	2.25068083095136e-05	2095	"Polyclonal_50pct"	"sonic"	-14314	"MIR378D1"	"-"	-14314	"MIR378D1"	"-"	"FALSE"	""	256977	"JAKMIP1"	"-"	""	"MIR378D1"
"chr4"	66578428	66578428	1	"+"	"chr4+66578428"	2	2.25068083095136e-05	2095	"Polyclonal_50pct"	"sonic"	301500	"MIR1269A"	"+"	301605	"MIR1269A"	"+"	"FALSE"	""	-4110103	"UTP3"	"+"	""	"MIR1269A"
"chr4"	70191668	70191668	1	"+"	"chr4+70191668"	2	2.25068083095136e-05	2095	"Polyclonal_50pct"	"sonic"	-4056	"ODAM"	"+"	-4056	"ODAM"	"+"	"FALSE"	""	-496863	"UTP3"	"+"	""	"ODAM"
"chr4"	72339466	72339466	1	"+"	"chr4+72339466"	2	2.25068083095136e-05	2095	"Polyclonal_50pct"	"sonic"	-58498	"ADAMTS3*"	"-"	229755	"ADAMTS3"	"-"	"ADAMTS3"	"-"	1280970	"RASSF6"	"-"	"*"	"ADAMTS3"
"chr4"	83364985	83364985	1	"+"	"chr4+83364985"	2	2.25068083095136e-05	2095	"Polyclonal_50pct"	"sonic"	-29832	"HPSE"	"-"	-29832	"HPSE"	"-"	"FALSE"	""	-29832	"HPSE"	"-"	""	"HPSE"
"chr4"	8361562	8361562	1	"+"	"chr4+8361562"	2	2.25068083095136e-05	2095	"Polyclonal_50pct"	"sonic"	4719	"ACOX3"	"-"	41387	"LINC02517"	"+"	"FALSE"	""	1667685	"S100P"	"+"	""	"ACOX3"
"chr4"	88098238	88098238	1	"+"	"chr4+88098238"	2	2.25068083095136e-05	2095	"Polyclonal_50pct"	"sonic"	-7970	"ABCG2*"	"-"	60401	"ABCG2"	"-"	"ABCG2"	"-"	122525	"SPP1"	"+"	"*"	"ABCG2"
"chr4"	88270648	88270648	1	"+"	"chr4+88270648"	2	2.25068083095136e-05	2095	"Polyclonal_50pct"	"sonic"	-13029	"PPM1K*"	"-"	13913	"PPM1K"	"-"	"PPM1K"	"-"	294935	"SPP1"	"+"	"*"	"PPM1K"
"chr4"	89826199	89826199	1	"+"	"chr4+89826199"	2	2.25068083095136e-05	2095	"Polyclonal_50pct"	"sonic"	10041	"SNCA*"	"-"	10041	"SNCA"	"-"	"SNCA"	"-"	1850486	"SPP1"	"+"	"*"	"SNCA"
"chr4"	96047097	96047097	1	"+"	"chr4+96047097"	2	2.25068083095136e-05	2095	"Polyclonal_50pct"	"sonic"	205633	"PDHA2"	"+"	207005	"PDHA2"	"+"	"FALSE"	""	-2214286	"RAP1GDS1"	"+"	""	"PDHA2"
"chr4"	102804053	102804053	1	"-"	"chr4-102804053"	2	2.25068083095136e-05	2095	"Polyclonal_50pct"	"sonic"	-9671	"UBE2D3*"	"-"	21807	"UBE2D3"	"-"	"UBE2D3"	"-"	302120	"NFKB1"	"+"	"*"	"UBE2D3"
"chr4"	113882067	113882067	1	"-"	"chr4-113882067"	2	2.25068083095136e-05	2095	"Polyclonal_50pct"	"sonic"	18216	"ARSJ"	"-"	97580	"ARSJ"	"-"	"FALSE"	""	-120140	"CAMK2D"	"-"	""	"ARSJ"
"chr4"	115238292	115238292	1	"-"	"chr4-115238292"	2	2.25068083095136e-05	2095	"Polyclonal_50pct"	"sonic"	-124672	"NDST4"	"-"	-124672	"NDST4"	"-"	"FALSE"	""	-1476365	"CAMK2D"	"-"	""	"NDST4"
"chr4"	119966805	119966805	1	"-"	"chr4-119966805"	2	2.25068083095136e-05	2095	"Polyclonal_50pct"	"sonic"	2512	"LINC02502"	"+"	27266	"LINC02502"	"+"	"FALSE"	""	100043	"MAD2L1"	"-"	""	"LINC02502"
"chr4"	122196258	122196258	1	"-"	"chr4-122196258"	2	2.25068083095136e-05	2095	"Polyclonal_50pct"	"sonic"	25656	"KIAA1109*"	"+"	25656	"KIAA1109"	"+"	"KIAA1109"	"+"	260467	"IL2"	"-"	"*"	"KIAA1109"
"chr4"	126357209	126357209	1	"-"	"chr4-126357209"	2	2.25068083095136e-05	2095	"Polyclonal_50pct"	"sonic"	849902	"MIR2054"	"+"	849951	"MIR2054"	"+"	"FALSE"	""	2736330	"SCLT1"	"-"	""	"MIR2054"
"chr4"	127987481	127987481	1	"-"	"chr4-127987481"	2	2.25068083095136e-05	2095	"Polyclonal_50pct"	"sonic"	22076	"ABHD18*"	"+"	-21518	"MFSD8"	"-"	"ABHD18"	"+"	1106058	"SCLT1"	"-"	"*"	"ABHD18"
"chr4"	130663309	130663309	1	"-"	"chr4-130663309"	2	2.25068083095136e-05	2095	"Polyclonal_50pct"	"sonic"	275238	"LINC02479"	"+"	286949	"LINC02479"	"+"	"FALSE"	""	-1569770	"SCLT1"	"-"	""	"LINC02479"
"chr4"	138030830	138030830	1	"-"	"chr4-138030830"	2	2.25068083095136e-05	2095	"Polyclonal_50pct"	"sonic"	-3408	"LINC00616*"	"-"	-58183	"SLC7A11-AS1"	"+"	"LINC00616"	"-"	-5154086	"USP38"	"+"	"*"	"LINC00616"
"chr4"	148994561	148994561	1	"-"	"chr4-148994561"	2	2.25068083095136e-05	2095	"Polyclonal_50pct"	"sonic"	-52183	"LOC105377480"	"-"	-52183	"LOC105377480"	"-"	"FALSE"	""	-549863	"NR3C2"	"-"	""	"LOC105377480"
"chr4"	150814165	150814165	1	"-"	"chr4-150814165"	2	2.25068083095136e-05	2095	"Polyclonal_50pct"	"sonic"	201102	"LRBA~*"	"-"	201102	"LRBA"	"-"	"LRBA"	"-"	201102	"LRBA"	"-"	"~*"	"LRBA"
"chr4"	152518310	152518310	1	"-"	"chr4-152518310"	2	2.25068083095136e-05	2095	"Polyclonal_50pct"	"sonic"	16723	"FBXW7~*"	"-"	16723	"FBXW7"	"-"	"FBXW7"	"-"	16723	"FBXW7"	"-"	"~*"	"FBXW7"
"chr4"	156073701	156073701	1	"-"	"chr4-156073701"	2	2.25068083095136e-05	2095	"Polyclonal_50pct"	"sonic"	-119835	"CTSO"	"-"	-119835	"CTSO"	"-"	"FALSE"	""	-3537609	"FBXW7"	"-"	""	"CTSO"
"chr4"	158450557	158450557	1	"-"	"chr4-158450557"	2	2.25068083095136e-05	2095	"Polyclonal_50pct"	"sonic"	-71156	"RXFP1"	"+"	-71156	"RXFP1"	"+"	"FALSE"	""	4882039	"NPY1R"	"-"	""	"RXFP1"
"chr4"	158818304	158818304	1	"-"	"chr4-158818304"	2	2.25068083095136e-05	2095	"Polyclonal_50pct"	"sonic"	12466	"FNIP2*"	"+"	12466	"FNIP2"	"+"	"FNIP2"	"+"	4514292	"NPY1R"	"-"	"*"	"FNIP2"
"chr4"	159182718	159182718	1	"-"	"chr4-159182718"	2	2.25068083095136e-05	2095	"Polyclonal_50pct"	"sonic"	78668	"RAPGEF2*"	"+"	-44913	"RAPGEF2"	"+"	"RAPGEF2"	"+"	4149878	"NPY1R"	"-"	"*"	"RAPGEF2"
"chr4"	170257376	170257376	1	"-"	"chr4-170257376"	2	2.25068083095136e-05	2095	"Polyclonal_50pct"	"sonic"	-26346	"LINC01612*"	"+"	30786	"LINC01612"	"+"	"LINC01612"	"+"	-4660981	"ADAM29"	"+"	"*"	"LINC01612"
"chr4"	171077402	171077402	1	"-"	"chr4-171077402"	2	2.25068083095136e-05	2095	"Polyclonal_50pct"	"sonic"	18242	"LINC02431"	"+"	36801	"LINC02431"	"+"	"FALSE"	""	-3840955	"ADAM29"	"+"	""	"LINC02431"
"chr4"	175324392	175324392	1	"-"	"chr4-175324392"	2	2.25068083095136e-05	2095	"Polyclonal_50pct"	"sonic"	308544	"GPM6A"	"-"	406035	"ADAM29"	"+"	"FALSE"	""	406035	"ADAM29"	"+"	""	"GPM6A"
"chr4"	181222840	181222840	1	"-"	"chr4-181222840"	2	2.25068083095136e-05	2095	"Polyclonal_50pct"	"sonic"	38175	"LINC02500"	"-"	42189	"LINC02500"	"-"	"FALSE"	""	-2282217	"ING2"	"+"	""	"LINC02500"
"chr4"	18473317	18473317	1	"-"	"chr4-18473317"	2	2.25068083095136e-05	2095	"Polyclonal_50pct"	"sonic"	-451442	"LCORL"	"-"	-451442	"LCORL"	"-"	"FALSE"	""	-7182533	"SLC34A2"	"+"	""	"LCORL"
"chr4"	22440266	22440266	1	"-"	"chr4-22440266"	2	2.25068083095136e-05	2095	"Polyclonal_50pct"	"sonic"	-52891	"ADGRA3*"	"-"	-75045	"MIR12115"	"+"	"ADGRA3"	"-"	-3215584	"SLC34A2"	"+"	"*"	"ADGRA3"
"chr4"	27230863	27230863	1	"-"	"chr4-27230863"	2	2.25068083095136e-05	2095	"Polyclonal_50pct"	"sonic"	13385	"LINC02261*"	"+"	13385	"LINC02261"	"+"	"LINC02261"	"+"	1574400	"SLC34A2"	"+"	"*"	"LINC02261"
"chr4"	33655326	33655326	1	"-"	"chr4-33655326"	2	2.25068083095136e-05	2095	"Polyclonal_50pct"	"sonic"	241014	"LOC101928622"	"-"	384567	"LOC101928622"	"-"	"FALSE"	""	2588613	"ARAP2"	"-"	""	"LOC101928622"
"chr4"	33949098	33949098	1	"-"	"chr4-33949098"	2	2.25068083095136e-05	2095	"Polyclonal_50pct"	"sonic"	-52758	"LOC101928622*"	"-"	90795	"LOC101928622"	"-"	"LOC101928622"	"-"	2294841	"ARAP2"	"-"	"*"	"LOC101928622"
"chr4"	34231446	34231446	1	"-"	"chr4-34231446"	2	2.25068083095136e-05	2095	"Polyclonal_50pct"	"sonic"	38301	"LINC02484*"	"-"	38301	"LINC02484"	"-"	"LINC02484"	"-"	2012493	"ARAP2"	"-"	"*"	"LINC02484"
"chr4"	64852394	64852394	1	"-"	"chr4-64852394"	2	2.25068083095136e-05	2095	"Polyclonal_50pct"	"sonic"	61886	"LINC02232"	"-"	152106	"LINC02232"	"-"	"FALSE"	""	-5836137	"UTP3"	"+"	""	"LINC02232"
"chr4"	73804249	73804249	1	"-"	"chr4-73804249"	2	2.25068083095136e-05	2095	"Polyclonal_50pct"	"sonic"	-32428	"CXCL6"	"+"	-32428	"CXCL6"	"+"	"FALSE"	""	-65143	"CXCL1"	"+"	""	"CXCL6"
"chr4"	74114077	74114077	1	"-"	"chr4-74114077"	2	2.25068083095136e-05	2095	"Polyclonal_50pct"	"sonic"	-9195	"MTHFD2L"	"+"	-9195	"MTHFD2L"	"+"	"FALSE"	""	-14882	"CXCL2"	"-"	""	"MTHFD2L"
"chr4"	80826422	80826422	1	"-"	"chr4-80826422"	2	2.25068083095136e-05	2095	"Polyclonal_50pct"	"sonic"	-137326	"CFAP299*"	"+"	-204285	"BMP3"	"+"	"CFAP299"	"+"	558158	"FGF5"	"+"	"*"	"CFAP299"
"chr4"	93298938	93298938	1	"-"	"chr4-93298938"	2	2.25068083095136e-05	2095	"Polyclonal_50pct"	"sonic"	-475617	"GRID2*"	"+"	-529814	"ATOH1"	"+"	"GRID2"	"+"	-4962445	"RAP1GDS1"	"+"	"*"	"GRID2"
"chr4"	94892623	94892623	1	"-"	"chr4-94892623"	2	2.25068083095136e-05	2095	"Polyclonal_50pct"	"sonic"	134669	"BMPR1B*"	"+"	-103608	"BMPR1B"	"+"	"BMPR1B"	"+"	-3368760	"RAP1GDS1"	"+"	"*"	"BMPR1B"
"chr4"	97652553	97652553	1	"-"	"chr4-97652553"	2	2.25068083095136e-05	2095	"Polyclonal_50pct"	"sonic"	-93680	"STPG2*"	"-"	285628	"STPG2-AS1"	"+"	"STPG2"	"-"	-608830	"RAP1GDS1"	"+"	"*"	"STPG2"
"chr5"	121432015	121432015	1	"+"	"chr5+121432015"	2	2.25068083095136e-05	2095	"Polyclonal_50pct"	"sonic"	106178	"LOC102467226"	"+"	109466	"LOC102467226"	"+"	"FALSE"	""	645159	"LOX"	"-"	""	"LOC102467226"
"chr5"	131653516	131653516	1	"+"	"chr5+131653516"	2	2.25068083095136e-05	2095	"Polyclonal_50pct"	"sonic"	-11803	"FNIP1~*"	"-"	-18287	"RAPGEF6"	"-"	"FNIP1"	"-"	143501	"FNIP1"	"-"	"~*"	"FNIP1"
"chr5"	143339588	143339588	1	"+"	"chr5+143339588"	2	2.25068083095136e-05	2095	"Polyclonal_50pct"	"sonic"	-45710	"NR3C1*"	"-"	63695	"NR3C1"	"-"	"NR3C1"	"-"	568362	"ARHGAP26"	"+"	"*"	"NR3C1"
"chr5"	149927423	149927423	1	"+"	"chr5+149927423"	2	2.25068083095136e-05	2095	"Polyclonal_50pct"	"sonic"	17370	"PDE6A*"	"-"	5554	"MFFP2"	"-"	"PDE6A"	"-"	159131	"CSF1R"	"-"	"*"	"PDE6A"
"chr5"	170986936	170986936	1	"+"	"chr5+170986936"	2	2.25068083095136e-05	2095	"Polyclonal_50pct"	"sonic"	124919	"RANBP17~*"	"+"	124919	"RANBP17"	"+"	"RANBP17"	"+"	124919	"RANBP17"	"+"	"~*"	"RANBP17"
"chr5"	18558786	18558786	1	"+"	"chr5+18558786"	2	2.25068083095136e-05	2095	"Polyclonal_50pct"	"sonic"	628297	"LINC02223"	"+"	751513	"LINC02223"	"+"	"FALSE"	""	3057349	"FBXL7"	"+"	""	"LINC02223"
"chr5"	21979181	21979181	1	"+"	"chr5+21979181"	2	2.25068083095136e-05	2095	"Polyclonal_50pct"	"sonic"	-228316	"CDH12*"	"-"	-89334	"CDH12"	"-"	"CDH12"	"-"	2665797	"CDH10"	"-"	"*"	"CDH12"
"chr5"	23700862	23700862	1	"+"	"chr5+23700862"	2	2.25068083095136e-05	2095	"Polyclonal_50pct"	"sonic"	172769	"PRDM9"	"+"	193254	"PRDM9"	"+"	"FALSE"	""	944116	"CDH10"	"-"	""	"PRDM9"
"chr5"	25303888	25303888	1	"+"	"chr5+25303888"	2	2.25068083095136e-05	2095	"Polyclonal_50pct"	"sonic"	1608	"LINC02211"	"+"	112936	"LINC02211"	"+"	"FALSE"	""	-658910	"CDH10"	"-"	""	"LINC02211"
"chr5"	27401024	27401024	1	"+"	"chr5+27401024"	2	2.25068083095136e-05	2095	"Polyclonal_50pct"	"sonic"	-71267	"PURPL"	"+"	-71267	"PURPL"	"+"	"FALSE"	""	-2756046	"CDH10"	"-"	""	"PURPL"
"chr5"	41920209	41920209	1	"+"	"chr5+41920209"	2	2.25068083095136e-05	2095	"Polyclonal_50pct"	"sonic"	-1427	"C5orf51*"	"+"	-5042	"FBXO4"	"+"	"C5orf51"	"+"	-503229	"GHR"	"+"	"*"	"C5orf51"
"chr5"	42417109	42417109	1	"+"	"chr5+42417109"	2	2.25068083095136e-05	2095	"Polyclonal_50pct"	"sonic"	-6329	"GHR"	"+"	-6329	"GHR"	"+"	"FALSE"	""	-6329	"GHR"	"+"	""	"GHR"
"chr5"	53119931	53119931	1	"+"	"chr5+53119931"	2	2.25068083095136e-05	2095	"Polyclonal_50pct"	"sonic"	4805	"LOC257396"	"+"	10090	"LOC257396"	"+"	"FALSE"	""	-360697	"FST"	"+"	""	"LOC257396"
"chr5"	56948533	56948533	1	"+"	"chr5+56948533"	2	2.25068083095136e-05	2095	"Polyclonal_50pct"	"sonic"	3590	"MIER3*"	"-"	3590	"MIER3"	"-"	"MIER3"	"-"	132985	"MAP3K1"	"+"	"*"	"MIER3"
"chr5"	75676071	75676071	1	"+"	"chr5+75676071"	2	2.25068083095136e-05	2095	"Polyclonal_50pct"	"sonic"	-1873	"POC5*"	"-"	36384	"POC5"	"-"	"POC5"	"-"	338852	"HMGCR"	"+"	"*"	"POC5"
"chr5"	92415945	92415945	1	"+"	"chr5+92415945"	2	2.25068083095136e-05	2095	"Polyclonal_50pct"	"sonic"	993410	"NR2F1-AS1"	"-"	-1032628	"ARRDC3"	"-"	"FALSE"	""	-1167276	"NR2F1"	"+"	""	"NR2F1-AS1"
"chr5"	100552296	100552296	1	"-"	"chr5-100552296"	2	2.25068083095136e-05	2095	"Polyclonal_50pct"	"sonic"	16923	"FAM174A*"	"+"	16923	"FAM174A"	"+"	"FAM174A"	"+"	3593864	"LNPEP"	"+"	"*"	"FAM174A"
"chr5"	115248020	115248020	1	"-"	"chr5-115248020"	2	2.25068083095136e-05	2095	"Polyclonal_50pct"	"sonic"	14857	"PGGT1B*"	"-"	14857	"PGGT1B"	"-"	"PGGT1B"	"-"	-1759567	"MCC"	"-"	"*"	"PGGT1B"
"chr5"	117644566	117644566	1	"-"	"chr5-117644566"	2	2.25068083095136e-05	2095	"Polyclonal_50pct"	"sonic"	64822	"LINC00992"	"+"	-85794	"LINC02147"	"+"	"FALSE"	""	-4156113	"MCC"	"-"	""	"LINC00992"
"chr5"	118277859	118277859	1	"-"	"chr5-118277859"	2	2.25068083095136e-05	2095	"Polyclonal_50pct"	"sonic"	-4714	"LINC02148"	"+"	-4714	"LINC02148"	"+"	"FALSE"	""	3799315	"LOX"	"-"	""	"LINC02148"
"chr5"	12221440	12221440	1	"-"	"chr5-12221440"	2	2.25068083095136e-05	2095	"Polyclonal_50pct"	"sonic"	-316994	"CTNND2"	"-"	-316994	"CTNND2"	"-"	"FALSE"	""	-316994	"CTNND2"	"-"	""	"CTNND2"
"chr5"	127921894	127921894	1	"-"	"chr5-127921894"	2	2.25068083095136e-05	2095	"Polyclonal_50pct"	"sonic"	-19613	"CCDC192*"	"+"	161281	"LINC01184"	"-"	"CCDC192"	"+"	-3173070	"ZNF608"	"-"	"*"	"CCDC192"
"chr5"	134156584	134156584	1	"-"	"chr5-134156584"	2	2.25068083095136e-05	2095	"Polyclonal_50pct"	"sonic"	-194	"SKP1~*"	"-"	20366	"SKP1"	"-"	"SKP1"	"-"	20366	"SKP1"	"-"	"~*"	"SKP1"
"chr5"	139603852	139603852	1	"-"	"chr5-139603852"	2	2.25068083095136e-05	2095	"Polyclonal_50pct"	"sonic"	-24581	"UBE2D2*"	"+"	42514	"UBE2D2"	"+"	"UBE2D2"	"+"	42514	"UBE2D2"	"+"	"*"	"UBE2D2"
"chr5"	14739219	14739219	1	"-"	"chr5-14739219"	2	2.25068083095136e-05	2095	"Polyclonal_50pct"	"sonic"	-34420	"ANKH*"	"-"	26526	"LOC100130744"	"+"	"ANKH"	"-"	595878	"TRIO"	"+"	"*"	"ANKH"
"chr5"	176159633	176159633	1	"-"	"chr5-176159633"	2	2.25068083095136e-05	2095	"Polyclonal_50pct"	"sonic"	-16549	"LOC643201*"	"-"	39662	"LOC643201"	"-"	"LOC643201"	"-"	288056	"CPLX2"	"+"	"*"	"LOC643201"
"chr5"	19070376	19070376	1	"-"	"chr5-19070376"	2	2.25068083095136e-05	2095	"Polyclonal_50pct"	"sonic"	400919	"CDH18"	"-"	815896	"CDH18"	"-"	"FALSE"	""	3568939	"FBXL7"	"+"	""	"CDH18"
"chr5"	27209605	27209605	1	"-"	"chr5-27209605"	2	2.25068083095136e-05	2095	"Polyclonal_50pct"	"sonic"	-171019	"CDH9"	"-"	-171019	"CDH9"	"-"	"FALSE"	""	-2564627	"CDH10"	"-"	""	"CDH9"
"chr5"	27782875	27782875	1	"-"	"chr5-27782875"	2	2.25068083095136e-05	2095	"Polyclonal_50pct"	"sonic"	286474	"PURPL"	"+"	310584	"PURPL"	"+"	"FALSE"	""	-3137897	"CDH10"	"-"	""	"PURPL"
"chr5"	30340317	30340317	1	"-"	"chr5-30340317"	2	2.25068083095136e-05	2095	"Polyclonal_50pct"	"sonic"	458214	"LOC105374704"	"+"	459758	"LOC105374704"	"+"	"FALSE"	""	4777805	"PRLR"	"-"	""	"LOC105374704"
"chr5"	30789199	30789199	1	"-"	"chr5-30789199"	2	2.25068083095136e-05	2095	"Polyclonal_50pct"	"sonic"	-404486	"CDH6"	"+"	-404486	"CDH6"	"+"	"FALSE"	""	4328923	"PRLR"	"-"	""	"CDH6"
"chr5"	32581004	32581004	1	"-"	"chr5-32581004"	2	2.25068083095136e-05	2095	"Polyclonal_50pct"	"sonic"	-4552	"SUB1"	"+"	-4552	"SUB1"	"+"	"FALSE"	""	2537118	"PRLR"	"-"	""	"SUB1"
"chr5"	45319778	45319778	1	"-"	"chr5-45319778"	2	2.25068083095136e-05	2095	"Polyclonal_50pct"	"sonic"	-64831	"HCN1*"	"-"	376602	"HCN1"	"-"	"HCN1"	"-"	-930358	"FGF10"	"-"	"*"	"HCN1"
"chr5"	54274218	54274218	1	"-"	"chr5-54274218"	2	2.25068083095136e-05	2095	"Polyclonal_50pct"	"sonic"	36355	"ARL15*"	"-"	36355	"ARL15"	"-"	"ARL15"	"-"	793590	"FST"	"+"	"*"	"ARL15"
"chr5"	5797685	5797685	1	"-"	"chr5-5797685"	2	2.25068083095136e-05	2095	"Polyclonal_50pct"	"sonic"	307465	"ICE1"	"+"	375009	"ICE1"	"+"	"FALSE"	""	-4352245	"SLC6A3"	"-"	""	"ICE1"
"chr5"	59788943	59788943	1	"-"	"chr5-59788943"	2	2.25068083095136e-05	2095	"Polyclonal_50pct"	"sonic"	104783	"PDE4D~*"	"-"	-20095	"PDE4D"	"-"	"PDE4D"	"-"	-20095	"PDE4D"	"-"	"~*"	"PDE4D"
"chr5"	62982446	62982446	1	"-"	"chr5-62982446"	2	2.25068083095136e-05	2095	"Polyclonal_50pct"	"sonic"	353857	"IPO11,IPO11-LRRC70"	"+"	403628	"LRRC70"	"+"	"FALSE"	""	-2037368	"ERCC8"	"-"	""	"IPO11,IPO11-LRRC70"
"chr5"	75154511	75154511	1	"-"	"chr5-75154511"	2	2.25068083095136e-05	2095	"Polyclonal_50pct"	"sonic"	82367	"ANKRD31*"	"-"	82367	"ANKRD31"	"-"	"ANKRD31"	"-"	-182656	"HMGCR"	"+"	"*"	"ANKRD31"
"chr5"	79401152	79401152	1	"-"	"chr5-79401152"	2	2.25068083095136e-05	2095	"Polyclonal_50pct"	"sonic"	-27329	"HOMER1*"	"-"	112684	"HOMER1"	"-"	"HOMER1"	"-"	-1253499	"MSH3"	"+"	"*"	"HOMER1"
"chr5"	7940836	7940836	1	"-"	"chr5-7940836"	2	2.25068083095136e-05	2095	"Polyclonal_50pct"	"sonic"	39723	"MTRR"	"+"	71689	"MTRR"	"+"	"FALSE"	""	3648081	"CTNND2"	"-"	""	"MTRR"
"chr5"	80448773	80448773	1	"-"	"chr5-80448773"	2	2.25068083095136e-05	2095	"Polyclonal_50pct"	"sonic"	-34606	"ZFYVE16*"	"+"	-39326	"FAM151B"	"+"	"ZFYVE16"	"+"	-205878	"MSH3"	"+"	"*"	"ZFYVE16"
"chr5"	83968966	83968966	1	"-"	"chr5-83968966"	2	2.25068083095136e-05	2095	"Polyclonal_50pct"	"sonic"	-28372	"EDIL3*"	"-"	-248111	"HAPLN1"	"-"	"EDIL3"	"-"	-248111	"HAPLN1"	"-"	"*"	"EDIL3"
"chr6"	102038862	102038862	1	"+"	"chr6+102038862"	2	2.25068083095136e-05	2095	"Polyclonal_50pct"	"sonic"	-31221	"GRIK2*"	"+"	639878	"GRIK2"	"+"	"GRIK2"	"+"	-2470048	"CCNC"	"-"	"*"	"GRIK2"
"chr6"	102508355	102508355	1	"+"	"chr6+102508355"	2	2.25068083095136e-05	2095	"Polyclonal_50pct"	"sonic"	438272	"GRIK2"	"+"	1109371	"GRIK2"	"+"	"FALSE"	""	-2939541	"CCNC"	"-"	""	"GRIK2"
"chr6"	112178080	112178080	1	"+"	"chr6+112178080"	2	2.25068083095136e-05	2095	"Polyclonal_50pct"	"sonic"	-70150	"LAMA4*"	"-"	-58515	"LAMA4-AS1"	"+"	"LAMA4"	"-"	-304628	"FYN"	"-"	"*"	"LAMA4"
"chr6"	112487398	112487398	1	"+"	"chr6+112487398"	2	2.25068083095136e-05	2095	"Polyclonal_50pct"	"sonic"	136104	"RFPL4B"	"+"	140069	"RFPL4B"	"+"	"FALSE"	""	-613946	"FYN"	"-"	""	"RFPL4B"
"chr6"	12187130	12187130	1	"+"	"chr6+12187130"	2	2.25068083095136e-05	2095	"Polyclonal_50pct"	"sonic"	22131	"HIVEP1"	"+"	-103230	"EDN1"	"+"	"FALSE"	""	174819	"HIVEP1"	"+"	""	"HIVEP1"
"chr6"	124944867	124944867	1	"+"	"chr6+124944867"	2	2.25068083095136e-05	2095	"Polyclonal_50pct"	"sonic"	18160	"RNF217-AS1*"	"-"	-17677	"RNF217"	"+"	"RNF217-AS1"	"-"	661863	"NKAIN2"	"+"	"*"	"RNF217-AS1"
"chr6"	126027010	126027010	1	"+"	"chr6+126027010"	2	2.25068083095136e-05	2095	"Polyclonal_50pct"	"sonic"	-12264	"TRMT11*"	"+"	40471	"TRMT11"	"+"	"TRMT11"	"+"	-1091660	"RSPO3"	"+"	"*"	"TRMT11"
"chr6"	126027021	126027021	1	"+"	"chr6+126027021"	2	2.25068083095136e-05	2095	"Polyclonal_50pct"	"sonic"	-12253	"TRMT11*"	"+"	40482	"TRMT11"	"+"	"TRMT11"	"+"	-1091649	"RSPO3"	"+"	"*"	"TRMT11"
"chr6"	132069324	132069324	1	"+"	"chr6+132069324"	2	2.25068083095136e-05	2095	"Polyclonal_50pct"	"sonic"	45867	"MIR548AJ1"	"-"	45939	"MIR548AJ1"	"-"	"FALSE"	""	-1172032	"EYA4"	"+"	""	"MIR548AJ1"
"chr6"	135683437	135683437	1	"+"	"chr6+135683437"	2	2.25068083095136e-05	2095	"Polyclonal_50pct"	"sonic"	-7401	"LINC00271*"	"+"	-168263	"PDE7B"	"+"	"LINC00271"	"+"	-185672	"AHI1"	"-"	"*"	"LINC00271"
"chr6"	137992737	137992737	1	"+"	"chr6+137992737"	2	2.25068083095136e-05	2095	"Polyclonal_50pct"	"sonic"	-46937	"LINC02528"	"-"	-46937	"LINC02528"	"-"	"FALSE"	""	125479	"TNFAIP3"	"+"	""	"LINC02528"
"chr6"	139715657	139715657	1	"+"	"chr6+139715657"	2	2.25068083095136e-05	2095	"Polyclonal_50pct"	"sonic"	-55415	"FILNC1"	"+"	-55415	"FILNC1"	"+"	"FALSE"	""	-341009	"CITED2"	"-"	""	"FILNC1"
"chr6"	144729750	144729750	1	"+"	"chr6+144729750"	2	2.25068083095136e-05	2095	"Polyclonal_50pct"	"sonic"	-123284	"UTRN*"	"+"	146603	"UTRN"	"+"	"UTRN"	"+"	-665151	"PLAGL1"	"-"	"*"	"UTRN"
"chr6"	144844620	144844620	1	"+"	"chr6+144844620"	2	2.25068083095136e-05	2095	"Polyclonal_50pct"	"sonic"	-8414	"UTRN*"	"+"	261473	"UTRN"	"+"	"UTRN"	"+"	-780021	"PLAGL1"	"-"	"*"	"UTRN"
"chr6"	145873457	145873457	1	"+"	"chr6+145873457"	2	2.25068083095136e-05	2095	"Polyclonal_50pct"	"sonic"	-13128	"FBXO30-DT*"	"+"	58582	"FBXO30-DT"	"+"	"FBXO30-DT"	"+"	-1808858	"PLAGL1"	"-"	"*"	"FBXO30-DT"
"chr6"	149630560	149630560	1	"+"	"chr6+149630560"	2	2.25068083095136e-05	2095	"Polyclonal_50pct"	"sonic"	18154	"KATNA1*"	"-"	18154	"KATNA1"	"-"	"KATNA1"	"-"	85865	"LATS1"	"-"	"*"	"KATNA1"
"chr6"	159752051	159752051	1	"+"	"chr6+159752051"	2	2.25068083095136e-05	2095	"Polyclonal_50pct"	"sonic"	-4268	"WTAP*"	"+"	-9993	"ACAT2"	"+"	"SOD2,WTAP"	"-,+"	-138936	"MAS1"	"+"	"*"	"WTAP"
"chr6"	43565804	43565804	1	"+"	"chr6+43565804"	2	2.25068083095136e-05	2095	"Polyclonal_50pct"	"sonic"	10234	"XPO5*"	"-"	10234	"XPO5"	"-"	"XPO5"	"-"	-10380	"POLH"	"+"	"*"	"XPO5"
"chr6"	50526126	50526126	1	"+"	"chr6+50526126"	2	2.25068083095136e-05	2095	"Polyclonal_50pct"	"sonic"	-187399	"TFAP2D"	"+"	-187399	"TFAP2D"	"+"	"FALSE"	""	1561487	"PKHD1"	"-"	""	"TFAP2D"
"chr6"	56985100	56985100	1	"+"	"chr6+56985100"	2	2.25068083095136e-05	2095	"Polyclonal_50pct"	"sonic"	-25846	"BEND6*"	"+"	29994	"BEND6"	"+"	"BEND6"	"+"	-30270	"DST"	"-"	"*"	"BEND6"
"chr6"	6014712	6014712	1	"+"	"chr6+6014712"	2	2.25068083095136e-05	2095	"Polyclonal_50pct"	"sonic"	-7107	"NRN1"	"-"	-7107	"NRN1"	"-"	"FALSE"	""	-1093030	"RREB1"	"+"	""	"NRN1"
"chr6"	70614685	70614685	1	"+"	"chr6+70614685"	2	2.25068083095136e-05	2095	"Polyclonal_50pct"	"sonic"	25120	"SDHAF4"	"+"	47756	"SDHAF4"	"+"	"FALSE"	""	-53197	"SMAP1"	"+"	""	"SDHAF4"
"chr6"	71213174	71213174	1	"+"	"chr6+71213174"	2	2.25068083095136e-05	2095	"Polyclonal_50pct"	"sonic"	-75636	"OGFRL1"	"+"	-75636	"OGFRL1"	"+"	"FALSE"	""	544645	"SMAP1"	"+"	""	"OGFRL1"
"chr6"	78109395	78109395	1	"+"	"chr6+78109395"	2	2.25068083095136e-05	2095	"Polyclonal_50pct"	"sonic"	182350	"MEI4"	"+"	429914	"MIR10524"	"-"	"FALSE"	""	968859	"PHIP"	"-"	""	"MEI4"
"chr6"	78361486	78361486	1	"+"	"chr6+78361486"	2	2.25068083095136e-05	2095	"Polyclonal_50pct"	"sonic"	177776	"MIR10524"	"-"	177823	"MIR10524"	"-"	"FALSE"	""	716768	"PHIP"	"-"	""	"MIR10524"
"chr6"	86772239	86772239	1	"+"	"chr6+86772239"	2	2.25068083095136e-05	2095	"Polyclonal_50pct"	"sonic"	-165288	"HTR1E"	"+"	-165288	"HTR1E"	"+"	"FALSE"	""	2912551	"CYB5R4"	"+"	""	"HTR1E"
"chr6"	94055298	94055298	1	"+"	"chr6+94055298"	2	2.25068083095136e-05	2095	"Polyclonal_50pct"	"sonic"	278678	"TSG1"	"+"	336996	"TSG1"	"+"	"FALSE"	""	-635739	"EPHA7"	"-"	""	"TSG1"
"chr6"	110210919	110210919	1	"-"	"chr6-110210919"	2	2.25068083095136e-05	2095	"Polyclonal_50pct"	"sonic"	-21311	"CDC40*"	"+"	30493	"CDC40"	"+"	"CDC40"	"+"	1548212	"FYN"	"-"	"*"	"CDC40"
"chr6"	120074415	120074415	1	"-"	"chr6-120074415"	2	2.25068083095136e-05	2095	"Polyclonal_50pct"	"sonic"	59158	"MIR3144"	"+"	59237	"MIR3144"	"+"	"FALSE"	""	-2471904	"GOPC"	"-"	""	"MIR3144"
"chr6"	121814879	121814879	1	"-"	"chr6-121814879"	2	2.25068083095136e-05	2095	"Polyclonal_50pct"	"sonic"	365152	"GJA1"	"+"	379234	"GJA1"	"+"	"FALSE"	""	-1988966	"NKAIN2"	"+"	""	"GJA1"
"chr6"	123885901	123885901	1	"-"	"chr6-123885901"	2	2.25068083095136e-05	2095	"Polyclonal_50pct"	"sonic"	82037	"NKAIN2!~*"	"+"	82037	"NKAIN2"	"+"	"NKAIN2"	"+"	82037	"NKAIN2"	"+"	"!~*"	"NKAIN2"
"chr6"	129289857	129289857	1	"-"	"chr6-129289857"	2	2.25068083095136e-05	2095	"Polyclonal_50pct"	"sonic"	-226708	"LAMA2*"	"+"	406720	"LAMA2"	"+"	"LAMA2"	"+"	-769258	"PTPRK"	"-"	"*"	"LAMA2"
"chr6"	130587580	130587580	1	"-"	"chr6-130587580"	2	2.25068083095136e-05	2095	"Polyclonal_50pct"	"sonic"	144515	"TMEM200A"	"+"	150464	"TMEM200A"	"+"	"FALSE"	""	-2066981	"PTPRK"	"-"	""	"TMEM200A"
"chr6"	132839461	132839461	1	"-"	"chr6-132839461"	2	2.25068083095136e-05	2095	"Polyclonal_50pct"	"sonic"	21897	"RPS12"	"+"	22243	"SNORA33"	"+"	"FALSE"	""	-401895	"EYA4"	"+"	""	"RPS12"
"chr6"	136733819	136733819	1	"-"	"chr6-136733819"	2	2.25068083095136e-05	2095	"Polyclonal_50pct"	"sonic"	58658	"MAP3K5*"	"-"	-50227	"LOC101928429"	"+"	"MAP3K5"	"-"	-1133439	"TNFAIP3"	"+"	"*"	"MAP3K5"
"chr6"	145626157	145626157	1	"-"	"chr6-145626157"	2	2.25068083095136e-05	2095	"Polyclonal_50pct"	"sonic"	-853	"EPM2A*"	"-"	60720	"EPM2A"	"-"	"EPM2A"	"-"	-1561558	"PLAGL1"	"-"	"*"	"EPM2A"
"chr6"	25856578	25856578	1	"-"	"chr6-25856578"	2	2.25068083095136e-05	2095	"Polyclonal_50pct"	"sonic"	-11723	"SLC17A3*"	"-"	17665	"SLC17A3"	"-"	"SLC17A3"	"-"	-230850	"HFE"	"+"	"*"	"SLC17A3"
"chr6"	42670141	42670141	1	"-"	"chr6-42670141"	2	2.25068083095136e-05	2095	"Polyclonal_50pct"	"sonic"	-23364	"UBR2*"	"+"	52456	"PRPH2"	"-"	"UBR2"	"+"	-245847	"PTCRA"	"+"	"*"	"UBR2"
"chr6"	49010752	49010752	1	"-"	"chr6-49010752"	2	2.25068083095136e-05	2095	"Polyclonal_50pct"	"sonic"	419607	"MMUT"	"-"	452501	"MMUT"	"-"	"FALSE"	""	3076861	"PKHD1"	"-"	""	"MMUT"
"chr6"	53957711	53957711	1	"-"	"chr6-53957711"	2	2.25068083095136e-05	2095	"Polyclonal_50pct"	"sonic"	27730	"LOC101927189*"	"+"	27730	"LOC101927189"	"+"	"LOC101927189"	"+"	-608532	"ELOVL5"	"-"	"*"	"LOC101927189"
"chr6"	62528857	62528857	1	"-"	"chr6-62528857"	2	2.25068083095136e-05	2095	"Polyclonal_50pct"	"sonic"	-242630	"KHDRBS2"	"-"	-242630	"KHDRBS2"	"-"	"FALSE"	""	-5574027	"DST"	"-"	""	"KHDRBS2"
"chr6"	67006877	67006877	1	"-"	"chr6-67006877"	2	2.25068083095136e-05	2095	"Polyclonal_50pct"	"sonic"	-1048473	"LOC102723883"	"+"	-1048473	"LOC102723883"	"+"	"FALSE"	""	-2859678	"COL19A1"	"+"	""	"LOC102723883"
"chr6"	70835297	70835297	1	"-"	"chr6-70835297"	2	2.25068083095136e-05	2095	"Polyclonal_50pct"	"sonic"	-26696	"SMAP1~*"	"+"	121763	"B3GAT2"	"-"	"SMAP1"	"+"	166768	"SMAP1"	"+"	"~*"	"SMAP1"
"chr6"	88769612	88769612	1	"-"	"chr6-88769612"	2	2.25068083095136e-05	2095	"Polyclonal_50pct"	"sonic"	-159716	"RNGTT*"	"-"	194006	"RNGTT"	"-"	"RNGTT"	"-"	1527231	"BACH2"	"-"	"*"	"RNGTT"
"chr6"	92476306	92476306	1	"-"	"chr6-92476306"	2	2.25068083095136e-05	2095	"Polyclonal_50pct"	"sonic"	763714	"EPHA7"	"-"	-785878	"CASC6"	"-"	"FALSE"	""	940854	"EPHA7"	"-"	""	"EPHA7"
"chr6"	96372414	96372414	1	"-"	"chr6-96372414"	2	2.25068083095136e-05	2095	"Polyclonal_50pct"	"sonic"	-149391	"UFL1"	"+"	-149391	"UFL1"	"+"	"FALSE"	""	-2952855	"EPHA7"	"-"	""	"UFL1"
"chr7"	10170319	10170319	1	"+"	"chr7+10170319"	2	2.25068083095136e-05	2095	"Polyclonal_50pct"	"sonic"	279500	"MGC4859"	"-"	-532356	"LOC100131472"	"+"	"FALSE"	""	-2634446	"COL28A1"	"-"	""	"MGC4859"
"chr7"	104153291	104153291	1	"+"	"chr7+104153291"	2	2.25068083095136e-05	2095	"Polyclonal_50pct"	"sonic"	-26951	"ORC5*"	"-"	54722	"ORC5"	"-"	"ORC5"	"-"	1115786	"SRPK2"	"-"	"*"	"ORC5"
"chr7"	116894454	116894454	1	"+"	"chr7+116894454"	2	2.25068083095136e-05	2095	"Polyclonal_50pct"	"sonic"	-27595	"CAPZA2*"	"+"	31868	"CAPZA2"	"+"	"CAPZA2"	"+"	222259	"MET"	"+"	"*"	"CAPZA2"
"chr7"	118293145	118293145	1	"+"	"chr7+118293145"	2	2.25068083095136e-05	2095	"Polyclonal_50pct"	"sonic"	50415	"ANKRD7"	"+"	68442	"ANKRD7"	"+"	"FALSE"	""	-970087	"WNT2"	"-"	""	"ANKRD7"
"chr7"	119081440	119081440	1	"+"	"chr7+119081440"	2	2.25068083095136e-05	2095	"Polyclonal_50pct"	"sonic"	537989	"LINC02476"	"-"	825935	"LINC02476"	"-"	"FALSE"	""	-1758382	"WNT2"	"-"	""	"LINC02476"
"chr7"	121155342	121155342	1	"+"	"chr7+121155342"	2	2.25068083095136e-05	2095	"Polyclonal_50pct"	"sonic"	-106576	"CPED1*"	"+"	165952	"CPED1"	"+"	"CPED1"	"+"	204566	"ING3"	"+"	"*"	"CPED1"
"chr7"	12202259	12202259	1	"+"	"chr7+12202259"	2	2.25068083095136e-05	2095	"Polyclonal_50pct"	"sonic"	-9034	"TMEM106B"	"+"	-9034	"TMEM106B"	"+"	"FALSE"	""	1784255	"ETV1"	"-"	""	"TMEM106B"
"chr7"	12357329	12357329	1	"+"	"chr7+12357329"	2	2.25068083095136e-05	2095	"Polyclonal_50pct"	"sonic"	-26445	"VWDE*"	"-"	46536	"VWDE"	"-"	"VWDE"	"-"	1629185	"ETV1"	"-"	"*"	"VWDE"
"chr7"	124880517	124880517	1	"+"	"chr7+124880517"	2	2.25068083095136e-05	2095	"Polyclonal_50pct"	"sonic"	49308	"POT1*"	"-"	49308	"POT1"	"-"	"POT1"	"-"	954663	"SPAM1"	"+"	"*"	"POT1"
"chr7"	134305895	134305895	1	"+"	"chr7+134305895"	2	2.25068083095136e-05	2095	"Polyclonal_50pct"	"sonic"	11035	"SLC35B4*"	"-"	11035	"SLC35B4"	"-"	"SLC35B4"	"-"	178556	"LRGUK"	"+"	"*"	"SLC35B4"
"chr7"	150582576	150582576	1	"+"	"chr7+150582576"	2	2.25068083095136e-05	2095	"Polyclonal_50pct"	"sonic"	8623	"GIMAP4"	"+"	15187	"GIMAP4"	"+"	"FALSE"	""	67705	"GIMAP7"	"+"	""	"GIMAP4"
"chr7"	16194402	16194402	1	"+"	"chr7+16194402"	2	2.25068083095136e-05	2095	"Polyclonal_50pct"	"sonic"	-106878	"CRPPA*"	"-"	-16083	"CRPPA-AS1"	"+"	"CRPPA"	"-"	-2202977	"ETV1"	"-"	"*"	"CRPPA"
"chr7"	17317180	17317180	1	"+"	"chr7+17317180"	2	2.25068083095136e-05	2095	"Polyclonal_50pct"	"sonic"	18529	"AHR*"	"+"	18529	"AHR"	"+"	"AHR"	"+"	1800456	"TWIST1"	"-"	"*"	"AHR"
"chr7"	25421563	25421563	1	"+"	"chr7+25421563"	2	2.25068083095136e-05	2095	"Polyclonal_50pct"	"sonic"	171737	"LOC646588"	"-"	-193077	"NPVF"	"-"	"FALSE"	""	-441385	"OSBPL3"	"-"	""	"LOC646588"
"chr7"	36407053	36407053	1	"+"	"chr7+36407053"	2	2.25068083095136e-05	2095	"Polyclonal_50pct"	"sonic"	17192	"ANLN~*"	"+"	-16696	"KIAA0895"	"-"	"ANLN"	"+"	17192	"ANLN"	"+"	"~*"	"ANLN"
"chr7"	43677259	43677259	1	"+"	"chr7+43677259"	2	2.25068083095136e-05	2095	"Polyclonal_50pct"	"sonic"	-30788	"COA1*"	"-"	52264	"COA1"	"-"	"COA1"	"-"	648335	"CAMK2B"	"-"	"*"	"COA1"
"chr7"	82814575	82814575	1	"+"	"chr7+82814575"	2	2.25068083095136e-05	2095	"Polyclonal_50pct"	"sonic"	-60564	"PCLO*"	"-"	348309	"PCLO"	"-"	"PCLO"	"-"	-1044528	"HGF"	"-"	"*"	"PCLO"
"chr7"	86294791	86294791	1	"+"	"chr7+86294791"	2	2.25068083095136e-05	2095	"Polyclonal_50pct"	"sonic"	-349117	"GRM3"	"+"	-349117	"GRM3"	"+"	"FALSE"	""	-857569	"DMTF1"	"+"	""	"GRM3"
"chr7"	90178341	90178341	1	"+"	"chr7+90178341"	2	2.25068083095136e-05	2095	"Polyclonal_50pct"	"sonic"	33294	"STEAP2-AS1*"	"-"	23873	"STEAP1"	"+"	"STEAP2-AS1"	"-"	23873	"STEAP1"	"+"	"*"	"STEAP2-AS1"
"chr7"	90742438	90742438	1	"+"	"chr7+90742438"	2	2.25068083095136e-05	2095	"Polyclonal_50pct"	"sonic"	32623	"CDK14*"	"+"	32623	"CDK14"	"+"	"CDK14"	"+"	528619	"STEAP2"	"+"	"*"	"CDK14"
"chr7"	95845461	95845461	1	"+"	"chr7+95845461"	2	2.25068083095136e-05	2095	"Polyclonal_50pct"	"sonic"	72956	"DYNC1I1*"	"+"	72956	"DYNC1I1"	"+"	"DYNC1I1"	"+"	1189092	"PEG10"	"+"	"*"	"DYNC1I1"
"chr7"	9645720	9645720	1	"+"	"chr7+9645720"	2	2.25068083095136e-05	2095	"Polyclonal_50pct"	"sonic"	9903	"PER3P1"	"+"	11451	"PER3P1"	"+"	"FALSE"	""	-2109847	"COL28A1"	"-"	""	"PER3P1"
"chr7"	113116375	113116375	1	"-"	"chr7-113116375"	2	2.25068083095136e-05	2095	"Polyclonal_50pct"	"sonic"	342	"SMIM30"	"-"	2179	"SMIM30"	"-"	"FALSE"	""	-3408633	"CAV1"	"+"	""	"SMIM30"
"chr7"	113606866	113606866	1	"-"	"chr7-113606866"	2	2.25068083095136e-05	2095	"Polyclonal_50pct"	"sonic"	269910	"PPP1R3A"	"-"	312143	"PPP1R3A"	"-"	"FALSE"	""	-2918142	"CAV1"	"+"	""	"PPP1R3A"
"chr7"	113919038	113919038	1	"-"	"chr7-113919038"	2	2.25068083095136e-05	2095	"Polyclonal_50pct"	"sonic"	-29	"PPP1R3A"	"-"	-29	"PPP1R3A"	"-"	"FALSE"	""	-2605970	"CAV1"	"+"	""	"PPP1R3A"
"chr7"	116619605	116619605	1	"-"	"chr7-116619605"	2	2.25068083095136e-05	2095	"Polyclonal_50pct"	"sonic"	-56012	"COMETT*"	"-"	-4948	"COMETT"	"-"	"COMETT"	"-"	-52590	"MET"	"+"	"*"	"COMETT"
"chr7"	122943492	122943492	1	"-"	"chr7-122943492"	2	2.25068083095136e-05	2095	"Polyclonal_50pct"	"sonic"	51211	"TAS2R16"	"-"	52208	"TAS2R16"	"-"	"FALSE"	""	-56733	"CADPS2"	"-"	""	"TAS2R16"
"chr7"	148732326	148732326	1	"-"	"chr7-148732326"	2	2.25068083095136e-05	2095	"Polyclonal_50pct"	"sonic"	32617	"CUL1~*"	"+"	32617	"CUL1"	"+"	"CUL1"	"+"	32617	"CUL1"	"+"	"~*"	"CUL1"
"chr7"	40728694	40728694	1	"-"	"chr7-40728694"	2	2.25068083095136e-05	2095	"Polyclonal_50pct"	"sonic"	-132066	"SUGCT*"	"+"	251245	"LINC01450"	"-"	"SUGCT"	"+"	1105123	"RALA"	"+"	"*"	"SUGCT"
"chr7"	41973531	41973531	1	"-"	"chr7-41973531"	2	2.25068083095136e-05	2095	"Polyclonal_50pct"	"sonic"	-12582	"GLI3~*"	"-"	263678	"GLI3"	"-"	"GLI3"	"-"	263678	"GLI3"	"-"	"~*"	"GLI3"
"chr7"	87850432	87850432	1	"-"	"chr7-87850432"	2	2.25068083095136e-05	2095	"Polyclonal_50pct"	"sonic"	-16865	"SLC25A40*"	"-"	25928	"SLC25A40"	"-"	"SLC25A40"	"-"	-137109	"ABCB1"	"-"	"*"	"SLC25A40"
"chr7"	9630663	9630663	1	"-"	"chr7-9630663"	2	2.25068083095136e-05	2095	"Polyclonal_50pct"	"sonic"	-3606	"PER3P1"	"+"	-3606	"PER3P1"	"+"	"FALSE"	""	-2094790	"COL28A1"	"-"	""	"PER3P1"
"chr7"	98979828	98979828	1	"-"	"chr7-98979828"	2	2.25068083095136e-05	2095	"Polyclonal_50pct"	"sonic"	-33413	"TRRAP*"	"+"	-33336	"LOC101927550"	"+"	"TRRAP"	"+"	-1051387	"ASNS"	"-"	"*"	"TRRAP"
"chr7_KI270803v1_alt"	244455	244455	1	"+"	"chr7_KI270803v1_alt+244455"	2	2.25068083095136e-05	2095	"Polyclonal_50pct"	"sonic"	-10307	"TRY2P"	"-"	-10307	"TRY2P"	"-"	"FALSE"	""	-633614	"EPHB6"	"+"	""	"TRY2P"
"chr8"	101572726	101572726	1	"+"	"chr8+101572726"	2	2.25068083095136e-05	2095	"Polyclonal_50pct"	"sonic"	80288	"GRHL2*"	"+"	80288	"GRHL2"	"+"	"GRHL2"	"+"	-1567998	"BAALC"	"+"	"*"	"GRHL2"
"chr8"	123103419	123103419	1	"+"	"chr8+123103419"	2	2.25068083095136e-05	2095	"Polyclonal_50pct"	"sonic"	30171	"TBC1D31*"	"+"	30171	"TBC1D31"	"+"	"TBC1D31"	"+"	-1371460	"RNF139"	"+"	"*"	"TBC1D31"
"chr8"	14076371	14076371	1	"+"	"chr8+14076371"	2	2.25068083095136e-05	2095	"Polyclonal_50pct"	"sonic"	8473	"SGCZ"	"-"	446682	"LOC102725080"	"+"	"FALSE"	""	-471751	"DLC1"	"-"	""	"SGCZ"
"chr8"	26394965	26394965	1	"+"	"chr8+26394965"	2	2.25068083095136e-05	2095	"Polyclonal_50pct"	"sonic"	4553	"BNIP3L*"	"+"	4553	"BNIP3L"	"+"	"BNIP3L"	"+"	1216472	"CLU"	"-"	"*"	"BNIP3L"
"chr8"	3724045	3724045	1	"+"	"chr8+3724045"	2	2.25068083095136e-05	2095	"Polyclonal_50pct"	"sonic"	-788685	"CSMD1*"	"-"	-995594	"LOC101927815"	"-"	"CSMD1"	"-"	-2682546	"MCPH1"	"+"	"*"	"CSMD1"
"chr8"	70189677	70189677	1	"+"	"chr8+70189677"	2	2.25068083095136e-05	2095	"Polyclonal_50pct"	"sonic"	-79896	"NCOA2*"	"-"	-118425	"PRDM14"	"-"	"NCOA2"	"-"	213713	"NCOA2"	"-"	"*"	"NCOA2"
"chr8"	75704823	75704823	1	"+"	"chr8+75704823"	2	2.25068083095136e-05	2095	"Polyclonal_50pct"	"sonic"	137997	"HNF4G"	"+"	164955	"HNF4G"	"+"	"FALSE"	""	3100640	"IL7"	"-"	""	"HNF4G"
"chr8"	83172018	83172018	1	"+"	"chr8+83172018"	2	2.25068083095136e-05	2095	"Polyclonal_50pct"	"sonic"	210094	"LOC101927141"	"+"	-231739	"LINC01419"	"+"	"FALSE"	""	-3000454	"TPD52"	"-"	""	"LOC101927141"
"chr8"	94690369	94690369	1	"+"	"chr8+94690369"	2	2.25068083095136e-05	2095	"Polyclonal_50pct"	"sonic"	-17097	"ESRP1*"	"+"	-29530	"DPY19L4"	"+"	"ESRP1"	"+"	259009	"TP53INP1"	"-"	"*"	"ESRP1"
"chr8"	100123411	100123411	1	"-"	"chr8-100123411"	2	2.25068083095136e-05	2095	"Polyclonal_50pct"	"sonic"	9939	"FBXO43"	"-"	-17362	"RGS22"	"-"	"FALSE"	""	-229704	"COX6C"	"-"	""	"FBXO43"
"chr8"	110283917	110283917	1	"-"	"chr8-110283917"	2	2.25068083095136e-05	2095	"Polyclonal_50pct"	"sonic"	-308146	"KCNV1"	"-"	-308146	"KCNV1"	"-"	"FALSE"	""	743292	"EBAG9"	"+"	""	"KCNV1"
"chr8"	111587529	111587529	1	"-"	"chr8-111587529"	2	2.25068083095136e-05	2095	"Polyclonal_50pct"	"sonic"	116912	"LINC02237"	"+"	210891	"LINC02237"	"+"	"FALSE"	""	1789623	"CSMD3"	"-"	""	"LINC02237"
"chr8"	113421758	113421758	1	"-"	"chr8-113421758"	2	2.25068083095136e-05	2095	"Polyclonal_50pct"	"sonic"	15181	"CSMD3~*"	"-"	15181	"CSMD3"	"-"	"CSMD3"	"-"	15181	"CSMD3"	"-"	"~*"	"CSMD3"
"chr8"	114693604	114693604	1	"-"	"chr8-114693604"	2	2.25068083095136e-05	2095	"Polyclonal_50pct"	"sonic"	714891	"TRPS1"	"-"	974409	"TRPS1"	"-"	"FALSE"	""	-1256665	"CSMD3"	"-"	""	"TRPS1"
"chr8"	117493424	117493424	1	"-"	"chr8-117493424"	2	2.25068083095136e-05	2095	"Polyclonal_50pct"	"sonic"	-27288	"MED30"	"+"	-27288	"MED30"	"+"	"FALSE"	""	618402	"EXT1"	"-"	""	"MED30"
"chr8"	144832404	144832404	1	"-"	"chr8-144832404"	2	2.25068083095136e-05	2095	"Polyclonal_50pct"	"sonic"	4845	"ZNF7*"	"+"	4845	"ZNF7"	"+"	"ZNF7"	"+"	-314571	"RECQL4"	"-"	"*"	"ZNF7"
"chr8"	14517640	14517640	1	"-"	"chr8-14517640"	2	2.25068083095136e-05	2095	"Polyclonal_50pct"	"sonic"	-432796	"SGCZ*"	"-"	335870	"MIR383"	"-"	"SGCZ"	"-"	-913020	"DLC1"	"-"	"*"	"SGCZ"
"chr8"	57514032	57514032	1	"-"	"chr8-57514032"	2	2.25068083095136e-05	2095	"Polyclonal_50pct"	"sonic"	149176	"LOC101929488"	"+"	170246	"LOC101929488"	"+"	"FALSE"	""	986131	"CYP7A1"	"-"	""	"LOC101929488"
"chr8"	60430810	60430810	1	"-"	"chr8-60430810"	2	2.25068083095136e-05	2095	"Polyclonal_50pct"	"sonic"	-16992	"LINC01301"	"-"	-16992	"LINC01301"	"-"	"FALSE"	""	-1930647	"CYP7A1"	"-"	""	"LINC01301"
"chr8"	72085814	72085814	1	"-"	"chr8-72085814"	2	2.25068083095136e-05	2095	"Polyclonal_50pct"	"sonic"	-10230	"TRPA1"	"-"	-10230	"TRPA1"	"-"	"FALSE"	""	-1681597	"NCOA2"	"-"	""	"TRPA1"
"chr8"	82348021	82348021	1	"-"	"chr8-82348021"	2	2.25068083095136e-05	2095	"Polyclonal_50pct"	"sonic"	-505735	"SNX16"	"-"	-505735	"SNX16"	"-"	"FALSE"	""	-2176457	"TPD52"	"-"	""	"SNX16"
"chr8"	87645044	87645044	1	"-"	"chr8-87645044"	2	2.25068083095136e-05	2095	"Polyclonal_50pct"	"sonic"	225703	"DCAF4L2"	"-"	228971	"DCAF4L2"	"-"	"FALSE"	""	1302498	"WWP1"	"+"	""	"DCAF4L2"
"chr9"	102281885	102281885	1	"+"	"chr9+102281885"	2	2.25068083095136e-05	2095	"Polyclonal_50pct"	"sonic"	-237751	"LINC00587"	"+"	-237751	"LINC00587"	"+"	"FALSE"	""	-846111	"ALDOB"	"-"	""	"LINC00587"
"chr9"	105141306	105141306	1	"+"	"chr9+105141306"	2	2.25068083095136e-05	2095	"Polyclonal_50pct"	"sonic"	-103298	"SLC44A1"	"+"	-103298	"SLC44A1"	"+"	"FALSE"	""	-213151	"ABCA1"	"-"	""	"SLC44A1"
"chr9"	107262108	107262108	1	"+"	"chr9+107262108"	2	2.25068083095136e-05	2095	"Polyclonal_50pct"	"sonic"	-21170	"RAD23B~"	"+"	-21170	"RAD23B"	"+"	"FALSE"	""	-21170	"RAD23B"	"+"	"~"	"RAD23B"
"chr9"	110832337	110832337	1	"+"	"chr9+110832337"	2	2.25068083095136e-05	2095	"Polyclonal_50pct"	"sonic"	25779	"MUSK"	"+"	104076	"MUSK"	"+"	"FALSE"	""	204443	"LPAR1"	"-"	""	"MUSK"
"chr9"	128536188	128536188	1	"+"	"chr9+128536188"	2	2.25068083095136e-05	2095	"Polyclonal_50pct"	"sonic"	-3689	"GLE1*"	"+"	-16398	"SPTAN1"	"+"	"MIR1268A,GLE1"	"+"	-16398	"SPTAN1"	"+"	"*"	"GLE1"
"chr9"	128754590	128754590	1	"+"	"chr9+128754590"	2	2.25068083095136e-05	2095	"Polyclonal_50pct"	"sonic"	17337	"ZER1*"	"-"	17337	"ZER1"	"-"	"ZER1"	"-"	64617	"SET"	"+"	"*"	"ZER1"
"chr9"	130020239	130020239	1	"+"	"chr9+130020239"	2	2.25068083095136e-05	2095	"Polyclonal_50pct"	"sonic"	22950	"FNBP1~*"	"-"	22950	"FNBP1"	"-"	"FNBP1"	"-"	22950	"FNBP1"	"-"	"~*"	"FNBP1"
"chr9"	136235382	136235382	1	"+"	"chr9+136235382"	2	2.25068083095136e-05	2095	"Polyclonal_50pct"	"sonic"	10430	"QSOX2*"	"-"	10430	"QSOX2"	"-"	"QSOX2"	"-"	310666	"NOTCH1"	"-"	"*"	"QSOX2"
"chr9"	1820196	1820196	1	"+"	"chr9+1820196"	2	2.25068083095136e-05	2095	"Polyclonal_50pct"	"sonic"	-195150	"SMARCA2"	"+"	-195150	"SMARCA2"	"+"	"FALSE"	""	-3164889	"JAK2"	"+"	""	"SMARCA2"
"chr9"	20109272	20109272	1	"+"	"chr9+20109272"	2	2.25068083095136e-05	2095	"Polyclonal_50pct"	"sonic"	232396	"MLLT3"	"-"	301966	"MIR4473"	"-"	"FALSE"	""	512666	"MLLT3"	"-"	""	"MLLT3"
"chr9"	28215332	28215332	1	"+"	"chr9+28215332"	2	2.25068083095136e-05	2095	"Polyclonal_50pct"	"sonic"	-277712	"LINGO2*"	"-"	503973	"LINGO2"	"-"	"LINGO2"	"-"	1105883	"TEK"	"+"	"*"	"LINGO2"
"chr9"	34806899	34806899	1	"+"	"chr9+34806899"	2	2.25068083095136e-05	2095	"Polyclonal_50pct"	"sonic"	23367	"FAM205BP"	"-"	31687	"FAM205BP"	"-"	"FALSE"	""	273043	"FANCG"	"-"	""	"FAM205BP"
"chr9"	35711497	35711497	1	"+"	"chr9+35711497"	2	2.25068083095136e-05	2095	"Polyclonal_50pct"	"sonic"	-14550	"TLN1*"	"-"	-756	"MIR6852"	"-"	"TLN1"	"-"	-53479	"RMRP"	"-"	"*"	"TLN1"
"chr9"	35744273	35744273	1	"+"	"chr9+35744273"	2	2.25068083095136e-05	2095	"Polyclonal_50pct"	"sonic"	4955	"GBA2*"	"-"	4955	"GBA2"	"-"	"GBA2"	"-"	-86255	"RMRP"	"-"	"*"	"GBA2"
"chr9"	68837597	68837597	1	"+"	"chr9+68837597"	2	2.25068083095136e-05	2095	"Polyclonal_50pct"	"sonic"	131618	"PIP5K1B*"	"+"	57533	"FAM122A"	"+"	"PIP5K1B"	"+"	-283666	"TJP2"	"+"	"*"	"PIP5K1B"
"chr9"	6945224	6945224	1	"+"	"chr9+6945224"	2	2.25068083095136e-05	2095	"Polyclonal_50pct"	"sonic"	-69183	"KDM4C~*"	"+"	187252	"KDM4C"	"+"	"KDM4C"	"+"	187252	"KDM4C"	"+"	"~*"	"KDM4C"
"chr9"	73543931	73543931	1	"+"	"chr9+73543931"	2	2.25068083095136e-05	2095	"Polyclonal_50pct"	"sonic"	373538	"ANXA1"	"+"	392067	"ANXA1"	"+"	"FALSE"	""	392067	"ANXA1"	"+"	""	"ANXA1"
"chr9"	77184139	77184139	1	"+"	"chr9+77184139"	2	2.25068083095136e-05	2095	"Polyclonal_50pct"	"sonic"	6606	"VPS13A*"	"+"	-6222	"VPS13A-AS1"	"-"	"VPS13A"	"+"	847672	"GNAQ"	"-"	"*"	"VPS13A"
"chr9"	101674758	101674758	1	"-"	"chr9-101674758"	2	2.25068083095136e-05	2095	"Polyclonal_50pct"	"sonic"	63889	"GRIN3A*"	"-"	63889	"GRIN3A"	"-"	"GRIN3A"	"-"	-238984	"ALDOB"	"-"	"*"	"GRIN3A"
"chr9"	106849606	106849606	1	"-"	"chr9-106849606"	2	2.25068083095136e-05	2095	"Polyclonal_50pct"	"sonic"	-13559	"ZNF462"	"+"	-13559	"ZNF462"	"+"	"FALSE"	""	-433672	"RAD23B"	"+"	""	"ZNF462"
"chr9"	109149280	109149280	1	"-"	"chr9-109149280"	2	2.25068083095136e-05	2095	"Polyclonal_50pct"	"sonic"	17969	"FRRS1L*"	"-"	17969	"FRRS1L"	"-"	"FRRS1L"	"-"	1107227	"TXN"	"-"	"*"	"FRRS1L"
"chr9"	11204879	11204879	1	"-"	"chr9-11204879"	2	2.25068083095136e-05	2095	"Polyclonal_50pct"	"sonic"	584459	"PTPRD-AS2"	"+"	591674	"PTPRD-AS2"	"+"	"FALSE"	""	-591877	"PTPRD"	"-"	""	"PTPRD-AS2"
"chr9"	114033140	114033140	1	"-"	"chr9-114033140"	2	2.25068083095136e-05	2095	"Polyclonal_50pct"	"sonic"	-23453	"ZNF618*"	"+"	45160	"AMBP"	"-"	"ZNF618"	"+"	439012	"RGS3"	"+"	"*"	"ZNF618"
"chr9"	117176484	117176484	1	"-"	"chr9-117176484"	2	2.25068083095136e-05	2095	"Polyclonal_50pct"	"sonic"	238573	"ASTN2~*"	"-"	4717	"SNORA70C"	"-"	"ASTN2"	"-"	238573	"ASTN2"	"-"	"~*"	"ASTN2"
"chr9"	132650833	132650833	1	"-"	"chr9-132650833"	2	2.25068083095136e-05	2095	"Polyclonal_50pct"	"sonic"	12493	"DDX31*"	"-"	12493	"DDX31"	"-"	"DDX31"	"-"	293783	"TSC1"	"-"	"*"	"DDX31"
"chr9"	136912361	136912361	1	"-"	"chr9-136912361"	2	2.25068083095136e-05	2095	"Polyclonal_50pct"	"sonic"	-14246	"TRAF2*"	"+"	25629	"MIR4479"	"+"	"TRAF2"	"+"	60016	"MAMDC4"	"+"	"*"	"TRAF2"
"chr9"	17507686	17507686	1	"-"	"chr9-17507686"	2	2.25068083095136e-05	2095	"Polyclonal_50pct"	"sonic"	3763	"CNTLN"	"+"	-71379	"SH3GL2"	"+"	"FALSE"	""	-71379	"SH3GL2"	"+"	""	"CNTLN"
"chr9"	21751897	21751897	1	"-"	"chr9-21751897"	2	2.25068083095136e-05	2095	"Polyclonal_50pct"	"sonic"	-50738	"MTAP"	"+"	-50738	"MTAP"	"+"	"FALSE"	""	222960	"CDKN2A"	"-"	""	"MTAP"
"chr9"	22867333	22867333	1	"-"	"chr9-22867333"	2	2.25068083095136e-05	2095	"Polyclonal_50pct"	"sonic"	43120	"LINC01239"	"+"	221134	"LINC01239"	"+"	"FALSE"	""	-858020	"CDKN2B"	"-"	""	"LINC01239"
"chr9"	28309957	28309957	1	"-"	"chr9-28309957"	2	2.25068083095136e-05	2095	"Polyclonal_50pct"	"sonic"	-372337	"LINGO2*"	"-"	409348	"LINGO2"	"-"	"LINGO2"	"-"	1200508	"TEK"	"+"	"*"	"LINGO2"
"chr9"	28538585	28538585	1	"-"	"chr9-28538585"	2	2.25068083095136e-05	2095	"Polyclonal_50pct"	"sonic"	180720	"LINGO2*"	"-"	180720	"LINGO2"	"-"	"LINGO2"	"-"	1429136	"TEK"	"+"	"*"	"LINGO2"
"chr9"	5962552	5962552	1	"-"	"chr9-5962552"	2	2.25068083095136e-05	2095	"Polyclonal_50pct"	"sonic"	-43531	"KIAA2026*"	"-"	-45273	"MIR4665"	"+"	"KIAA2026"	"-"	-450598	"UHRF2"	"+"	"*"	"KIAA2026"
"chrX"	117050110	117050110	1	"+"	"chrX+117050110"	2	2.25068083095136e-05	2095	"Polyclonal_50pct"	"sonic"	-232250	"LOC100126447"	"-"	-232250	"LOC100126447"	"-"	"FALSE"	""	-3200701	"ZBTB33"	"+"	""	"LOC100126447"
"chrX"	127914166	127914166	1	"+"	"chrX+127914166"	2	2.25068083095136e-05	2095	"Polyclonal_50pct"	"sonic"	136795	"ACTRT1"	"-"	138237	"ACTRT1"	"-"	"FALSE"	""	2196331	"ELF4"	"-"	""	"ACTRT1"
"chrX"	13036678	13036678	1	"+"	"chrX+13036678"	2	2.25068083095136e-05	2095	"Polyclonal_50pct"	"sonic"	-1062	"FAM9C*"	"-"	7942	"FAM9C"	"-"	"FAM9C"	"-"	-532922	"EGFL6"	"+"	"*"	"FAM9C"
"chrX"	148193883	148193883	1	"+"	"chrX+148193883"	2	2.25068083095136e-05	2095	"Polyclonal_50pct"	"sonic"	167219	"FMR1NB"	"+"	212547	"FMR1NB"	"+"	"FALSE"	""	-5301096	"BGN"	"+"	""	"FMR1NB"
"chrX"	17871291	17871291	1	"+"	"chrX+17871291"	2	2.25068083095136e-05	2095	"Polyclonal_50pct"	"sonic"	-9993	"RAI2"	"-"	-9993	"RAI2"	"-"	"FALSE"	""	924634	"REPS2"	"+"	""	"RAI2"
"chrX"	19929089	19929089	1	"+"	"chrX+19929089"	2	2.25068083095136e-05	2095	"Polyclonal_50pct"	"sonic"	-16228	"BCLAF3*"	"-"	41175	"BCLAF3"	"-"	"BCLAF3"	"-"	212749	"EIF1AX"	"-"	"*"	"BCLAF3"
"chrX"	23486806	23486806	1	"+"	"chrX+23486806"	2	2.25068083095136e-05	2095	"Polyclonal_50pct"	"sonic"	82432	"PTCHD1"	"+"	151958	"PTCHD1"	"+"	"FALSE"	""	-3344968	"EIF1AX"	"-"	""	"PTCHD1"
"chrX"	30144836	30144836	1	"+"	"chrX+30144836"	2	2.25068083095136e-05	2095	"Polyclonal_50pct"	"sonic"	-70726	"MAGEB2"	"+"	-70726	"MAGEB2"	"+"	"FALSE"	""	744418	"TAB3"	"-"	""	"MAGEB2"
"chrX"	57360019	57360019	1	"+"	"chrX+57360019"	2	2.25068083095136e-05	2095	"Polyclonal_50pct"	"sonic"	73166	"FAAH2*"	"+"	73166	"FAAH2"	"+"	"FAAH2"	"+"	-4134597	"KDM5C"	"-"	"*"	"FAAH2"
"chrX"	68516333	68516333	1	"+"	"chrX+68516333"	2	2.25068083095136e-05	2095	"Polyclonal_50pct"	"sonic"	17283	"YIPF6*"	"+"	17283	"YIPF6"	"+"	"YIPF6"	"+"	-131335	"STARD8"	"+"	"*"	"YIPF6"
"chrX"	83860919	83860919	1	"+"	"chrX+83860919"	2	2.25068083095136e-05	2095	"Polyclonal_50pct"	"sonic"	-206	"CYLC1"	"+"	-206	"CYLC1"	"+"	"FALSE"	""	-2287531	"DACH2"	"+"	""	"CYLC1"
"chrX"	84081791	84081791	1	"+"	"chrX+84081791"	2	2.25068083095136e-05	2095	"Polyclonal_50pct"	"sonic"	-23442	"RPS6KA6*"	"-"	106144	"RPS6KA6"	"-"	"RPS6KA6"	"-"	-2066659	"DACH2"	"+"	"*"	"RPS6KA6"
"chrX"	84136600	84136600	1	"+"	"chrX+84136600"	2	2.25068083095136e-05	2095	"Polyclonal_50pct"	"sonic"	51335	"RPS6KA6*"	"-"	51335	"RPS6KA6"	"-"	"RPS6KA6"	"-"	-2011850	"DACH2"	"+"	"*"	"RPS6KA6"
"chrX"	87865608	87865608	1	"+"	"chrX+87865608"	2	2.25068083095136e-05	2095	"Polyclonal_50pct"	"sonic"	195558	"KLHL4"	"+"	347807	"KLHL4"	"+"	"FALSE"	""	1602641	"DACH2"	"+"	""	"KLHL4"
"chrX"	98474532	98474532	1	"+"	"chrX+98474532"	2	2.25068083095136e-05	2095	"Polyclonal_50pct"	"sonic"	869536	"DIAPH2"	"+"	-909997	"DIAPH2-AS1"	"-"	"FALSE"	""	2911659	"BTK"	"-"	""	"DIAPH2"
"chrX"	121427441	121427441	1	"-"	"chrX-121427441"	2	2.25068083095136e-05	2095	"Polyclonal_50pct"	"sonic"	56388	"MIR3672"	"+"	56470	"MIR3672"	"+"	"FALSE"	""	-851612	"CUL4B"	"-"	""	"MIR3672"
"chrX"	141857448	141857448	1	"-"	"chrX-141857448"	2	2.25068083095136e-05	2095	"Polyclonal_50pct"	"sonic"	19133	"MAGEC3*"	"+"	19133	"MAGEC3"	"+"	"MAGEC3"	"+"	-1352379	"SOX3"	"-"	"*"	"MAGEC3"
"chrX"	149143079	149143079	1	"-"	"chrX-149143079"	2	2.25068083095136e-05	2095	"Polyclonal_50pct"	"sonic"	142416	"AFF2"	"+"	362227	"IDS"	"-"	"FALSE"	""	-4351900	"BGN"	"+"	""	"AFF2"
"chrX"	154092434	154092434	1	"-"	"chrX-154092434"	2	2.25068083095136e-05	2095	"Polyclonal_50pct"	"sonic"	4535	"MECP2*"	"-"	4535	"MECP2"	"-"	"MECP2"	"-"	-157397	"NAA10"	"-"	"*"	"MECP2"
"chrX"	26913633	26913633	1	"-"	"chrX-26913633"	2	2.25068083095136e-05	2095	"Polyclonal_50pct"	"sonic"	352581	"VENTXP1"	"+"	355297	"VENTXP1"	"+"	"FALSE"	""	3975621	"TAB3"	"-"	""	"VENTXP1"
"chrX"	28350363	28350363	1	"-"	"chrX-28350363"	2	2.25068083095136e-05	2095	"Polyclonal_50pct"	"sonic"	145191	"MIR6134"	"-"	145300	"MIR6134"	"-"	"FALSE"	""	2538891	"TAB3"	"-"	""	"MIR6134"
"chrX"	77672665	77672665	1	"-"	"chrX-77672665"	2	2.25068083095136e-05	2095	"Polyclonal_50pct"	"sonic"	113551	"ATRX~*"	"-"	113551	"ATRX"	"-"	"ATRX"	"-"	113551	"ATRX"	"-"	"~*"	"ATRX"
"chrX"	78181728	78181728	1	"-"	"chrX-78181728"	2	2.25068083095136e-05	2095	"Polyclonal_50pct"	"sonic"	-42078	"TAF9B"	"-"	-42078	"TAF9B"	"-"	"FALSE"	""	-395512	"ATRX"	"-"	""	"TAF9B"
"chrX"	83901247	83901247	1	"-"	"chrX-83901247"	2	2.25068083095136e-05	2095	"Polyclonal_50pct"	"sonic"	14547	"CYLC1"	"+"	40102	"CYLC1"	"+"	"FALSE"	""	-2247203	"DACH2"	"+"	""	"CYLC1"
"chrX"	87899836	87899836	1	"-"	"chrX-87899836"	2	2.25068083095136e-05	2095	"Polyclonal_50pct"	"sonic"	229786	"KLHL4"	"+"	382035	"KLHL4"	"+"	"FALSE"	""	1636869	"DACH2"	"+"	""	"KLHL4"
"chrX"	88732178	88732178	1	"-"	"chrX-88732178"	2	2.25068083095136e-05	2095	"Polyclonal_50pct"	"sonic"	-15046	"CPXCR1"	"+"	-15046	"CPXCR1"	"+"	"FALSE"	""	2469211	"DACH2"	"+"	""	"CPXCR1"
"chrX"	90758648	90758648	1	"-"	"chrX-90758648"	2	2.25068083095136e-05	2095	"Polyclonal_50pct"	"sonic"	656254	"PABPC5-AS1"	"-"	-676190	"PABPC5"	"+"	"FALSE"	""	4495681	"DACH2"	"+"	""	"PABPC5-AS1"
"chrX"	93129489	93129489	1	"-"	"chrX-93129489"	2	2.25068083095136e-05	2095	"Polyclonal_50pct"	"sonic"	-304586	"MIR4454"	"-"	-304586	"MIR4454"	"-"	"FALSE"	""	6866522	"DACH2"	"+"	""	"MIR4454"
"chr1"	101159676	101159676	1	"+"	"chr1+101159676"	1	1.12534041547568e-05	5098	"Polyclonal_50pct"	"sonic"	72297	"LOC102606465"	"+"	76852	"LOC101928370"	"-"	"FALSE"	""	1948820	"COL11A1"	"-"	""	"LOC102606465"
"chr1"	102769491	102769491	1	"+"	"chr1+102769491"	1	1.12534041547568e-05	5098	"Polyclonal_50pct"	"sonic"	106975	"COL11A1"	"-"	339005	"COL11A1"	"-"	"FALSE"	""	339005	"COL11A1"	"-"	""	"COL11A1"
"chr1"	105344477	105344477	1	"+"	"chr1+105344477"	1	1.12534041547568e-05	5098	"Polyclonal_50pct"	"sonic"	245216	"LINC01676"	"-"	274458	"LINC01676"	"-"	"FALSE"	""	-2235955	"COL11A1"	"-"	""	"LINC01676"
"chr1"	105582249	105582249	1	"+"	"chr1+105582249"	1	1.12534041547568e-05	5098	"Polyclonal_50pct"	"sonic"	7444	"LINC01676"	"-"	36686	"LINC01676"	"-"	"FALSE"	""	2106250	"VAV3"	"-"	""	"LINC01676"
"chr1"	106867697	106867697	1	"+"	"chr1+106867697"	1	1.12534041547568e-05	5098	"Polyclonal_50pct"	"sonic"	29504	"LINC01661"	"+"	49459	"LINC01661"	"+"	"FALSE"	""	820802	"VAV3"	"-"	""	"LINC01661"
"chr1"	108906102	108906102	1	"+"	"chr1+108906102"	1	1.12534041547568e-05	5098	"Polyclonal_50pct"	"sonic"	-28233	"GPSM2*"	"+"	29118	"GPSM2"	"+"	"GPSM2"	"+"	520346	"PSMA5"	"-"	"*"	"GPSM2"
"chr1"	110373592	110373592	1	"+"	"chr1+110373592"	1	1.12534041547568e-05	5098	"Polyclonal_50pct"	"sonic"	-10736	"SLC16A4*"	"-"	17434	"SLC16A4"	"-"	"SLC16A4"	"-"	34216	"RBM15"	"+"	"*"	"SLC16A4"
"chr1"	111294274	111294274	1	"+"	"chr1+111294274"	1	1.12534041547568e-05	5098	"Polyclonal_50pct"	"sonic"	3424	"CHIA*"	"+"	3424	"CHIA"	"+"	"CHIA"	"+"	154982	"WDR77"	"-"	"*"	"CHIA"
"chr1"	113871010	113871010	1	"+"	"chr1+113871010"	1	1.12534041547568e-05	5098	"Polyclonal_50pct"	"sonic"	702	"PTPN22*"	"-"	702	"PTPN22"	"-"	"AP4B1-AS1,PTPN22"	"+,-"	640193	"TRIM33"	"-"	"*"	"PTPN22"
"chr1"	117626329	117626329	1	"+"	"chr1+117626329"	1	1.12534041547568e-05	5098	"Polyclonal_50pct"	"sonic"	-2060	"TENT5C*"	"+"	20282	"TENT5C"	"+"	"TENT5C"	"+"	-415369	"VTCN1"	"-"	"*"	"TENT5C"
"chr1"	11798111	11798111	1	"+"	"chr1+11798111"	1	1.12534041547568e-05	5098	"Polyclonal_50pct"	"sonic"	5566	"MTHFR~*"	"-"	5566	"MTHFR"	"-"	"MTHFR"	"-"	5566	"MTHFR"	"-"	"~*"	"MTHFR"
"chr1"	119075555	119075555	1	"+"	"chr1+119075555"	1	1.12534041547568e-05	5098	"Polyclonal_50pct"	"sonic"	-44340	"WARS2*"	"-"	28151	"WARS2-IT1"	"+"	"WARS2"	"-"	735905	"REG4"	"-"	"*"	"WARS2"
"chr1"	1388569	1388569	1	"+"	"chr1+1388569"	1	1.12534041547568e-05	5098	"Polyclonal_50pct"	"sonic"	-2859	"CCNL2*"	"-"	9773	"CCNL2"	"-"	"CCNL2"	"-"	-226845	"MIB2"	"+"	"*"	"CCNL2"
"chr1"	143263304	143263304	1	"+"	"chr1+143263304"	1	1.12534041547568e-05	5098	"Polyclonal_50pct"	"sonic"	136666	"LSP1P5"	"-"	159288	"LSP1P5"	"-"	"FALSE"	""	2595777	"PIAS3"	"-"	""	"LSP1P5"
"chr1"	146953721	146953721	1	"+"	"chr1+146953721"	1	1.12534041547568e-05	5098	"Polyclonal_50pct"	"sonic"	15177	"NBPF12*"	"+"	15177	"NBPF12"	"+"	"NBPF12"	"+"	-587779	"BCL9"	"+"	"*"	"NBPF12"
"chr1"	147168329	147168329	1	"+"	"chr1+147168329"	1	1.12534041547568e-05	5098	"Polyclonal_50pct"	"sonic"	4141	"PRKAB2*"	"-"	4141	"PRKAB2"	"-"	"PRKAB2"	"-"	-373171	"BCL9"	"+"	"*"	"PRKAB2"
"chr1"	147455570	147455570	1	"+"	"chr1+147455570"	1	1.12534041547568e-05	5098	"Polyclonal_50pct"	"sonic"	62305	"LINC00624*"	"-"	62305	"LINC00624"	"-"	"LINC00624"	"-"	-85930	"BCL9"	"+"	"*"	"LINC00624"
"chr1"	1488774	1488774	1	"+"	"chr1+1488774"	1	1.12534041547568e-05	5098	"Polyclonal_50pct"	"sonic"	-9074	"ATAD3B*"	"+"	10926	"ATAD3B"	"+"	"ATAD3B"	"+"	-126640	"MIB2"	"+"	"*"	"ATAD3B"
"chr1"	149420730	149420730	1	"+"	"chr1+149420730"	1	1.12534041547568e-05	5098	"Polyclonal_50pct"	"sonic"	30093	"NOTCH2NLC*"	"+"	30093	"NOTCH2NLC"	"+"	"NOTCH2NLC"	"+"	468274	"PDE4DIP"	"+"	"*"	"NOTCH2NLC"
"chr1"	150042264	150042264	1	"+"	"chr1+150042264"	1	1.12534041547568e-05	5098	"Polyclonal_50pct"	"sonic"	-25117	"VPS45"	"+"	-25117	"VPS45"	"+"	"FALSE"	""	226752	"APH1A"	"-"	""	"VPS45"
"chr1"	150042399	150042399	1	"+"	"chr1+150042399"	1	1.12534041547568e-05	5098	"Polyclonal_50pct"	"sonic"	-24982	"VPS45"	"+"	-24982	"VPS45"	"+"	"FALSE"	""	226617	"APH1A"	"-"	""	"VPS45"
"chr1"	150124499	150124499	1	"+"	"chr1+150124499"	1	1.12534041547568e-05	5098	"Polyclonal_50pct"	"sonic"	-20830	"VPS45*"	"+"	-24934	"PLEKHO1"	"+"	"VPS45"	"+"	144517	"APH1A"	"-"	"*"	"VPS45"
"chr1"	150132431	150132431	1	"+"	"chr1+150132431"	1	1.12534041547568e-05	5098	"Polyclonal_50pct"	"sonic"	-12898	"VPS45*"	"+"	-17002	"PLEKHO1"	"+"	"VPS45"	"+"	136585	"APH1A"	"-"	"*"	"VPS45"
"chr1"	150221720	150221720	1	"+"	"chr1+150221720"	1	1.12534041547568e-05	5098	"Polyclonal_50pct"	"sonic"	-3304	"ANP32E*"	"-"	12958	"ANP32E"	"-"	"ANP32E"	"-"	47296	"APH1A"	"-"	"*"	"ANP32E"
"chr1"	151441666	151441666	1	"+"	"chr1+151441666"	1	1.12534041547568e-05	5098	"Polyclonal_50pct"	"sonic"	539	"POGZ*"	"-"	539	"POGZ"	"-"	"POGZ"	"-"	-94414	"RFX5"	"-"	"*"	"POGZ"
"chr1"	151520825	151520825	1	"+"	"chr1+151520825"	1	1.12534041547568e-05	5098	"Polyclonal_50pct"	"sonic"	9439	"CGN*"	"+"	9439	"CGN"	"+"	"CGN"	"+"	-173573	"RFX5"	"-"	"*"	"CGN"
"chr1"	152255358	152255358	1	"+"	"chr1+152255358"	1	1.12534041547568e-05	5098	"Polyclonal_50pct"	"sonic"	-31165	"HRNR"	"-"	-31165	"HRNR"	"-"	"FALSE"	""	-261499	"S100A10"	"-"	""	"HRNR"
"chr1"	152466868	152466868	1	"+"	"chr1+152466868"	1	1.12534041547568e-05	5098	"Polyclonal_50pct"	"sonic"	-43934	"LCE5A"	"+"	-43934	"LCE5A"	"+"	"FALSE"	""	-473009	"S100A10"	"-"	""	"LCE5A"
"chr1"	154616078	154616078	1	"+"	"chr1+154616078"	1	1.12534041547568e-05	5098	"Polyclonal_50pct"	"sonic"	11893	"ADAR*"	"-"	-7281	"ADAR"	"-"	"ADAR"	"-"	354669	"SHC1"	"-"	"*"	"ADAR"
"chr1"	154621347	154621347	1	"+"	"chr1+154621347"	1	1.12534041547568e-05	5098	"Polyclonal_50pct"	"sonic"	6624	"ADAR*"	"-"	6624	"ADAR"	"-"	"ADAR"	"-"	349400	"SHC1"	"-"	"*"	"ADAR"
"chr1"	155378984	155378984	1	"+"	"chr1+155378984"	1	1.12534041547568e-05	5098	"Polyclonal_50pct"	"sonic"	-43717	"ASH1L*"	"-"	-32539	"MIR555"	"-"	"ASH1L"	"-"	-171003	"THBS3"	"-"	"*"	"ASH1L"
"chr1"	155414243	155414243	1	"+"	"chr1+155414243"	1	1.12534041547568e-05	5098	"Polyclonal_50pct"	"sonic"	-78976	"ASH1L*"	"-"	-18936	"POU5F1P4"	"+"	"ASH1L"	"-"	-206262	"THBS3"	"-"	"*"	"ASH1L"
"chr1"	155502561	155502561	1	"+"	"chr1+155502561"	1	1.12534041547568e-05	5098	"Polyclonal_50pct"	"sonic"	60242	"ASH1L*"	"-"	-59480	"ASH1L-AS1"	"+"	"ASH1L"	"-"	-294580	"THBS3"	"-"	"*"	"ASH1L"
"chr1"	155519670	155519670	1	"+"	"chr1+155519670"	1	1.12534041547568e-05	5098	"Polyclonal_50pct"	"sonic"	43133	"ASH1L*"	"-"	-42371	"ASH1L-AS1"	"+"	"ASH1L"	"-"	-311689	"THBS3"	"-"	"*"	"ASH1L"
"chr1"	155791339	155791339	1	"+"	"chr1+155791339"	1	1.12534041547568e-05	5098	"Polyclonal_50pct"	"sonic"	-26884	"GON4L*"	"-"	-7507	"SCARNA26B"	"-"	"GON4L"	"-"	186836	"ARHGEF2"	"-"	"*"	"GON4L"
"chr1"	155823995	155823995	1	"+"	"chr1+155823995"	1	1.12534041547568e-05	5098	"Polyclonal_50pct"	"sonic"	33219	"GON4L*"	"-"	33219	"GON4L"	"-"	"GON4L"	"-"	154180	"ARHGEF2"	"-"	"*"	"GON4L"
"chr1"	155966635	155966635	1	"+"	"chr1+155966635"	1	1.12534041547568e-05	5098	"Polyclonal_50pct"	"sonic"	11540	"ARHGEF2~*"	"-"	11540	"ARHGEF2"	"-"	"ARHGEF2"	"-"	11540	"ARHGEF2"	"-"	"~*"	"ARHGEF2"
"chr1"	155969921	155969921	1	"+"	"chr1+155969921"	1	1.12534041547568e-05	5098	"Polyclonal_50pct"	"sonic"	8254	"ARHGEF2~*"	"-"	8254	"ARHGEF2"	"-"	"ARHGEF2"	"-"	8254	"ARHGEF2"	"-"	"~*"	"ARHGEF2"
"chr1"	156813962	156813962	1	"+"	"chr1+156813962"	1	1.12534041547568e-05	5098	"Polyclonal_50pct"	"sonic"	2495	"SH2D2A*"	"-"	-1787	"NTRK1"	"+"	"SH2D2A"	"-"	-1787	"NTRK1"	"+"	"*"	"SH2D2A"
"chr1"	160882584	160882584	1	"+"	"chr1+160882584"	1	1.12534041547568e-05	5098	"Polyclonal_50pct"	"sonic"	2596	"ITLN1*"	"-"	2596	"ITLN1"	"-"	"ITLN1"	"-"	162400	"USF1"	"-"	"*"	"ITLN1"
"chr1"	161897366	161897366	1	"+"	"chr1+161897366"	1	1.12534041547568e-05	5098	"Polyclonal_50pct"	"sonic"	-66704	"ATF6*"	"+"	127099	"OLFML2B"	"-"	"ATF6"	"+"	234252	"FCGR2B"	"+"	"*"	"ATF6"
"chr1"	165809049	165809049	1	"+"	"chr1+165809049"	1	1.12534041547568e-05	5098	"Polyclonal_50pct"	"sonic"	-18564	"UCK2"	"+"	-18564	"UCK2"	"+"	"FALSE"	""	1249328	"PBX1"	"+"	""	"UCK2"
"chr1"	1673527	1673527	1	"+"	"chr1+1673527"	1	1.12534041547568e-05	5098	"Polyclonal_50pct"	"sonic"	-12050	"SLC35E2B*"	"-"	-14523	"CDK11B"	"-"	"SLC35E2B"	"-"	-14523	"CDK11B"	"-"	"*"	"SLC35E2B"
"chr1"	169081909	169081909	1	"+"	"chr1+169081909"	1	1.12534041547568e-05	5098	"Polyclonal_50pct"	"sonic"	5096	"LINC00970*"	"-"	5096	"LINC00970"	"-"	"LINC00970"	"-"	-352703	"DPT"	"-"	"*"	"LINC00970"
"chr1"	170840887	170840887	1	"+"	"chr1+170840887"	1	1.12534041547568e-05	5098	"Polyclonal_50pct"	"sonic"	-94583	"MROH9"	"+"	-94583	"MROH9"	"+"	"FALSE"	""	176757	"PRRX1"	"+"	""	"MROH9"
"chr1"	171317945	171317945	1	"+"	"chr1+171317945"	1	1.12534041547568e-05	5098	"Polyclonal_50pct"	"sonic"	3763	"FMO4*"	"+"	3763	"FMO4"	"+"	"FMO4"	"+"	653815	"PRRX1"	"+"	"*"	"FMO4"
"chr1"	171524171	171524171	1	"+"	"chr1+171524171"	1	1.12534041547568e-05	5098	"Polyclonal_50pct"	"sonic"	38642	"PRRC2C*"	"+"	38642	"PRRC2C"	"+"	"PRRC2C"	"+"	860041	"PRRX1"	"+"	"*"	"PRRC2C"
"chr1"	174620475	174620475	1	"+"	"chr1+174620475"	1	1.12534041547568e-05	5098	"Polyclonal_50pct"	"sonic"	-337712	"RABGAP1L*"	"+"	-80063	"RABGAP1L"	"+"	"RABGAP1L"	"+"	-80063	"RABGAP1L"	"+"	"*"	"RABGAP1L"
"chr1"	175956994	175956994	1	"+"	"chr1+175956994"	1	1.12534041547568e-05	5098	"Polyclonal_50pct"	"sonic"	-12164	"COP1*"	"-"	11485	"MIR1843"	"-"	"COP1"	"-"	-213399	"TNR"	"-"	"*"	"COP1"
"chr1"	176193343	176193343	1	"+"	"chr1+176193343"	1	1.12534041547568e-05	5098	"Polyclonal_50pct"	"sonic"	13901	"COP1*"	"-"	13901	"COP1"	"-"	"COP1"	"-"	-269831	"PAPPA2"	"+"	"*"	"COP1"
"chr1"	179912091	179912091	1	"+"	"chr1+179912091"	1	1.12534041547568e-05	5098	"Polyclonal_50pct"	"sonic"	-7985	"TOR1AIP1*"	"+"	29807	"TOR1AIP1"	"+"	"TOR1AIP1"	"+"	-682407	"ABL2"	"-"	"*"	"TOR1AIP1"
"chr1"	180351614	180351614	1	"+"	"chr1+180351614"	1	1.12534041547568e-05	5098	"Polyclonal_50pct"	"sonic"	-63385	"ACBD6*"	"-"	-76933	"LHX4-AS1"	"-"	"ACBD6"	"-"	-1121930	"ABL2"	"-"	"*"	"ACBD6"
"chr1"	183057895	183057895	1	"+"	"chr1+183057895"	1	1.12534041547568e-05	5098	"Polyclonal_50pct"	"sonic"	34476	"LAMC1*"	"+"	34476	"LAMC1"	"+"	"LAMC1"	"+"	218549	"DHX9"	"+"	"*"	"LAMC1"
"chr1"	184711480	184711480	1	"+"	"chr1+184711480"	1	1.12534041547568e-05	5098	"Polyclonal_50pct"	"sonic"	-21243	"EDEM3*"	"-"	43378	"EDEM3"	"-"	"EDEM3"	"-"	906361	"RGL1"	"+"	"*"	"EDEM3"
"chr1"	184723934	184723934	1	"+"	"chr1+184723934"	1	1.12534041547568e-05	5098	"Polyclonal_50pct"	"sonic"	30924	"EDEM3*"	"-"	30924	"EDEM3"	"-"	"EDEM3"	"-"	918815	"RGL1"	"+"	"*"	"EDEM3"
"chr1"	185933973	185933973	1	"+"	"chr1+185933973"	1	1.12534041547568e-05	5098	"Polyclonal_50pct"	"sonic"	199583	"HMCN1*"	"+"	199583	"HMCN1"	"+"	"HMCN1"	"+"	-362299	"PRG4"	"+"	"*"	"HMCN1"
"chr1"	186181300	186181300	1	"+"	"chr1+186181300"	1	1.12534041547568e-05	5098	"Polyclonal_50pct"	"sonic"	-9649	"HMCN1*"	"+"	-114972	"PRG4"	"+"	"HMCN1"	"+"	-114972	"PRG4"	"+"	"*"	"HMCN1"
"chr1"	186468967	186468967	1	"+"	"chr1+186468967"	1	1.12534041547568e-05	5098	"Polyclonal_50pct"	"sonic"	-1324	"PDC-AS1*"	"+"	-7853	"PDC"	"-"	"PDC-AS1"	"+"	-93714	"TPR"	"-"	"*"	"PDC-AS1"
"chr1"	187034431	187034431	1	"+"	"chr1+187034431"	1	1.12534041547568e-05	5098	"Polyclonal_50pct"	"sonic"	45450	"PLA2G4A~"	"+"	-58410	"LINC01036"	"+"	"FALSE"	""	205483	"PLA2G4A"	"+"	"~"	"PLA2G4A"
"chr1"	188736081	188736081	1	"+"	"chr1+188736081"	1	1.12534041547568e-05	5098	"Polyclonal_50pct"	"sonic"	1258859	"LINC01037"	"+"	1292454	"LINC01037"	"+"	"FALSE"	""	1907133	"PLA2G4A"	"+"	""	"LINC01037"
"chr1"	188806344	188806344	1	"+"	"chr1+188806344"	1	1.12534041547568e-05	5098	"Polyclonal_50pct"	"sonic"	1291314	"BRINP3"	"-"	1362717	"LINC01037"	"+"	"FALSE"	""	1977396	"PLA2G4A"	"+"	""	"BRINP3"
"chr1"	189116028	189116028	1	"+"	"chr1+189116028"	1	1.12534041547568e-05	5098	"Polyclonal_50pct"	"sonic"	981630	"BRINP3"	"-"	1359982	"BRINP3"	"-"	"FALSE"	""	2287080	"PLA2G4A"	"+"	""	"BRINP3"
"chr1"	189746019	189746019	1	"+"	"chr1+189746019"	1	1.12534041547568e-05	5098	"Polyclonal_50pct"	"sonic"	351639	"BRINP3"	"-"	729991	"BRINP3"	"-"	"FALSE"	""	-2829753	"RGS1"	"+"	""	"BRINP3"
"chr1"	190094153	190094153	1	"+"	"chr1+190094153"	1	1.12534041547568e-05	5098	"Polyclonal_50pct"	"sonic"	3505	"BRINP3"	"-"	381857	"BRINP3"	"-"	"FALSE"	""	-2481619	"RGS1"	"+"	""	"BRINP3"
"chr1"	190152687	190152687	1	"+"	"chr1+190152687"	1	1.12534041547568e-05	5098	"Polyclonal_50pct"	"sonic"	-55021	"BRINP3*"	"-"	323323	"BRINP3"	"-"	"BRINP3"	"-"	-2423085	"RGS1"	"+"	"*"	"BRINP3"
"chr1"	190572933	190572933	1	"+"	"chr1+190572933"	1	1.12534041547568e-05	5098	"Polyclonal_50pct"	"sonic"	-51956	"LINC01720"	"+"	-51956	"LINC01720"	"+"	"FALSE"	""	-2002839	"RGS1"	"+"	""	"LINC01720"
"chr1"	191484417	191484417	1	"+"	"chr1+191484417"	1	1.12534041547568e-05	5098	"Polyclonal_50pct"	"sonic"	-255919	"LINC01680"	"-"	-255919	"LINC01680"	"-"	"FALSE"	""	-1091355	"RGS1"	"+"	""	"LINC01680"
"chr1"	193203052	193203052	1	"+"	"chr1+193203052"	1	1.12534041547568e-05	5098	"Polyclonal_50pct"	"sonic"	-51760	"CDC73~*"	"+"	-16439	"B3GALT2"	"-"	"CDC73"	"+"	81022	"CDC73"	"+"	"~*"	"CDC73"
"chr1"	193675038	193675038	1	"+"	"chr1+193675038"	1	1.12534041547568e-05	5098	"Polyclonal_50pct"	"sonic"	309085	"LINC01031"	"+"	370294	"LINC01031"	"+"	"FALSE"	""	553008	"CDC73"	"+"	""	"LINC01031"
"chr1"	194101893	194101893	1	"+"	"chr1+194101893"	1	1.12534041547568e-05	5098	"Polyclonal_50pct"	"sonic"	735940	"LINC01031"	"+"	797149	"LINC01031"	"+"	"FALSE"	""	979863	"CDC73"	"+"	""	"LINC01031"
"chr1"	195167612	195167612	1	"+"	"chr1+195167612"	1	1.12534041547568e-05	5098	"Polyclonal_50pct"	"sonic"	877267	"LINC01724"	"-"	921103	"LINC01724"	"-"	"FALSE"	""	1979057	"ASPM"	"-"	""	"LINC01724"
"chr1"	195906268	195906268	1	"+"	"chr1+195906268"	1	1.12534041547568e-05	5098	"Polyclonal_50pct"	"sonic"	138611	"LINC01724"	"-"	182447	"LINC01724"	"-"	"FALSE"	""	1240401	"ASPM"	"-"	""	"LINC01724"
"chr1"	196024528	196024528	1	"+"	"chr1+196024528"	1	1.12534041547568e-05	5098	"Polyclonal_50pct"	"sonic"	20351	"LINC01724"	"-"	64187	"LINC01724"	"-"	"FALSE"	""	1122141	"ASPM"	"-"	""	"LINC01724"
"chr1"	197769327	197769327	1	"+"	"chr1+197769327"	1	1.12534041547568e-05	5098	"Polyclonal_50pct"	"sonic"	6153	"DENND1B*"	"-"	6153	"DENND1B"	"-"	"DENND1B"	"-"	-622633	"ASPM"	"-"	"*"	"DENND1B"
"chr1"	198923817	198923817	1	"+"	"chr1+198923817"	1	1.12534041547568e-05	5098	"Polyclonal_50pct"	"sonic"	13612	"MIR181A1HG*"	"-"	13612	"MIR181A1HG"	"-"	"MIR181A1HG"	"-"	1486219	"ZNF281"	"-"	"*"	"MIR181A1HG"
"chr1"	199033418	199033418	1	"+"	"chr1+199033418"	1	1.12534041547568e-05	5098	"Polyclonal_50pct"	"sonic"	17286	"LINC01221*"	"+"	-14454	"LINC01222"	"-"	"LINC01221"	"+"	1376618	"ZNF281"	"-"	"*"	"LINC01221"
"chr1"	205296742	205296742	1	"+"	"chr1+205296742"	1	1.12534041547568e-05	5098	"Polyclonal_50pct"	"sonic"	5320	"NUAK2"	"-"	25003	"NUAK2"	"-"	"FALSE"	""	-174764	"RBBP5"	"-"	""	"NUAK2"
"chr1"	206122532	206122532	1	"+"	"chr1+206122532"	1	1.12534041547568e-05	5098	"Polyclonal_50pct"	"sonic"	-5144	"AVPR1B"	"-"	-5144	"AVPR1B"	"-"	"FALSE"	""	-442023	"SLC45A3"	"-"	""	"AVPR1B"
"chr1"	206788028	206788028	1	"+"	"chr1+206788028"	1	1.12534041547568e-05	5098	"Polyclonal_50pct"	"sonic"	17256	"IL19*"	"+"	-15534	"IL10"	"-"	"IL19"	"+"	103124	"MAPKAPK2"	"+"	"*"	"IL19"
"chr1"	211550592	211550592	1	"+"	"chr1+211550592"	1	1.12534041547568e-05	5098	"Polyclonal_50pct"	"sonic"	20975	"SLC30A1"	"-"	28569	"SLC30A1"	"-"	"FALSE"	""	-416444	"KCNH1"	"-"	""	"SLC30A1"
"chr1"	211990517	211990517	1	"+"	"chr1+211990517"	1	1.12534041547568e-05	5098	"Polyclonal_50pct"	"sonic"	45040	"INTS7*"	"-"	-45035	"DTL"	"+"	"INTS7"	"-"	-574816	"ATF3"	"+"	"*"	"INTS7"
"chr1"	212016438	212016438	1	"+"	"chr1+212016438"	1	1.12534041547568e-05	5098	"Polyclonal_50pct"	"sonic"	19119	"INTS7*"	"-"	-19114	"DTL"	"+"	"INTS7"	"-"	-548895	"ATF3"	"+"	"*"	"INTS7"
"chr1"	213494641	213494641	1	"+"	"chr1+213494641"	1	1.12534041547568e-05	5098	"Polyclonal_50pct"	"sonic"	219867	"RPS6KC1"	"+"	-430107	"LINC00538"	"+"	"FALSE"	""	879624	"ATF3"	"+"	""	"RPS6KC1"
"chr1"	21408489	21408489	1	"+"	"chr1+21408489"	1	1.12534041547568e-05	5098	"Polyclonal_50pct"	"sonic"	-31647	"NBPF3"	"+"	-31647	"NBPF3"	"+"	"FALSE"	""	243409	"RAP1GAP"	"-"	""	"NBPF3"
"chr1"	215355491	215355491	1	"+"	"chr1+215355491"	1	1.12534041547568e-05	5098	"Polyclonal_50pct"	"sonic"	118401	"KCNK2"	"+"	-211812	"KCTD3"	"+"	"FALSE"	""	752297	"CENPF"	"+"	""	"KCNK2"
"chr1"	216391559	216391559	1	"+"	"chr1+216391559"	1	1.12534041547568e-05	5098	"Polyclonal_50pct"	"sonic"	31889	"USH2A*"	"-"	31889	"USH2A"	"-"	"USH2A"	"-"	331870	"ESRRG"	"-"	"*"	"USH2A"
"chr1"	218169826	218169826	1	"+"	"chr1+218169826"	1	1.12534041547568e-05	5098	"Polyclonal_50pct"	"sonic"	110686	"LINC01653"	"+"	-115466	"RRP15"	"+"	"FALSE"	""	-175457	"TGFB2"	"+"	""	"LINC01653"
"chr1"	218602018	218602018	1	"+"	"chr1+218602018"	1	1.12534041547568e-05	5098	"Polyclonal_50pct"	"sonic"	164386	"MIR548F3*"	"+"	91924	"LINC02869"	"+"	"MIR548F3"	"+"	256683	"TGFB2"	"+"	"*"	"MIR548F3"
"chr1"	229903752	229903752	1	"+"	"chr1+229903752"	1	1.12534041547568e-05	5098	"Polyclonal_50pct"	"sonic"	-9844	"LINC01682"	"-"	-9844	"LINC01682"	"-"	"FALSE"	""	-345045	"ABCB10"	"-"	""	"LINC01682"
"chr1"	235739514	235739514	1	"+"	"chr1+235739514"	1	1.12534041547568e-05	5098	"Polyclonal_50pct"	"sonic"	-78474	"LYST*"	"-"	-88760	"GNG4"	"-"	"LYST"	"-"	-578264	"RBM34"	"-"	"*"	"LYST"
"chr1"	247738902	247738902	1	"+"	"chr1+247738902"	1	1.12534041547568e-05	5098	"Polyclonal_50pct"	"sonic"	288	"OR14K1*"	"+"	288	"OR14K1"	"+"	"OR14A2,OR14K1"	"-,+"	-1231623	"SMYD3"	"-"	"*"	"OR14K1"
"chr1"	248341369	248341369	1	"+"	"chr1+248341369"	1	1.12534041547568e-05	5098	"Polyclonal_50pct"	"sonic"	-7405	"OR14C36"	"+"	-7405	"OR14C36"	"+"	"FALSE"	""	-1834090	"SMYD3"	"-"	""	"OR14C36"
"chr1"	35614578	35614578	1	"+"	"chr1+35614578"	1	1.12534041547568e-05	5098	"Polyclonal_50pct"	"sonic"	-15038	"PSMB2*"	"-"	16959	"PSMB2"	"-"	"PSMB2"	"-"	-421433	"SFPQ"	"-"	"*"	"PSMB2"
"chr1"	41622362	41622362	1	"+"	"chr1+41622362"	1	1.12534041547568e-05	5098	"Polyclonal_50pct"	"sonic"	-115998	"HIVEP3*"	"-"	-137679	"EDN2"	"-"	"HIVEP3"	"-"	296560	"HIVEP3"	"-"	"*"	"HIVEP3"
"chr1"	43850662	43850662	1	"+"	"chr1+43850662"	1	1.12534041547568e-05	5098	"Polyclonal_50pct"	"sonic"	-80497	"ST3GAL3*"	"+"	12041	"MIR6079"	"+"	"ST3GAL3"	"+"	491682	"CDC20"	"+"	"*"	"ST3GAL3"
"chr1"	44167848	44167848	1	"+"	"chr1+44167848"	1	1.12534041547568e-05	5098	"Polyclonal_50pct"	"sonic"	-26217	"KLF18"	"-"	-26217	"KLF18"	"-"	"FALSE"	""	-237311	"RNF220"	"+"	""	"KLF18"
"chr1"	46091858	46091858	1	"+"	"chr1+46091858"	1	1.12534041547568e-05	5098	"Polyclonal_50pct"	"sonic"	38815	"PIK3R3*"	"-"	38815	"PIK3R3"	"-"	"PIK3R3,P3R3URF-PIK3R3"	"-"	-83228	"TSPAN1"	"+"	"*"	"PIK3R3"
"chr1"	61102524	61102524	1	"+"	"chr1+61102524"	1	1.12534041547568e-05	5098	"Polyclonal_50pct"	"sonic"	19964	"NFIA*"	"+"	19964	"NFIA"	"+"	"NFIA"	"+"	-2318477	"JUN"	"-"	"*"	"NFIA"
"chr1"	64924269	64924269	1	"+"	"chr1+64924269"	1	1.12534041547568e-05	5098	"Polyclonal_50pct"	"sonic"	42280	"JAK1*"	"-"	42280	"JAK1"	"-"	"JAK1"	"-"	42280	"JAK1"	"-"	"*"	"JAK1"
"chr1"	66772970	66772970	1	"+"	"chr1+66772970"	1	1.12534041547568e-05	5098	"Polyclonal_50pct"	"sonic"	-6077	"TCTEX1D1*"	"+"	20512	"TCTEX1D1"	"+"	"TCTEX1D1"	"+"	-151924	"MIER1"	"+"	"*"	"TCTEX1D1"
"chr1"	66859987	66859987	1	"+"	"chr1+66859987"	1	1.12534041547568e-05	5098	"Polyclonal_50pct"	"sonic"	-22385	"DNAI4*"	"-"	-58711	"INSL5"	"-"	"DNAI4"	"-"	-64907	"MIER1"	"+"	"*"	"DNAI4"
"chr1"	73284133	73284133	1	"+"	"chr1+73284133"	1	1.12534041547568e-05	5098	"Polyclonal_50pct"	"sonic"	-22036	"LINC01360"	"+"	-22036	"LINC01360"	"+"	"FALSE"	""	-2440213	"ACADM"	"+"	""	"LINC01360"
"chr1"	75742378	75742378	1	"+"	"chr1+75742378"	1	1.12534041547568e-05	5098	"Polyclonal_50pct"	"sonic"	-377	"DLSTP1~*"	"-"	2635	"DLSTP1"	"-"	"ACADM,DLSTP1"	"+,-"	17670	"ACADM"	"+"	"~*"	"DLSTP1"
"chr1"	78001983	78001983	1	"+"	"chr1+78001983"	1	1.12534041547568e-05	5098	"Polyclonal_50pct"	"sonic"	-15981	"DNAJB4*"	"+"	-2844	"DNAJB4"	"+"	"DNAJB4"	"+"	-22778	"FUBP1"	"-"	"*"	"DNAJB4"
"chr1"	79212499	79212499	1	"+"	"chr1+79212499"	1	1.12534041547568e-05	5098	"Polyclonal_50pct"	"sonic"	-205769	"ADGRL4"	"-"	-205769	"ADGRL4"	"-"	"FALSE"	""	-1233294	"FUBP1"	"-"	""	"ADGRL4"
"chr1"	79911055	79911055	1	"+"	"chr1+79911055"	1	1.12534041547568e-05	5098	"Polyclonal_50pct"	"sonic"	-624699	"LINC01781"	"+"	-624699	"LINC01781"	"+"	"FALSE"	""	-1931850	"FUBP1"	"-"	""	"LINC01781"
"chr1"	87478979	87478979	1	"+"	"chr1+87478979"	1	1.12534041547568e-05	5098	"Polyclonal_50pct"	"sonic"	-107324	"LINC01364"	"-"	-107324	"LINC01364"	"-"	"FALSE"	""	1586229	"GBP1"	"-"	""	"LINC01364"
"chr1"	8875530	8875530	1	"+"	"chr1+8875530"	1	1.12534041547568e-05	5098	"Polyclonal_50pct"	"sonic"	3156	"ENO1~*"	"-"	3156	"ENO1"	"-"	"ENO1"	"-"	3156	"ENO1"	"-"	"~*"	"ENO1"
"chr1"	8934165	8934165	1	"+"	"chr1+8934165"	1	1.12534041547568e-05	5098	"Polyclonal_50pct"	"sonic"	-11702	"CA6"	"+"	-11702	"CA6"	"+"	"FALSE"	""	-55479	"ENO1"	"-"	""	"CA6"
"chr1"	93089347	93089347	1	"+"	"chr1+93089347"	1	1.12534041547568e-05	5098	"Polyclonal_50pct"	"sonic"	10065	"MTF2*"	"+"	10065	"MTF2"	"+"	"MTF2"	"+"	-602422	"GFI1"	"-"	"*"	"MTF2"
"chr1"	93301948	93301948	1	"+"	"chr1+93301948"	1	1.12534041547568e-05	5098	"Polyclonal_50pct"	"sonic"	8160	"CCDC18-AS1"	"-"	43863	"CCDC18-AS1"	"-"	"FALSE"	""	-815023	"GFI1"	"-"	""	"CCDC18-AS1"
"chr1"	95329310	95329310	1	"+"	"chr1+95329310"	1	1.12534041547568e-05	5098	"Polyclonal_50pct"	"sonic"	-11047	"LINC01760"	"-"	-11047	"LINC01760"	"-"	"FALSE"	""	-256359	"ALG14"	"-"	""	"LINC01760"
"chr1"	96118937	96118937	1	"+"	"chr1+96118937"	1	1.12534041547568e-05	5098	"Polyclonal_50pct"	"sonic"	96057	"LINC02790"	"+"	126870	"LINC02790"	"+"	"FALSE"	""	-1045986	"ALG14"	"-"	""	"LINC02790"
"chr1"	98289718	98289718	1	"+"	"chr1+98289718"	1	1.12534041547568e-05	5098	"Polyclonal_50pct"	"sonic"	17060	"LINC01776"	"+"	79008	"LINC01776"	"+"	"FALSE"	""	-3216767	"ALG14"	"-"	""	"LINC01776"
"chr1"	99694199	99694199	1	"+"	"chr1+99694199"	1	1.12534041547568e-05	5098	"Polyclonal_50pct"	"sonic"	-336	"PALMD*"	"+"	18754	"MIR548N"	"-"	"MIR548N,PALMD"	"-,+"	3414297	"COL11A1"	"-"	"*"	"PALMD"
"chr1"	102175972	102175972	1	"-"	"chr1-102175972"	1	1.12534041547568e-05	5098	"Polyclonal_50pct"	"sonic"	-178738	"OLFM3"	"-"	-178738	"OLFM3"	"-"	"FALSE"	""	932524	"COL11A1"	"-"	""	"OLFM3"
"chr1"	10270392	10270392	1	"-"	"chr1-10270392"	1	1.12534041547568e-05	5098	"Polyclonal_50pct"	"sonic"	-38205	"KIF1B*"	"+"	-28573	"RNU6-1,RNU6-9,RNU6-7,RNU6-8,RNU6-2"	"+"	"KIF1B"	"+"	578926	"PIK3CD"	"+"	"*"	"KIF1B"
"chr1"	10573456	10573456	1	"-"	"chr1-10573456"	1	1.12534041547568e-05	5098	"Polyclonal_50pct"	"sonic"	-57302	"PEX14*"	"+"	98507	"PEX14"	"+"	"PEX14"	"+"	689095	"MTOR"	"-"	"*"	"PEX14"
"chr1"	114845715	114845715	1	"-"	"chr1-114845715"	1	1.12534041547568e-05	5098	"Polyclonal_50pct"	"sonic"	-9087	"SYCP1"	"+"	-9087	"SYCP1"	"+"	"FALSE"	""	-128944	"NRAS"	"-"	""	"SYCP1"
"chr1"	119131982	119131982	1	"-"	"chr1-119131982"	1	1.12534041547568e-05	5098	"Polyclonal_50pct"	"sonic"	8671	"WARS2*"	"-"	-8413	"WARS2-AS1"	"+"	"WARS2"	"-"	679478	"REG4"	"-"	"*"	"WARS2"
"chr1"	120040195	120040195	1	"-"	"chr1-120040195"	1	1.12534041547568e-05	5098	"Polyclonal_50pct"	"sonic"	29467	"NOTCH2*"	"-"	29467	"NOTCH2"	"-"	"NOTCH2"	"-"	29467	"NOTCH2"	"-"	"*"	"NOTCH2"
"chr1"	143214819	143214819	1	"-"	"chr1-143214819"	1	1.12534041547568e-05	5098	"Polyclonal_50pct"	"sonic"	185151	"LSP1P5"	"-"	207773	"LSP1P5"	"-"	"FALSE"	""	2644262	"PIAS3"	"-"	""	"LSP1P5"
"chr1"	145939796	145939796	1	"-"	"chr1-145939796"	1	1.12534041547568e-05	5098	"Polyclonal_50pct"	"sonic"	-1407	"LIX1L-AS1*"	"+"	-12312	"RBM8A"	"-"	"LIX1L-AS1,LIX1L"	"+,-"	-80715	"PIAS3"	"-"	"*"	"LIX1L-AS1"
"chr1"	148190041	148190041	1	"-"	"chr1-148190041"	1	1.12534041547568e-05	5098	"Polyclonal_50pct"	"sonic"	18051	"LOC101927468"	"-"	27332	"LINC02805"	"+"	"FALSE"	""	-618300	"PDE4DIP"	"+"	""	"LOC101927468"
"chr1"	149088524	149088524	1	"-"	"chr1-149088524"	1	1.12534041547568e-05	5098	"Polyclonal_50pct"	"sonic"	-6213	"NBPF9"	"-"	-6213	"NBPF9"	"-"	"FALSE"	""	136068	"PDE4DIP"	"+"	""	"NBPF9"
"chr1"	150692984	150692984	1	"-"	"chr1-150692984"	1	1.12534041547568e-05	5098	"Polyclonal_50pct"	"sonic"	4170	"GOLPH3L*"	"-"	4170	"GOLPH3L"	"-"	"GOLPH3L"	"-"	-113246	"MCL1"	"-"	"*"	"GOLPH3L"
"chr1"	150832948	150832948	1	"-"	"chr1-150832948"	1	1.12534041547568e-05	5098	"Polyclonal_50pct"	"sonic"	-23235	"ARNT~*"	"-"	-24688	"CTSK"	"-"	"ARNT"	"-"	43651	"ARNT"	"-"	"~*"	"ARNT"
"chr1"	150909107	150909107	1	"-"	"chr1-150909107"	1	1.12534041547568e-05	5098	"Polyclonal_50pct"	"sonic"	-4185	"CTXND2*"	"+"	-17155	"SETDB1"	"+"	"CTXND2"	"+"	-32508	"ARNT"	"-"	"*"	"CTXND2"
"chr1"	151429207	151429207	1	"-"	"chr1-151429207"	1	1.12534041547568e-05	5098	"Polyclonal_50pct"	"sonic"	12998	"POGZ*"	"-"	12998	"POGZ"	"-"	"POGZ"	"-"	-81955	"RFX5"	"-"	"*"	"POGZ"
"chr1"	151552034	151552034	1	"-"	"chr1-151552034"	1	1.12534041547568e-05	5098	"Polyclonal_50pct"	"sonic"	11726	"TUFT1*"	"+"	6239	"MIR554"	"+"	"TUFT1"	"+"	-204782	"RFX5"	"-"	"*"	"TUFT1"
"chr1"	151643690	151643690	1	"-"	"chr1-151643690"	1	1.12534041547568e-05	5098	"Polyclonal_50pct"	"sonic"	31641	"SNX27*"	"+"	31641	"SNX27"	"+"	"SNX27"	"+"	182406	"RORC"	"-"	"*"	"SNX27"
"chr1"	151783869	151783869	1	"-"	"chr1-151783869"	1	1.12534041547568e-05	5098	"Polyclonal_50pct"	"sonic"	6631	"TDRKH*"	"-"	6631	"TDRKH"	"-"	"TDRKH"	"-"	42227	"RORC"	"-"	"*"	"TDRKH"
"chr1"	151957753	151957753	1	"-"	"chr1-151957753"	1	1.12534041547568e-05	5098	"Polyclonal_50pct"	"sonic"	25162	"S100A10~"	"-"	36106	"S100A10"	"-"	"FALSE"	""	36106	"S100A10"	"-"	"~"	"S100A10"
"chr1"	153578431	153578431	1	"-"	"chr1-153578431"	1	1.12534041547568e-05	5098	"Polyclonal_50pct"	"sonic"	-12587	"S100A2"	"-"	-12587	"S100A2"	"-"	"FALSE"	""	37894	"S100A14"	"-"	""	"S100A2"
"chr1"	154245248	154245248	1	"-"	"chr1-154245248"	1	1.12534041547568e-05	5098	"Polyclonal_50pct"	"sonic"	-18256	"UBAP2L*"	"+"	-14478	"SNORA58B"	"+"	"UBAP2L"	"+"	-53148	"TPM3"	"-"	"*"	"UBAP2L"
"chr1"	154433869	154433869	1	"-"	"chr1-154433869"	1	1.12534041547568e-05	5098	"Polyclonal_50pct"	"sonic"	-4216	"IL6R*"	"+"	-27305	"IL6R-AS1"	"-"	"IL6R"	"+"	-241769	"TPM3"	"-"	"*"	"IL6R"
"chr1"	154487335	154487335	1	"-"	"chr1-154487335"	1	1.12534041547568e-05	5098	"Polyclonal_50pct"	"sonic"	-7853	"SHE*"	"-"	-14883	"TDRD10"	"+"	"SHE"	"-"	-295235	"TPM3"	"-"	"*"	"SHE"
"chr1"	154525685	154525685	1	"-"	"chr1-154525685"	1	1.12534041547568e-05	5098	"Polyclonal_50pct"	"sonic"	-22462	"TDRD10*"	"+"	-23273	"SHE"	"-"	"TDRD10"	"+"	-333585	"TPM3"	"-"	"*"	"TDRD10"
"chr1"	155545836	155545836	1	"-"	"chr1-155545836"	1	1.12534041547568e-05	5098	"Polyclonal_50pct"	"sonic"	16967	"ASH1L*"	"-"	-16205	"ASH1L-AS1"	"+"	"ASH1L"	"-"	-337855	"THBS3"	"-"	"*"	"ASH1L"
"chr1"	155623548	155623548	1	"-"	"chr1-155623548"	1	1.12534041547568e-05	5098	"Polyclonal_50pct"	"sonic"	8581	"MSTO1"	"+"	13331	"MSTO1"	"+"	"FALSE"	""	354627	"ARHGEF2"	"-"	""	"MSTO1"
"chr1"	155931751	155931751	1	"-"	"chr1-155931751"	1	1.12534041547568e-05	5098	"Polyclonal_50pct"	"sonic"	2662	"KHDC4*"	"-"	2662	"KHDC4"	"-"	"KHDC4"	"-"	46424	"ARHGEF2"	"-"	"*"	"KHDC4"
"chr1"	1569998	1569998	1	"-"	"chr1-1569998"	1	1.12534041547568e-05	5098	"Polyclonal_50pct"	"sonic"	4865	"SSU72*"	"-"	4865	"SSU72"	"-"	"SSU72"	"-"	-45416	"MIB2"	"+"	"*"	"SSU72"
"chr1"	157711953	157711953	1	"-"	"chr1-157711953"	1	1.12534041547568e-05	5098	"Polyclonal_50pct"	"sonic"	-11184	"FCRL3"	"-"	-11184	"FCRL3"	"-"	"FALSE"	""	-113868	"FCRL4"	"-"	""	"FCRL3"
"chr1"	161376789	161376789	1	"-"	"chr1-161376789"	1	1.12534041547568e-05	5098	"Polyclonal_50pct"	"sonic"	1449	"SDHC~"	"+"	-8913	"CFAP126"	"-"	"FALSE"	""	62409	"SDHC"	"+"	"~"	"SDHC"
"chr1"	163333893	163333893	1	"-"	"chr1-163333893"	1	1.12534041547568e-05	5098	"Polyclonal_50pct"	"sonic"	11940	"NUF2*"	"+"	11940	"NUF2"	"+"	"NUF2"	"+"	-1225290	"PBX1"	"+"	"*"	"NUF2"
"chr1"	169836343	169836343	1	"-"	"chr1-169836343"	1	1.12534041547568e-05	5098	"Polyclonal_50pct"	"sonic"	-16745	"C1orf112*"	"+"	41304	"C1orf112"	"+"	"C1orf112"	"+"	-102264	"SELE"	"-"	"*"	"C1orf112"
"chr1"	170122535	170122535	1	"-"	"chr1-170122535"	1	1.12534041547568e-05	5098	"Polyclonal_50pct"	"sonic"	-23423	"METTL11B"	"+"	-23423	"METTL11B"	"+"	"FALSE"	""	-388456	"SELE"	"-"	""	"METTL11B"
"chr1"	172086222	172086222	1	"-"	"chr1-172086222"	1	1.12534041547568e-05	5098	"Polyclonal_50pct"	"sonic"	-47170	"DNM3*"	"+"	-52585	"MIR3120"	"+"	"DNM3"	"+"	964719	"TNFSF18"	"-"	"*"	"DNM3"
"chr1"	172547376	172547376	1	"-"	"chr1-172547376"	1	1.12534041547568e-05	5098	"Polyclonal_50pct"	"sonic"	14227	"SUCO*"	"+"	14227	"SUCO"	"+"	"SUCO"	"+"	503565	"TNFSF18"	"-"	"*"	"SUCO"
"chr1"	172899883	172899883	1	"-"	"chr1-172899883"	1	1.12534041547568e-05	5098	"Polyclonal_50pct"	"sonic"	139318	"TNFSF18"	"-"	151058	"TNFSF18"	"-"	"FALSE"	""	151058	"TNFSF18"	"-"	""	"TNFSF18"
"chr1"	174005375	174005375	1	"-"	"chr1-174005375"	1	1.12534041547568e-05	5098	"Polyclonal_50pct"	"sonic"	16982	"RC3H1*"	"-"	-12303	"RC3H1"	"-"	"RC3H1"	"-"	-136493	"GAS5"	"-"	"*"	"RC3H1"
"chr1"	178172115	178172115	1	"-"	"chr1-178172115"	1	1.12534041547568e-05	5098	"Polyclonal_50pct"	"sonic"	78012	"RASAL2~*"	"+"	78012	"RASAL2"	"+"	"RASAL2"	"+"	78012	"RASAL2"	"+"	"~*"	"RASAL2"
"chr1"	178708673	178708673	1	"-"	"chr1-178708673"	1	1.12534041547568e-05	5098	"Polyclonal_50pct"	"sonic"	-16473	"RALGPS2"	"+"	-16473	"RALGPS2"	"+"	"FALSE"	""	-16473	"RALGPS2"	"+"	""	"RALGPS2"
"chr1"	1815277	1815277	1	"-"	"chr1-1815277"	1	1.12534041547568e-05	5098	"Polyclonal_50pct"	"sonic"	-29992	"GNB1*"	"-"	-35246	"NADK"	"-"	"GNB1"	"-"	-90920	"CDK11A"	"-"	"*"	"GNB1"
"chr1"	183180870	183180870	1	"-"	"chr1-183180870"	1	1.12534041547568e-05	5098	"Polyclonal_50pct"	"sonic"	-5393	"LAMC2"	"+"	-5393	"LAMC2"	"+"	"FALSE"	""	341524	"DHX9"	"+"	""	"LAMC2"
"chr1"	184862346	184862346	1	"-"	"chr1-184862346"	1	1.12534041547568e-05	5098	"Polyclonal_50pct"	"sonic"	-71315	"NIBAN1*"	"-"	-107488	"EDEM3"	"-"	"NIBAN1"	"-"	1057227	"RGL1"	"+"	"*"	"NIBAN1"
"chr1"	185151201	185151201	1	"-"	"chr1-185151201"	1	1.12534041547568e-05	5098	"Polyclonal_50pct"	"sonic"	5752	"TRMT1L*"	"-"	5752	"TRMT1L"	"-"	"TRMT1L"	"-"	-1145071	"PRG4"	"+"	"*"	"TRMT1L"
"chr1"	185979115	185979115	1	"-"	"chr1-185979115"	1	1.12534041547568e-05	5098	"Polyclonal_50pct"	"sonic"	-211834	"HMCN1*"	"+"	244725	"HMCN1"	"+"	"HMCN1"	"+"	-317157	"PRG4"	"+"	"*"	"HMCN1"
"chr1"	186041188	186041188	1	"-"	"chr1-186041188"	1	1.12534041547568e-05	5098	"Polyclonal_50pct"	"sonic"	-149761	"HMCN1*"	"+"	-255084	"PRG4"	"+"	"HMCN1"	"+"	-255084	"PRG4"	"+"	"*"	"HMCN1"
"chr1"	186094851	186094851	1	"-"	"chr1-186094851"	1	1.12534041547568e-05	5098	"Polyclonal_50pct"	"sonic"	-96098	"HMCN1*"	"+"	-201421	"PRG4"	"+"	"HMCN1"	"+"	-201421	"PRG4"	"+"	"*"	"HMCN1"
"chr1"	1860983	1860983	1	"-"	"chr1-1860983"	1	1.12534041547568e-05	5098	"Polyclonal_50pct"	"sonic"	30104	"GNB1*"	"-"	30104	"GNB1"	"-"	"GNB1"	"-"	-136626	"CDK11A"	"-"	"*"	"GNB1"
"chr1"	187354665	187354665	1	"-"	"chr1-187354665"	1	1.12534041547568e-05	5098	"Polyclonal_50pct"	"sonic"	-5579	"LINC01036*"	"+"	-88962	"LINC01037"	"+"	"LINC01036"	"+"	525717	"PLA2G4A"	"+"	"*"	"LINC01036"
"chr1"	188313866	188313866	1	"-"	"chr1-188313866"	1	1.12534041547568e-05	5098	"Polyclonal_50pct"	"sonic"	836644	"LINC01037"	"+"	870239	"LINC01037"	"+"	"FALSE"	""	1484918	"PLA2G4A"	"+"	""	"LINC01037"
"chr1"	188658874	188658874	1	"-"	"chr1-188658874"	1	1.12534041547568e-05	5098	"Polyclonal_50pct"	"sonic"	1181652	"LINC01037"	"+"	1215247	"LINC01037"	"+"	"FALSE"	""	1829926	"PLA2G4A"	"+"	""	"LINC01037"
"chr1"	190107682	190107682	1	"-"	"chr1-190107682"	1	1.12534041547568e-05	5098	"Polyclonal_50pct"	"sonic"	-10016	"BRINP3*"	"-"	368328	"BRINP3"	"-"	"BRINP3"	"-"	-2468090	"RGS1"	"+"	"*"	"BRINP3"
"chr1"	190125319	190125319	1	"-"	"chr1-190125319"	1	1.12534041547568e-05	5098	"Polyclonal_50pct"	"sonic"	-27653	"BRINP3*"	"-"	350691	"BRINP3"	"-"	"BRINP3"	"-"	-2450453	"RGS1"	"+"	"*"	"BRINP3"
"chr1"	190225269	190225269	1	"-"	"chr1-190225269"	1	1.12534041547568e-05	5098	"Polyclonal_50pct"	"sonic"	-127603	"BRINP3*"	"-"	250741	"BRINP3"	"-"	"BRINP3"	"-"	-2350503	"RGS1"	"+"	"*"	"BRINP3"
"chr1"	191554581	191554581	1	"-"	"chr1-191554581"	1	1.12534041547568e-05	5098	"Polyclonal_50pct"	"sonic"	-326083	"LINC01680"	"-"	-326083	"LINC01680"	"-"	"FALSE"	""	-1021191	"RGS1"	"+"	""	"LINC01680"
"chr1"	191639118	191639118	1	"-"	"chr1-191639118"	1	1.12534041547568e-05	5098	"Polyclonal_50pct"	"sonic"	-410620	"LINC01680"	"-"	-410620	"LINC01680"	"-"	"FALSE"	""	-936654	"RGS1"	"+"	""	"LINC01680"
"chr1"	191837244	191837244	1	"-"	"chr1-191837244"	1	1.12534041547568e-05	5098	"Polyclonal_50pct"	"sonic"	-321217	"RGS18"	"+"	-321217	"RGS18"	"+"	"FALSE"	""	-738528	"RGS1"	"+"	""	"RGS18"
"chr1"	191960666	191960666	1	"-"	"chr1-191960666"	1	1.12534041547568e-05	5098	"Polyclonal_50pct"	"sonic"	-197795	"RGS18"	"+"	-197795	"RGS18"	"+"	"FALSE"	""	-615106	"RGS1"	"+"	""	"RGS18"
"chr1"	191998488	191998488	1	"-"	"chr1-191998488"	1	1.12534041547568e-05	5098	"Polyclonal_50pct"	"sonic"	-159973	"RGS18"	"+"	-159973	"RGS18"	"+"	"FALSE"	""	-577284	"RGS1"	"+"	""	"RGS18"
"chr1"	192165750	192165750	1	"-"	"chr1-192165750"	1	1.12534041547568e-05	5098	"Polyclonal_50pct"	"sonic"	7289	"RGS18*"	"+"	7289	"RGS18"	"+"	"RGS18"	"+"	-410022	"RGS1"	"+"	"*"	"RGS18"
"chr1"	192192187	192192187	1	"-"	"chr1-192192187"	1	1.12534041547568e-05	5098	"Polyclonal_50pct"	"sonic"	6372	"RGS18"	"+"	33726	"RGS18"	"+"	"FALSE"	""	-383585	"RGS1"	"+"	""	"RGS18"
"chr1"	192579119	192579119	1	"-"	"chr1-192579119"	1	1.12534041547568e-05	5098	"Polyclonal_50pct"	"sonic"	-905	"RGS1*"	"+"	3347	"RGS1"	"+"	"RGS1"	"+"	3347	"RGS1"	"+"	"*"	"RGS1"
"chr1"	19299238	19299238	1	"-"	"chr1-19299238"	1	1.12534041547568e-05	5098	"Polyclonal_50pct"	"sonic"	3469	"AKR7A2"	"-"	-3502	"LOC100506730"	"-"	"FALSE"	""	-343990	"NBL1"	"+"	""	"AKR7A2"
"chr1"	193895783	193895783	1	"-"	"chr1-193895783"	1	1.12534041547568e-05	5098	"Polyclonal_50pct"	"sonic"	529830	"LINC01031"	"+"	591039	"LINC01031"	"+"	"FALSE"	""	773753	"CDC73"	"+"	""	"LINC01031"
"chr1"	195038465	195038465	1	"-"	"chr1-195038465"	1	1.12534041547568e-05	5098	"Polyclonal_50pct"	"sonic"	1006414	"LINC01724"	"-"	1050250	"LINC01724"	"-"	"FALSE"	""	1916435	"CDC73"	"+"	""	"LINC01724"
"chr1"	195240058	195240058	1	"-"	"chr1-195240058"	1	1.12534041547568e-05	5098	"Polyclonal_50pct"	"sonic"	804821	"LINC01724"	"-"	848657	"LINC01724"	"-"	"FALSE"	""	1906611	"ASPM"	"-"	""	"LINC01724"
"chr1"	195799207	195799207	1	"-"	"chr1-195799207"	1	1.12534041547568e-05	5098	"Polyclonal_50pct"	"sonic"	245672	"LINC01724"	"-"	289508	"LINC01724"	"-"	"FALSE"	""	1347462	"ASPM"	"-"	""	"LINC01724"
"chr1"	197173088	197173088	1	"-"	"chr1-197173088"	1	1.12534041547568e-05	5098	"Polyclonal_50pct"	"sonic"	-19407	"ZBTB41*"	"-"	-26394	"ASPM"	"-"	"ZBTB41"	"-"	-26394	"ASPM"	"-"	"*"	"ZBTB41"
"chr1"	198057674	198057674	1	"-"	"chr1-198057674"	1	1.12534041547568e-05	5098	"Polyclonal_50pct"	"sonic"	-99323	"NEK7"	"+"	-99323	"NEK7"	"+"	"FALSE"	""	-910980	"ASPM"	"-"	""	"NEK7"
"chr1"	200451147	200451147	1	"-"	"chr1-200451147"	1	1.12534041547568e-05	5098	"Polyclonal_50pct"	"sonic"	-41111	"ZNF281~"	"-"	-41111	"ZNF281"	"-"	"FALSE"	""	-41111	"ZNF281"	"-"	"~"	"ZNF281"
"chr1"	201770894	201770894	1	"-"	"chr1-201770894"	1	1.12534041547568e-05	5098	"Polyclonal_50pct"	"sonic"	30995	"NAV1*"	"+"	30995	"NAV1"	"+"	"NAV1,IPO9-AS1"	"+,-"	30995	"NAV1"	"+"	"*"	"NAV1"
"chr1"	207358575	207358575	1	"-"	"chr1-207358575"	1	1.12534041547568e-05	5098	"Polyclonal_50pct"	"sonic"	-2391	"CD55~*"	"+"	36898	"CD55"	"+"	"CD55"	"+"	36898	"CD55"	"+"	"~*"	"CD55"
"chr1"	207478613	207478613	1	"-"	"chr1-207478613"	1	1.12534041547568e-05	5098	"Polyclonal_50pct"	"sonic"	-11279	"CR2*"	"+"	-17543	"CR1"	"+"	"CR2"	"+"	24286	"CR2"	"+"	"*"	"CR2"
"chr1"	20975064	20975064	1	"-"	"chr1-20975064"	1	1.12534041547568e-05	5098	"Polyclonal_50pct"	"sonic"	-33820	"EIF4G3*"	"-"	13368	"MIR1256"	"-"	"EIF4G3"	"-"	385968	"CDA"	"+"	"*"	"EIF4G3"
"chr1"	211273663	211273663	1	"-"	"chr1-211273663"	1	1.12534041547568e-05	5098	"Polyclonal_50pct"	"sonic"	13717	"RCOR3*"	"+"	13717	"RCOR3"	"+"	"RCOR3"	"+"	-139515	"KCNH1"	"-"	"*"	"RCOR3"
"chr1"	211572506	211572506	1	"-"	"chr1-211572506"	1	1.12534041547568e-05	5098	"Polyclonal_50pct"	"sonic"	-939	"SLC30A1*"	"-"	6655	"SLC30A1"	"-"	"SLC30A1"	"-"	-438358	"KCNH1"	"-"	"*"	"SLC30A1"
"chr1"	211984149	211984149	1	"-"	"chr1-211984149"	1	1.12534041547568e-05	5098	"Polyclonal_50pct"	"sonic"	-43747	"INTS7*"	"-"	-51403	"DTL"	"+"	"INTS7"	"-"	-581184	"ATF3"	"+"	"*"	"INTS7"
"chr1"	212576016	212576016	1	"-"	"chr1-212576016"	1	1.12534041547568e-05	5098	"Polyclonal_50pct"	"sonic"	10683	"ATF3~*"	"+"	10683	"ATF3"	"+"	"ATF3"	"+"	10683	"ATF3"	"+"	"~*"	"ATF3"
"chr1"	213239607	213239607	1	"-"	"chr1-213239607"	1	1.12534041547568e-05	5098	"Polyclonal_50pct"	"sonic"	-35167	"RPS6KC1*"	"+"	188367	"RPS6KC1"	"+"	"RPS6KC1"	"+"	624590	"ATF3"	"+"	"*"	"RPS6KC1"
"chr1"	214540175	214540175	1	"-"	"chr1-214540175"	1	1.12534041547568e-05	5098	"Polyclonal_50pct"	"sonic"	11427	"PTPN14~*"	"-"	11427	"PTPN14"	"-"	"PTPN14"	"-"	11427	"PTPN14"	"-"	"~*"	"PTPN14"
"chr1"	214847625	214847625	1	"-"	"chr1-214847625"	1	1.12534041547568e-05	5098	"Polyclonal_50pct"	"sonic"	-157916	"KCNK2"	"+"	-157916	"KCNK2"	"+"	"FALSE"	""	244431	"CENPF"	"+"	""	"KCNK2"
"chr1"	219969341	219969341	1	"-"	"chr1-219969341"	1	1.12534041547568e-05	5098	"Polyclonal_50pct"	"sonic"	-742	"EPRS1*"	"-"	-10243	"SLC30A10"	"-"	"EPRS1"	"-"	1624006	"TGFB2"	"+"	"*"	"EPRS1"
"chr1"	220121462	220121462	1	"-"	"chr1-220121462"	1	1.12534041547568e-05	5098	"Polyclonal_50pct"	"sonic"	-26579	"IARS2*"	"+"	-3221	"MIR194-1"	"-"	"IARS2"	"+"	1615438	"DUSP10"	"-"	"*"	"IARS2"
"chr1"	221102619	221102619	1	"-"	"chr1-221102619"	1	1.12534041547568e-05	5098	"Polyclonal_50pct"	"sonic"	217561	"HLX"	"+"	-222479	"HLX-AS1"	"-"	"FALSE"	""	634281	"DUSP10"	"-"	""	"HLX"
"chr1"	225123414	225123414	1	"-"	"chr1-225123414"	1	1.12534041547568e-05	5098	"Polyclonal_50pct"	"sonic"	193740	"DNAH14*"	"+"	193740	"DNAH14"	"+"	"DNAH14"	"+"	529709	"ENAH"	"-"	"*"	"DNAH14"
"chr1"	226102084	226102084	1	"-"	"chr1-226102084"	1	1.12534041547568e-05	5098	"Polyclonal_50pct"	"sonic"	11795	"LINC01703"	"+"	18510	"LINC01703"	"+"	"FALSE"	""	-121579	"MIXL1"	"+"	""	"LINC01703"
"chr1"	226249196	226249196	1	"-"	"chr1-226249196"	1	1.12534041547568e-05	5098	"Polyclonal_50pct"	"sonic"	-18040	"LIN9*"	"-"	25533	"MIXL1"	"+"	"LIN9"	"-"	25533	"MIXL1"	"+"	"*"	"LIN9"
"chr1"	229061275	229061275	1	"-"	"chr1-229061275"	1	1.12534041547568e-05	5098	"Polyclonal_50pct"	"sonic"	113407	"MIR4454"	"-"	113526	"MIR4454"	"-"	"FALSE"	""	447066	"NUP133"	"-"	""	"MIR4454"
"chr1"	230683804	230683804	1	"-"	"chr1-230683804"	1	1.12534041547568e-05	5098	"Polyclonal_50pct"	"sonic"	-10178	"COG2*"	"+"	30318	"AGT"	"-"	"COG2"	"+"	738483	"EGLN1"	"-"	"*"	"COG2"
"chr1"	231363412	231363412	1	"-"	"chr1-231363412"	1	1.12534041547568e-05	5098	"Polyclonal_50pct"	"sonic"	344	"EGLN1~"	"-"	25120	"SPRTN"	"+"	"FALSE"	""	58875	"EGLN1"	"-"	"~"	"EGLN1"
"chr1"	233649299	233649299	1	"-"	"chr1-233649299"	1	1.12534041547568e-05	5098	"Polyclonal_50pct"	"sonic"	-23215	"KCNK1*"	"+"	25148	"MIR4427"	"+"	"KCNK1"	"+"	960226	"IRF2BP2"	"-"	"*"	"KCNK1"
"chr1"	234604165	234604165	1	"-"	"chr1-234604165"	1	1.12534041547568e-05	5098	"Polyclonal_50pct"	"sonic"	103	"IRF2BP2"	"-"	5360	"IRF2BP2"	"-"	"FALSE"	""	5360	"IRF2BP2"	"-"	""	"IRF2BP2"
"chr1"	237683300	237683300	1	"-"	"chr1-237683300"	1	1.12534041547568e-05	5098	"Polyclonal_50pct"	"sonic"	-150688	"RYR2*"	"+"	-178874	"LOC100130331"	"+"	"RYR2"	"+"	-2522050	"RBM34"	"-"	"*"	"RYR2"
"chr1"	240881125	240881125	1	"-"	"chr1-240881125"	1	1.12534041547568e-05	5098	"Polyclonal_50pct"	"sonic"	-105612	"RGS7*"	"-"	-251146	"MIR3123"	"+"	"RGS7"	"-"	638630	"FH"	"-"	"*"	"RGS7"
"chr1"	246085487	246085487	1	"-"	"chr1-246085487"	1	1.12534041547568e-05	5098	"Polyclonal_50pct"	"sonic"	270053	"SMYD3*"	"-"	-96936	"SMYD3"	"-"	"SMYD3"	"-"	-96936	"SMYD3"	"-"	"*"	"SMYD3"
"chr1"	248083821	248083821	1	"-"	"chr1-248083821"	1	1.12534041547568e-05	5098	"Polyclonal_50pct"	"sonic"	-17101	"OR2L13*"	"+"	23140	"OR2L3"	"+"	"OR2L13"	"+"	-1576542	"SMYD3"	"-"	"*"	"OR2L13"
"chr1"	248302549	248302549	1	"-"	"chr1-248302549"	1	1.12534041547568e-05	5098	"Polyclonal_50pct"	"sonic"	-6971	"OR2T12"	"-"	-6971	"OR2T12"	"-"	"FALSE"	""	-1795270	"SMYD3"	"-"	""	"OR2T12"
"chr1"	29077179	29077179	1	"-"	"chr1-29077179"	1	1.12534041547568e-05	5098	"Polyclonal_50pct"	"sonic"	-42862	"EPB41*"	"+"	45322	"TMEM200B"	"-"	"EPB41"	"+"	-159342	"PTPRU"	"+"	"*"	"EPB41"
"chr1"	30995784	30995784	1	"-"	"chr1-30995784"	1	1.12534041547568e-05	5098	"Polyclonal_50pct"	"sonic"	-64279	"PUM1*"	"-"	-27547	"SNORD103C"	"-"	"PUM1"	"-"	-87026	"SDC3"	"-"	"*"	"PUM1"
"chr1"	35420223	35420223	1	"-"	"chr1-35420223"	1	1.12534041547568e-05	5098	"Polyclonal_50pct"	"sonic"	-1721	"ZMYM4*"	"+"	-54146	"ZMYM4-AS1"	"-"	"ZMYM4"	"+"	-227078	"SFPQ"	"-"	"*"	"ZMYM4"
"chr1"	35829508	35829508	1	"-"	"chr1-35829508"	1	1.12534041547568e-05	5098	"Polyclonal_50pct"	"sonic"	21493	"AGO4*"	"+"	21493	"AGO4"	"+"	"AGO4"	"+"	-394934	"THRAP3"	"+"	"*"	"AGO4"
"chr1"	36315158	36315158	1	"-"	"chr1-36315158"	1	1.12534041547568e-05	5098	"Polyclonal_50pct"	"sonic"	-6189	"SH3D21*"	"+"	8052	"SH3D21"	"+"	"SH3D21"	"+"	90716	"THRAP3"	"+"	"*"	"SH3D21"
"chr1"	37975006	37975006	1	"-"	"chr1-37975006"	1	1.12534041547568e-05	5098	"Polyclonal_50pct"	"sonic"	15016	"SF3A3*"	"-"	15016	"SF3A3"	"-"	"SF3A3"	"-"	-340114	"RSPO1"	"-"	"*"	"SF3A3"
"chr1"	39875523	39875523	1	"-"	"chr1-39875523"	1	1.12534041547568e-05	5098	"Polyclonal_50pct"	"sonic"	7981	"TRIT1*"	"-"	7981	"TRIT1"	"-"	"TRIT1"	"-"	-285863	"RLF"	"+"	"*"	"TRIT1"
"chr1"	41126006	41126006	1	"-"	"chr1-41126006"	1	1.12534041547568e-05	5098	"Polyclonal_50pct"	"sonic"	35426	"SCMH1*"	"-"	35426	"SCMH1"	"-"	"SCMH1"	"-"	-263643	"CITED4"	"-"	"*"	"SCMH1"
"chr1"	41132436	41132436	1	"-"	"chr1-41132436"	1	1.12534041547568e-05	5098	"Polyclonal_50pct"	"sonic"	28996	"SCMH1*"	"-"	28996	"SCMH1"	"-"	"SCMH1"	"-"	-270073	"CITED4"	"-"	"*"	"SCMH1"
"chr1"	44167839	44167839	1	"-"	"chr1-44167839"	1	1.12534041547568e-05	5098	"Polyclonal_50pct"	"sonic"	-26208	"KLF18"	"-"	-26208	"KLF18"	"-"	"FALSE"	""	-237320	"RNF220"	"+"	""	"KLF18"
"chr1"	44919032	44919032	1	"-"	"chr1-44919032"	1	1.12534041547568e-05	5098	"Polyclonal_50pct"	"sonic"	-44504	"EIF2B3*"	"-"	67563	"EIF2B3"	"-"	"EIF2B3"	"-"	-75779	"PTCH2"	"-"	"*"	"EIF2B3"
"chr1"	45173888	45173888	1	"-"	"chr1-45173888"	1	1.12534041547568e-05	5098	"Polyclonal_50pct"	"sonic"	32717	"ZSWIM5*"	"-"	32717	"ZSWIM5"	"-"	"ZSWIM5"	"-"	166069	"MUTYH"	"-"	"*"	"ZSWIM5"
"chr1"	52085081	52085081	1	"-"	"chr1-52085081"	1	1.12534041547568e-05	5098	"Polyclonal_50pct"	"sonic"	-5635	"BTF3L4*"	"+"	28787	"BTF3L4"	"+"	"BTF3L4"	"+"	-565815	"EPS15"	"-"	"*"	"BTF3L4"
"chr1"	53731590	53731590	1	"-"	"chr1-53731590"	1	1.12534041547568e-05	5098	"Polyclonal_50pct"	"sonic"	2614	"GLIS1*"	"-"	2614	"GLIS1"	"-"	"GLIS1"	"-"	674804	"SSBP3"	"-"	"*"	"GLIS1"
"chr1"	53830144	53830144	1	"-"	"chr1-53830144"	1	1.12534041547568e-05	5098	"Polyclonal_50pct"	"sonic"	8152	"NDC1*"	"-"	8152	"NDC1"	"-"	"NDC1"	"-"	576250	"SSBP3"	"-"	"*"	"NDC1"
"chr1"	57818764	57818764	1	"-"	"chr1-57818764"	1	1.12534041547568e-05	5098	"Polyclonal_50pct"	"sonic"	431739	"DAB1*"	"-"	-41816	"DAB1-AS1"	"+"	"DAB1"	"-"	758488	"TACSTD2"	"-"	"*"	"DAB1"
"chr1"	59847255	59847255	1	"-"	"chr1-59847255"	1	1.12534041547568e-05	5098	"Polyclonal_50pct"	"sonic"	-29067	"HOOK1*"	"+"	32307	"HOOK1"	"+"	"HOOK1"	"+"	-1063208	"JUN"	"-"	"*"	"HOOK1"
"chr1"	59859204	59859204	1	"-"	"chr1-59859204"	1	1.12534041547568e-05	5098	"Polyclonal_50pct"	"sonic"	-17118	"HOOK1*"	"+"	44256	"HOOK1"	"+"	"HOOK1"	"+"	-1075157	"JUN"	"-"	"*"	"HOOK1"
"chr1"	61123970	61123970	1	"-"	"chr1-61123970"	1	1.12534041547568e-05	5098	"Polyclonal_50pct"	"sonic"	41410	"NFIA*"	"+"	41410	"NFIA"	"+"	"NFIA"	"+"	-2339923	"JUN"	"-"	"*"	"NFIA"
"chr1"	6227123	6227123	1	"-"	"chr1-6227123"	1	1.12534041547568e-05	5098	"Polyclonal_50pct"	"sonic"	-5931	"ICMT*"	"-"	8841	"ICMT"	"-"	"ICMT"	"-"	-27528	"RPL22"	"-"	"*"	"ICMT"
"chr1"	65749681	65749681	1	"-"	"chr1-65749681"	1	1.12534041547568e-05	5098	"Polyclonal_50pct"	"sonic"	-42828	"PDE4B"	"+"	-42828	"PDE4B"	"+"	"FALSE"	""	440139	"DNAJC6"	"+"	""	"PDE4B"
"chr1"	66974179	66974179	1	"-"	"chr1-66974179"	1	1.12534041547568e-05	5098	"Polyclonal_50pct"	"sonic"	-14440	"MIER1~*"	"+"	43924	"MIER1"	"+"	"MIER1"	"+"	43924	"MIER1"	"+"	"~*"	"MIER1"
"chr1"	67417925	67417925	1	"-"	"chr1-67417925"	1	1.12534041547568e-05	5098	"Polyclonal_50pct"	"sonic"	-10116	"SERBP1*"	"-"	12477	"SERBP1"	"-"	"SERBP1"	"-"	-267275	"GADD45A"	"+"	"*"	"SERBP1"
"chr1"	68524272	68524272	1	"-"	"chr1-68524272"	1	1.12534041547568e-05	5098	"Polyclonal_50pct"	"sonic"	-14355	"DEPDC1-AS1*"	"+"	-27190	"DEPDC1"	"-"	"DEPDC1-AS1"	"+"	-472641	"DIRAS3"	"-"	"*"	"DEPDC1-AS1"
"chr1"	75994883	75994883	1	"-"	"chr1-75994883"	1	1.12534041547568e-05	5098	"Polyclonal_50pct"	"sonic"	-16440	"LOC101927342"	"+"	-16440	"LOC101927342"	"+"	"FALSE"	""	208628	"RABGGTB"	"+"	""	"LOC101927342"
"chr1"	76560243	76560243	1	"-"	"chr1-76560243"	1	1.12534041547568e-05	5098	"Polyclonal_50pct"	"sonic"	-16964	"ST6GALNAC3*"	"+"	219024	"LINC02567"	"-"	"ST6GALNAC3"	"+"	773988	"RABGGTB"	"+"	"*"	"ST6GALNAC3"
"chr1"	79331965	79331965	1	"-"	"chr1-79331965"	1	1.12534041547568e-05	5098	"Polyclonal_50pct"	"sonic"	-325235	"ADGRL4"	"-"	-325235	"ADGRL4"	"-"	"FALSE"	""	-1352760	"FUBP1"	"-"	""	"ADGRL4"
"chr1"	80269246	80269246	1	"-"	"chr1-80269246"	1	1.12534041547568e-05	5098	"Polyclonal_50pct"	"sonic"	-266508	"LINC01781"	"+"	-266508	"LINC01781"	"+"	"FALSE"	""	-2290041	"FUBP1"	"-"	""	"LINC01781"
"chr1"	80819613	80819613	1	"-"	"chr1-80819613"	1	1.12534041547568e-05	5098	"Polyclonal_50pct"	"sonic"	172825	"LINC01781"	"+"	178327	"LINC01781"	"+"	"FALSE"	""	-2840408	"FUBP1"	"-"	""	"LINC01781"
"chr1"	809664	809664	1	"-"	"chr1-809664"	1	1.12534041547568e-05	5098	"Polyclonal_50pct"	"sonic"	-7706	"FAM87B"	"+"	-7706	"FAM87B"	"+"	"FALSE"	""	-805750	"MIB2"	"+"	""	"FAM87B"
"chr1"	83892024	83892024	1	"-"	"chr1-83892024"	1	1.12534041547568e-05	5098	"Polyclonal_50pct"	"sonic"	-27001	"TTLL7*"	"-"	-31028	"LINC01725"	"-"	"TTLL7"	"-"	1384608	"BCL10"	"-"	"*"	"TTLL7"
"chr1"	85789986	85789986	1	"-"	"chr1-85789986"	1	1.12534041547568e-05	5098	"Polyclonal_50pct"	"sonic"	-60754	"COL24A1*"	"-"	-81553	"ZNHIT6"	"-"	"COL24A1"	"-"	-513354	"BCL10"	"-"	"*"	"COL24A1"
"chr1"	86375994	86375994	1	"-"	"chr1-86375994"	1	1.12534041547568e-05	5098	"Polyclonal_50pct"	"sonic"	20067	"ODF2L*"	"-"	-18307	"MIR7856"	"-"	"ODF2L"	"-"	-1099362	"BCL10"	"-"	"*"	"ODF2L"
"chr1"	88477778	88477778	1	"-"	"chr1-88477778"	1	1.12534041547568e-05	5098	"Polyclonal_50pct"	"sonic"	59734	"PKN2-AS1"	"-"	-206365	"PKN2"	"+"	"FALSE"	""	587430	"GBP1"	"-"	""	"PKN2-AS1"
"chr1"	88538105	88538105	1	"-"	"chr1-88538105"	1	1.12534041547568e-05	5098	"Polyclonal_50pct"	"sonic"	-593	"PKN2-AS1*"	"-"	-146038	"PKN2"	"+"	"PKN2-AS1"	"-"	527103	"GBP1"	"-"	"*"	"PKN2-AS1"
"chr1"	89734621	89734621	1	"-"	"chr1-89734621"	1	1.12534041547568e-05	5098	"Polyclonal_50pct"	"sonic"	15090	"LRRC8C"	"+"	-86410	"LRRC8D"	"+"	"FALSE"	""	-669413	"GBP1"	"-"	""	"LRRC8C"
"chr1"	93140069	93140069	1	"-"	"chr1-93140069"	1	1.12534041547568e-05	5098	"Polyclonal_50pct"	"sonic"	988	"MTF2"	"+"	40344	"TMED5"	"-"	"FALSE"	""	-653144	"GFI1"	"-"	""	"MTF2"
"chr1"	97237118	97237118	1	"-"	"chr1-97237118"	1	1.12534041547568e-05	5098	"Polyclonal_50pct"	"sonic"	-85837	"DPYD-AS1*"	"+"	141196	"DPYD-AS1"	"+"	"DPYD,DPYD-AS1"	"-,+"	-2164167	"ALG14"	"-"	"*"	"DPYD-AS1"
"chr1"	98738905	98738905	1	"-"	"chr1-98738905"	1	1.12534041547568e-05	5098	"Polyclonal_50pct"	"sonic"	-21595	"SNX7*"	"+"	77185	"SNX7"	"+"	"SNX7"	"+"	-3665954	"ALG14"	"-"	"*"	"SNX7"
"chr1"	99156198	99156198	1	"-"	"chr1-99156198"	1	1.12534041547568e-05	5098	"Polyclonal_50pct"	"sonic"	7346	"LOC100129620"	"+"	-108093	"PLPPR4"	"+"	"FALSE"	""	3952298	"COL11A1"	"-"	""	"LOC100129620"
"chr1"	99486805	99486805	1	"-"	"chr1-99486805"	1	1.12534041547568e-05	5098	"Polyclonal_50pct"	"sonic"	999	"LINC01708*"	"-"	999	"LINC01708"	"-"	"LINC01708"	"-"	3621691	"COL11A1"	"-"	"*"	"LINC01708"
"chr1"	99872017	99872017	1	"-"	"chr1-99872017"	1	1.12534041547568e-05	5098	"Polyclonal_50pct"	"sonic"	21043	"AGL*"	"+"	21043	"AGL"	"+"	"AGL"	"+"	3236479	"COL11A1"	"-"	"*"	"AGL"
"chr1"	99985033	99985033	1	"-"	"chr1-99985033"	1	1.12534041547568e-05	5098	"Polyclonal_50pct"	"sonic"	14517	"SLC35A3*"	"+"	14517	"SLC35A3"	"+"	"SLC35A3"	"+"	3123463	"COL11A1"	"-"	"*"	"SLC35A3"
"chr10"	101920972	101920972	1	"+"	"chr10+101920972"	1	1.12534041547568e-05	5098	"Polyclonal_50pct"	"sonic"	-75374	"ARMH3*"	"-"	-77052	"KCNIP2"	"-"	"ARMH3"	"-"	-140603	"FGF8"	"-"	"*"	"ARMH3"
"chr10"	10232540	10232540	1	"+"	"chr10+10232540"	1	1.12534041547568e-05	5098	"Polyclonal_50pct"	"sonic"	169038	"LINC02670"	"+"	173819	"LINC02670"	"+"	"FALSE"	""	2177853	"GATA3"	"+"	""	"LINC02670"
"chr10"	102343540	102343540	1	"+"	"chr10+102343540"	1	1.12534041547568e-05	5098	"Polyclonal_50pct"	"sonic"	-39356	"GBF1*"	"+"	-50569	"NFKB2"	"+"	"GBF1"	"+"	-50569	"NFKB2"	"+"	"*"	"GBF1"
"chr10"	108890305	108890305	1	"+"	"chr10+108890305"	1	1.12534041547568e-05	5098	"Polyclonal_50pct"	"sonic"	-821012	"LINC01435"	"-"	-821012	"LINC01435"	"-"	"FALSE"	""	-1106067	"ADD3"	"+"	""	"LINC01435"
"chr10"	110263169	110263169	1	"+"	"chr10+110263169"	1	1.12534041547568e-05	5098	"Polyclonal_50pct"	"sonic"	-24196	"MXI1~*"	"+"	37174	"MXI1"	"+"	"MXI1"	"+"	37174	"MXI1"	"+"	"~*"	"MXI1"
"chr10"	110445974	110445974	1	"+"	"chr10+110445974"	1	1.12534041547568e-05	5098	"Polyclonal_50pct"	"sonic"	-51932	"DUSP5"	"+"	-51932	"DUSP5"	"+"	"FALSE"	""	219979	"MXI1"	"+"	""	"DUSP5"
"chr10"	110450874	110450874	1	"+"	"chr10+110450874"	1	1.12534041547568e-05	5098	"Polyclonal_50pct"	"sonic"	-47032	"DUSP5"	"+"	-47032	"DUSP5"	"+"	"FALSE"	""	224879	"MXI1"	"+"	""	"DUSP5"
"chr10"	113707735	113707735	1	"+"	"chr10+113707735"	1	1.12534041547568e-05	5098	"Polyclonal_50pct"	"sonic"	-23170	"CASP7*"	"+"	-1609	"CASP7"	"+"	"CASP7"	"+"	578465	"TCF7L2"	"+"	"*"	"CASP7"
"chr10"	115121021	115121021	1	"+"	"chr10+115121021"	1	1.12534041547568e-05	5098	"Polyclonal_50pct"	"sonic"	27657	"ATRNL1*"	"+"	27657	"ATRNL1"	"+"	"ATRNL1"	"+"	1991751	"TCF7L2"	"+"	"*"	"ATRNL1"
"chr10"	115752522	115752522	1	"+"	"chr10+115752522"	1	1.12534041547568e-05	5098	"Polyclonal_50pct"	"sonic"	-196476	"ATRNL1*"	"+"	442267	"SNORD158"	"-"	"ATRNL1"	"+"	2623252	"TCF7L2"	"+"	"*"	"ATRNL1"
"chr10"	115752598	115752598	1	"+"	"chr10+115752598"	1	1.12534041547568e-05	5098	"Polyclonal_50pct"	"sonic"	-196400	"ATRNL1*"	"+"	442191	"SNORD158"	"-"	"ATRNL1"	"+"	2623328	"TCF7L2"	"+"	"*"	"ATRNL1"
"chr10"	11922330	11922330	1	"+"	"chr10+11922330"	1	1.12534041547568e-05	5098	"Polyclonal_50pct"	"sonic"	-2309	"UPF2*"	"-"	-27620	"PROSER2-AS1"	"-"	"UPF2"	"-"	3867643	"GATA3"	"+"	"*"	"UPF2"
"chr10"	119804245	119804245	1	"+"	"chr10+119804245"	1	1.12534041547568e-05	5098	"Polyclonal_50pct"	"sonic"	-24902	"INPP5F*"	"+"	-15011	"INPP5F"	"+"	"INPP5F"	"+"	152866	"BAG3"	"+"	"*"	"INPP5F"
"chr10"	11999534	11999534	1	"+"	"chr10+11999534"	1	1.12534041547568e-05	5098	"Polyclonal_50pct"	"sonic"	43275	"UPF2*"	"-"	43275	"UPF2"	"-"	"UPF2"	"-"	3944847	"GATA3"	"+"	"*"	"UPF2"
"chr10"	125885506	125885506	1	"+"	"chr10+125885506"	1	1.12534041547568e-05	5098	"Polyclonal_50pct"	"sonic"	-4214	"DHX32"	"-"	-4214	"DHX32"	"-"	"FALSE"	""	502971	"ADAM12"	"-"	""	"DHX32"
"chr10"	132340999	132340999	1	"+"	"chr10+132340999"	1	1.12534041547568e-05	5098	"Polyclonal_50pct"	"sonic"	3660	"LRRC27*"	"+"	3660	"LRRC27"	"+"	"LRRC27"	"+"	-358986	"BNIP3"	"-"	"*"	"LRRC27"
"chr10"	19367758	19367758	1	"+"	"chr10+19367758"	1	1.12534041547568e-05	5098	"Polyclonal_50pct"	"sonic"	318958	"MALRD1*"	"+"	318958	"MALRD1"	"+"	"MALRD1"	"+"	1558411	"MRC1"	"+"	"*"	"MALRD1"
"chr10"	21491712	21491712	1	"+"	"chr10+21491712"	1	1.12534041547568e-05	5098	"Polyclonal_50pct"	"sonic"	945	"MIR1915HG"	"-"	4929	"MIR1915"	"-"	"FALSE"	""	-41636	"MLLT10"	"+"	""	"MIR1915HG"
"chr10"	21978627	21978627	1	"+"	"chr10+21978627"	1	1.12534041547568e-05	5098	"Polyclonal_50pct"	"sonic"	25103	"DNAJC1*"	"-"	25103	"DNAJC1"	"-"	"DNAJC1"	"-"	-342471	"BMI1"	"+"	"*"	"DNAJC1"
"chr10"	26116144	26116144	1	"+"	"chr10+26116144"	1	1.12534041547568e-05	5098	"Polyclonal_50pct"	"sonic"	-96388	"MYO3A*"	"+"	-100162	"GAD2"	"+"	"MYO3A"	"+"	744814	"ABI1"	"-"	"*"	"MYO3A"
"chr10"	27121488	27121488	1	"+"	"chr10+27121488"	1	1.12534041547568e-05	5098	"Polyclonal_50pct"	"sonic"	-11378	"YME1L1*"	"-"	-20994	"ANKRD26"	"-"	"YME1L1"	"-"	-260401	"ABI1"	"-"	"*"	"YME1L1"
"chr10"	31898899	31898899	1	"+"	"chr10+31898899"	1	1.12534041547568e-05	5098	"Polyclonal_50pct"	"sonic"	10027	"ARHGAP12*"	"-"	10027	"ARHGAP12"	"-"	"ARHGAP12"	"-"	1464254	"MAP3K8"	"+"	"*"	"ARHGAP12"
"chr10"	34614451	34614451	1	"+"	"chr10+34614451"	1	1.12534041547568e-05	5098	"Polyclonal_50pct"	"sonic"	200845	"PARD3*"	"-"	200845	"PARD3"	"-"	"PARD3"	"-"	4179806	"MAP3K8"	"+"	"*"	"PARD3"
"chr10"	48753313	48753313	1	"+"	"chr10+48753313"	1	1.12534041547568e-05	5098	"Polyclonal_50pct"	"sonic"	-55628	"WDFY4*"	"+"	67851	"WDFY4"	"+"	"WDFY4"	"+"	351702	"MAPK8"	"+"	"*"	"WDFY4"
"chr10"	50976339	50976339	1	"+"	"chr10+50976339"	1	1.12534041547568e-05	5098	"Polyclonal_50pct"	"sonic"	-14548	"PRKG1"	"+"	-14548	"PRKG1"	"+"	"FALSE"	""	-352383	"SGMS1"	"-"	""	"PRKG1"
"chr10"	51156845	51156845	1	"+"	"chr10+51156845"	1	1.12534041547568e-05	5098	"Polyclonal_50pct"	"sonic"	82359	"PRKG1*"	"+"	82359	"PRKG1"	"+"	"PRKG1"	"+"	-532889	"SGMS1"	"-"	"*"	"PRKG1"
"chr10"	52975457	52975457	1	"+"	"chr10+52975457"	1	1.12534041547568e-05	5098	"Polyclonal_50pct"	"sonic"	-202673	"MBL2"	"-"	-202673	"MBL2"	"-"	"FALSE"	""	661177	"DKK1"	"+"	""	"MBL2"
"chr10"	53670104	53670104	1	"+"	"chr10+53670104"	1	1.12534041547568e-05	5098	"Polyclonal_50pct"	"sonic"	132666	"PCDH15"	"-"	-816125	"LOC105378311"	"+"	"FALSE"	""	1355824	"DKK1"	"+"	""	"PCDH15"
"chr10"	53741511	53741511	1	"+"	"chr10+53741511"	1	1.12534041547568e-05	5098	"Polyclonal_50pct"	"sonic"	61259	"PCDH15"	"-"	-744718	"LOC105378311"	"+"	"FALSE"	""	1427231	"DKK1"	"+"	""	"PCDH15"
"chr10"	55722418	55722418	1	"+"	"chr10+55722418"	1	1.12534041547568e-05	5098	"Polyclonal_50pct"	"sonic"	-94476	"PCDH15"	"-"	-94476	"PCDH15"	"-"	"FALSE"	""	3408138	"DKK1"	"+"	""	"PCDH15"
"chr10"	60801361	60801361	1	"+"	"chr10+60801361"	1	1.12534041547568e-05	5098	"Polyclonal_50pct"	"sonic"	6509	"CDK1~"	"+"	22884	"CDK1"	"+"	"FALSE"	""	22884	"CDK1"	"+"	"~"	"CDK1"
"chr10"	66766158	66766158	1	"+"	"chr10+66766158"	1	1.12534041547568e-05	5098	"Polyclonal_50pct"	"sonic"	-853636	"CTNNA3*"	"-"	-159877	"LRRTM3"	"+"	"CTNNA3"	"-"	-1118497	"SIRT1"	"+"	"*"	"CTNNA3"
"chr10"	68943507	68943507	1	"+"	"chr10+68943507"	1	1.12534041547568e-05	5098	"Polyclonal_50pct"	"sonic"	-3340	"DDX50*"	"+"	-12662	"DDX21"	"+"	"DDX50"	"+"	383171	"TET1"	"+"	"*"	"DDX50"
"chr10"	72550630	72550630	1	"+"	"chr10+72550630"	1	1.12534041547568e-05	5098	"Polyclonal_50pct"	"sonic"	75449	"MICU1*"	"-"	-26644	"MICU1"	"-"	"MICU1"	"-"	696625	"DNAJC9"	"-"	"*"	"MICU1"
"chr10"	73211415	73211415	1	"+"	"chr10+73211415"	1	1.12534041547568e-05	5098	"Polyclonal_50pct"	"sonic"	-33089	"FAM149B1*"	"+"	35840	"DNAJC9"	"-"	"FAM149B1"	"+"	35840	"DNAJC9"	"-"	"*"	"FAM149B1"
"chr10"	74289365	74289365	1	"+"	"chr10+74289365"	1	1.12534041547568e-05	5098	"Polyclonal_50pct"	"sonic"	112603	"ADK*"	"+"	112603	"ADK"	"+"	"ADK"	"+"	291250	"VCL"	"+"	"*"	"ADK"
"chr10"	74686497	74686497	1	"+"	"chr10+74686497"	1	1.12534041547568e-05	5098	"Polyclonal_50pct"	"sonic"	-22793	"ADK*"	"+"	-138757	"KAT6B"	"+"	"ADK"	"+"	-138757	"KAT6B"	"+"	"*"	"ADK"
"chr10"	82073030	82073030	1	"+"	"chr10+82073030"	1	1.12534041547568e-05	5098	"Polyclonal_50pct"	"sonic"	195344	"NRG3*"	"+"	159890	"NRG3-AS1"	"-"	"NRG3"	"+"	2369804	"NUTM2B"	"+"	"*"	"NRG3"
"chr10"	876606	876606	1	"+"	"chr10+876606"	1	1.12534041547568e-05	5098	"Polyclonal_50pct"	"sonic"	55099	"LARP4B*"	"-"	55099	"LARP4B"	"-"	"LARP4B"	"-"	-186938	"DIP2C"	"-"	"*"	"LARP4B"
"chr10"	8843017	8843017	1	"+"	"chr10+8843017"	1	1.12534041547568e-05	5098	"Polyclonal_50pct"	"sonic"	-54971	"LINC02676"	"+"	-54971	"LINC02676"	"+"	"FALSE"	""	788330	"GATA3"	"+"	""	"LINC02676"
"chr10"	90626637	90626637	1	"+"	"chr10+90626637"	1	1.12534041547568e-05	5098	"Polyclonal_50pct"	"sonic"	-85832	"LINC02653"	"-"	-85832	"LINC02653"	"-"	"FALSE"	""	1635207	"FAS"	"+"	""	"LINC02653"
"chr10"	92353023	92353023	1	"+"	"chr10+92353023"	1	1.12534041547568e-05	5098	"Polyclonal_50pct"	"sonic"	-941	"MARCHF5*"	"+"	61857	"MARCHF5"	"+"	"MARCHF5"	"+"	-336931	"HHEX"	"+"	"*"	"MARCHF5"
"chr10"	99667354	99667354	1	"+"	"chr10+99667354"	1	1.12534041547568e-05	5098	"Polyclonal_50pct"	"sonic"	7726	"ENTPD7*"	"+"	7726	"ENTPD7"	"+"	"ENTPD7"	"+"	-1068041	"PAX2"	"+"	"*"	"ENTPD7"
"chr10"	100170417	100170417	1	"-"	"chr10-100170417"	1	1.12534041547568e-05	5098	"Polyclonal_50pct"	"sonic"	15612	"ERLIN1*"	"-"	15612	"ERLIN1"	"-"	"ERLIN1"	"-"	-564978	"PAX2"	"+"	"*"	"ERLIN1"
"chr10"	100921156	100921156	1	"-"	"chr10-100921156"	1	1.12534041547568e-05	5098	"Polyclonal_50pct"	"sonic"	8194	"SLF2*"	"+"	8194	"SLF2"	"+"	"SLF2"	"+"	175575	"PAX2"	"+"	"*"	"SLF2"
"chr10"	102300306	102300306	1	"-"	"chr10-102300306"	1	1.12534041547568e-05	5098	"Polyclonal_50pct"	"sonic"	54775	"GBF1*"	"+"	54775	"GBF1"	"+"	"GBF1"	"+"	-93803	"NFKB2"	"+"	"*"	"GBF1"
"chr10"	102305274	102305274	1	"-"	"chr10-102305274"	1	1.12534041547568e-05	5098	"Polyclonal_50pct"	"sonic"	59743	"GBF1*"	"+"	59743	"GBF1"	"+"	"GBF1"	"+"	-88835	"NFKB2"	"+"	"*"	"GBF1"
"chr10"	106467666	106467666	1	"-"	"chr10-106467666"	1	1.12534041547568e-05	5098	"Polyclonal_50pct"	"sonic"	105996	"SORCS1"	"-"	327502	"LINC02624"	"+"	"FALSE"	""	-3528706	"ADD3"	"+"	""	"SORCS1"
"chr10"	108628557	108628557	1	"-"	"chr10-108628557"	1	1.12534041547568e-05	5098	"Polyclonal_50pct"	"sonic"	-559264	"LINC01435"	"-"	-559264	"LINC01435"	"-"	"FALSE"	""	-1367815	"ADD3"	"+"	""	"LINC01435"
"chr10"	109964248	109964248	1	"-"	"chr10-109964248"	1	1.12534041547568e-05	5098	"Polyclonal_50pct"	"sonic"	-18690	"ADD3-AS1*"	"-"	-32124	"ADD3"	"+"	"ADD3-AS1"	"-"	-32124	"ADD3"	"+"	"*"	"ADD3-AS1"
"chr10"	110971297	110971297	1	"-"	"chr10-110971297"	1	1.12534041547568e-05	5098	"Polyclonal_50pct"	"sonic"	-42368	"SHOC2*"	"+"	-17628	"MIR548E"	"+"	"SHOC2"	"+"	99370	"PDCD4"	"+"	"*"	"SHOC2"
"chr10"	113837423	113837423	1	"-"	"chr10-113837423"	1	1.12534041547568e-05	5098	"Polyclonal_50pct"	"sonic"	-2699	"DCLRE1A*"	"-"	16659	"DCLRE1A"	"-"	"DCLRE1A"	"-"	708153	"TCF7L2"	"+"	"*"	"DCLRE1A"
"chr10"	118228029	118228029	1	"-"	"chr10-118228029"	1	1.12534041547568e-05	5098	"Polyclonal_50pct"	"sonic"	17876	"CASC2"	"+"	114295	"FAM204A"	"-"	"FALSE"	""	852788	"EIF3A"	"-"	""	"CASC2"
"chr10"	119071843	119071843	1	"-"	"chr10-119071843"	1	1.12534041547568e-05	5098	"Polyclonal_50pct"	"sonic"	8974	"EIF3A~*"	"-"	8974	"EIF3A"	"-"	"EIF3A"	"-"	8974	"EIF3A"	"-"	"~*"	"EIF3A"
"chr10"	120867186	120867186	1	"-"	"chr10-120867186"	1	1.12534041547568e-05	5098	"Polyclonal_50pct"	"sonic"	15825	"WDR11~*"	"+"	15825	"WDR11"	"+"	"WDR11"	"+"	15825	"WDR11"	"+"	"~*"	"WDR11"
"chr10"	127833055	127833055	1	"-"	"chr10-127833055"	1	1.12534041547568e-05	5098	"Polyclonal_50pct"	"sonic"	44785	"CLRN3"	"-"	59886	"CLRN3"	"-"	"FALSE"	""	-74047	"PTPRE"	"+"	""	"CLRN3"
"chr10"	13584648	13584648	1	"-"	"chr10-13584648"	1	1.12534041547568e-05	5098	"Polyclonal_50pct"	"sonic"	-2316	"PRPF18"	"+"	-2316	"PRPF18"	"+"	"FALSE"	""	3545163	"CUBN"	"-"	""	"PRPF18"
"chr10"	15795279	15795279	1	"-"	"chr10-15795279"	1	1.12534041547568e-05	5098	"Polyclonal_50pct"	"sonic"	-17106	"MINDY3*"	"-"	65228	"MINDY3"	"-"	"MINDY3"	"-"	1334532	"CUBN"	"-"	"*"	"MINDY3"
"chr10"	16619873	16619873	1	"-"	"chr10-16619873"	1	1.12534041547568e-05	5098	"Polyclonal_50pct"	"sonic"	-29256	"RSU1*"	"-"	-97994	"C1QL3"	"-"	"RSU1"	"-"	509938	"CUBN"	"-"	"*"	"RSU1"
"chr10"	18507855	18507855	1	"-"	"chr10-18507855"	1	1.12534041547568e-05	5098	"Polyclonal_50pct"	"sonic"	-35702	"CACNB2*"	"+"	107281	"CACNB2"	"+"	"CACNB2"	"+"	698508	"MRC1"	"+"	"*"	"CACNB2"
"chr10"	21132527	21132527	1	"-"	"chr10-21132527"	1	1.12534041547568e-05	5098	"Polyclonal_50pct"	"sonic"	40452	"NEBL*"	"-"	40452	"NEBL"	"-"	"NEBL"	"-"	-400821	"MLLT10"	"+"	"*"	"NEBL"
"chr10"	221380	221380	1	"-"	"chr10-221380"	1	1.12534041547568e-05	5098	"Polyclonal_50pct"	"sonic"	-28409	"ZMYND11*"	"+"	41387	"ZMYND11"	"+"	"ZMYND11"	"+"	468288	"DIP2C"	"-"	"*"	"ZMYND11"
"chr10"	24380359	24380359	1	"-"	"chr10-24380359"	1	1.12534041547568e-05	5098	"Polyclonal_50pct"	"sonic"	-167484	"KIAA1217*"	"+"	-69054	"KIAA1217"	"+"	"KIAA1217"	"+"	2059261	"BMI1"	"+"	"*"	"KIAA1217"
"chr10"	25580472	25580472	1	"-"	"chr10-25580472"	1	1.12534041547568e-05	5098	"Polyclonal_50pct"	"sonic"	-21756	"GPR158*"	"+"	-71239	"LINC00836"	"+"	"GPR158"	"+"	1280486	"ABI1"	"-"	"*"	"GPR158"
"chr10"	2938260	2938260	1	"-"	"chr10-2938260"	1	1.12534041547568e-05	5098	"Polyclonal_50pct"	"sonic"	114240	"LOC101927824"	"-"	128673	"LOC101927824"	"-"	"FALSE"	""	846949	"KLF6"	"-"	""	"LOC101927824"
"chr10"	31804577	31804577	1	"-"	"chr10-31804577"	1	1.12534041547568e-05	5098	"Polyclonal_50pct"	"sonic"	820	"ARHGAP12"	"-"	104349	"ARHGAP12"	"-"	"FALSE"	""	1369932	"MAP3K8"	"+"	""	"ARHGAP12"
"chr10"	31810326	31810326	1	"-"	"chr10-31810326"	1	1.12534041547568e-05	5098	"Polyclonal_50pct"	"sonic"	-4929	"ARHGAP12*"	"-"	98600	"ARHGAP12"	"-"	"ARHGAP12"	"-"	1375681	"MAP3K8"	"+"	"*"	"ARHGAP12"
"chr10"	36710091	36710091	1	"-"	"chr10-36710091"	1	1.12534041547568e-05	5098	"Polyclonal_50pct"	"sonic"	-415765	"ANKRD30A"	"+"	-415765	"ANKRD30A"	"+"	"FALSE"	""	6275446	"MAP3K8"	"+"	""	"ANKRD30A"
"chr10"	37046336	37046336	1	"-"	"chr10-37046336"	1	1.12534041547568e-05	5098	"Polyclonal_50pct"	"sonic"	-79520	"ANKRD30A"	"+"	-79520	"ANKRD30A"	"+"	"FALSE"	""	-6030690	"RET"	"+"	""	"ANKRD30A"
"chr10"	37564808	37564808	1	"-"	"chr10-37564808"	1	1.12534041547568e-05	5098	"Polyclonal_50pct"	"sonic"	36629	"MTRNR2L7"	"-"	38123	"MTRNR2L7"	"-"	"FALSE"	""	-5512218	"RET"	"+"	""	"MTRNR2L7"
"chr10"	40099162	40099162	1	"-"	"chr10-40099162"	1	1.12534041547568e-05	5098	"Polyclonal_50pct"	"sonic"	1400922	"ACTR3BP5"	"+"	1402567	"ACTR3BP5"	"+"	"FALSE"	""	-2977864	"RET"	"+"	""	"ACTR3BP5"
"chr10"	51795014	51795014	1	"-"	"chr10-51795014"	1	1.12534041547568e-05	5098	"Polyclonal_50pct"	"sonic"	-267851	"PRKG1*"	"+"	-95419	"CSTF2T"	"-"	"PRKG1"	"+"	-519266	"DKK1"	"+"	"*"	"PRKG1"
"chr10"	53884187	53884187	1	"-"	"chr10-53884187"	1	1.12534041547568e-05	5098	"Polyclonal_50pct"	"sonic"	-63089	"PCDH15*"	"-"	-602042	"LOC105378311"	"+"	"PCDH15"	"-"	1569907	"DKK1"	"+"	"*"	"PCDH15"
"chr10"	56347319	56347319	1	"-"	"chr10-56347319"	1	1.12534041547568e-05	5098	"Polyclonal_50pct"	"sonic"	9908	"ZWINT"	"-"	13940	"ZWINT"	"-"	"FALSE"	""	3559237	"CCDC6"	"-"	""	"ZWINT"
"chr10"	56817697	56817697	1	"-"	"chr10-56817697"	1	1.12534041547568e-05	5098	"Polyclonal_50pct"	"sonic"	-456424	"ZWINT"	"-"	-456424	"ZWINT"	"-"	"FALSE"	""	3088859	"CCDC6"	"-"	""	"ZWINT"
"chr10"	56841410	56841410	1	"-"	"chr10-56841410"	1	1.12534041547568e-05	5098	"Polyclonal_50pct"	"sonic"	463068	"MIR3924"	"-"	463149	"MIR3924"	"-"	"FALSE"	""	3065146	"CCDC6"	"-"	""	"MIR3924"
"chr10"	58470087	58470087	1	"-"	"chr10-58470087"	1	1.12534041547568e-05	5098	"Polyclonal_50pct"	"sonic"	-42784	"BICC1"	"+"	-42784	"BICC1"	"+"	"FALSE"	""	1436469	"CCDC6"	"-"	""	"BICC1"
"chr10"	64257342	64257342	1	"-"	"chr10-64257342"	1	1.12534041547568e-05	5098	"Polyclonal_50pct"	"sonic"	-568185	"ANXA2P3"	"+"	-568185	"ANXA2P3"	"+"	"FALSE"	""	-3255902	"RHOBTB1"	"-"	""	"ANXA2P3"
"chr10"	68663826	68663826	1	"-"	"chr10-68663826"	1	1.12534041547568e-05	5098	"Polyclonal_50pct"	"sonic"	-30659	"TET1~*"	"+"	-57412	"CCAR1"	"+"	"TET1"	"+"	103490	"TET1"	"+"	"~*"	"TET1"
"chr10"	72552110	72552110	1	"-"	"chr10-72552110"	1	1.12534041547568e-05	5098	"Polyclonal_50pct"	"sonic"	73969	"MICU1*"	"-"	-28124	"MICU1"	"-"	"MICU1"	"-"	695145	"DNAJC9"	"-"	"*"	"MICU1"
"chr10"	73582550	73582550	1	"-"	"chr10-73582550"	1	1.12534041547568e-05	5098	"Polyclonal_50pct"	"sonic"	8792	"USP54*"	"-"	8792	"USP54"	"-"	"USP54"	"-"	-335295	"DNAJC9"	"-"	"*"	"USP54"
"chr10"	74223219	74223219	1	"-"	"chr10-74223219"	1	1.12534041547568e-05	5098	"Polyclonal_50pct"	"sonic"	46457	"ADK*"	"+"	46457	"ADK"	"+"	"ADK"	"+"	225104	"VCL"	"+"	"*"	"ADK"
"chr10"	81117909	81117909	1	"-"	"chr10-81117909"	1	1.12534041547568e-05	5098	"Polyclonal_50pct"	"sonic"	464175	"LINC02655"	"+"	468113	"LINC02655"	"+"	"FALSE"	""	1414683	"NUTM2B"	"+"	""	"LINC02655"
"chr10"	83078063	83078063	1	"-"	"chr10-83078063"	1	1.12534041547568e-05	5098	"Polyclonal_50pct"	"sonic"	90884	"NRG3"	"+"	599026	"LINC02650"	"-"	"FALSE"	""	3374837	"NUTM2B"	"+"	""	"NRG3"
"chr10"	83781428	83781428	1	"-"	"chr10-83781428"	1	1.12534041547568e-05	5098	"Polyclonal_50pct"	"sonic"	-104339	"LINC02650"	"-"	-104339	"LINC02650"	"-"	"FALSE"	""	-2975190	"BMPR1A"	"+"	""	"LINC02650"
"chr10"	8435345	8435345	1	"-"	"chr10-8435345"	1	1.12534041547568e-05	5098	"Polyclonal_50pct"	"sonic"	137401	"LOC105376398"	"-"	159046	"LOC105376398"	"-"	"FALSE"	""	380658	"GATA3"	"+"	""	"LOC105376398"
"chr10"	8843727	8843727	1	"-"	"chr10-8843727"	1	1.12534041547568e-05	5098	"Polyclonal_50pct"	"sonic"	-54261	"LINC02676"	"+"	-54261	"LINC02676"	"+"	"FALSE"	""	789040	"GATA3"	"+"	""	"LINC02676"
"chr10"	88705777	88705777	1	"-"	"chr10-88705777"	1	1.12534041547568e-05	5098	"Polyclonal_50pct"	"sonic"	-471	"LIPK"	"+"	-471	"LIPK"	"+"	"FALSE"	""	-285020	"FAS"	"+"	""	"LIPK"
"chr10"	90765552	90765552	1	"-"	"chr10-90765552"	1	1.12534041547568e-05	5098	"Polyclonal_50pct"	"sonic"	-24730	"HTR7*"	"-"	92487	"HTR7"	"-"	"HTR7"	"-"	1774122	"FAS"	"+"	"*"	"HTR7"
"chr10"	9188114	9188114	1	"-"	"chr10-9188114"	1	1.12534041547568e-05	5098	"Polyclonal_50pct"	"sonic"	9251	"LOC101928272"	"-"	-87498	"LINC00709"	"+"	"FALSE"	""	1133427	"GATA3"	"+"	""	"LOC101928272"
"chr10"	94551612	94551612	1	"-"	"chr10-94551612"	1	1.12534041547568e-05	5098	"Polyclonal_50pct"	"sonic"	5825	"HELLS*"	"+"	5825	"HELLS"	"+"	"HELLS"	"+"	793677	"LGI1"	"+"	"*"	"HELLS"
"chr10"	95744644	95744644	1	"-"	"chr10-95744644"	1	1.12534041547568e-05	5098	"Polyclonal_50pct"	"sonic"	32881	"ENTPD1*"	"+"	-11007	"ENTPD1"	"+"	"ENTPD1"	"+"	-1574626	"FRAT1"	"+"	"*"	"ENTPD1"
"chr10"	95955943	95955943	1	"-"	"chr10-95955943"	1	1.12534041547568e-05	5098	"Polyclonal_50pct"	"sonic"	47969	"CC2D2B*"	"+"	-43823	"CC2D2B"	"+"	"ENTPD1-AS1,CC2D2B"	"-,+"	-1363327	"FRAT1"	"+"	"*"	"CC2D2B"
"chr10"	97454732	97454732	1	"-"	"chr10-97454732"	1	1.12534041547568e-05	5098	"Polyclonal_50pct"	"sonic"	-2638	"ZDHHC16*"	"+"	8558	"ZDHHC16"	"+"	"ZDHHC16"	"+"	135462	"FRAT1"	"+"	"*"	"ZDHHC16"
"chr11"	105853292	105853292	1	"+"	"chr11+105853292"	1	1.12534041547568e-05	5098	"Polyclonal_50pct"	"sonic"	-60214	"GRIA4*"	"+"	168948	"MSANTD4"	"-"	"GRIA4"	"+"	-818135	"CASP1"	"-"	"*"	"GRIA4"
"chr11"	109962036	109962036	1	"+"	"chr11+109962036"	1	1.12534041547568e-05	5098	"Polyclonal_50pct"	"sonic"	-131355	"ZC3H12C"	"+"	-131355	"ZC3H12C"	"+"	"FALSE"	""	749789	"ARHGAP20"	"-"	""	"ZC3H12C"
"chr11"	117032441	117032441	1	"+"	"chr11+117032441"	1	1.12534041547568e-05	5098	"Polyclonal_50pct"	"sonic"	65987	"SIK3~*"	"-"	65987	"SIK3"	"-"	"SIK3"	"-"	65987	"SIK3"	"-"	"~*"	"SIK3"
"chr11"	11763841	11763841	1	"+"	"chr11+11763841"	1	1.12534041547568e-05	5098	"Polyclonal_50pct"	"sonic"	19293	"MIR8070"	"-"	19381	"MIR8070"	"-"	"FALSE"	""	1732156	"PTH"	"-"	""	"MIR8070"
"chr11"	119098126	119098126	1	"+"	"chr11+119098126"	1	1.12534041547568e-05	5098	"Polyclonal_50pct"	"sonic"	-1617	"DPAGT1*"	"-"	-2661	"H2AX"	"-"	"DPAGT1"	"-"	-108212	"CBL"	"+"	"*"	"DPAGT1"
"chr11"	120340512	120340512	1	"+"	"chr11+120340512"	1	1.12534041547568e-05	5098	"Polyclonal_50pct"	"sonic"	4100	"ARHGEF12~*"	"+"	4100	"ARHGEF12"	"+"	"ARHGEF12"	"+"	4100	"ARHGEF12"	"+"	"~*"	"ARHGEF12"
"chr11"	123921744	123921744	1	"+"	"chr11+123921744"	1	1.12534041547568e-05	5098	"Polyclonal_50pct"	"sonic"	14368	"OR8D4"	"+"	15313	"OR8D4"	"+"	"FALSE"	""	-267120	"SCN3B"	"-"	""	"OR8D4"
"chr11"	127706630	127706630	1	"+"	"chr11+127706630"	1	1.12534041547568e-05	5098	"Polyclonal_50pct"	"sonic"	369597	"LINC02712"	"+"	435561	"LINC02712"	"+"	"FALSE"	""	815680	"ETS1"	"-"	""	"LINC02712"
"chr11"	17014001	17014001	1	"+"	"chr11+17014001"	1	1.12534041547568e-05	5098	"Polyclonal_50pct"	"sonic"	413	"PLEKHA7*"	"-"	413	"PLEKHA7"	"-"	"PLEKHA7"	"-"	-705569	"MYOD1"	"+"	"*"	"PLEKHA7"
"chr11"	24193902	24193902	1	"+"	"chr11+24193902"	1	1.12534041547568e-05	5098	"Polyclonal_50pct"	"sonic"	-303150	"LUZP2"	"+"	-303150	"LUZP2"	"+"	"FALSE"	""	-1568079	"FANCF"	"-"	""	"LUZP2"
"chr11"	27315773	27315773	1	"+"	"chr11+27315773"	1	1.12534041547568e-05	5098	"Polyclonal_50pct"	"sonic"	22738	"CCDC34"	"-"	47442	"CCDC34"	"-"	"FALSE"	""	-4054086	"DNAJC24"	"+"	""	"CCDC34"
"chr11"	27476918	27476918	1	"+"	"chr11+27476918"	1	1.12534041547568e-05	5098	"Polyclonal_50pct"	"sonic"	5188	"LGR4-AS1*"	"+"	-4128	"LGR4"	"-"	"LGR4-AS1"	"+"	-3892941	"DNAJC24"	"+"	"*"	"LGR4-AS1"
"chr11"	31587908	31587908	1	"+"	"chr11+31587908"	1	1.12534041547568e-05	5098	"Polyclonal_50pct"	"sonic"	78142	"ELP4*"	"+"	78142	"ELP4"	"+"	"ELP4"	"+"	212753	"PAX6"	"-"	"*"	"ELP4"
"chr11"	40365030	40365030	1	"+"	"chr11+40365030"	1	1.12534041547568e-05	5098	"Polyclonal_50pct"	"sonic"	-250821	"LRRC4C*"	"-"	-71900	"LRRC4C"	"-"	"LRRC4C"	"-"	-3701239	"ACCS"	"+"	"*"	"LRRC4C"
"chr11"	41674855	41674855	1	"+"	"chr11+41674855"	1	1.12534041547568e-05	5098	"Polyclonal_50pct"	"sonic"	-39712	"LINC01499"	"+"	-39712	"LINC01499"	"+"	"FALSE"	""	-2391414	"ACCS"	"+"	""	"LINC01499"
"chr11"	42136480	42136480	1	"+"	"chr11+42136480"	1	1.12534041547568e-05	5098	"Polyclonal_50pct"	"sonic"	-51022	"LINC02745"	"-"	-51022	"LINC02745"	"-"	"FALSE"	""	-1929789	"ACCS"	"+"	""	"LINC02745"
"chr11"	46960082	46960082	1	"+"	"chr11+46960082"	1	1.12534041547568e-05	5098	"Polyclonal_50pct"	"sonic"	23322	"C11orf49*"	"+"	23322	"C11orf49"	"+"	"C11orf49"	"+"	-254859	"DDB2"	"+"	"*"	"C11orf49"
"chr11"	57509733	57509733	1	"+"	"chr11+57509733"	1	1.12534041547568e-05	5098	"Polyclonal_50pct"	"sonic"	5176	"SLC43A1*"	"-"	5176	"SLC43A1"	"-"	"SLC43A1"	"-"	5176	"SLC43A1"	"-"	"*"	"SLC43A1"
"chr11"	58885594	58885594	1	"+"	"chr11+58885594"	1	1.12534041547568e-05	5098	"Polyclonal_50pct"	"sonic"	-19803	"GLYATL1"	"+"	-19803	"GLYATL1"	"+"	"FALSE"	""	1123793	"CTNND1"	"+"	""	"GLYATL1"
"chr11"	5953676	5953676	1	"+"	"chr11+5953676"	1	1.12534041547568e-05	5098	"Polyclonal_50pct"	"sonic"	5382	"OR56A3"	"+"	6330	"OR56A3"	"+"	"FALSE"	""	1837599	"RRM1"	"+"	""	"OR56A3"
"chr11"	59635679	59635679	1	"+"	"chr11+59635679"	1	1.12534041547568e-05	5098	"Polyclonal_50pct"	"sonic"	1036	"PATL1"	"-"	-19905	"OSBP"	"-"	"FALSE"	""	-1336000	"CD6"	"+"	""	"PATL1"
"chr11"	62614802	62614802	1	"+"	"chr11+62614802"	1	1.12534041547568e-05	5098	"Polyclonal_50pct"	"sonic"	-314	"ROM1*"	"+"	1546	"ROM1"	"+"	"ROM1"	"+"	821892	"FEN1"	"+"	"*"	"ROM1"
"chr11"	62846559	62846559	1	"+"	"chr11+62846559"	1	1.12534041547568e-05	5098	"Polyclonal_50pct"	"sonic"	-4750	"WDR74"	"-"	-4750	"WDR74"	"-"	"FALSE"	""	1053649	"FEN1"	"+"	""	"WDR74"
"chr11"	63751103	63751103	1	"+"	"chr11+63751103"	1	1.12534041547568e-05	5098	"Polyclonal_50pct"	"sonic"	-8767	"RTN3*"	"+"	17672	"C11orf95"	"-"	"RTN3"	"+"	415010	"MACROD1"	"-"	"*"	"RTN3"
"chr11"	65278217	65278217	1	"+"	"chr11+65278217"	1	1.12534041547568e-05	5098	"Polyclonal_50pct"	"sonic"	16256	"POLA2*"	"+"	16256	"POLA2"	"+"	"POLA2"	"+"	-108419	"FRMD8"	"+"	"*"	"POLA2"
"chr11"	65449685	65449685	1	"+"	"chr11+65449685"	1	1.12534041547568e-05	5098	"Polyclonal_50pct"	"sonic"	4147	"NEAT1"	"+"	5228	"MIR612"	"+"	"FALSE"	""	-48052	"MALAT1"	"+"	""	"NEAT1"
"chr11"	65591173	65591173	1	"+"	"chr11+65591173"	1	1.12534041547568e-05	5098	"Polyclonal_50pct"	"sonic"	-1477	"EHBP1L1*"	"+"	4627	"KCNK7"	"-"	"EHBP1L1"	"+"	-32814	"LTBP3"	"-"	"*"	"EHBP1L1"
"chr11"	65690329	65690329	1	"+"	"chr11+65690329"	1	1.12534041547568e-05	5098	"Polyclonal_50pct"	"sonic"	-21922	"KAT5~"	"+"	-21922	"KAT5"	"+"	"FALSE"	""	-21922	"KAT5"	"+"	"~"	"KAT5"
"chr11"	65690347	65690347	1	"+"	"chr11+65690347"	1	1.12534041547568e-05	5098	"Polyclonal_50pct"	"sonic"	-21904	"KAT5~"	"+"	-21904	"KAT5"	"+"	"FALSE"	""	-21904	"KAT5"	"+"	"~"	"KAT5"
"chr11"	65691273	65691273	1	"+"	"chr11+65691273"	1	1.12534041547568e-05	5098	"Polyclonal_50pct"	"sonic"	-20978	"KAT5~"	"+"	-20978	"KAT5"	"+"	"FALSE"	""	-20978	"KAT5"	"+"	"~"	"KAT5"
"chr11"	66170157	66170157	1	"+"	"chr11+66170157"	1	1.12534041547568e-05	5098	"Polyclonal_50pct"	"sonic"	-74587	"PACS1*"	"+"	-87136	"KLC2"	"+"	"PACS1"	"+"	146887	"CD248"	"-"	"*"	"PACS1"
"chr11"	66670276	66670276	1	"+"	"chr11+66670276"	1	1.12534041547568e-05	5098	"Polyclonal_50pct"	"sonic"	-5278	"RBM4B*"	"-"	7611	"RBM4B"	"-"	"RBM4B"	"-"	-325172	"BRMS1"	"-"	"*"	"RBM4B"
"chr11"	66938189	66938189	1	"+"	"chr11+66938189"	1	1.12534041547568e-05	5098	"Polyclonal_50pct"	"sonic"	20194	"PC*"	"-"	-3683	"MIR3163"	"-"	"PC"	"-"	-453796	"RAD9A"	"+"	"*"	"PC"
"chr11"	67183073	67183073	1	"+"	"chr11+67183073"	1	1.12534041547568e-05	5098	"Polyclonal_50pct"	"sonic"	63811	"KDM2A*"	"+"	-56940	"KDM2A"	"+"	"KDM2A"	"+"	-208912	"RAD9A"	"+"	"*"	"KDM2A"
"chr11"	67689977	67689977	1	"+"	"chr11+67689977"	1	1.12534041547568e-05	5098	"Polyclonal_50pct"	"sonic"	-8753	"ALDH3B2"	"-"	-8753	"ALDH3B2"	"-"	"FALSE"	""	-288119	"PPP1CA"	"-"	""	"ALDH3B2"
"chr11"	71656231	71656231	1	"+"	"chr11+71656231"	1	1.12534041547568e-05	5098	"Polyclonal_50pct"	"sonic"	-73356	"KRTAP5-11"	"-"	-73356	"KRTAP5-11"	"-"	"FALSE"	""	424311	"NUMA1"	"-"	""	"KRTAP5-11"
"chr11"	71947145	71947145	1	"+"	"chr11+71947145"	1	1.12534041547568e-05	5098	"Polyclonal_50pct"	"sonic"	18100	"RNF121*"	"+"	18100	"RNF121"	"+"	"RNF121"	"+"	133397	"NUMA1"	"-"	"*"	"RNF121"
"chr11"	72049692	72049692	1	"+"	"chr11+72049692"	1	1.12534041547568e-05	5098	"Polyclonal_50pct"	"sonic"	30850	"NUMA1~*"	"-"	22610	"MIR3165"	"-"	"NUMA1"	"-"	30850	"NUMA1"	"-"	"~*"	"NUMA1"
"chr11"	72163970	72163970	1	"+"	"chr11+72163970"	1	1.12534041547568e-05	5098	"Polyclonal_50pct"	"sonic"	24078	"FOLR3"	"+"	-25738	"FOLR1"	"+"	"FALSE"	""	-60796	"INPPL1"	"+"	""	"FOLR3"
"chr11"	73716685	73716685	1	"+"	"chr11+73716685"	1	1.12534041547568e-05	5098	"Polyclonal_50pct"	"sonic"	-41048	"RAB6A*"	"-"	43408	"RAB6A"	"-"	"RAB6A"	"-"	67773	"PLEKHB1"	"+"	"*"	"RAB6A"
"chr11"	74620543	74620543	1	"+"	"chr11+74620543"	1	1.12534041547568e-05	5098	"Polyclonal_50pct"	"sonic"	-22532	"POLD3*"	"+"	27962	"POLD3"	"+"	"POLD3"	"+"	-368100	"NEU3"	"+"	"*"	"POLD3"
"chr11"	75940727	75940727	1	"+"	"chr11+75940727"	1	1.12534041547568e-05	5098	"Polyclonal_50pct"	"sonic"	125518	"UVRAG*"	"+"	125518	"UVRAG"	"+"	"UVRAG"	"+"	951795	"NEU3"	"+"	"*"	"UVRAG"
"chr11"	85238979	85238979	1	"+"	"chr11+85238979"	1	1.12534041547568e-05	5098	"Polyclonal_50pct"	"sonic"	388365	"DLG2*"	"-"	-315558	"DLG2"	"-"	"DLG2"	"-"	830105	"PICALM"	"-"	"*"	"DLG2"
"chr11"	86266313	86266313	1	"+"	"chr11+86266313"	1	1.12534041547568e-05	5098	"Polyclonal_50pct"	"sonic"	-12497	"EED*"	"+"	-12019	"MIR6755"	"+"	"EED"	"+"	-196453	"PICALM"	"-"	"*"	"EED"
"chr11"	87317436	87317436	1	"+"	"chr11+87317436"	1	1.12534041547568e-05	5098	"Polyclonal_50pct"	"sonic"	-11388	"TMEM135*"	"+"	279503	"TMEM135"	"+"	"TMEM135"	"+"	-644800	"ME3"	"-"	"*"	"TMEM135"
"chr11"	88353137	88353137	1	"+"	"chr11+88353137"	1	1.12534041547568e-05	5098	"Polyclonal_50pct"	"sonic"	-15401	"CTSC"	"-"	-15401	"CTSC"	"-"	"FALSE"	""	-1680501	"ME3"	"-"	""	"CTSC"
"chr11"	88911448	88911448	1	"+"	"chr11+88911448"	1	1.12534041547568e-05	5098	"Polyclonal_50pct"	"sonic"	152211	"GRM5*"	"-"	152211	"GRM5"	"-"	"GRM5"	"-"	-2238812	"ME3"	"-"	"*"	"GRM5"
"chr11"	89087898	89087898	1	"+"	"chr11+89087898"	1	1.12534041547568e-05	5098	"Polyclonal_50pct"	"sonic"	-21916	"GRM5"	"-"	-21916	"GRM5"	"-"	"FALSE"	""	-2415262	"ME3"	"-"	""	"GRM5"
"chr11"	95465755	95465755	1	"+"	"chr11+95465755"	1	1.12534041547568e-05	5098	"Polyclonal_50pct"	"sonic"	231351	"LOC100129203"	"+"	-233280	"SESN3"	"-"	"FALSE"	""	877440	"MAML2"	"-"	""	"LOC100129203"
"chr11"	98195724	98195724	1	"+"	"chr11+98195724"	1	1.12534041547568e-05	5098	"Polyclonal_50pct"	"sonic"	-825224	"CNTN5"	"+"	-825224	"CNTN5"	"+"	"FALSE"	""	-1852529	"MAML2"	"-"	""	"CNTN5"
"chr11"	106057586	106057586	1	"-"	"chr11-106057586"	1	1.12534041547568e-05	5098	"Polyclonal_50pct"	"sonic"	-6489	"KBTBD3*"	"-"	19761	"KBTBD3"	"-"	"KBTBD3"	"-"	960890	"GUCY1A2"	"-"	"*"	"KBTBD3"
"chr11"	107006895	107006895	1	"-"	"chr11-107006895"	1	1.12534041547568e-05	5098	"Polyclonal_50pct"	"sonic"	11581	"GUCY1A2~*"	"-"	11581	"GUCY1A2"	"-"	"GUCY1A2"	"-"	11581	"GUCY1A2"	"-"	"~*"	"GUCY1A2"
"chr11"	111686120	111686120	1	"-"	"chr11-111686120"	1	1.12534041547568e-05	5098	"Polyclonal_50pct"	"sonic"	-44735	"SIK2*"	"+"	80269	"PPP2R1B"	"-"	"SIK2"	"+"	224619	"CRYAB"	"-"	"*"	"SIK2"
"chr11"	114465769	114465769	1	"-"	"chr11-114465769"	1	1.12534041547568e-05	5098	"Polyclonal_50pct"	"sonic"	15491	"REXO2"	"+"	26303	"REXO2"	"+"	"FALSE"	""	169371	"NNMT"	"+"	""	"REXO2"
"chr11"	120380250	120380250	1	"-"	"chr11-120380250"	1	1.12534041547568e-05	5098	"Polyclonal_50pct"	"sonic"	43838	"ARHGEF12~*"	"+"	-5076	"ARHGEF12"	"+"	"ARHGEF12"	"+"	-5076	"ARHGEF12"	"+"	"~*"	"ARHGEF12"
"chr11"	121044153	121044153	1	"-"	"chr11-121044153"	1	1.12534041547568e-05	5098	"Polyclonal_50pct"	"sonic"	20052	"TBCEL,TBCEL-TECTA*"	"+"	20052	"TBCEL,TBCEL-TECTA"	"+"	"TBCEL,TBCEL-TECTA"	"+"	-57089	"TECTA"	"+"	"*"	"TBCEL,TBCEL-TECTA"
"chr11"	128399169	128399169	1	"-"	"chr11-128399169"	1	1.12534041547568e-05	5098	"Polyclonal_50pct"	"sonic"	59591	"ETS1"	"-"	123141	"ETS1"	"-"	"FALSE"	""	123141	"ETS1"	"-"	""	"ETS1"
"chr11"	130013610	130013610	1	"-"	"chr11-130013610"	1	1.12534041547568e-05	5098	"Polyclonal_50pct"	"sonic"	8124	"LINC00167"	"+"	-10775	"PRDM10"	"-"	"FALSE"	""	-435363	"ADAMTS15"	"+"	""	"LINC00167"
"chr11"	21343854	21343854	1	"-"	"chr11-21343854"	1	1.12534041547568e-05	5098	"Polyclonal_50pct"	"sonic"	-231829	"NELL1*"	"+"	674269	"NELL1"	"+"	"NELL1"	"+"	979714	"HTATIP2"	"+"	"*"	"NELL1"
"chr11"	21932416	21932416	1	"-"	"chr11-21932416"	1	1.12534041547568e-05	5098	"Polyclonal_50pct"	"sonic"	-260668	"ANO5"	"+"	-260668	"ANO5"	"+"	"FALSE"	""	693407	"FANCF"	"-"	""	"ANO5"
"chr11"	220437	220437	1	"-"	"chr11-220437"	1	1.12534041547568e-05	5098	"Polyclonal_50pct"	"sonic"	-5408	"SIRT3*"	"-"	11102	"MIR6743"	"+"	"SIRT3"	"-"	315130	"HRAS"	"-"	"*"	"SIRT3"
"chr11"	22755032	22755032	1	"-"	"chr11-22755032"	1	1.12534041547568e-05	5098	"Polyclonal_50pct"	"sonic"	-58023	"GAS2*"	"+"	74347	"SVIP"	"-"	"GAS2"	"+"	-129209	"FANCF"	"-"	"*"	"GAS2"
"chr11"	23583060	23583060	1	"-"	"chr11-23583060"	1	1.12534041547568e-05	5098	"Polyclonal_50pct"	"sonic"	-163870	"MIR8054"	"-"	-163870	"MIR8054"	"-"	"FALSE"	""	-957237	"FANCF"	"-"	""	"MIR8054"
"chr11"	25599064	25599064	1	"-"	"chr11-25599064"	1	1.12534041547568e-05	5098	"Polyclonal_50pct"	"sonic"	516426	"LUZP2"	"+"	-590058	"ANO3"	"+"	"FALSE"	""	-2973241	"FANCF"	"-"	""	"LUZP2"
"chr11"	25817942	25817942	1	"-"	"chr11-25817942"	1	1.12534041547568e-05	5098	"Polyclonal_50pct"	"sonic"	-371180	"ANO3"	"+"	-371180	"ANO3"	"+"	"FALSE"	""	-3192119	"FANCF"	"-"	""	"ANO3"
"chr11"	25973272	25973272	1	"-"	"chr11-25973272"	1	1.12534041547568e-05	5098	"Polyclonal_50pct"	"sonic"	-215850	"ANO3"	"+"	-215850	"ANO3"	"+"	"FALSE"	""	-3347449	"FANCF"	"-"	""	"ANO3"
"chr11"	26108584	26108584	1	"-"	"chr11-26108584"	1	1.12534041547568e-05	5098	"Polyclonal_50pct"	"sonic"	-80538	"ANO3"	"+"	-80538	"ANO3"	"+"	"FALSE"	""	-3482761	"FANCF"	"-"	""	"ANO3"
"chr11"	27446617	27446617	1	"-"	"chr11-27446617"	1	1.12534041547568e-05	5098	"Polyclonal_50pct"	"sonic"	26158	"LGR4*"	"-"	-25113	"LGR4-AS1"	"+"	"LGR4"	"-"	-3923242	"DNAJC24"	"+"	"*"	"LGR4"
"chr11"	28163678	28163678	1	"-"	"chr11-28163678"	1	1.12534041547568e-05	5098	"Polyclonal_50pct"	"sonic"	55291	"METTL15*"	"+"	55291	"METTL15"	"+"	"METTL15"	"+"	-3206181	"DNAJC24"	"+"	"*"	"METTL15"
"chr11"	29081586	29081586	1	"-"	"chr11-29081586"	1	1.12534041547568e-05	5098	"Polyclonal_50pct"	"sonic"	-512826	"LINC02546"	"+"	-512826	"LINC02546"	"+"	"FALSE"	""	-2288273	"DNAJC24"	"+"	""	"LINC02546"
"chr11"	30614669	30614669	1	"-"	"chr11-30614669"	1	1.12534041547568e-05	5098	"Polyclonal_50pct"	"sonic"	-28316	"MPPED2"	"-"	-28316	"MPPED2"	"-"	"FALSE"	""	-755190	"DNAJC24"	"+"	""	"MPPED2"
"chr11"	31418903	31418903	1	"-"	"chr11-31418903"	1	1.12534041547568e-05	5098	"Polyclonal_50pct"	"sonic"	-13932	"DNAJC24~*"	"+"	49044	"DNAJC24"	"+"	"DNAJC24"	"+"	49044	"DNAJC24"	"+"	"~*"	"DNAJC24"
"chr11"	31459470	31459470	1	"-"	"chr11-31459470"	1	1.12534041547568e-05	5098	"Polyclonal_50pct"	"sonic"	-27070	"IMMP1L*"	"-"	50152	"IMMP1L"	"-"	"IMMP1L"	"-"	89611	"DNAJC24"	"+"	"*"	"IMMP1L"
"chr11"	33158227	33158227	1	"-"	"chr11-33158227"	1	1.12534041547568e-05	5098	"Polyclonal_50pct"	"sonic"	3253	"CSTF3*"	"-"	3253	"CSTF3"	"-"	"CSTF3"	"-"	711651	"LMO2"	"-"	"*"	"CSTF3"
"chr11"	33222539	33222539	1	"-"	"chr11-33222539"	1	1.12534041547568e-05	5098	"Polyclonal_50pct"	"sonic"	30943	"CSTF3-DT"	"+"	-34132	"HIPK3"	"+"	"FALSE"	""	647339	"LMO2"	"-"	""	"CSTF3-DT"
"chr11"	37076070	37076070	1	"-"	"chr11-37076070"	1	1.12534041547568e-05	5098	"Polyclonal_50pct"	"sonic"	416779	"IFTAP"	"+"	-477791	"RAG2"	"-"	"FALSE"	""	1936900	"CD44"	"+"	""	"IFTAP"
"chr11"	41971827	41971827	1	"-"	"chr11-41971827"	1	1.12534041547568e-05	5098	"Polyclonal_50pct"	"sonic"	29894	"LINC02745"	"-"	113631	"LINC02745"	"-"	"FALSE"	""	-2094442	"ACCS"	"+"	""	"LINC02745"
"chr11"	51334438	51334438	1	"-"	"chr11-51334438"	1	1.12534041547568e-05	5098	"Polyclonal_50pct"	"sonic"	913807	"LOC646813"	"+"	925292	"LOC646813"	"+"	"FALSE"	""	3353880	"PTPRJ"	"+"	""	"LOC646813"
"chr11"	5192293	5192293	1	"-"	"chr11-5192293"	1	1.12534041547568e-05	5098	"Polyclonal_50pct"	"sonic"	7441	"OR51V1"	"-"	8407	"OR51V1"	"-"	"FALSE"	""	1076216	"RRM1"	"+"	""	"OR51V1"
"chr11"	58541303	58541303	1	"-"	"chr11-58541303"	1	1.12534041547568e-05	5098	"Polyclonal_50pct"	"sonic"	-14433	"LPXN*"	"-"	-33003	"OR5B21"	"-"	"LPXN"	"-"	779502	"CTNND1"	"+"	"*"	"LPXN"
"chr11"	5896639	5896639	1	"-"	"chr11-5896639"	1	1.12534041547568e-05	5098	"Polyclonal_50pct"	"sonic"	3432	"OR52E5*"	"+"	3432	"OR52E5"	"+"	"OR52E5"	"+"	1780562	"RRM1"	"+"	"*"	"OR52E5"
"chr11"	62282306	62282306	1	"-"	"chr11-62282306"	1	1.12534041547568e-05	5098	"Polyclonal_50pct"	"sonic"	9149	"SCGB2A2"	"+"	12149	"SCGB2A2"	"+"	"FALSE"	""	489396	"FEN1"	"+"	""	"SCGB2A2"
"chr11"	62945112	62945112	1	"-"	"chr11-62945112"	1	1.12534041547568e-05	5098	"Polyclonal_50pct"	"sonic"	-23749	"CHRM1"	"-"	-23749	"CHRM1"	"-"	"FALSE"	""	1152202	"FEN1"	"+"	""	"CHRM1"
"chr11"	63254389	63254389	1	"-"	"chr11-63254389"	1	1.12534041547568e-05	5098	"Polyclonal_50pct"	"sonic"	-24737	"SLC22A25"	"-"	-24737	"SLC22A25"	"-"	"FALSE"	""	911724	"MACROD1"	"-"	""	"SLC22A25"
"chr11"	64330336	64330336	1	"-"	"chr11-64330336"	1	1.12534041547568e-05	5098	"Polyclonal_50pct"	"sonic"	8525	"PRDX5"	"+"	-9867	"CCDC88B"	"+"	"FALSE"	""	24110	"ESRRA"	"+"	""	"PRDX5"
"chr11"	65295551	65295551	1	"-"	"chr11-65295551"	1	1.12534041547568e-05	5098	"Polyclonal_50pct"	"sonic"	-3134	"POLA2*"	"+"	-19314	"CDC42EP2"	"+"	"POLA2"	"+"	-91085	"FRMD8"	"+"	"*"	"POLA2"
"chr11"	65526749	65526749	1	"-"	"chr11-65526749"	1	1.12534041547568e-05	5098	"Polyclonal_50pct"	"sonic"	1667	"SCYL1*"	"+"	1667	"SCYL1"	"+"	"SCYL1"	"+"	1667	"SCYL1"	"+"	"*"	"SCYL1"
"chr11"	65844986	65844986	1	"-"	"chr11-65844986"	1	1.12534041547568e-05	5098	"Polyclonal_50pct"	"sonic"	-8715	"SNX32*"	"+"	11024	"SNX32"	"+"	"SNX32"	"+"	55402	"FOSL1"	"-"	"*"	"SNX32"
"chr11"	66154624	66154624	1	"-"	"chr11-66154624"	1	1.12534041547568e-05	5098	"Polyclonal_50pct"	"sonic"	84353	"PACS1*"	"+"	84353	"PACS1"	"+"	"PACS1"	"+"	142617	"CST6"	"+"	"*"	"PACS1"
"chr11"	66273520	66273520	1	"-"	"chr11-66273520"	1	1.12534041547568e-05	5098	"Polyclonal_50pct"	"sonic"	-3972	"RAB1B*"	"+"	-4654	"CNIH2"	"+"	"RAB1B"	"+"	43524	"CD248"	"-"	"*"	"RAB1B"
"chr11"	66597444	66597444	1	"-"	"chr11-66597444"	1	1.12534041547568e-05	5098	"Polyclonal_50pct"	"sonic"	4260	"CCS*"	"+"	4260	"CCS"	"+"	"CCS"	"+"	-252340	"BRMS1"	"-"	"*"	"CCS"
"chr11"	66784702	66784702	1	"-"	"chr11-66784702"	1	1.12534041547568e-05	5098	"Polyclonal_50pct"	"sonic"	39934	"C11orf80*"	"+"	39934	"C11orf80"	"+"	"C11orf80"	"+"	-439598	"BRMS1"	"-"	"*"	"C11orf80"
"chr11"	67180488	67180488	1	"-"	"chr11-67180488"	1	1.12534041547568e-05	5098	"Polyclonal_50pct"	"sonic"	61226	"KDM2A*"	"+"	-59525	"KDM2A"	"+"	"KDM2A"	"+"	-211497	"RAD9A"	"+"	"*"	"KDM2A"
"chr11"	67760133	67760133	1	"-"	"chr11-67760133"	1	1.12534041547568e-05	5098	"Polyclonal_50pct"	"sonic"	31633	"FAM86C2P"	"-"	45203	"FAM86C2P"	"-"	"FALSE"	""	-278891	"TCIRG1"	"+"	""	"FAM86C2P"
"chr11"	67939089	67939089	1	"-"	"chr11-67939089"	1	1.12534041547568e-05	5098	"Polyclonal_50pct"	"sonic"	52010	"UNC93B1"	"-"	65008	"UNC93B1"	"-"	"FALSE"	""	-99935	"TCIRG1"	"+"	""	"UNC93B1"
"chr11"	72874843	72874843	1	"-"	"chr11-72874843"	1	1.12534041547568e-05	5098	"Polyclonal_50pct"	"sonic"	-38099	"FCHSD2*"	"-"	60433	"ATG16L2"	"+"	"FCHSD2"	"-"	650077	"INPPL1"	"+"	"*"	"FCHSD2"
"chr11"	73730899	73730899	1	"-"	"chr11-73730899"	1	1.12534041547568e-05	5098	"Polyclonal_50pct"	"sonic"	29194	"RAB6A*"	"-"	29194	"RAB6A"	"-"	"RAB6A"	"-"	81987	"PLEKHB1"	"+"	"*"	"RAB6A"
"chr11"	7384886	7384886	1	"-"	"chr11-7384886"	1	1.12534041547568e-05	5098	"Polyclonal_50pct"	"sonic"	-84157	"SYT9*"	"+"	80949	"LOC100506258"	"-"	"SYT9"	"+"	-602450	"EIF3F"	"+"	"*"	"SYT9"
"chr11"	75084261	75084261	1	"-"	"chr11-75084261"	1	1.12534041547568e-05	5098	"Polyclonal_50pct"	"sonic"	4430	"OR2AT4"	"-"	12629	"OR2AT4"	"-"	"FALSE"	""	95329	"NEU3"	"+"	""	"OR2AT4"
"chr11"	82930073	82930073	1	"-"	"chr11-82930073"	1	1.12534041547568e-05	5098	"Polyclonal_50pct"	"sonic"	-4584	"DDIAS*"	"+"	-28333	"PRCP"	"-"	"DDIAS"	"+"	3139011	"PICALM"	"-"	"*"	"DDIAS"
"chr11"	84200572	84200572	1	"-"	"chr11-84200572"	1	1.12534041547568e-05	5098	"Polyclonal_50pct"	"sonic"	72708	"DLG2*"	"-"	72708	"DLG2"	"-"	"DLG2"	"-"	1868512	"PICALM"	"-"	"*"	"DLG2"
"chr11"	86306446	86306446	1	"-"	"chr11-86306446"	1	1.12534041547568e-05	5098	"Polyclonal_50pct"	"sonic"	4207	"HIKESHI*"	"+"	4207	"HIKESHI"	"+"	"HIKESHI"	"+"	-236586	"PICALM"	"-"	"*"	"HIKESHI"
"chr11"	87237304	87237304	1	"-"	"chr11-87237304"	1	1.12534041547568e-05	5098	"Polyclonal_50pct"	"sonic"	-91520	"TMEM135*"	"+"	199371	"TMEM135"	"+"	"TMEM135"	"+"	-564668	"ME3"	"-"	"*"	"TMEM135"
"chr11"	87309708	87309708	1	"-"	"chr11-87309708"	1	1.12534041547568e-05	5098	"Polyclonal_50pct"	"sonic"	-19116	"TMEM135*"	"+"	271775	"TMEM135"	"+"	"TMEM135"	"+"	-637072	"ME3"	"-"	"*"	"TMEM135"
"chr11"	87775564	87775564	1	"-"	"chr11-87775564"	1	1.12534041547568e-05	5098	"Polyclonal_50pct"	"sonic"	-56153	"LINC02711"	"-"	-56153	"LINC02711"	"-"	"FALSE"	""	-1102928	"ME3"	"-"	""	"LINC02711"
"chr11"	88672776	88672776	1	"-"	"chr11-88672776"	1	1.12534041547568e-05	5098	"Polyclonal_50pct"	"sonic"	-168134	"GRM5*"	"-"	168201	"GRM5-AS1"	"+"	"GRM5"	"-"	-2000140	"ME3"	"-"	"*"	"GRM5"
"chr11"	88853902	88853902	1	"-"	"chr11-88853902"	1	1.12534041547568e-05	5098	"Polyclonal_50pct"	"sonic"	209757	"GRM5*"	"-"	209757	"GRM5"	"-"	"GRM5"	"-"	-2181266	"ME3"	"-"	"*"	"GRM5"
"chr11"	89669022	89669022	1	"-"	"chr11-89669022"	1	1.12534041547568e-05	5098	"Polyclonal_50pct"	"sonic"	9726	"FOLH1B*"	"+"	9726	"FOLH1B"	"+"	"FOLH1B"	"+"	-2996386	"ME3"	"-"	"*"	"FOLH1B"
"chr11"	91530246	91530246	1	"-"	"chr11-91530246"	1	1.12534041547568e-05	5098	"Polyclonal_50pct"	"sonic"	615194	"DISC1FP1"	"+"	-661044	"MIR1261"	"-"	"FALSE"	""	4812949	"MAML2"	"-"	""	"DISC1FP1"
"chr11"	96230384	96230384	1	"-"	"chr11-96230384"	1	1.12534041547568e-05	5098	"Polyclonal_50pct"	"sonic"	112811	"MAML2~*"	"-"	-111053	"MIR1260B"	"+"	"MAML2"	"-"	112811	"MAML2"	"-"	"~*"	"MAML2"
"chr11"	96732636	96732636	1	"-"	"chr11-96732636"	1	1.12534041547568e-05	5098	"Polyclonal_50pct"	"sonic"	217886	"LINC02737"	"+"	224212	"LINC02737"	"+"	"FALSE"	""	-389441	"MAML2"	"-"	""	"LINC02737"
"chr11"	97702344	97702344	1	"-"	"chr11-97702344"	1	1.12534041547568e-05	5098	"Polyclonal_50pct"	"sonic"	1187594	"LINC02737"	"+"	1193920	"LINC02737"	"+"	"FALSE"	""	-1359149	"MAML2"	"-"	""	"LINC02737"
"chr12"	102058270	102058270	1	"+"	"chr12+102058270"	1	1.12534041547568e-05	5098	"Polyclonal_50pct"	"sonic"	3721	"WASHC3*"	"-"	3721	"WASHC3"	"-"	"WASHC3"	"-"	180691	"DRAM1"	"+"	"*"	"WASHC3"
"chr12"	104653785	104653785	1	"+"	"chr12+104653785"	1	1.12534041547568e-05	5098	"Polyclonal_50pct"	"sonic"	-108229	"CHST11*"	"+"	62153	"MIR3922"	"+"	"CHST11"	"+"	723376	"HSP90B1"	"+"	"*"	"CHST11"
"chr12"	104954635	104954635	1	"+"	"chr12+104954635"	1	1.12534041547568e-05	5098	"Polyclonal_50pct"	"sonic"	3655	"SLC41A2*"	"-"	3655	"SLC41A2"	"-"	"SLC41A2"	"-"	1024226	"HSP90B1"	"+"	"*"	"SLC41A2"
"chr12"	105925682	105925682	1	"+"	"chr12+105925682"	1	1.12534041547568e-05	5098	"Polyclonal_50pct"	"sonic"	137664	"NUAK1"	"-"	214351	"NUAK1"	"-"	"FALSE"	""	1995273	"HSP90B1"	"+"	""	"NUAK1"
"chr12"	110563172	110563172	1	"+"	"chr12+110563172"	1	1.12534041547568e-05	5098	"Polyclonal_50pct"	"sonic"	20146	"PPTC7*"	"-"	20146	"PPTC7"	"-"	"PPTC7"	"-"	20146	"PPTC7"	"-"	"*"	"PPTC7"
"chr12"	112236384	112236384	1	"+"	"chr12+112236384"	1	1.12534041547568e-05	5098	"Polyclonal_50pct"	"sonic"	-76190	"HECTD4*"	"-"	-73063	"MIR6861"	"-"	"HECTD4"	"-"	-182562	"PTPN11"	"+"	"*"	"HECTD4"
"chr12"	112448061	112448061	1	"+"	"chr12+112448061"	1	1.12534041547568e-05	5098	"Polyclonal_50pct"	"sonic"	29115	"PTPN11~*"	"+"	29115	"PTPN11"	"+"	"PTPN11"	"+"	29115	"PTPN11"	"+"	"~*"	"PTPN11"
"chr12"	1136314	1136314	1	"+"	"chr12+1136314"	1	1.12534041547568e-05	5098	"Polyclonal_50pct"	"sonic"	108567	"ERC1~*"	"+"	108567	"ERC1"	"+"	"ERC1"	"+"	108567	"ERC1"	"+"	"~*"	"ERC1"
"chr12"	116081140	116081140	1	"+"	"chr12+116081140"	1	1.12534041547568e-05	5098	"Polyclonal_50pct"	"sonic"	-122565	"MED13L*"	"-"	67514	"MIR620"	"-"	"MED13L"	"-"	-2054983	"PEBP1"	"+"	"*"	"MED13L"
"chr12"	116336628	116336628	1	"+"	"chr12+116336628"	1	1.12534041547568e-05	5098	"Polyclonal_50pct"	"sonic"	-58935	"MED13L"	"-"	-58935	"MED13L"	"-"	"FALSE"	""	-1799495	"PEBP1"	"+"	""	"MED13L"
"chr12"	122562260	122562260	1	"+"	"chr12+122562260"	1	1.12534041547568e-05	5098	"Polyclonal_50pct"	"sonic"	35012	"KNTC1*"	"+"	35012	"KNTC1"	"+"	"KNTC1"	"+"	-190563	"DENR"	"+"	"*"	"KNTC1"
"chr12"	122573229	122573229	1	"+"	"chr12+122573229"	1	1.12534041547568e-05	5098	"Polyclonal_50pct"	"sonic"	45981	"KNTC1*"	"+"	45981	"KNTC1"	"+"	"KNTC1"	"+"	-179594	"DENR"	"+"	"*"	"KNTC1"
"chr12"	123966352	123966352	1	"+"	"chr12+123966352"	1	1.12534041547568e-05	5098	"Polyclonal_50pct"	"sonic"	5707	"CCDC92*"	"-"	5707	"CCDC92"	"-"	"CCDC92"	"-"	601260	"NCOR2"	"-"	"*"	"CCDC92"
"chr12"	126715583	126715583	1	"+"	"chr12+126715583"	1	1.12534041547568e-05	5098	"Polyclonal_50pct"	"sonic"	15117	"LINC00944"	"-"	-21423	"LINC00943"	"+"	"FALSE"	""	-1851719	"SCARB1"	"-"	""	"LINC00944"
"chr12"	132107215	132107215	1	"+"	"chr12+132107215"	1	1.12534041547568e-05	5098	"Polyclonal_50pct"	"sonic"	-19125	"EP400P1*"	"+"	22933	"EP400P1"	"+"	"EP400P1"	"+"	157274	"EP400"	"+"	"*"	"EP400P1"
"chr12"	133145213	133145213	1	"+"	"chr12+133145213"	1	1.12534041547568e-05	5098	"Polyclonal_50pct"	"sonic"	-14250	"ZNF10*"	"+"	14587	"ZNF10"	"+"	"ZNF10"	"+"	-257595	"CHFR"	"-"	"*"	"ZNF10"
"chr12"	13901694	13901694	1	"+"	"chr12+13901694"	1	1.12534041547568e-05	5098	"Polyclonal_50pct"	"sonic"	79908	"GRIN2B*"	"-"	79908	"GRIN2B"	"-"	"GRIN2B"	"-"	-463937	"ATF7IP"	"+"	"*"	"GRIN2B"
"chr12"	15338844	15338844	1	"+"	"chr12+15338844"	1	1.12534041547568e-05	5098	"Polyclonal_50pct"	"sonic"	16337	"PTPRO*"	"+"	16337	"PTPRO"	"+"	"PTPRO"	"+"	450544	"EPS8"	"-"	"*"	"PTPRO"
"chr12"	15341432	15341432	1	"+"	"chr12+15341432"	1	1.12534041547568e-05	5098	"Polyclonal_50pct"	"sonic"	18925	"PTPRO*"	"+"	18925	"PTPRO"	"+"	"PTPRO"	"+"	447956	"EPS8"	"-"	"*"	"PTPRO"
"chr12"	16984622	16984622	1	"+"	"chr12+16984622"	1	1.12534041547568e-05	5098	"Polyclonal_50pct"	"sonic"	-4124	"SKP1P2~"	"+"	-4124	"SKP1P2"	"+"	"FALSE"	""	-4124	"SKP1P2"	"+"	"~"	"SKP1P2"
"chr12"	20406326	20406326	1	"+"	"chr12+20406326"	1	1.12534041547568e-05	5098	"Polyclonal_50pct"	"sonic"	37790	"PDE3A*"	"+"	37790	"PDE3A"	"+"	"PDE3A"	"+"	1095309	"RECQL"	"-"	"*"	"PDE3A"
"chr12"	20502300	20502300	1	"+"	"chr12+20502300"	1	1.12534041547568e-05	5098	"Polyclonal_50pct"	"sonic"	133764	"PDE3A*"	"+"	-69778	"PDE3A"	"+"	"PDE3A"	"+"	999335	"RECQL"	"-"	"*"	"PDE3A"
"chr12"	207802	207802	1	"+"	"chr12+207802"	1	1.12534041547568e-05	5098	"Polyclonal_50pct"	"sonic"	5900	"SLC6A12*"	"-"	4158	"SLC6A12-AS1"	"+"	"SLC6A12"	"-"	181518	"KDM5A"	"-"	"*"	"SLC6A12"
"chr12"	26000527	26000527	1	"+"	"chr12+26000527"	1	1.12534041547568e-05	5098	"Polyclonal_50pct"	"sonic"	26773	"RASSF8*"	"+"	26773	"RASSF8"	"+"	"RASSF8"	"+"	124510	"BHLHE41"	"-"	"*"	"RASSF8"
"chr12"	2934728	2934728	1	"+"	"chr12+2934728"	1	1.12534041547568e-05	5098	"Polyclonal_50pct"	"sonic"	-6407	"TULP3*"	"+"	-24668	"TEAD4"	"+"	"TULP3"	"+"	-57554	"FOXM1"	"-"	"*"	"TULP3"
"chr12"	30098486	30098486	1	"+"	"chr12+30098486"	1	1.12534041547568e-05	5098	"Polyclonal_50pct"	"sonic"	-313727	"TMTC1"	"-"	-313727	"TMTC1"	"-"	"FALSE"	""	-2125753	"PTHLH"	"-"	""	"TMTC1"
"chr12"	31967365	31967365	1	"+"	"chr12+31967365"	1	1.12534041547568e-05	5098	"Polyclonal_50pct"	"sonic"	7951	"RESF1*"	"+"	7951	"RESF1"	"+"	"RESF1"	"+"	-3994632	"PTHLH"	"-"	"*"	"RESF1"
"chr12"	32704210	32704210	1	"+"	"chr12+32704210"	1	1.12534041547568e-05	5098	"Polyclonal_50pct"	"sonic"	24910	"DNM1L*"	"+"	24910	"DNM1L"	"+"	"DNM1L"	"+"	-4731477	"PTHLH"	"-"	"*"	"DNM1L"
"chr12"	33679164	33679164	1	"+"	"chr12+33679164"	1	1.12534041547568e-05	5098	"Polyclonal_50pct"	"sonic"	-239345	"SYT10"	"-"	-239345	"SYT10"	"-"	"FALSE"	""	-5706431	"PTHLH"	"-"	""	"SYT10"
"chr12"	34192356	34192356	1	"+"	"chr12+34192356"	1	1.12534041547568e-05	5098	"Polyclonal_50pct"	"sonic"	164055	"ALG10"	"+"	169861	"ALG10"	"+"	"FALSE"	""	-6219623	"PTHLH"	"-"	""	"ALG10"
"chr12"	34854921	34854921	1	"+"	"chr12+34854921"	1	1.12534041547568e-05	5098	"Polyclonal_50pct"	"sonic"	826620	"ALG10"	"+"	832426	"ALG10"	"+"	"FALSE"	""	-6882188	"PTHLH"	"-"	""	"ALG10"
"chr12"	35155190	35155190	1	"+"	"chr12+35155190"	1	1.12534041547568e-05	5098	"Polyclonal_50pct"	"sonic"	1126889	"ALG10"	"+"	1132695	"ALG10"	"+"	"FALSE"	""	-7182457	"PTHLH"	"-"	""	"ALG10"
"chr12"	39536222	39536222	1	"+"	"chr12+39536222"	1	1.12534041547568e-05	5098	"Polyclonal_50pct"	"sonic"	13810	"ABCD2"	"-"	83581	"ABCD2"	"-"	"FALSE"	""	-6193483	"ARID2"	"+"	""	"ABCD2"
"chr12"	39657961	39657961	1	"+"	"chr12+39657961"	1	1.12534041547568e-05	5098	"Polyclonal_50pct"	"sonic"	31779	"C12orf40*"	"+"	31779	"C12orf40"	"+"	"C12orf40"	"+"	-6071744	"ARID2"	"+"	"*"	"C12orf40"
"chr12"	40094700	40094700	1	"+"	"chr12+40094700"	1	1.12534041547568e-05	5098	"Polyclonal_50pct"	"sonic"	11381	"SLC2A13*"	"-"	11381	"SLC2A13"	"-"	"SLC2A13"	"-"	-5635005	"ARID2"	"+"	"*"	"SLC2A13"
"chr12"	41424021	41424021	1	"+"	"chr12+41424021"	1	1.12534041547568e-05	5098	"Polyclonal_50pct"	"sonic"	-150724	"PDZRN4*"	"+"	-13717	"PDZRN4"	"+"	"PDZRN4"	"+"	-4305684	"ARID2"	"+"	"*"	"PDZRN4"
"chr12"	41950319	41950319	1	"+"	"chr12+41950319"	1	1.12534041547568e-05	5098	"Polyclonal_50pct"	"sonic"	131526	"GXYLT1"	"-"	186131	"LINC02400"	"+"	"FALSE"	""	-3779386	"ARID2"	"+"	""	"GXYLT1"
"chr12"	42342966	42342966	1	"+"	"chr12+42342966"	1	1.12534041547568e-05	5098	"Polyclonal_50pct"	"sonic"	11169	"PPHLN1*"	"+"	11169	"PPHLN1"	"+"	"PPHLN1"	"+"	-3386739	"ARID2"	"+"	"*"	"PPHLN1"
"chr12"	43930054	43930054	1	"+"	"chr12+43930054"	1	1.12534041547568e-05	5098	"Polyclonal_50pct"	"sonic"	93974	"TMEM117*"	"+"	93974	"TMEM117"	"+"	"TMEM117"	"+"	-1799651	"ARID2"	"+"	"*"	"TMEM117"
"chr12"	45020411	45020411	1	"+"	"chr12+45020411"	1	1.12534041547568e-05	5098	"Polyclonal_50pct"	"sonic"	-5740	"DBX2*"	"-"	30688	"DBX2"	"-"	"DBX2"	"-"	-709294	"ARID2"	"+"	"*"	"DBX2"
"chr12"	48238303	48238303	1	"+"	"chr12+48238303"	1	1.12534041547568e-05	5098	"Polyclonal_50pct"	"sonic"	-35011	"OR10AD1"	"-"	-35011	"OR10AD1"	"-"	"FALSE"	""	478404	"CCNT1"	"-"	""	"OR10AD1"
"chr12"	48302708	48302708	1	"+"	"chr12+48302708"	1	1.12534041547568e-05	5098	"Polyclonal_50pct"	"sonic"	-26271	"H1-7"	"+"	-26271	"H1-7"	"+"	"FALSE"	""	413999	"CCNT1"	"-"	""	"H1-7"
"chr12"	48660036	48660036	1	"+"	"chr12+48660036"	1	1.12534041547568e-05	5098	"Polyclonal_50pct"	"sonic"	-6826	"KANSL2*"	"-"	-3254	"SNORA2A"	"-"	"KANSL2"	"-"	56671	"CCNT1"	"-"	"*"	"KANSL2"
"chr12"	49057254	49057254	1	"+"	"chr12+49057254"	1	1.12534041547568e-05	5098	"Polyclonal_50pct"	"sonic"	3540	"KMT2D*"	"-"	3540	"KMT2D"	"-"	"KMT2D"	"-"	78933	"WNT1"	"+"	"*"	"KMT2D"
"chr12"	49205077	49205077	1	"+"	"chr12+49205077"	1	1.12534041547568e-05	5098	"Polyclonal_50pct"	"sonic"	-15753	"TUBA1A"	"-"	-15753	"TUBA1A"	"-"	"FALSE"	""	226756	"WNT1"	"+"	""	"TUBA1A"
"chr12"	49593455	49593455	1	"+"	"chr12+49593455"	1	1.12534041547568e-05	5098	"Polyclonal_50pct"	"sonic"	-5951	"FAM186B*"	"-"	12184	"FAM186B"	"-"	"FAM186B"	"-"	113950	"FMNL3"	"-"	"*"	"FAM186B"
"chr12"	52456185	52456185	1	"+"	"chr12+52456185"	1	1.12534041547568e-05	5098	"Polyclonal_50pct"	"sonic"	-4039	"KRT6B"	"-"	-4039	"KRT6B"	"-"	"FALSE"	""	162374	"KRT73"	"-"	""	"KRT6B"
"chr12"	53125473	53125473	1	"+"	"chr12+53125473"	1	1.12534041547568e-05	5098	"Polyclonal_50pct"	"sonic"	938	"SOAT2"	"+"	21988	"SOAT2"	"+"	"FALSE"	""	27807	"IGFBP6"	"+"	""	"SOAT2"
"chr12"	53174864	53174864	1	"+"	"chr12+53174864"	1	1.12534041547568e-05	5098	"Polyclonal_50pct"	"sonic"	5782	"CSAD*"	"-"	5782	"CSAD"	"-"	"CSAD"	"-"	45498	"RARG"	"-"	"*"	"CSAD"
"chr12"	53389115	53389115	1	"+"	"chr12+53389115"	1	1.12534041547568e-05	5098	"Polyclonal_50pct"	"sonic"	8472	"SP1*"	"+"	8472	"SP1"	"+"	"SP1"	"+"	-156859	"RARG"	"-"	"*"	"SP1"
"chr12"	53519569	53519569	1	"+"	"chr12+53519569"	1	1.12534041547568e-05	5098	"Polyclonal_50pct"	"sonic"	-7516	"ATF7*"	"-"	5586	"LOC100652999"	"+"	"ATF7-NPFF,ATF7"	"-"	-287313	"RARG"	"-"	"*"	"ATF7"
"chr12"	53617757	53617757	1	"+"	"chr12+53617757"	1	1.12534041547568e-05	5098	"Polyclonal_50pct"	"sonic"	8233	"ATF7*"	"-"	8233	"ATF7"	"-"	"ATF7-NPFF,ATF7"	"-"	-321073	"HOXC13"	"+"	"*"	"ATF7"
"chr12"	53848147	53848147	1	"+"	"chr12+53848147"	1	1.12534041547568e-05	5098	"Polyclonal_50pct"	"sonic"	87180	"HOXC13-AS"	"-"	-90683	"HOXC13"	"+"	"FALSE"	""	-90683	"HOXC13"	"+"	""	"HOXC13-AS"
"chr12"	54503433	54503433	1	"+"	"chr12+54503433"	1	1.12534041547568e-05	5098	"Polyclonal_50pct"	"sonic"	4656	"NCKAP1L*"	"+"	4656	"NCKAP1L"	"+"	"NCKAP1L"	"+"	85226	"PPP1R1A"	"-"	"*"	"NCKAP1L"
"chr12"	54989539	54989539	1	"+"	"chr12+54989539"	1	1.12534041547568e-05	5098	"Polyclonal_50pct"	"sonic"	-4777	"TESPA1"	"-"	-4777	"TESPA1"	"-"	"FALSE"	""	-400880	"PPP1R1A"	"-"	""	"TESPA1"
"chr12"	56278223	56278223	1	"+"	"chr12+56278223"	1	1.12534041547568e-05	5098	"Polyclonal_50pct"	"sonic"	-6525	"CS*"	"-"	10898	"COQ10A"	"+"	"CS"	"-"	-60660	"IL23A"	"+"	"*"	"CS"
"chr12"	56385303	56385303	1	"+"	"chr12+56385303"	1	1.12534041547568e-05	5098	"Polyclonal_50pct"	"sonic"	-22446	"APOF"	"-"	-22446	"APOF"	"-"	"FALSE"	""	46420	"IL23A"	"+"	""	"APOF"
"chr12"	56569598	56569598	1	"+"	"chr12+56569598"	1	1.12534041547568e-05	5098	"Polyclonal_50pct"	"sonic"	-26594	"RBMS2*"	"+"	47779	"RBMS2"	"+"	"RBMS2"	"+"	155701	"NACA"	"-"	"*"	"RBMS2"
"chr12"	56570692	56570692	1	"+"	"chr12+56570692"	1	1.12534041547568e-05	5098	"Polyclonal_50pct"	"sonic"	-25500	"RBMS2*"	"+"	48873	"RBMS2"	"+"	"RBMS2"	"+"	154607	"NACA"	"-"	"*"	"RBMS2"
"chr12"	56612075	56612075	1	"+"	"chr12+56612075"	1	1.12534041547568e-05	5098	"Polyclonal_50pct"	"sonic"	-16480	"BAZ2A*"	"-"	18251	"BAZ2A"	"-"	"BAZ2A"	"-"	113224	"NACA"	"-"	"*"	"BAZ2A"
"chr12"	56734385	56734385	1	"+"	"chr12+56734385"	1	1.12534041547568e-05	5098	"Polyclonal_50pct"	"sonic"	-2806	"PRIM1*"	"-"	-9086	"NACA"	"-"	"PRIM1"	"-"	-9086	"NACA"	"-"	"*"	"PRIM1"
"chr12"	57646802	57646802	1	"+"	"chr12+57646802"	1	1.12534041547568e-05	5098	"Polyclonal_50pct"	"sonic"	-13563	"B4GALNT1"	"-"	-13563	"B4GALNT1"	"-"	"FALSE"	""	41979	"DTX3"	"+"	""	"B4GALNT1"
"chr12"	60277370	60277370	1	"+"	"chr12+60277370"	1	1.12534041547568e-05	5098	"Polyclonal_50pct"	"sonic"	487530	"SLC16A7"	"+"	588001	"SLC16A7"	"+"	"FALSE"	""	-1982969	"USP15"	"+"	""	"SLC16A7"
"chr12"	60304653	60304653	1	"+"	"chr12+60304653"	1	1.12534041547568e-05	5098	"Polyclonal_50pct"	"sonic"	514813	"SLC16A7"	"+"	615284	"SLC16A7"	"+"	"FALSE"	""	-1955686	"USP15"	"+"	""	"SLC16A7"
"chr12"	60612237	60612237	1	"+"	"chr12+60612237"	1	1.12534041547568e-05	5098	"Polyclonal_50pct"	"sonic"	822397	"SLC16A7"	"+"	922868	"SLC16A7"	"+"	"FALSE"	""	-1648102	"USP15"	"+"	""	"SLC16A7"
"chr12"	62131448	62131448	1	"+"	"chr12+62131448"	1	1.12534041547568e-05	5098	"Polyclonal_50pct"	"sonic"	61391	"TAFA2*"	"-"	61391	"TAFA2"	"-"	"TAFA2"	"-"	-128891	"USP15"	"+"	"*"	"TAFA2"
"chr12"	62263973	62263973	1	"+"	"chr12+62263973"	1	1.12534041547568e-05	5098	"Polyclonal_50pct"	"sonic"	3570	"USP15~*"	"+"	3570	"USP15"	"+"	"USP15"	"+"	3570	"USP15"	"+"	"~*"	"USP15"
"chr12"	62402358	62402358	1	"+"	"chr12+62402358"	1	1.12534041547568e-05	5098	"Polyclonal_50pct"	"sonic"	-14030	"USP15~*"	"+"	-64467	"MON2"	"+"	"USP15"	"+"	141955	"USP15"	"+"	"~*"	"USP15"
"chr12"	63289650	63289650	1	"+"	"chr12+63289650"	1	1.12534041547568e-05	5098	"Polyclonal_50pct"	"sonic"	-138449	"AVPR1A"	"-"	-138449	"AVPR1A"	"-"	"FALSE"	""	1029247	"USP15"	"+"	""	"AVPR1A"
"chr12"	63327890	63327890	1	"+"	"chr12+63327890"	1	1.12534041547568e-05	5098	"Polyclonal_50pct"	"sonic"	-176689	"AVPR1A"	"-"	-176689	"AVPR1A"	"-"	"FALSE"	""	1067487	"USP15"	"+"	""	"AVPR1A"
"chr12"	63626701	63626701	1	"+"	"chr12+63626701"	1	1.12534041547568e-05	5098	"Polyclonal_50pct"	"sonic"	41792	"DPY19L2*"	"-"	41792	"DPY19L2"	"-"	"DPY19L2"	"-"	1366298	"USP15"	"+"	"*"	"DPY19L2"
"chr12"	6497897	6497897	1	"+"	"chr12+6497897"	1	1.12534041547568e-05	5098	"Polyclonal_50pct"	"sonic"	3796	"NCAPD2~*"	"+"	3796	"NCAPD2"	"+"	"NCAPD2"	"+"	3796	"NCAPD2"	"+"	"~*"	"NCAPD2"
"chr12"	65081693	65081693	1	"+"	"chr12+65081693"	1	1.12534041547568e-05	5098	"Polyclonal_50pct"	"sonic"	-31068	"WIF1~*"	"-"	39612	"WIF1"	"-"	"WIF1"	"-"	39612	"WIF1"	"-"	"~*"	"WIF1"
"chr12"	6575083	6575083	1	"+"	"chr12+6575083"	1	1.12534041547568e-05	5098	"Polyclonal_50pct"	"sonic"	-5002	"CHD4*"	"-"	6526	"SCARNA11"	"-"	"CHD4"	"-"	80982	"NCAPD2"	"+"	"*"	"CHD4"
"chr12"	66751087	66751087	1	"+"	"chr12+66751087"	1	1.12534041547568e-05	5098	"Polyclonal_50pct"	"sonic"	53182	"GRIP1*"	"-"	53182	"GRIP1"	"-"	"GRIP1"	"-"	926605	"HMGA2"	"+"	"*"	"GRIP1"
"chr12"	66798106	66798106	1	"+"	"chr12+66798106"	1	1.12534041547568e-05	5098	"Polyclonal_50pct"	"sonic"	6163	"GRIP1*"	"-"	6163	"GRIP1"	"-"	"GRIP1"	"-"	973624	"HMGA2"	"+"	"*"	"GRIP1"
"chr12"	6863949	6863949	1	"+"	"chr12+6863949"	1	1.12534041547568e-05	5098	"Polyclonal_50pct"	"sonic"	-2682	"USP5*"	"+"	-3470	"TPI1"	"+"	"USP5"	"+"	-82627	"PTPN6"	"+"	"*"	"USP5"
"chr12"	7004803	7004803	1	"+"	"chr12+7004803"	1	1.12534041547568e-05	5098	"Polyclonal_50pct"	"sonic"	13673	"LPCAT3*"	"-"	13673	"LPCAT3"	"-"	"LPCAT3"	"-"	53448	"PTPN6"	"+"	"*"	"LPCAT3"
"chr12"	70174178	70174178	1	"+"	"chr12+70174178"	1	1.12534041547568e-05	5098	"Polyclonal_50pct"	"sonic"	48012	"PRANCR"	"-"	-68851	"CNOT2"	"+"	"FALSE"	""	983631	"TSPAN8"	"-"	""	"PRANCR"
"chr12"	71352377	71352377	1	"+"	"chr12+71352377"	1	1.12534041547568e-05	5098	"Polyclonal_50pct"	"sonic"	-87420	"LGR5"	"+"	-87420	"LGR5"	"+"	"FALSE"	""	-194378	"TSPAN8"	"-"	""	"LGR5"
"chr12"	71655361	71655361	1	"+"	"chr12+71655361"	1	1.12534041547568e-05	5098	"Polyclonal_50pct"	"sonic"	8487	"ZFC3H1*"	"-"	8487	"ZFC3H1"	"-"	"ZFC3H1"	"-"	-497362	"TSPAN8"	"-"	"*"	"ZFC3H1"
"chr12"	72217968	72217968	1	"+"	"chr12+72217968"	1	1.12534041547568e-05	5098	"Polyclonal_50pct"	"sonic"	35538	"TRHDE-AS1"	"-"	-54401	"TRHDE"	"+"	"FALSE"	""	-1059969	"TSPAN8"	"-"	""	"TRHDE-AS1"
"chr12"	74168793	74168793	1	"+"	"chr12+74168793"	1	1.12534041547568e-05	5098	"Polyclonal_50pct"	"sonic"	-35618	"LINC02882*"	"-"	123838	"LINC02882"	"-"	"LINC02882"	"-"	-3010794	"TSPAN8"	"-"	"*"	"LINC02882"
"chr12"	75951022	75951022	1	"+"	"chr12+75951022"	1	1.12534041547568e-05	5098	"Polyclonal_50pct"	"sonic"	74424	"PHLDA1"	"-"	80754	"PHLDA1"	"-"	"FALSE"	""	3739558	"PAWR"	"-"	""	"PHLDA1"
"chr12"	80314001	80314001	1	"+"	"chr12+80314001"	1	1.12534041547568e-05	5098	"Polyclonal_50pct"	"sonic"	-66879	"OTOGL*"	"+"	104788	"OTOGL"	"+"	"OTOGL"	"+"	-622904	"PAWR"	"-"	"*"	"OTOGL"
"chr12"	8341199	8341199	1	"+"	"chr12+8341199"	1	1.12534041547568e-05	5098	"Polyclonal_50pct"	"sonic"	15764	"LINC00937"	"-"	49553	"LINC00937"	"-"	"FALSE"	""	-274840	"C3AR1"	"-"	""	"LINC00937"
"chr12"	84131711	84131711	1	"+"	"chr12+84131711"	1	1.12534041547568e-05	5098	"Polyclonal_50pct"	"sonic"	727779	"SLC6A15"	"-"	781088	"SLC6A15"	"-"	"FALSE"	""	-4440614	"PAWR"	"-"	""	"SLC6A15"
"chr12"	84625766	84625766	1	"+"	"chr12+84625766"	1	1.12534041547568e-05	5098	"Polyclonal_50pct"	"sonic"	233724	"SLC6A15"	"-"	287033	"SLC6A15"	"-"	"FALSE"	""	3954705	"KITLG"	"-"	""	"SLC6A15"
"chr12"	84677047	84677047	1	"+"	"chr12+84677047"	1	1.12534041547568e-05	5098	"Polyclonal_50pct"	"sonic"	182443	"SLC6A15"	"-"	235752	"SLC6A15"	"-"	"FALSE"	""	3903424	"KITLG"	"-"	""	"SLC6A15"
"chr12"	87725070	87725070	1	"+"	"chr12+87725070"	1	1.12534041547568e-05	5098	"Polyclonal_50pct"	"sonic"	-43741	"LINC02258"	"+"	-43741	"LINC02258"	"+"	"FALSE"	""	855401	"KITLG"	"-"	""	"LINC02258"
"chr12"	90514562	90514562	1	"+"	"chr12+90514562"	1	1.12534041547568e-05	5098	"Polyclonal_50pct"	"sonic"	213864	"LINC02392"	"+"	221245	"LINC02392"	"+"	"FALSE"	""	1631284	"BTG1"	"-"	""	"LINC02392"
"chr12"	90889772	90889772	1	"+"	"chr12+90889772"	1	1.12534041547568e-05	5098	"Polyclonal_50pct"	"sonic"	-28250	"LINC00615"	"+"	-28250	"LINC00615"	"+"	"FALSE"	""	1256074	"BTG1"	"-"	""	"LINC00615"
"chr12"	91741389	91741389	1	"+"	"chr12+91741389"	1	1.12534041547568e-05	5098	"Polyclonal_50pct"	"sonic"	243586	"LINC01619"	"-"	400324	"LINC01619"	"-"	"FALSE"	""	404457	"BTG1"	"-"	""	"LINC01619"
"chr12"	100218805	100218805	1	"-"	"chr12-100218805"	1	1.12534041547568e-05	5098	"Polyclonal_50pct"	"sonic"	-5619	"ACTR6*"	"+"	17991	"ACTR6"	"+"	"ACTR6,DEPDC4"	"+,-"	991433	"SLC5A8"	"-"	"*"	"ACTR6"
"chr12"	10550915	10550915	1	"-"	"chr12-10550915"	1	1.12534041547568e-05	5098	"Polyclonal_50pct"	"sonic"	-2463	"LINC02446"	"+"	-2463	"LINC02446"	"+"	"FALSE"	""	-160874	"KLRK1"	"-"	""	"LINC02446"
"chr12"	112367201	112367201	1	"-"	"chr12-112367201"	1	1.12534041547568e-05	5098	"Polyclonal_50pct"	"sonic"	15230	"HECTD4*"	"-"	15230	"HECTD4"	"-"	"HECTD4"	"-"	-51745	"PTPN11"	"+"	"*"	"HECTD4"
"chr12"	112430535	112430535	1	"-"	"chr12-112430535"	1	1.12534041547568e-05	5098	"Polyclonal_50pct"	"sonic"	11589	"PTPN11~*"	"+"	11589	"PTPN11"	"+"	"PTPN11"	"+"	11589	"PTPN11"	"+"	"~*"	"PTPN11"
"chr12"	112455176	112455176	1	"-"	"chr12-112455176"	1	1.12534041547568e-05	5098	"Polyclonal_50pct"	"sonic"	-31747	"PTPN11~*"	"+"	36230	"PTPN11"	"+"	"PTPN11"	"+"	36230	"PTPN11"	"+"	"~*"	"PTPN11"
"chr12"	11746447	11746447	1	"-"	"chr12-11746447"	1	1.12534041547568e-05	5098	"Polyclonal_50pct"	"sonic"	96774	"ETV6!~*"	"+"	96774	"ETV6"	"+"	"ETV6"	"+"	96774	"ETV6"	"+"	"!~*"	"ETV6"
"chr12"	120037151	120037151	1	"-"	"chr12-120037151"	1	1.12534041547568e-05	5098	"Polyclonal_50pct"	"sonic"	47308	"BICDL1*"	"+"	47308	"BICDL1"	"+"	"BICDL1"	"+"	213012	"PXN"	"-"	"*"	"BICDL1"
"chr12"	120832985	120832985	1	"-"	"chr12-120832985"	1	1.12534041547568e-05	5098	"Polyclonal_50pct"	"sonic"	-70476	"SPPL3~*"	"-"	71373	"SPPL3"	"-"	"SPPL3"	"-"	71373	"SPPL3"	"-"	"~*"	"SPPL3"
"chr12"	121173989	121173989	1	"-"	"chr12-121173989"	1	1.12534041547568e-05	5098	"Polyclonal_50pct"	"sonic"	-14043	"P2RX7~*"	"+"	-36139	"P2RX4"	"+"	"P2RX7"	"+"	41114	"P2RX7"	"+"	"~*"	"P2RX7"
"chr12"	132646772	132646772	1	"-"	"chr12-132646772"	1	1.12534041547568e-05	5098	"Polyclonal_50pct"	"sonic"	-23011	"POLE*"	"-"	27997	"P2RX2"	"+"	"POLE"	"-"	240833	"CHFR"	"-"	"*"	"POLE"
"chr12"	132740133	132740133	1	"-"	"chr12-132740133"	1	1.12534041547568e-05	5098	"Polyclonal_50pct"	"sonic"	-14629	"ANKLE2*"	"-"	21699	"ANKLE2"	"-"	"ANKLE2"	"-"	147472	"CHFR"	"-"	"*"	"ANKLE2"
"chr12"	15118500	15118500	1	"-"	"chr12-15118500"	1	1.12534041547568e-05	5098	"Polyclonal_50pct"	"sonic"	-10718	"RERG*"	"-"	-33422	"RERG-AS1"	"+"	"RERG"	"-"	670888	"EPS8"	"-"	"*"	"RERG"
"chr12"	15146037	15146037	1	"-"	"chr12-15146037"	1	1.12534041547568e-05	5098	"Polyclonal_50pct"	"sonic"	-38255	"RERG*"	"-"	-5885	"RERG-AS1"	"+"	"RERG"	"-"	643351	"EPS8"	"-"	"*"	"RERG"
"chr12"	1772554	1772554	1	"-"	"chr12-1772554"	1	1.12534041547568e-05	5098	"Polyclonal_50pct"	"sonic"	-16119	"ADIPOR2*"	"+"	-47712	"LRTM2"	"+"	"ADIPOR2"	"+"	744807	"ERC1"	"+"	"*"	"ADIPOR2"
"chr12"	18472269	18472269	1	"-"	"chr12-18472269"	1	1.12534041547568e-05	5098	"Polyclonal_50pct"	"sonic"	-176147	"PIK3C2G*"	"+"	210730	"PIK3C2G"	"+"	"PIK3C2G"	"+"	1483523	"SKP1P2"	"+"	"*"	"PIK3C2G"
"chr12"	18610279	18610279	1	"-"	"chr12-18610279"	1	1.12534041547568e-05	5098	"Polyclonal_50pct"	"sonic"	-38137	"PIK3C2G*"	"+"	127230	"PLCZ1"	"-"	"PIK3C2G"	"+"	1621533	"SKP1P2"	"+"	"*"	"PIK3C2G"
"chr12"	18708607	18708607	1	"-"	"chr12-18708607"	1	1.12534041547568e-05	5098	"Polyclonal_50pct"	"sonic"	-25428	"PLCZ1*"	"-"	28902	"PLCZ1"	"-"	"PLCZ1"	"-"	1719861	"SKP1P2"	"+"	"*"	"PLCZ1"
"chr12"	21452141	21452141	1	"-"	"chr12-21452141"	1	1.12534041547568e-05	5098	"Polyclonal_50pct"	"sonic"	14227	"PYROXD1*"	"+"	14227	"PYROXD1"	"+"	"PYROXD1"	"+"	49494	"RECQL"	"-"	"*"	"PYROXD1"
"chr12"	23107469	23107469	1	"-"	"chr12-23107469"	1	1.12534041547568e-05	5098	"Polyclonal_50pct"	"sonic"	-68166	"LOC101928441"	"+"	-68166	"LOC101928441"	"+"	"FALSE"	""	477117	"SOX5"	"-"	""	"LOC101928441"
"chr12"	24798957	24798957	1	"-"	"chr12-24798957"	1	1.12534041547568e-05	5098	"Polyclonal_50pct"	"sonic"	11066	"BCAT1"	"-"	103265	"BCAT1"	"-"	"FALSE"	""	-236466	"SOX5"	"-"	""	"BCAT1"
"chr12"	25725675	25725675	1	"-"	"chr12-25725675"	1	1.12534041547568e-05	5098	"Polyclonal_50pct"	"sonic"	-77097	"LMNTD1"	"-"	-77097	"LMNTD1"	"-"	"FALSE"	""	399362	"BHLHE41"	"-"	""	"LMNTD1"
"chr12"	26000531	26000531	1	"-"	"chr12-26000531"	1	1.12534041547568e-05	5098	"Polyclonal_50pct"	"sonic"	26777	"RASSF8*"	"+"	26777	"RASSF8"	"+"	"RASSF8"	"+"	124506	"BHLHE41"	"-"	"*"	"RASSF8"
"chr12"	26433692	26433692	1	"-"	"chr12-26433692"	1	1.12534041547568e-05	5098	"Polyclonal_50pct"	"sonic"	-98341	"ITPR2*"	"-"	238120	"SSPN"	"+"	"ITPR2"	"-"	238120	"SSPN"	"+"	"*"	"ITPR2"
"chr12"	28261954	28261954	1	"-"	"chr12-28261954"	1	1.12534041547568e-05	5098	"Polyclonal_50pct"	"sonic"	71499	"CCDC91*"	"+"	-71216	"LOC729291"	"-"	"CCDC91"	"+"	-289221	"PTHLH"	"-"	"*"	"CCDC91"
"chr12"	31043895	31043895	1	"-"	"chr12-31043895"	1	1.12534041547568e-05	5098	"Polyclonal_50pct"	"sonic"	-23133	"DDX11-AS1*"	"-"	29952	"DDX11-AS1"	"-"	"DDX11-AS1"	"-"	-3071162	"PTHLH"	"-"	"*"	"DDX11-AS1"
"chr12"	33678434	33678434	1	"-"	"chr12-33678434"	1	1.12534041547568e-05	5098	"Polyclonal_50pct"	"sonic"	-238615	"SYT10"	"-"	-238615	"SYT10"	"-"	"FALSE"	""	-5705701	"PTHLH"	"-"	""	"SYT10"
"chr12"	3680679	3680679	1	"-"	"chr12-3680679"	1	1.12534041547568e-05	5098	"Polyclonal_50pct"	"sonic"	-32737	"CRACR2A*"	"-"	72430	"CRACR2A"	"-"	"CRACR2A"	"-"	-593082	"CCND2"	"+"	"*"	"CRACR2A"
"chr12"	39553235	39553235	1	"-"	"chr12-39553235"	1	1.12534041547568e-05	5098	"Polyclonal_50pct"	"sonic"	-3203	"ABCD2*"	"-"	66568	"ABCD2"	"-"	"ABCD2"	"-"	-6176470	"ARID2"	"+"	"*"	"ABCD2"
"chr12"	40683336	40683336	1	"-"	"chr12-40683336"	1	1.12534041547568e-05	5098	"Polyclonal_50pct"	"sonic"	-9102	"CNTN1"	"+"	-9102	"CNTN1"	"+"	"FALSE"	""	-5046369	"ARID2"	"+"	""	"CNTN1"
"chr12"	42102980	42102980	1	"-"	"chr12-42102980"	1	1.12534041547568e-05	5098	"Polyclonal_50pct"	"sonic"	-21135	"GXYLT1*"	"-"	41894	"GXYLT1"	"-"	"GXYLT1"	"-"	-3626725	"ARID2"	"+"	"*"	"GXYLT1"
"chr12"	42123651	42123651	1	"-"	"chr12-42123651"	1	1.12534041547568e-05	5098	"Polyclonal_50pct"	"sonic"	21223	"GXYLT1*"	"-"	21223	"GXYLT1"	"-"	"GXYLT1"	"-"	-3606054	"ARID2"	"+"	"*"	"GXYLT1"
"chr12"	47063802	47063802	1	"-"	"chr12-47063802"	1	1.12534041547568e-05	5098	"Polyclonal_50pct"	"sonic"	11904	"AMIGO2"	"-"	-15800	"PCED1B"	"+"	"FALSE"	""	-691029	"SLC38A2"	"-"	""	"AMIGO2"
"chr12"	48440555	48440555	1	"-"	"chr12-48440555"	1	1.12534041547568e-05	5098	"Polyclonal_50pct"	"sonic"	-32003	"ANP32D"	"+"	-32003	"ANP32D"	"+"	"FALSE"	""	276152	"CCNT1"	"-"	""	"ANP32D"
"chr12"	48511626	48511626	1	"-"	"chr12-48511626"	1	1.12534041547568e-05	5098	"Polyclonal_50pct"	"sonic"	-14005	"OR8S1"	"+"	-14005	"OR8S1"	"+"	"FALSE"	""	205081	"CCNT1"	"-"	""	"OR8S1"
"chr12"	48835364	48835364	1	"-"	"chr12-48835364"	1	1.12534041547568e-05	5098	"Polyclonal_50pct"	"sonic"	-5609	"DDX23*"	"-"	16799	"DDX23"	"-"	"DDX23"	"-"	-118657	"CCNT1"	"-"	"*"	"DDX23"
"chr12"	49495947	49495947	1	"-"	"chr12-49495947"	1	1.12534041547568e-05	5098	"Polyclonal_50pct"	"sonic"	-31478	"SPATS2*"	"+"	-43082	"KCNH3"	"+"	"SPATS2"	"+"	211458	"FMNL3"	"-"	"*"	"SPATS2"
"chr12"	49562383	49562383	1	"-"	"chr12-49562383"	1	1.12534041547568e-05	5098	"Polyclonal_50pct"	"sonic"	4056	"MCRS1*"	"-"	4056	"MCRS1"	"-"	"MCRS1"	"-"	145022	"FMNL3"	"-"	"*"	"MCRS1"
"chr12"	49704356	49704356	1	"-"	"chr12-49704356"	1	1.12534041547568e-05	5098	"Polyclonal_50pct"	"sonic"	3049	"FMNL3*"	"-"	3049	"FMNL3"	"-"	"FMNL3"	"-"	3049	"FMNL3"	"-"	"*"	"FMNL3"
"chr12"	50002950	50002950	1	"-"	"chr12-50002950"	1	1.12534041547568e-05	5098	"Polyclonal_50pct"	"sonic"	-13789	"RACGAP1*"	"-"	22544	"RACGAP1"	"-"	"RACGAP1"	"-"	-295545	"FMNL3"	"-"	"*"	"RACGAP1"
"chr12"	50003018	50003018	1	"-"	"chr12-50003018"	1	1.12534041547568e-05	5098	"Polyclonal_50pct"	"sonic"	-13857	"RACGAP1*"	"-"	22476	"RACGAP1"	"-"	"RACGAP1"	"-"	-295613	"FMNL3"	"-"	"*"	"RACGAP1"
"chr12"	50016308	50016308	1	"-"	"chr12-50016308"	1	1.12534041547568e-05	5098	"Polyclonal_50pct"	"sonic"	9186	"RACGAP1*"	"-"	9186	"RACGAP1"	"-"	"RACGAP1"	"-"	-308903	"FMNL3"	"-"	"*"	"RACGAP1"
"chr12"	50455182	50455182	1	"-"	"chr12-50455182"	1	1.12534041547568e-05	5098	"Polyclonal_50pct"	"sonic"	-1245	"LARP4*"	"+"	-1388	"SNORD133"	"+"	"LARP4"	"+"	-308918	"ATF1"	"+"	"*"	"LARP4"
"chr12"	52918562	52918562	1	"-"	"chr12-52918562"	1	1.12534041547568e-05	5098	"Polyclonal_50pct"	"sonic"	7907	"KRT8*"	"-"	7907	"KRT8"	"-"	"KRT8"	"-"	-179104	"IGFBP6"	"+"	"*"	"KRT8"
"chr12"	53573004	53573004	1	"-"	"chr12-53573004"	1	1.12534041547568e-05	5098	"Polyclonal_50pct"	"sonic"	-30097	"ATF7*"	"-"	52986	"ATF7"	"-"	"ATF7-NPFF,ATF7"	"-"	-340748	"RARG"	"-"	"*"	"ATF7"
"chr12"	54139349	54139349	1	"-"	"chr12-54139349"	1	1.12534041547568e-05	5098	"Polyclonal_50pct"	"sonic"	6507	"LINC02381"	"+"	13279	"LINC02381"	"+"	"FALSE"	""	166224	"HOXC11"	"+"	""	"LINC02381"
"chr12"	55218870	55218870	1	"-"	"chr12-55218870"	1	1.12534041547568e-05	5098	"Polyclonal_50pct"	"sonic"	-2154	"OR10A7"	"+"	-2154	"OR10A7"	"+"	"FALSE"	""	598854	"SARNP"	"-"	""	"OR10A7"
"chr12"	55794177	55794177	1	"-"	"chr12-55794177"	1	1.12534041547568e-05	5098	"Polyclonal_50pct"	"sonic"	23547	"SARNP~*"	"-"	23547	"SARNP"	"-"	"SARNP"	"-"	23547	"SARNP"	"-"	"~*"	"SARNP"
"chr12"	55823107	55823107	1	"-"	"chr12-55823107"	1	1.12534041547568e-05	5098	"Polyclonal_50pct"	"sonic"	-2148	"DNAJC14*"	"-"	5067	"ORMDL2"	"+"	"DNAJC14"	"-"	-5351	"SARNP"	"-"	"*"	"DNAJC14"
"chr12"	56386557	56386557	1	"-"	"chr12-56386557"	1	1.12534041547568e-05	5098	"Polyclonal_50pct"	"sonic"	-23700	"APOF"	"-"	-23700	"APOF"	"-"	"FALSE"	""	47674	"IL23A"	"+"	""	"APOF"
"chr12"	57368506	57368506	1	"-"	"chr12-57368506"	1	1.12534041547568e-05	5098	"Polyclonal_50pct"	"sonic"	62537	"R3HDM2*"	"-"	-26050	"R3HDM2"	"-"	"R3HDM2"	"-"	-86800	"INHBE"	"+"	"*"	"R3HDM2"
"chr12"	57377073	57377073	1	"-"	"chr12-57377073"	1	1.12534041547568e-05	5098	"Polyclonal_50pct"	"sonic"	53970	"R3HDM2*"	"-"	-34617	"R3HDM2"	"-"	"R3HDM2"	"-"	-78233	"INHBE"	"+"	"*"	"R3HDM2"
"chr12"	57645681	57645681	1	"-"	"chr12-57645681"	1	1.12534041547568e-05	5098	"Polyclonal_50pct"	"sonic"	-12442	"B4GALNT1"	"-"	-12442	"B4GALNT1"	"-"	"FALSE"	""	40858	"DTX3"	"+"	""	"B4GALNT1"
"chr12"	58629151	58629151	1	"-"	"chr12-58629151"	1	1.12534041547568e-05	5098	"Polyclonal_50pct"	"sonic"	37450	"LOC100506869*"	"+"	37450	"LOC100506869"	"+"	"LINC02388,LOC100506869"	"-,+"	-876841	"CDK4"	"-"	"*"	"LOC100506869"
"chr12"	60218390	60218390	1	"-"	"chr12-60218390"	1	1.12534041547568e-05	5098	"Polyclonal_50pct"	"sonic"	428550	"SLC16A7"	"+"	529021	"SLC16A7"	"+"	"FALSE"	""	-2041949	"USP15"	"+"	""	"SLC16A7"
"chr12"	60557153	60557153	1	"-"	"chr12-60557153"	1	1.12534041547568e-05	5098	"Polyclonal_50pct"	"sonic"	767313	"SLC16A7"	"+"	867784	"SLC16A7"	"+"	"FALSE"	""	-1703186	"USP15"	"+"	""	"SLC16A7"
"chr12"	62375486	62375486	1	"-"	"chr12-62375486"	1	1.12534041547568e-05	5098	"Polyclonal_50pct"	"sonic"	-40902	"USP15~*"	"+"	-91339	"MON2"	"+"	"USP15"	"+"	115083	"USP15"	"+"	"~*"	"USP15"
"chr12"	66375506	66375506	1	"-"	"chr12-66375506"	1	1.12534041547568e-05	5098	"Polyclonal_50pct"	"sonic"	-28076	"GRIP1*"	"-"	72962	"HELB"	"+"	"GRIP1"	"-"	551024	"HMGA2"	"+"	"*"	"GRIP1"
"chr12"	6737673	6737673	1	"-"	"chr12-6737673"	1	1.12534041547568e-05	5098	"Polyclonal_50pct"	"sonic"	5809	"COPS7A"	"+"	13387	"COPS7A"	"+"	"FALSE"	""	-48101	"ZNF384"	"-"	""	"COPS7A"
"chr12"	67999234	67999234	1	"-"	"chr12-67999234"	1	1.12534041547568e-05	5098	"Polyclonal_50pct"	"sonic"	9790	"IFNG-AS1*"	"+"	9790	"IFNG-AS1"	"+"	"IFNG-AS1"	"+"	254370	"IL22"	"-"	"*"	"IFNG-AS1"
"chr12"	6800722	6800722	1	"-"	"chr12-6800722"	1	1.12534041547568e-05	5098	"Polyclonal_50pct"	"sonic"	11195	"CD4*"	"+"	11195	"CD4"	"+"	"CD4"	"+"	-111150	"ZNF384"	"-"	"*"	"CD4"
"chr12"	68360990	68360990	1	"-"	"chr12-68360990"	1	1.12534041547568e-05	5098	"Polyclonal_50pct"	"sonic"	-28576	"MDM1"	"-"	-28576	"MDM1"	"-"	"FALSE"	""	-107386	"IL22"	"-"	""	"MDM1"
"chr12"	69269918	69269918	1	"-"	"chr12-69269918"	1	1.12534041547568e-05	5098	"Polyclonal_50pct"	"sonic"	-4440	"CPSF6*"	"+"	3300	"MIR1279"	"-"	"CPSF6"	"+"	460895	"MDM2"	"+"	"*"	"CPSF6"
"chr12"	70256652	70256652	1	"-"	"chr12-70256652"	1	1.12534041547568e-05	5098	"Polyclonal_50pct"	"sonic"	12939	"CNOT2*"	"+"	12939	"CNOT2"	"+"	"CNOT2"	"+"	901157	"TSPAN8"	"-"	"*"	"CNOT2"
"chr12"	70343352	70343352	1	"-"	"chr12-70343352"	1	1.12534041547568e-05	5098	"Polyclonal_50pct"	"sonic"	-11641	"CNOT2*"	"+"	-22937	"KCNMB4"	"+"	"CNOT2"	"+"	814457	"TSPAN8"	"-"	"*"	"CNOT2"
"chr12"	7052070	7052070	1	"-"	"chr12-7052070"	1	1.12534041547568e-05	5098	"Polyclonal_50pct"	"sonic"	-8647	"C1S"	"+"	-8647	"C1S"	"+"	"FALSE"	""	100715	"PTPN6"	"+"	""	"C1S"
"chr12"	70931503	70931503	1	"-"	"chr12-70931503"	1	1.12534041547568e-05	5098	"Polyclonal_50pct"	"sonic"	-10765	"PTPRR"	"-"	-10765	"PTPRR"	"-"	"FALSE"	""	226306	"TSPAN8"	"-"	""	"PTPRR"
"chr12"	71471772	71471772	1	"-"	"chr12-71471772"	1	1.12534041547568e-05	5098	"Polyclonal_50pct"	"sonic"	31975	"LGR5*"	"+"	31975	"LGR5"	"+"	"LGR5"	"+"	-313773	"TSPAN8"	"-"	"*"	"LGR5"
"chr12"	72662441	72662441	1	"-"	"chr12-72662441"	1	1.12534041547568e-05	5098	"Polyclonal_50pct"	"sonic"	-8317	"TRHDE*"	"+"	-388932	"TRHDE-AS1"	"-"	"TRHDE"	"+"	-1504442	"TSPAN8"	"-"	"*"	"TRHDE"
"chr12"	73875607	73875607	1	"-"	"chr12-73875607"	1	1.12534041547568e-05	5098	"Polyclonal_50pct"	"sonic"	257568	"LINC02882"	"-"	417024	"LINC02882"	"-"	"FALSE"	""	-2717608	"TSPAN8"	"-"	""	"LINC02882"
"chr12"	7578592	7578592	1	"-"	"chr12-7578592"	1	1.12534041547568e-05	5098	"Polyclonal_50pct"	"sonic"	70807	"APOBEC1"	"-"	-74774	"CD163"	"-"	"FALSE"	""	487767	"C3AR1"	"-"	""	"APOBEC1"
"chr12"	77650301	77650301	1	"-"	"chr12-77650301"	1	1.12534041547568e-05	5098	"Polyclonal_50pct"	"sonic"	-180592	"NAV3"	"+"	-180592	"NAV3"	"+"	"FALSE"	""	2040279	"PAWR"	"-"	""	"NAV3"
"chr12"	79048865	79048865	1	"-"	"chr12-79048865"	1	1.12534041547568e-05	5098	"Polyclonal_50pct"	"sonic"	3174	"SYT1*"	"+"	3174	"SYT1"	"+"	"SYT1"	"+"	641715	"PAWR"	"-"	"*"	"SYT1"
"chr12"	79066978	79066978	1	"-"	"chr12-79066978"	1	1.12534041547568e-05	5098	"Polyclonal_50pct"	"sonic"	21287	"SYT1*"	"+"	21287	"SYT1"	"+"	"SYT1"	"+"	623602	"PAWR"	"-"	"*"	"SYT1"
"chr12"	80638517	80638517	1	"-"	"chr12-80638517"	1	1.12534041547568e-05	5098	"Polyclonal_50pct"	"sonic"	-41756	"PTPRQ*"	"+"	-69116	"MYF6"	"+"	"PTPRQ"	"+"	-947420	"PAWR"	"-"	"*"	"PTPRQ"
"chr12"	85724970	85724970	1	"-"	"chr12-85724970"	1	1.12534041547568e-05	5098	"Polyclonal_50pct"	"sonic"	75732	"RASSF9"	"-"	111439	"RASSF9"	"-"	"FALSE"	""	2855501	"KITLG"	"-"	""	"RASSF9"
"chr12"	85933566	85933566	1	"-"	"chr12-85933566"	1	1.12534041547568e-05	5098	"Polyclonal_50pct"	"sonic"	22101	"MGAT4C"	"-"	59272	"NTS"	"+"	"FALSE"	""	2646905	"KITLG"	"-"	""	"MGAT4C"
"chr12"	86251362	86251362	1	"-"	"chr12-86251362"	1	1.12534041547568e-05	5098	"Polyclonal_50pct"	"sonic"	5029	"MGAT4C*"	"-"	5029	"MGAT4C"	"-"	"MGAT4C"	"-"	2329109	"KITLG"	"-"	"*"	"MGAT4C"
"chr12"	86368417	86368417	1	"-"	"chr12-86368417"	1	1.12534041547568e-05	5098	"Polyclonal_50pct"	"sonic"	-412750	"MGAT4C*"	"-"	-111118	"MGAT4C"	"-"	"MGAT4C"	"-"	2212054	"KITLG"	"-"	"*"	"MGAT4C"
"chr12"	89720068	89720068	1	"-"	"chr12-89720068"	1	1.12534041547568e-05	5098	"Polyclonal_50pct"	"sonic"	8116	"ATP2B1-AS1"	"+"	-10702	"ATP2B1"	"-"	"FALSE"	""	-1139595	"KITLG"	"-"	""	"ATP2B1-AS1"
"chr12"	91401229	91401229	1	"-"	"chr12-91401229"	1	1.12534041547568e-05	5098	"Polyclonal_50pct"	"sonic"	-218412	"DCN"	"-"	-218412	"DCN"	"-"	"FALSE"	""	744617	"BTG1"	"-"	""	"DCN"
"chr12"	91981033	91981033	1	"-"	"chr12-91981033"	1	1.12534041547568e-05	5098	"Polyclonal_50pct"	"sonic"	3942	"LINC01619"	"-"	160680	"LINC01619"	"-"	"FALSE"	""	164813	"BTG1"	"-"	""	"LINC01619"
"chr12"	9687533	9687533	1	"-"	"chr12-9687533"	1	1.12534041547568e-05	5098	"Polyclonal_50pct"	"sonic"	-12019	"CLEC2D*"	"+"	17821	"CLEC2D"	"+"	"CLEC2D"	"+"	73368	"CD69"	"-"	"*"	"CLEC2D"
"chr12"	9697048	9697048	1	"-"	"chr12-9697048"	1	1.12534041547568e-05	5098	"Polyclonal_50pct"	"sonic"	-2504	"CLEC2D*"	"+"	27336	"CLEC2D"	"+"	"CLEC2D"	"+"	63853	"CD69"	"-"	"*"	"CLEC2D"
"chr12"	9886245	9886245	1	"-"	"chr12-9886245"	1	1.12534041547568e-05	5098	"Polyclonal_50pct"	"sonic"	4757	"KLRF2*"	"+"	4757	"KLRF2"	"+"	"KLRF2"	"+"	-125344	"CD69"	"-"	"*"	"KLRF2"
"chr12_KZ208918v1_alt"	157203	157203	1	"-"	"chr12_KZ208918v1_alt-157203"	1	1.12534041547568e-05	5098	"Polyclonal_50pct"	"sonic"	NA	NA	""	NA	""	""	"FALSE"	""	NA	""	""	""	""
"chr12_ML143361v1_fix"	14244	14244	1	"+"	"chr12_ML143361v1_fix+14244"	1	1.12534041547568e-05	5098	"Polyclonal_50pct"	"sonic"	NA	NA	""	NA	""	""	"FALSE"	""	NA	""	""	""	""
"chr12_ML143361v1_fix"	14248	14248	1	"-"	"chr12_ML143361v1_fix-14248"	1	1.12534041547568e-05	5098	"Polyclonal_50pct"	"sonic"	NA	NA	""	NA	""	""	"FALSE"	""	NA	""	""	""	""
"chr13"	101965275	101965275	1	"+"	"chr13+101965275"	1	1.12534041547568e-05	5098	"Polyclonal_50pct"	"sonic"	-137554	"FGF14~*"	"-"	2471	"MIR2681"	"-"	"FGF14"	"-"	-48330	"FGF14"	"-"	"~*"	"FGF14"
"chr13"	113128472	113128472	1	"+"	"chr13+113128472"	1	1.12534041547568e-05	5098	"Polyclonal_50pct"	"sonic"	-318	"F10-AS1*"	"-"	1574	"F10-AS1"	"-"	"F10,F10-AS1"	"+,-"	735604	"GAS6"	"-"	"*"	"F10-AS1"
"chr13"	113200496	113200496	1	"+"	"chr13+113200496"	1	1.12534041547568e-05	5098	"Polyclonal_50pct"	"sonic"	8173	"PCID2*"	"-"	-7696	"CUL4A"	"+"	"PCID2"	"-"	663580	"GAS6"	"-"	"*"	"PCID2"
"chr13"	30282024	30282024	1	"+"	"chr13+30282024"	1	1.12534041547568e-05	5098	"Polyclonal_50pct"	"sonic"	24987	"KATNAL1*"	"-"	24987	"KATNAL1"	"-"	"KATNAL1"	"-"	182303	"HMGB1"	"-"	"*"	"KATNAL1"
"chr13"	34293911	34293911	1	"+"	"chr13+34293911"	1	1.12534041547568e-05	5098	"Polyclonal_50pct"	"sonic"	-54131	"LINC02343"	"+"	-54131	"LINC02343"	"+"	"FALSE"	""	-617117	"STARD13"	"-"	""	"LINC02343"
"chr13"	36403232	36403232	1	"+"	"chr13+36403232"	1	1.12534041547568e-05	5098	"Polyclonal_50pct"	"sonic"	-28597	"CCNA1"	"+"	-28597	"CCNA1"	"+"	"FALSE"	""	-2726438	"STARD13"	"-"	""	"CCNA1"
"chr13"	39793289	39793289	1	"+"	"chr13+39793289"	1	1.12534041547568e-05	5098	"Polyclonal_50pct"	"sonic"	1623	"COG6"	"+"	-129154	"MIR4305"	"-"	"FALSE"	""	873352	"FOXO1"	"-"	""	"COG6"
"chr13"	44484340	44484340	1	"+"	"chr13+44484340"	1	1.12534041547568e-05	5098	"Polyclonal_50pct"	"sonic"	-52198	"TSC22D1*"	"-"	-10039	"TSC22D1"	"-"	"TSC22D1"	"-"	1697837	"LCP1"	"-"	"*"	"TSC22D1"
"chr13"	46019137	46019137	1	"+"	"chr13+46019137"	1	1.12534041547568e-05	5098	"Polyclonal_50pct"	"sonic"	33609	"ZC3H13*"	"-"	33609	"ZC3H13"	"-"	"ZC3H13"	"-"	163040	"LCP1"	"-"	"*"	"ZC3H13"
"chr13"	48034964	48034964	1	"+"	"chr13+48034964"	1	1.12534041547568e-05	5098	"Polyclonal_50pct"	"sonic"	-2602	"NUDT15"	"+"	-2602	"NUDT15"	"+"	"FALSE"	""	-268786	"RB1"	"+"	""	"NUDT15"
"chr13"	56615586	56615586	1	"+"	"chr13+56615586"	1	1.12534041547568e-05	5098	"Polyclonal_50pct"	"sonic"	-525331	"PRR20B,PRR20D,PRR20E,PRR20C,PRR20A"	"+"	-525331	"PRR20B,PRR20D,PRR20E,PRR20C,PRR20A"	"+"	"FALSE"	""	3586774	"OLFM4"	"+"	""	"PRR20B,PRR20D,PRR20E,PRR20C,PRR20A"
"chr13"	56952503	56952503	1	"+"	"chr13+56952503"	1	1.12534041547568e-05	5098	"Polyclonal_50pct"	"sonic"	-188414	"PRR20B,PRR20D,PRR20E,PRR20C,PRR20A"	"+"	-188414	"PRR20B,PRR20D,PRR20E,PRR20C,PRR20A"	"+"	"FALSE"	""	3923691	"OLFM4"	"+"	""	"PRR20B,PRR20D,PRR20E,PRR20C,PRR20A"
"chr13"	58961866	58961866	1	"+"	"chr13+58961866"	1	1.12534041547568e-05	5098	"Polyclonal_50pct"	"sonic"	703722	"DIAPH3"	"-"	-728749	"LINC00374"	"-"	"FALSE"	""	5933054	"OLFM4"	"+"	""	"DIAPH3"
"chr13"	59218654	59218654	1	"+"	"chr13+59218654"	1	1.12534041547568e-05	5098	"Polyclonal_50pct"	"sonic"	446934	"DIAPH3"	"-"	-794063	"DIAPH3-AS1"	"+"	"FALSE"	""	6189842	"OLFM4"	"+"	""	"DIAPH3"
"chr13"	60549296	60549296	1	"+"	"chr13+60549296"	1	1.12534041547568e-05	5098	"Polyclonal_50pct"	"sonic"	-24575	"TDRD3*"	"+"	-123658	"LINC00378"	"+"	"TDRD3"	"+"	7520484	"OLFM4"	"+"	"*"	"TDRD3"
"chr13"	60572148	60572148	1	"+"	"chr13+60572148"	1	1.12534041547568e-05	5098	"Polyclonal_50pct"	"sonic"	-1723	"TDRD3*"	"+"	-100806	"LINC00378"	"+"	"TDRD3"	"+"	7543336	"OLFM4"	"+"	"*"	"TDRD3"
"chr13"	60731211	60731211	1	"+"	"chr13+60731211"	1	1.12534041547568e-05	5098	"Polyclonal_50pct"	"sonic"	35411	"LINC00378"	"+"	58257	"LINC00378"	"+"	"FALSE"	""	7702399	"OLFM4"	"+"	""	"LINC00378"
"chr13"	60880694	60880694	1	"+"	"chr13+60880694"	1	1.12534041547568e-05	5098	"Polyclonal_50pct"	"sonic"	184894	"LINC00378"	"+"	207740	"LINC00378"	"+"	"FALSE"	""	7851882	"OLFM4"	"+"	""	"LINC00378"
"chr13"	61958908	61958908	1	"+"	"chr13+61958908"	1	1.12534041547568e-05	5098	"Polyclonal_50pct"	"sonic"	44616	"LINC00358"	"-"	70640	"LINC00358"	"-"	"FALSE"	""	8930096	"OLFM4"	"+"	""	"LINC00358"
"chr13"	63510595	63510595	1	"+"	"chr13+63510595"	1	1.12534041547568e-05	5098	"Polyclonal_50pct"	"sonic"	157086	"LINC00395"	"-"	-182501	"LINC00376"	"-"	"FALSE"	""	-9544380	"KLF5"	"+"	""	"LINC00395"
"chr13"	64994835	64994835	1	"+"	"chr13+64994835"	1	1.12534041547568e-05	5098	"Polyclonal_50pct"	"sonic"	-871211	"LINC01052"	"+"	-871211	"LINC01052"	"+"	"FALSE"	""	-8060140	"KLF5"	"+"	""	"LINC01052"
"chr13"	65233206	65233206	1	"+"	"chr13+65233206"	1	1.12534041547568e-05	5098	"Polyclonal_50pct"	"sonic"	-632840	"LINC01052"	"+"	-632840	"LINC01052"	"+"	"FALSE"	""	-7821769	"KLF5"	"+"	""	"LINC01052"
"chr13"	65239578	65239578	1	"+"	"chr13+65239578"	1	1.12534041547568e-05	5098	"Polyclonal_50pct"	"sonic"	-626468	"LINC01052"	"+"	-626468	"LINC01052"	"+"	"FALSE"	""	-7815397	"KLF5"	"+"	""	"LINC01052"
"chr13"	66532134	66532134	1	"+"	"chr13+66532134"	1	1.12534041547568e-05	5098	"Polyclonal_50pct"	"sonic"	-229301	"PCDH9*"	"-"	-293034	"PCDH9-AS2"	"+"	"PCDH9"	"-"	-6522841	"KLF5"	"+"	"*"	"PCDH9"
"chr13"	68306168	68306168	1	"+"	"chr13+68306168"	1	1.12534041547568e-05	5098	"Polyclonal_50pct"	"sonic"	555116	"LINC00550"	"-"	579157	"LINC00550"	"-"	"FALSE"	""	-4748807	"KLF5"	"+"	""	"LINC00550"
"chr13"	70928338	70928338	1	"+"	"chr13+70928338"	1	1.12534041547568e-05	5098	"Polyclonal_50pct"	"sonic"	-86802	"LINC00348"	"+"	-86802	"LINC00348"	"+"	"FALSE"	""	-2126637	"KLF5"	"+"	""	"LINC00348"
"chr13"	77228071	77228071	1	"+"	"chr13+77228071"	1	1.12534041547568e-05	5098	"Polyclonal_50pct"	"sonic"	99023	"MYCBP2*"	"-"	99023	"MYCBP2"	"-"	"MYCBP2"	"-"	1375481	"POU4F1"	"-"	"*"	"MYCBP2"
"chr13"	79076704	79076704	1	"+"	"chr13+79076704"	1	1.12534041547568e-05	5098	"Polyclonal_50pct"	"sonic"	-236654	"LINC00331"	"-"	-236654	"LINC00331"	"-"	"FALSE"	""	-473152	"POU4F1"	"-"	""	"LINC00331"
"chr13"	80415141	80415141	1	"+"	"chr13+80415141"	1	1.12534041547568e-05	5098	"Polyclonal_50pct"	"sonic"	-74015	"SPRY2"	"-"	-74015	"SPRY2"	"-"	"FALSE"	""	-1811589	"POU4F1"	"-"	""	"SPRY2"
"chr13"	80415192	80415192	1	"+"	"chr13+80415192"	1	1.12534041547568e-05	5098	"Polyclonal_50pct"	"sonic"	-74066	"SPRY2"	"-"	-74066	"SPRY2"	"-"	"FALSE"	""	-1811640	"POU4F1"	"-"	""	"SPRY2"
"chr13"	82977963	82977963	1	"+"	"chr13+82977963"	1	1.12534041547568e-05	5098	"Polyclonal_50pct"	"sonic"	899241	"SLITRK1"	"-"	904430	"SLITRK1"	"-"	"FALSE"	""	-4374411	"POU4F1"	"-"	""	"SLITRK1"
"chr13"	83751191	83751191	1	"+"	"chr13+83751191"	1	1.12534041547568e-05	5098	"Polyclonal_50pct"	"sonic"	126013	"SLITRK1"	"-"	131202	"SLITRK1"	"-"	"FALSE"	""	-5147639	"POU4F1"	"-"	""	"SLITRK1"
"chr13"	84615566	84615566	1	"+"	"chr13+84615566"	1	1.12534041547568e-05	5098	"Polyclonal_50pct"	"sonic"	8798	"LINC00333"	"+"	-168087	"SNORA107"	"+"	"FALSE"	""	-6012014	"POU4F1"	"-"	""	"LINC00333"
"chr13"	85324681	85324681	1	"+"	"chr13+85324681"	1	1.12534041547568e-05	5098	"Polyclonal_50pct"	"sonic"	-38921	"LINC00351"	"+"	-38921	"LINC00351"	"+"	"FALSE"	""	-6025923	"MIR17"	"+"	""	"LINC00351"
"chr13"	85407727	85407727	1	"+"	"chr13+85407727"	1	1.12534041547568e-05	5098	"Polyclonal_50pct"	"sonic"	44125	"LINC00351*"	"+"	44125	"LINC00351"	"+"	"LINC00351"	"+"	-5942877	"MIR17"	"+"	"*"	"LINC00351"
"chr13"	85797956	85797956	1	"+"	"chr13+85797956"	1	1.12534041547568e-05	5098	"Polyclonal_50pct"	"sonic"	1463	"SLITRK6*"	"-"	1463	"SLITRK6"	"-"	"SLITRK6"	"-"	-5552648	"MIR17"	"+"	"*"	"SLITRK6"
"chr13"	86129087	86129087	1	"+"	"chr13+86129087"	1	1.12534041547568e-05	5098	"Polyclonal_50pct"	"sonic"	-329668	"SLITRK6"	"-"	-329668	"SLITRK6"	"-"	"FALSE"	""	-5221517	"MIR17"	"+"	""	"SLITRK6"
"chr13"	86177642	86177642	1	"+"	"chr13+86177642"	1	1.12534041547568e-05	5098	"Polyclonal_50pct"	"sonic"	-378223	"SLITRK6"	"-"	-378223	"SLITRK6"	"-"	"FALSE"	""	-5172962	"MIR17"	"+"	""	"SLITRK6"
"chr13"	86599161	86599161	1	"+"	"chr13+86599161"	1	1.12534041547568e-05	5098	"Polyclonal_50pct"	"sonic"	-312758	"LINC00430"	"+"	-312758	"LINC00430"	"+"	"FALSE"	""	-4751443	"MIR17"	"+"	""	"LINC00430"
"chr13"	86959869	86959869	1	"+"	"chr13+86959869"	1	1.12534041547568e-05	5098	"Polyclonal_50pct"	"sonic"	23062	"LINC00430"	"+"	47950	"LINC00430"	"+"	"FALSE"	""	-4390735	"MIR17"	"+"	""	"LINC00430"
"chr13"	86962017	86962017	1	"+"	"chr13+86962017"	1	1.12534041547568e-05	5098	"Polyclonal_50pct"	"sonic"	25210	"LINC00430"	"+"	50098	"LINC00430"	"+"	"FALSE"	""	-4388587	"MIR17"	"+"	""	"LINC00430"
"chr13"	87390091	87390091	1	"+"	"chr13+87390091"	1	1.12534041547568e-05	5098	"Polyclonal_50pct"	"sonic"	53895	"MIR4500HG"	"-"	228649	"MIR4500"	"-"	"FALSE"	""	-3960513	"MIR17"	"+"	""	"MIR4500HG"
"chr13"	87639705	87639705	1	"+"	"chr13+87639705"	1	1.12534041547568e-05	5098	"Polyclonal_50pct"	"sonic"	31258	"MIR4500HG*"	"-"	-20965	"MIR4500"	"-"	"MIR4500HG"	"-"	-3710899	"MIR17"	"+"	"*"	"MIR4500HG"
"chr13"	87684836	87684836	1	"+"	"chr13+87684836"	1	1.12534041547568e-05	5098	"Polyclonal_50pct"	"sonic"	5221	"SLITRK5"	"+"	11613	"SLITRK5"	"+"	"FALSE"	""	-3665768	"MIR17"	"+"	""	"SLITRK5"
"chr13"	87814955	87814955	1	"+"	"chr13+87814955"	1	1.12534041547568e-05	5098	"Polyclonal_50pct"	"sonic"	-4435	"LINC00397"	"-"	-4435	"LINC00397"	"-"	"FALSE"	""	-3535649	"MIR17"	"+"	""	"LINC00397"
"chr13"	88236864	88236864	1	"+"	"chr13+88236864"	1	1.12534041547568e-05	5098	"Polyclonal_50pct"	"sonic"	782	"LINC00373"	"+"	93998	"LINC00373"	"+"	"FALSE"	""	-3113740	"MIR17"	"+"	""	"LINC00373"
"chr13"	89227417	89227417	1	"+"	"chr13+89227417"	1	1.12534041547568e-05	5098	"Polyclonal_50pct"	"sonic"	9473	"LINC01047*"	"-"	-7873	"LINC00440"	"+"	"LINC01047"	"-"	-2123187	"MIR17"	"+"	"*"	"LINC01047"
"chr13"	91455910	91455910	1	"+"	"chr13+91455910"	1	1.12534041547568e-05	5098	"Polyclonal_50pct"	"sonic"	57290	"GPC5*"	"+"	57290	"GPC5"	"+"	"GPC5"	"+"	57290	"GPC5"	"+"	"*"	"GPC5"
"chr13"	92612285	92612285	1	"+"	"chr13+92612285"	1	1.12534041547568e-05	5098	"Polyclonal_50pct"	"sonic"	-254949	"GPC5*"	"+"	107670	"GPC5-AS1"	"-"	"GPC5"	"+"	1213665	"GPC5"	"+"	"*"	"GPC5"
"chr13"	92705599	92705599	1	"+"	"chr13+92705599"	1	1.12534041547568e-05	5098	"Polyclonal_50pct"	"sonic"	-4210	"GPC5-AS1*"	"-"	14356	"GPC5-AS1"	"-"	"GPC5,GPC5-AS1"	"+,-"	1306979	"GPC5"	"+"	"*"	"GPC5-AS1"
"chr13"	104354949	104354949	1	"-"	"chr13-104354949"	1	1.12534041547568e-05	5098	"Polyclonal_50pct"	"sonic"	927264	"LINC01309"	"+"	929750	"LINC01309"	"+"	"FALSE"	""	1508918	"ERCC5"	"+"	""	"LINC01309"
"chr13"	111993305	111993305	1	"-"	"chr13-111993305"	1	1.12534041547568e-05	5098	"Polyclonal_50pct"	"sonic"	20996	"SOX1-OT*"	"+"	20996	"SOX1-OT"	"+"	"SOX1-OT"	"+"	1870771	"GAS6"	"-"	"*"	"SOX1-OT"
"chr13"	113180074	113180074	1	"-"	"chr13-113180074"	1	1.12534041547568e-05	5098	"Polyclonal_50pct"	"sonic"	-2539	"PCID2*"	"-"	21421	"PROZ"	"+"	"PCID2"	"-"	684002	"GAS6"	"-"	"*"	"PCID2"
"chr13"	41941410	41941410	1	"-"	"chr13-41941410"	1	1.12534041547568e-05	5098	"Polyclonal_50pct"	"sonic"	19675	"VWA8*"	"-"	19675	"VWA8"	"-"	"VWA8"	"-"	-1274769	"FOXO1"	"-"	"*"	"VWA8"
"chr13"	42077356	42077356	1	"-"	"chr13-42077356"	1	1.12534041547568e-05	5098	"Polyclonal_50pct"	"sonic"	28709	"DGKH*"	"+"	28709	"DGKH"	"+"	"DGKH"	"+"	-1410715	"FOXO1"	"-"	"*"	"DGKH"
"chr13"	46043281	46043281	1	"-"	"chr13-46043281"	1	1.12534041547568e-05	5098	"Polyclonal_50pct"	"sonic"	9465	"ZC3H13*"	"-"	9465	"ZC3H13"	"-"	"ZC3H13"	"-"	138896	"LCP1"	"-"	"*"	"ZC3H13"
"chr13"	46424437	46424437	1	"-"	"chr13-46424437"	1	1.12534041547568e-05	5098	"Polyclonal_50pct"	"sonic"	30766	"LINC01198"	"-"	-34395	"RUBCNL"	"-"	"FALSE"	""	-242260	"LCP1"	"-"	""	"LINC01198"
"chr13"	53531168	53531168	1	"-"	"chr13-53531168"	1	1.12534041547568e-05	5098	"Polyclonal_50pct"	"sonic"	-284250	"LINC00558"	"+"	-284250	"LINC00558"	"+"	"FALSE"	""	502356	"OLFM4"	"+"	""	"LINC00558"
"chr13"	53608272	53608272	1	"-"	"chr13-53608272"	1	1.12534041547568e-05	5098	"Polyclonal_50pct"	"sonic"	-207146	"LINC00558"	"+"	-207146	"LINC00558"	"+"	"FALSE"	""	579460	"OLFM4"	"+"	""	"LINC00558"
"chr13"	53952463	53952463	1	"-"	"chr13-53952463"	1	1.12534041547568e-05	5098	"Polyclonal_50pct"	"sonic"	76344	"LINC00558"	"+"	137045	"LINC00558"	"+"	"FALSE"	""	923651	"OLFM4"	"+"	""	"LINC00558"
"chr13"	57076906	57076906	1	"-"	"chr13-57076906"	1	1.12534041547568e-05	5098	"Polyclonal_50pct"	"sonic"	-64011	"PRR20B,PRR20D,PRR20E,PRR20C,PRR20A"	"+"	-64011	"PRR20B,PRR20D,PRR20E,PRR20C,PRR20A"	"+"	"FALSE"	""	4048094	"OLFM4"	"+"	""	"PRR20B,PRR20D,PRR20E,PRR20C,PRR20A"
"chr13"	57362642	57362642	1	"-"	"chr13-57362642"	1	1.12534041547568e-05	5098	"Polyclonal_50pct"	"sonic"	192424	"PRR20B,PRR20A,PRR20C,PRR20D,PRR20E"	"+"	195446	"PRR20B,PRR20A,PRR20C,PRR20D,PRR20E"	"+"	"FALSE"	""	4333830	"OLFM4"	"+"	""	"PRR20B,PRR20A,PRR20C,PRR20D,PRR20E"
"chr13"	57415847	57415847	1	"-"	"chr13-57415847"	1	1.12534041547568e-05	5098	"Polyclonal_50pct"	"sonic"	-215896	"PCDH17"	"+"	-215896	"PCDH17"	"+"	"FALSE"	""	4387035	"OLFM4"	"+"	""	"PCDH17"
"chr13"	59724768	59724768	1	"-"	"chr13-59724768"	1	1.12534041547568e-05	5098	"Polyclonal_50pct"	"sonic"	-59180	"DIAPH3*"	"-"	-287949	"DIAPH3-AS1"	"+"	"DIAPH3"	"-"	6695956	"OLFM4"	"+"	"*"	"DIAPH3"
"chr13"	60360678	60360678	1	"-"	"chr13-60360678"	1	1.12534041547568e-05	5098	"Polyclonal_50pct"	"sonic"	-35778	"TDRD3"	"+"	-35778	"TDRD3"	"+"	"FALSE"	""	7331866	"OLFM4"	"+"	""	"TDRD3"
"chr13"	60549300	60549300	1	"-"	"chr13-60549300"	1	1.12534041547568e-05	5098	"Polyclonal_50pct"	"sonic"	-24571	"TDRD3*"	"+"	-123654	"LINC00378"	"+"	"TDRD3"	"+"	7520488	"OLFM4"	"+"	"*"	"TDRD3"
"chr13"	61564089	61564089	1	"-"	"chr13-61564089"	1	1.12534041547568e-05	5098	"Polyclonal_50pct"	"sonic"	-136143	"LINC02339"	"-"	-136143	"LINC02339"	"-"	"FALSE"	""	8535277	"OLFM4"	"+"	""	"LINC02339"
"chr13"	62208249	62208249	1	"-"	"chr13-62208249"	1	1.12534041547568e-05	5098	"Polyclonal_50pct"	"sonic"	-4032	"LINC01075"	"+"	-4032	"LINC01075"	"+"	"FALSE"	""	9179437	"OLFM4"	"+"	""	"LINC01075"
"chr13"	62467284	62467284	1	"-"	"chr13-62467284"	1	1.12534041547568e-05	5098	"Polyclonal_50pct"	"sonic"	138449	"LINC00459"	"+"	143628	"LINC00459"	"+"	"FALSE"	""	9438472	"OLFM4"	"+"	""	"LINC00459"
"chr13"	62683851	62683851	1	"-"	"chr13-62683851"	1	1.12534041547568e-05	5098	"Polyclonal_50pct"	"sonic"	-11567	"LINC00448*"	"-"	112841	"LINC00448"	"-"	"LINC00448"	"-"	9655039	"OLFM4"	"+"	"*"	"LINC00448"
"chr13"	62745100	62745100	1	"-"	"chr13-62745100"	1	1.12534041547568e-05	5098	"Polyclonal_50pct"	"sonic"	51592	"LINC00448*"	"-"	51592	"LINC00448"	"-"	"LINC00448"	"-"	9716288	"OLFM4"	"+"	"*"	"LINC00448"
"chr13"	62831290	62831290	1	"-"	"chr13-62831290"	1	1.12534041547568e-05	5098	"Polyclonal_50pct"	"sonic"	-23931	"LINC00448"	"-"	-23931	"LINC00448"	"-"	"FALSE"	""	9802478	"OLFM4"	"+"	""	"LINC00448"
"chr13"	63080654	63080654	1	"-"	"chr13-63080654"	1	1.12534041547568e-05	5098	"Polyclonal_50pct"	"sonic"	102446	"LINC00376"	"-"	247440	"LINC00376"	"-"	"FALSE"	""	-9974321	"KLF5"	"+"	""	"LINC00376"
"chr13"	64822227	64822227	1	"-"	"chr13-64822227"	1	1.12534041547568e-05	5098	"Polyclonal_50pct"	"sonic"	-746216	"LINC00355"	"-"	-746216	"LINC00355"	"-"	"FALSE"	""	-8232748	"KLF5"	"+"	""	"LINC00355"
"chr13"	65035729	65035729	1	"-"	"chr13-65035729"	1	1.12534041547568e-05	5098	"Polyclonal_50pct"	"sonic"	-830317	"LINC01052"	"+"	-830317	"LINC01052"	"+"	"FALSE"	""	-8019246	"KLF5"	"+"	""	"LINC01052"
"chr13"	66335741	66335741	1	"-"	"chr13-66335741"	1	1.12534041547568e-05	5098	"Polyclonal_50pct"	"sonic"	-32908	"PCDH9*"	"-"	117492	"MIR4704"	"+"	"PCDH9"	"-"	-6719234	"KLF5"	"+"	"*"	"PCDH9"
"chr13"	66850806	66850806	1	"-"	"chr13-66850806"	1	1.12534041547568e-05	5098	"Polyclonal_50pct"	"sonic"	25638	"PCDH9-AS2*"	"+"	25638	"PCDH9-AS2"	"+"	"PCDH9,PCDH9-AS2"	"-,+"	-6204169	"KLF5"	"+"	"*"	"PCDH9-AS2"
"chr13"	67407141	67407141	1	"-"	"chr13-67407141"	1	1.12534041547568e-05	5098	"Polyclonal_50pct"	"sonic"	27147	"LINC00364"	"+"	34755	"LINC00364"	"+"	"FALSE"	""	-5647834	"KLF5"	"+"	""	"LINC00364"
"chr13"	67575606	67575606	1	"-"	"chr13-67575606"	1	1.12534041547568e-05	5098	"Polyclonal_50pct"	"sonic"	195612	"LINC00364"	"+"	203220	"LINC00364"	"+"	"FALSE"	""	-5479369	"KLF5"	"+"	""	"LINC00364"
"chr13"	69134138	69134138	1	"-"	"chr13-69134138"	1	1.12534041547568e-05	5098	"Polyclonal_50pct"	"sonic"	-88207	"LINC00383"	"+"	-88207	"LINC00383"	"+"	"FALSE"	""	-3920837	"KLF5"	"+"	""	"LINC00383"
"chr13"	70124862	70124862	1	"-"	"chr13-70124862"	1	1.12534041547568e-05	5098	"Polyclonal_50pct"	"sonic"	-14891	"ATXN8OS*"	"+"	-16369	"KLHL1"	"-"	"ATXN8OS"	"+"	-2930113	"KLF5"	"+"	"*"	"ATXN8OS"
"chr13"	71286515	71286515	1	"-"	"chr13-71286515"	1	1.12534041547568e-05	5098	"Polyclonal_50pct"	"sonic"	118098	"LINC00348"	"+"	271375	"LINC00348"	"+"	"FALSE"	""	-1768460	"KLF5"	"+"	""	"LINC00348"
"chr13"	71527318	71527318	1	"-"	"chr13-71527318"	1	1.12534041547568e-05	5098	"Polyclonal_50pct"	"sonic"	-89353	"DACH1*"	"-"	339874	"DACH1"	"-"	"DACH1"	"-"	-1527657	"KLF5"	"+"	"*"	"DACH1"
"chr13"	76336084	76336084	1	"-"	"chr13-76336084"	1	1.12534041547568e-05	5098	"Polyclonal_50pct"	"sonic"	-400952	"LINC00561"	"-"	-400952	"LINC00561"	"-"	"FALSE"	""	575424	"LMO7"	"+"	""	"LINC00561"
"chr13"	79483540	79483540	1	"-"	"chr13-79483540"	1	1.12534041547568e-05	5098	"Polyclonal_50pct"	"sonic"	2417	"NDFIP2*"	"+"	-2309	"NDFIP2-AS1"	"-"	"NDFIP2"	"+"	-879988	"POU4F1"	"-"	"*"	"NDFIP2"
"chr13"	79618826	79618826	1	"-"	"chr13-79618826"	1	1.12534041547568e-05	5098	"Polyclonal_50pct"	"sonic"	47380	"LINC01068"	"+"	52100	"LINC01068"	"+"	"FALSE"	""	-1015274	"POU4F1"	"-"	""	"LINC01068"
"chr13"	83927322	83927322	1	"-"	"chr13-83927322"	1	1.12534041547568e-05	5098	"Polyclonal_50pct"	"sonic"	-44848	"SLITRK1"	"-"	-44848	"SLITRK1"	"-"	"FALSE"	""	-5323770	"POU4F1"	"-"	""	"SLITRK1"
"chr13"	84083935	84083935	1	"-"	"chr13-84083935"	1	1.12534041547568e-05	5098	"Polyclonal_50pct"	"sonic"	-56666	"LINC00333"	"+"	-56666	"LINC00333"	"+"	"FALSE"	""	-5480383	"POU4F1"	"-"	""	"LINC00333"
"chr13"	85542033	85542033	1	"-"	"chr13-85542033"	1	1.12534041547568e-05	5098	"Polyclonal_50pct"	"sonic"	-2629	"LINC00351*"	"+"	178431	"LINC00351"	"+"	"LINC00351"	"+"	-5808571	"MIR17"	"+"	"*"	"LINC00351"
"chr13"	86131892	86131892	1	"-"	"chr13-86131892"	1	1.12534041547568e-05	5098	"Polyclonal_50pct"	"sonic"	-332473	"SLITRK6"	"-"	-332473	"SLITRK6"	"-"	"FALSE"	""	-5218712	"MIR17"	"+"	""	"SLITRK6"
"chr13"	86579640	86579640	1	"-"	"chr13-86579640"	1	1.12534041547568e-05	5098	"Polyclonal_50pct"	"sonic"	-332279	"LINC00430"	"+"	-332279	"LINC00430"	"+"	"FALSE"	""	-4770964	"MIR17"	"+"	""	"LINC00430"
"chr13"	86698122	86698122	1	"-"	"chr13-86698122"	1	1.12534041547568e-05	5098	"Polyclonal_50pct"	"sonic"	-213797	"LINC00430"	"+"	-213797	"LINC00430"	"+"	"FALSE"	""	-4652482	"MIR17"	"+"	""	"LINC00430"
"chr13"	86789495	86789495	1	"-"	"chr13-86789495"	1	1.12534041547568e-05	5098	"Polyclonal_50pct"	"sonic"	-122424	"LINC00430"	"+"	-122424	"LINC00430"	"+"	"FALSE"	""	-4561109	"MIR17"	"+"	""	"LINC00430"
"chr13"	87501938	87501938	1	"-"	"chr13-87501938"	1	1.12534041547568e-05	5098	"Polyclonal_50pct"	"sonic"	-57952	"MIR4500HG*"	"-"	116802	"MIR4500"	"-"	"MIR4500HG"	"-"	-3848666	"MIR17"	"+"	"*"	"MIR4500HG"
"chr13"	91260789	91260789	1	"-"	"chr13-91260789"	1	1.12534041547568e-05	5098	"Polyclonal_50pct"	"sonic"	-49091	"LINC00379"	"-"	-49091	"LINC00379"	"-"	"FALSE"	""	-89815	"MIR17"	"+"	""	"LINC00379"
"chr13"	91399723	91399723	1	"-"	"chr13-91399723"	1	1.12534041547568e-05	5098	"Polyclonal_50pct"	"sonic"	1103	"GPC5*"	"+"	1103	"GPC5"	"+"	"GPC5"	"+"	1103	"GPC5"	"+"	"*"	"GPC5"
"chr13"	93115311	93115311	1	"-"	"chr13-93115311"	1	1.12534041547568e-05	5098	"Polyclonal_50pct"	"sonic"	57385	"LINC00363"	"+"	69971	"LINC00363"	"+"	"FALSE"	""	1716691	"GPC5"	"+"	""	"LINC00363"
"chr13"	94037545	94037545	1	"-"	"chr13-94037545"	1	1.12534041547568e-05	5098	"Polyclonal_50pct"	"sonic"	-370474	"GPC6*"	"+"	150446	"GPC6-AS1"	"-"	"GPC6"	"+"	2638925	"GPC5"	"+"	"*"	"GPC6"
"chr13"	95886222	95886222	1	"-"	"chr13-95886222"	1	1.12534041547568e-05	5098	"Polyclonal_50pct"	"sonic"	-84642	"UGGT2*"	"-"	167179	"UGGT2"	"-"	"UGGT2"	"-"	-1547946	"RAP2A"	"+"	"*"	"UGGT2"
"chr13"	96767452	96767452	1	"-"	"chr13-96767452"	1	1.12534041547568e-05	5098	"Polyclonal_50pct"	"sonic"	-72110	"HS6ST3*"	"+"	216720	"LINC00359"	"-"	"HS6ST3"	"+"	-666716	"RAP2A"	"+"	"*"	"HS6ST3"
"chr14"	102718004	102718004	1	"+"	"chr14+102718004"	1	1.12534041547568e-05	5098	"Polyclonal_50pct"	"sonic"	-12555	"RCOR1*"	"+"	-59444	"TRAF3"	"+"	"RCOR1"	"+"	-59444	"TRAF3"	"+"	"*"	"RCOR1"
"chr14"	22482409	22482409	1	"+"	"chr14+22482409"	1	1.12534041547568e-05	5098	"Polyclonal_50pct"	"sonic"	550	"LOC105370401*"	"-"	550	"LOC105370401"	"-"	"LOC105370401"	"-"	-354175	"MMP14"	"+"	"*"	"LOC105370401"
"chr14"	25795462	25795462	1	"+"	"chr14+25795462"	1	1.12534041547568e-05	5098	"Polyclonal_50pct"	"sonic"	647628	"NOVA1"	"-"	-745165	"STXBP6"	"-"	"FALSE"	""	2488603	"BCL2L2"	"+"	""	"NOVA1"
"chr14"	29059902	29059902	1	"+"	"chr14+29059902"	1	1.12534041547568e-05	5098	"Polyclonal_50pct"	"sonic"	265108	"LINC01551"	"+"	-274115	"LINC02282"	"-"	"FALSE"	""	293116	"FOXG1"	"+"	""	"LINC01551"
"chr14"	35325874	35325874	1	"+"	"chr14+35325874"	1	1.12534041547568e-05	5098	"Polyclonal_50pct"	"sonic"	8381	"PSMA6"	"+"	33493	"PSMA6"	"+"	"FALSE"	""	78875	"NFKBIA"	"-"	""	"PSMA6"
"chr14"	38799044	38799044	1	"+"	"chr14+38799044"	1	1.12534041547568e-05	5098	"Polyclonal_50pct"	"sonic"	-49706	"LINC00639*"	"-"	-83551	"LOC105370457"	"+"	"LINC00639"	"-"	-1203795	"FOXA1"	"-"	"*"	"LINC00639"
"chr14"	39061776	39061776	1	"+"	"chr14+39061776"	1	1.12534041547568e-05	5098	"Polyclonal_50pct"	"sonic"	-29858	"SEC23A*"	"-"	-41363	"SEC23A-AS1"	"+"	"SEC23A"	"-"	-1466527	"FOXA1"	"-"	"*"	"SEC23A"
"chr14"	41900122	41900122	1	"+"	"chr14+41900122"	1	1.12534041547568e-05	5098	"Polyclonal_50pct"	"sonic"	-4429	"LRFN5*"	"+"	293267	"LRFN5"	"+"	"LRFN5"	"+"	2607161	"FSCB"	"-"	"*"	"LRFN5"
"chr14"	42754904	42754904	1	"+"	"chr14+42754904"	1	1.12534041547568e-05	5098	"Polyclonal_50pct"	"sonic"	850353	"LRFN5"	"+"	1148049	"LRFN5"	"+"	"FALSE"	""	1752379	"FSCB"	"-"	""	"LRFN5"
"chr14"	43754688	43754688	1	"+"	"chr14+43754688"	1	1.12534041547568e-05	5098	"Polyclonal_50pct"	"sonic"	749462	"FSCB"	"-"	752595	"FSCB"	"-"	"FALSE"	""	752595	"FSCB"	"-"	""	"FSCB"
"chr14"	47498306	47498306	1	"+"	"chr14+47498306"	1	1.12534041547568e-05	5098	"Polyclonal_50pct"	"sonic"	176648	"MDGA2*"	"-"	-155060	"MDGA2"	"-"	"MDGA2"	"-"	-2394775	"ARF6"	"+"	"*"	"MDGA2"
"chr14"	50290601	50290601	1	"+"	"chr14+50290601"	1	1.12534041547568e-05	5098	"Polyclonal_50pct"	"sonic"	21628	"L2HGDH*"	"-"	9345	"MIR4504"	"-"	"L2HGDH"	"-"	377705	"SAV1"	"-"	"*"	"L2HGDH"
"chr14"	50578583	50578583	1	"+"	"chr14+50578583"	1	1.12534041547568e-05	5098	"Polyclonal_50pct"	"sonic"	18439	"ATL1*"	"+"	18439	"ATL1"	"+"	"ATL1"	"+"	89723	"SAV1"	"-"	"*"	"ATL1"
"chr14"	51273686	51273686	1	"+"	"chr14+51273686"	1	1.12534041547568e-05	5098	"Polyclonal_50pct"	"sonic"	16032	"TMX1"	"+"	33440	"TMX1"	"+"	"FALSE"	""	-442524	"NIN"	"-"	""	"TMX1"
"chr14"	51540170	51540170	1	"+"	"chr14+51540170"	1	1.12534041547568e-05	5098	"Polyclonal_50pct"	"sonic"	51043	"FRMD6*"	"+"	51043	"FRMD6"	"+"	"FRMD6-AS2,FRMD6"	"-,+"	-709008	"NIN"	"-"	"*"	"FRMD6"
"chr14"	51658879	51658879	1	"+"	"chr14+51658879"	1	1.12534041547568e-05	5098	"Polyclonal_50pct"	"sonic"	6970	"FRMD6*"	"+"	6970	"FRMD6"	"+"	"FRMD6"	"+"	-827717	"NIN"	"-"	"*"	"FRMD6"
"chr14"	51837964	51837964	1	"+"	"chr14+51837964"	1	1.12534041547568e-05	5098	"Polyclonal_50pct"	"sonic"	-22647	"GNG2"	"+"	-22647	"GNG2"	"+"	"FALSE"	""	-1006802	"NIN"	"-"	""	"GNG2"
"chr14"	52434400	52434400	1	"+"	"chr14+52434400"	1	1.12534041547568e-05	5098	"Polyclonal_50pct"	"sonic"	-3805	"TXNDC16*"	"-"	118105	"TXNDC16"	"-"	"TXNDC16"	"-"	-1603238	"NIN"	"-"	"*"	"TXNDC16"
"chr14"	53667418	53667418	1	"+"	"chr14+53667418"	1	1.12534041547568e-05	5098	"Polyclonal_50pct"	"sonic"	281008	"MIR5580"	"-"	281066	"MIR5580"	"-"	"FALSE"	""	-729449	"CDKN3"	"+"	""	"MIR5580"
"chr14"	55148045	55148045	1	"+"	"chr14+55148045"	1	1.12534041547568e-05	5098	"Polyclonal_50pct"	"sonic"	89	"DLGAP5"	"-"	11063	"LGALS3"	"+"	"FALSE"	""	11063	"LGALS3"	"+"	""	"DLGAP5"
"chr14"	55569064	55569064	1	"+"	"chr14+55569064"	1	1.12534041547568e-05	5098	"Polyclonal_50pct"	"sonic"	7092	"KTN1-AS1"	"-"	11028	"KTN1-AS1"	"-"	"FALSE"	""	-11142	"KTN1"	"+"	""	"KTN1-AS1"
"chr14"	57767826	57767826	1	"+"	"chr14+57767826"	1	1.12534041547568e-05	5098	"Polyclonal_50pct"	"sonic"	97173	"SLC35F4*"	"-"	97173	"SLC35F4"	"-"	"SLC35F4"	"-"	-530677	"ARID4A"	"+"	"*"	"SLC35F4"
"chr14"	61214144	61214144	1	"+"	"chr14+61214144"	1	1.12534041547568e-05	5098	"Polyclonal_50pct"	"sonic"	63226	"TMEM30B"	"-"	67194	"TMEM30B"	"-"	"FALSE"	""	479384	"MNAT1"	"+"	""	"TMEM30B"
"chr14"	61700282	61700282	1	"+"	"chr14+61700282"	1	1.12534041547568e-05	5098	"Polyclonal_50pct"	"sonic"	2661	"HIF1A*"	"+"	2661	"HIF1A"	"+"	"HIF1A"	"+"	965522	"MNAT1"	"+"	"*"	"HIF1A"
"chr14"	64020778	64020778	1	"+"	"chr14+64020778"	1	1.12534041547568e-05	5098	"Polyclonal_50pct"	"sonic"	167775	"SYNE2~*"	"+"	74347	"MIR548H1"	"-"	"SYNE2"	"+"	167775	"SYNE2"	"+"	"~*"	"SYNE2"
"chr14"	74781224	74781224	1	"+"	"chr14+74781224"	1	1.12534041547568e-05	5098	"Polyclonal_50pct"	"sonic"	17909	"YLPM1*"	"+"	17909	"YLPM1"	"+"	"YLPM1"	"+"	-100691	"DLST"	"+"	"*"	"YLPM1"
"chr14"	80221551	80221551	1	"+"	"chr14+80221551"	1	1.12534041547568e-05	5098	"Polyclonal_50pct"	"sonic"	9506	"DIO2~*"	"-"	-9373	"DIO2"	"-"	"DIO2,DIO2-AS1"	"-,+"	-9373	"DIO2"	"-"	"~*"	"DIO2"
"chr14"	80992590	80992590	1	"+"	"chr14+80992590"	1	1.12534041547568e-05	5098	"Polyclonal_50pct"	"sonic"	36970	"TSHR~*"	"+"	36970	"TSHR"	"+"	"TSHR"	"+"	36970	"TSHR"	"+"	"~*"	"TSHR"
"chr14"	82617680	82617680	1	"+"	"chr14+82617680"	1	1.12534041547568e-05	5098	"Polyclonal_50pct"	"sonic"	-24951	"LINC02301"	"+"	-24951	"LINC02301"	"+"	"FALSE"	""	-1083819	"SEL1L"	"-"	""	"LINC02301"
"chr14"	83403088	83403088	1	"+"	"chr14+83403088"	1	1.12534041547568e-05	5098	"Polyclonal_50pct"	"sonic"	696263	"LINC02301"	"+"	760457	"LINC02301"	"+"	"FALSE"	""	-1869227	"SEL1L"	"-"	""	"LINC02301"
"chr14"	83508922	83508922	1	"+"	"chr14+83508922"	1	1.12534041547568e-05	5098	"Polyclonal_50pct"	"sonic"	802097	"LINC02301"	"+"	866291	"LINC02301"	"+"	"FALSE"	""	-1975061	"SEL1L"	"-"	""	"LINC02301"
"chr14"	84344311	84344311	1	"+"	"chr14+84344311"	1	1.12534041547568e-05	5098	"Polyclonal_50pct"	"sonic"	-927620	"SNORD3P3"	"+"	-927620	"SNORD3P3"	"+"	"FALSE"	""	-2810450	"SEL1L"	"-"	""	"SNORD3P3"
"chr14"	84699410	84699410	1	"+"	"chr14+84699410"	1	1.12534041547568e-05	5098	"Polyclonal_50pct"	"sonic"	-572521	"SNORD3P3"	"+"	-572521	"SNORD3P3"	"+"	"FALSE"	""	-3165549	"SEL1L"	"-"	""	"SNORD3P3"
"chr14"	85218409	85218409	1	"+"	"chr14+85218409"	1	1.12534041547568e-05	5098	"Polyclonal_50pct"	"sonic"	-53522	"SNORD3P3"	"+"	-53522	"SNORD3P3"	"+"	"FALSE"	""	3336598	"PTPN21"	"-"	""	"SNORD3P3"
"chr14"	86089336	86089336	1	"+"	"chr14+86089336"	1	1.12534041547568e-05	5098	"Polyclonal_50pct"	"sonic"	-40441	"LINC02328*"	"+"	154659	"LINC02328"	"+"	"LINC02328"	"+"	2465671	"PTPN21"	"-"	"*"	"LINC02328"
"chr14"	86505395	86505395	1	"+"	"chr14+86505395"	1	1.12534041547568e-05	5098	"Polyclonal_50pct"	"sonic"	375618	"LINC02328"	"+"	-400382	"LINC01148"	"+"	"FALSE"	""	2049612	"PTPN21"	"-"	""	"LINC02328"
"chr14"	91355500	91355500	1	"+"	"chr14+91355500"	1	1.12534041547568e-05	5098	"Polyclonal_50pct"	"sonic"	62320	"CCDC88C*"	"-"	62320	"CCDC88C"	"-"	"CCDC88C"	"-"	-101620	"GPR68"	"-"	"*"	"CCDC88C"
"chr14"	98488753	98488753	1	"+"	"chr14+98488753"	1	1.12534041547568e-05	5098	"Polyclonal_50pct"	"sonic"	-222859	"C14orf177"	"+"	-222859	"C14orf177"	"+"	"FALSE"	""	783444	"BCL11B"	"-"	""	"C14orf177"
"chr14"	99102284	99102284	1	"+"	"chr14+99102284"	1	1.12534041547568e-05	5098	"Polyclonal_50pct"	"sonic"	67003	"BCL11B!"	"-"	169913	"BCL11B"	"-"	"FALSE"	""	169913	"BCL11B"	"-"	"!"	"BCL11B"
"chr14"	100039376	100039376	1	"-"	"chr14-100039376"	1	1.12534041547568e-05	5098	"Polyclonal_50pct"	"sonic"	67955	"EVL~*"	"+"	-26045	"EVL"	"+"	"EVL"	"+"	-26045	"EVL"	"+"	"~*"	"EVL"
"chr14"	33154316	33154316	1	"-"	"chr14-33154316"	1	1.12534041547568e-05	5098	"Polyclonal_50pct"	"sonic"	215438	"NPAS3*"	"+"	215438	"NPAS3"	"+"	"NPAS3"	"+"	2250433	"NFKBIA"	"-"	"*"	"NPAS3"
"chr14"	40572136	40572136	1	"-"	"chr14-40572136"	1	1.12534041547568e-05	5098	"Polyclonal_50pct"	"sonic"	-382574	"LINC02315"	"+"	-382574	"LINC02315"	"+"	"FALSE"	""	-2976887	"FOXA1"	"-"	""	"LINC02315"
"chr14"	40997654	40997654	1	"-"	"chr14-40997654"	1	1.12534041547568e-05	5098	"Polyclonal_50pct"	"sonic"	-28135	"LINC02315*"	"+"	42944	"LINC02315"	"+"	"LINC02315"	"+"	-3402405	"FOXA1"	"-"	"*"	"LINC02315"
"chr14"	41710066	41710066	1	"-"	"chr14-41710066"	1	1.12534041547568e-05	5098	"Polyclonal_50pct"	"sonic"	103211	"LRFN5*"	"+"	103211	"LRFN5"	"+"	"LRFN5"	"+"	2797217	"FSCB"	"-"	"*"	"LRFN5"
"chr14"	43027768	43027768	1	"-"	"chr14-43027768"	1	1.12534041547568e-05	5098	"Polyclonal_50pct"	"sonic"	1123217	"LRFN5"	"+"	1420913	"LRFN5"	"+"	"FALSE"	""	1479515	"FSCB"	"-"	""	"LRFN5"
"chr14"	46261472	46261472	1	"-"	"chr14-46261472"	1	1.12534041547568e-05	5098	"Polyclonal_50pct"	"sonic"	197314	"LINC00871*"	"+"	197314	"LINC00871"	"+"	"LINC00871"	"+"	-1754189	"FSCB"	"-"	"*"	"LINC00871"
"chr14"	48560909	48560909	1	"-"	"chr14-48560909"	1	1.12534041547568e-05	5098	"Polyclonal_50pct"	"sonic"	-765895	"LINC00648"	"-"	-765895	"LINC00648"	"-"	"FALSE"	""	-1332172	"ARF6"	"+"	""	"LINC00648"
"chr14"	49144746	49144746	1	"-"	"chr14-49144746"	1	1.12534041547568e-05	5098	"Polyclonal_50pct"	"sonic"	426241	"RPS29"	"-"	441634	"RPS29"	"-"	"FALSE"	""	-748335	"ARF6"	"+"	""	"RPS29"
"chr14"	50262309	50262309	1	"-"	"chr14-50262309"	1	1.12534041547568e-05	5098	"Polyclonal_50pct"	"sonic"	-19876	"L2HGDH*"	"-"	-30731	"SOS2"	"-"	"L2HGDH"	"-"	369228	"ARF6"	"+"	"*"	"L2HGDH"
"chr14"	51163790	51163790	1	"-"	"chr14-51163790"	1	1.12534041547568e-05	5098	"Polyclonal_50pct"	"sonic"	-68086	"TRIM9"	"-"	-68086	"TRIM9"	"-"	"FALSE"	""	-332628	"NIN"	"-"	""	"TRIM9"
"chr14"	51229861	51229861	1	"-"	"chr14-51229861"	1	1.12534041547568e-05	5098	"Polyclonal_50pct"	"sonic"	-10385	"TMX1"	"+"	-10385	"TMX1"	"+"	"FALSE"	""	-398699	"NIN"	"-"	""	"TMX1"
"chr14"	51704074	51704074	1	"-"	"chr14-51704074"	1	1.12534041547568e-05	5098	"Polyclonal_50pct"	"sonic"	-26652	"FRMD6*"	"+"	-13208	"FRMD6"	"+"	"FRMD6"	"+"	-872912	"NIN"	"-"	"*"	"FRMD6"
"chr14"	58350323	58350323	1	"-"	"chr14-58350323"	1	1.12534041547568e-05	5098	"Polyclonal_50pct"	"sonic"	-23410	"ARID4A~*"	"+"	-45606	"TOMM20L"	"+"	"ARID4A"	"+"	51769	"ARID4A"	"+"	"~*"	"ARID4A"
"chr14"	59557734	59557734	1	"-"	"chr14-59557734"	1	1.12534041547568e-05	5098	"Polyclonal_50pct"	"sonic"	19078	"CCDC175*"	"-"	19078	"CCDC175"	"-"	"CCDC175"	"-"	1091743	"SIX1"	"-"	"*"	"CCDC175"
"chr14"	60115356	60115356	1	"-"	"chr14-60115356"	1	1.12534041547568e-05	5098	"Polyclonal_50pct"	"sonic"	-19458	"PCNX4*"	"+"	23434	"PCNX4"	"+"	"PCNX4"	"+"	534121	"SIX1"	"-"	"*"	"PCNX4"
"chr14"	60287849	60287849	1	"-"	"chr14-60287849"	1	1.12534041547568e-05	5098	"Polyclonal_50pct"	"sonic"	-705	"PPM1A*"	"+"	-35346	"LINC02322"	"+"	"PPM1A"	"+"	361628	"SIX1"	"-"	"*"	"PPM1A"
"chr14"	61720647	61720647	1	"-"	"chr14-61720647"	1	1.12534041547568e-05	5098	"Polyclonal_50pct"	"sonic"	-5090	"HIF1A-AS3*"	"-"	23026	"HIF1A"	"+"	"HIF1A,HIF1A-AS3"	"+,-"	985887	"MNAT1"	"+"	"*"	"HIF1A-AS3"
"chr14"	63378403	63378403	1	"-"	"chr14-63378403"	1	1.12534041547568e-05	5098	"Polyclonal_50pct"	"sonic"	-7040	"PPP2R5E*"	"-"	-59468	"GPHB5"	"-"	"PPP2R5E"	"-"	-474600	"SYNE2"	"+"	"*"	"PPP2R5E"
"chr14"	64393388	64393388	1	"-"	"chr14-64393388"	1	1.12534041547568e-05	5098	"Polyclonal_50pct"	"sonic"	5036	"MTHFD1*"	"+"	5036	"MTHFD1"	"+"	"MTHFD1"	"+"	-54775	"ESR2"	"-"	"*"	"MTHFD1"
"chr14"	64394522	64394522	1	"-"	"chr14-64394522"	1	1.12534041547568e-05	5098	"Polyclonal_50pct"	"sonic"	6170	"MTHFD1*"	"+"	6170	"MTHFD1"	"+"	"MTHFD1"	"+"	-55909	"ESR2"	"-"	"*"	"MTHFD1"
"chr14"	67039973	67039973	1	"-"	"chr14-67039973"	1	1.12534041547568e-05	5098	"Polyclonal_50pct"	"sonic"	-141827	"GPHN~*"	"+"	-149466	"FAM71D"	"+"	"GPHN"	"+"	372192	"PLEK2"	"-"	"~*"	"GPHN"
"chr14"	68202379	68202379	1	"-"	"chr14-68202379"	1	1.12534041547568e-05	5098	"Polyclonal_50pct"	"sonic"	-269297	"RAD51B~*"	"+"	378788	"RAD51B"	"+"	"RAD51B"	"+"	378788	"RAD51B"	"+"	"~*"	"RAD51B"
"chr14"	71089691	71089691	1	"-"	"chr14-71089691"	1	1.12534041547568e-05	5098	"Polyclonal_50pct"	"sonic"	-25691	"PCNX1*"	"+"	182233	"PCNX1"	"+"	"PCNX1"	"+"	-2293448	"ZFP36L1"	"-"	"*"	"PCNX1"
"chr14"	73862914	73862914	1	"-"	"chr14-73862914"	1	1.12534041547568e-05	5098	"Polyclonal_50pct"	"sonic"	-648	"PTGR2~*"	"+"	10968	"PTGR2"	"+"	"PTGR2"	"+"	10968	"PTGR2"	"+"	"~*"	"PTGR2"
"chr14"	81483859	81483859	1	"-"	"chr14-81483859"	1	1.12534041547568e-05	5098	"Polyclonal_50pct"	"sonic"	-12313	"SEL1L~*"	"-"	-33702	"LINC02308"	"-"	"SEL1L"	"-"	49994	"SEL1L"	"-"	"~*"	"SEL1L"
"chr14"	82264873	82264873	1	"-"	"chr14-82264873"	1	1.12534041547568e-05	5098	"Polyclonal_50pct"	"sonic"	-377758	"LINC02301"	"+"	-377758	"LINC02301"	"+"	"FALSE"	""	-731012	"SEL1L"	"-"	""	"LINC02301"
"chr14"	83806460	83806460	1	"-"	"chr14-83806460"	1	1.12534041547568e-05	5098	"Polyclonal_50pct"	"sonic"	1099635	"LINC02301"	"+"	1163829	"LINC02301"	"+"	"FALSE"	""	-2272599	"SEL1L"	"-"	""	"LINC02301"
"chr14"	86566347	86566347	1	"-"	"chr14-86566347"	1	1.12534041547568e-05	5098	"Polyclonal_50pct"	"sonic"	-339430	"LINC01148"	"+"	-339430	"LINC01148"	"+"	"FALSE"	""	1988660	"PTPN21"	"-"	""	"LINC01148"
"chr14"	99776295	99776295	1	"-"	"chr14-99776295"	1	1.12534041547568e-05	5098	"Polyclonal_50pct"	"sonic"	38574	"EML1*"	"+"	-17117	"EML1"	"+"	"EML1"	"+"	-195126	"EVL"	"+"	"*"	"EML1"
"chr15"	101414914	101414914	1	"+"	"chr15+101414914"	1	1.12534041547568e-05	5098	"Polyclonal_50pct"	"sonic"	-31191	"PCSK6*"	"-"	74793	"PCSK6"	"-"	"PCSK6"	"-"	2766376	"IGF1R"	"+"	"*"	"PCSK6"
"chr15"	101686672	101686672	1	"+"	"chr15+101686672"	1	1.12534041547568e-05	5098	"Polyclonal_50pct"	"sonic"	-33077	"TARS3*"	"-"	-34281	"TM2D3"	"-"	"TARS3"	"-"	3038134	"IGF1R"	"+"	"*"	"TARS3"
"chr15"	101871875	101871875	1	"+"	"chr15+101871875"	1	1.12534041547568e-05	5098	"Polyclonal_50pct"	"sonic"	21551	"OR4F13P"	"+"	29757	"OR4F13P"	"+"	"FALSE"	""	3223337	"IGF1R"	"+"	""	"OR4F13P"
"chr15"	34875170	34875170	1	"+"	"chr15+34875170"	1	1.12534041547568e-05	5098	"Polyclonal_50pct"	"sonic"	-23389	"AQR*"	"-"	-79621	"ACTC1"	"-"	"AQR"	"-"	531856	"NUTM1"	"+"	"*"	"AQR"
"chr15"	40065541	40065541	1	"+"	"chr15+40065541"	1	1.12534041547568e-05	5098	"Polyclonal_50pct"	"sonic"	-1968	"SRP14-AS1*"	"+"	26231	"SRP14-AS1"	"+"	"SRP14-AS1"	"+"	-95527	"BUB1B"	"+"	"*"	"SRP14-AS1"
"chr15"	41627081	41627081	1	"+"	"chr15+41627081"	1	1.12534041547568e-05	5098	"Polyclonal_50pct"	"sonic"	-33330	"MGA"	"+"	-33330	"MGA"	"+"	"FALSE"	""	67110	"TYRO3"	"+"	""	"MGA"
"chr15"	41717562	41717562	1	"+"	"chr15+41717562"	1	1.12534041547568e-05	5098	"Polyclonal_50pct"	"sonic"	-52381	"MGA*"	"+"	25978	"MIR626"	"+"	"MGA"	"+"	157591	"TYRO3"	"+"	"*"	"MGA"
"chr15"	43264247	43264247	1	"+"	"chr15+43264247"	1	1.12534041547568e-05	5098	"Polyclonal_50pct"	"sonic"	2681	"TGM5*"	"-"	2681	"TGM5"	"-"	"TGM5"	"-"	-1447269	"B2M"	"+"	"*"	"TGM5"
"chr15"	43304023	43304023	1	"+"	"chr15+43304023"	1	1.12534041547568e-05	5098	"Polyclonal_50pct"	"sonic"	-1768	"TGM7"	"-"	-1768	"TGM7"	"-"	"FALSE"	""	-1407493	"B2M"	"+"	""	"TGM7"
"chr15"	50641898	50641898	1	"+"	"chr15+50641898"	1	1.12534041547568e-05	5098	"Polyclonal_50pct"	"sonic"	44899	"TRPM7*"	"-"	44899	"TRPM7"	"-"	"TRPM7"	"-"	-286490	"GABPB1"	"-"	"*"	"TRPM7"
"chr15"	52440695	52440695	1	"+"	"chr15+52440695"	1	1.12534041547568e-05	5098	"Polyclonal_50pct"	"sonic"	88185	"MYO5A*"	"-"	88185	"MYO5A"	"-"	"MYO5A"	"-"	421477	"MAPK6"	"+"	"*"	"MYO5A"
"chr15"	54987681	54987681	1	"+"	"chr15+54987681"	1	1.12534041547568e-05	5098	"Polyclonal_50pct"	"sonic"	-69065	"LOC105370829"	"+"	-69065	"LOC105370829"	"+"	"FALSE"	""	-1930408	"TCF12"	"+"	""	"LOC105370829"
"chr15"	55669894	55669894	1	"+"	"chr15+55669894"	1	1.12534041547568e-05	5098	"Polyclonal_50pct"	"sonic"	-58351	"PRTG*"	"-"	73258	"PRTG"	"-"	"PRTG"	"-"	-1248195	"TCF12"	"+"	"*"	"PRTG"
"chr15"	57938673	57938673	1	"+"	"chr15+57938673"	1	1.12534041547568e-05	5098	"Polyclonal_50pct"	"sonic"	14750	"ALDH1A2"	"-"	75350	"ALDH1A2"	"-"	"FALSE"	""	719244	"TCF12"	"+"	""	"ALDH1A2"
"chr15"	66507855	66507855	1	"+"	"chr15+66507855"	1	1.12534041547568e-05	5098	"Polyclonal_50pct"	"sonic"	2530	"ZWILCH*"	"+"	2530	"ZWILCH"	"+"	"ZWILCH"	"+"	120944	"MAP2K1"	"+"	"*"	"ZWILCH"
"chr15"	67197212	67197212	1	"+"	"chr15+67197212"	1	1.12534041547568e-05	5098	"Polyclonal_50pct"	"sonic"	2017	"SMAD3~"	"+"	31058	"SMAD3"	"+"	"FALSE"	""	31058	"SMAD3"	"+"	"~"	"SMAD3"
"chr15"	68121125	68121125	1	"+"	"chr15+68121125"	1	1.12534041547568e-05	5098	"Polyclonal_50pct"	"sonic"	66550	"PIAS1*"	"+"	66550	"PIAS1"	"+"	"PIAS1"	"+"	311038	"ITGA11"	"-"	"*"	"PIAS1"
"chr15"	75421317	75421317	1	"+"	"chr15+75421317"	1	1.12534041547568e-05	5098	"Polyclonal_50pct"	"sonic"	30373	"SIN3A*"	"-"	30373	"SIN3A"	"-"	"SIN3A"	"-"	73483	"NEIL1"	"+"	"*"	"SIN3A"
"chr15"	81440578	81440578	1	"+"	"chr15+81440578"	1	1.12534041547568e-05	5098	"Polyclonal_50pct"	"sonic"	-2498	"TMC3-AS1*"	"+"	-66365	"TMC3"	"-"	"TMC3-AS1"	"+"	143609	"IL16"	"+"	"*"	"TMC3-AS1"
"chr15"	83301118	83301118	1	"+"	"chr15+83301118"	1	1.12534041547568e-05	5098	"Polyclonal_50pct"	"sonic"	-16454	"BNC1"	"-"	-16454	"BNC1"	"-"	"FALSE"	""	-353004	"ADAMTSL3"	"+"	""	"BNC1"
"chr15"	86740099	86740099	1	"+"	"chr15+86740099"	1	1.12534041547568e-05	5098	"Polyclonal_50pct"	"sonic"	-288953	"AGBL1*"	"+"	-192780	"LOC105370954"	"+"	"AGBL1"	"+"	1120150	"AKAP13"	"+"	"*"	"AGBL1"
"chr15"	89256187	89256187	1	"+"	"chr15+89256187"	1	1.12534041547568e-05	5098	"Polyclonal_50pct"	"sonic"	12209	"FANCI*"	"+"	12209	"FANCI"	"+"	"FANCI"	"+"	167732	"ABHD2"	"+"	"*"	"FANCI"
"chr15"	92501850	92501850	1	"+"	"chr15+92501850"	1	1.12534041547568e-05	5098	"Polyclonal_50pct"	"sonic"	733	"C15orf32"	"+"	30174	"C15orf32"	"+"	"FALSE"	""	-398473	"CHD2"	"+"	""	"C15orf32"
"chr15"	94344488	94344488	1	"+"	"chr15+94344488"	1	1.12534041547568e-05	5098	"Polyclonal_50pct"	"sonic"	-57933	"MCTP2*"	"+"	-11441	"MCTP2"	"+"	"MCTP2"	"+"	1444165	"CHD2"	"+"	"*"	"MCTP2"
"chr15"	97444556	97444556	1	"+"	"chr15+97444556"	1	1.12534041547568e-05	5098	"Polyclonal_50pct"	"sonic"	-74186	"LINC02254*"	"-"	77255	"LINC02254"	"-"	"LINC02254"	"-"	-1203982	"IGF1R"	"+"	"*"	"LINC02254"
"chr15"	97637742	97637742	1	"+"	"chr15+97637742"	1	1.12534041547568e-05	5098	"Polyclonal_50pct"	"sonic"	-77044	"LOC101927310"	"-"	-77044	"LOC101927310"	"-"	"FALSE"	""	-1010796	"IGF1R"	"+"	""	"LOC101927310"
"chr15"	99856075	99856075	1	"+"	"chr15+99856075"	1	1.12534041547568e-05	5098	"Polyclonal_50pct"	"sonic"	-26907	"LOC400464*"	"+"	49053	"LOC400464"	"+"	"LOC400464"	"+"	1207537	"IGF1R"	"+"	"*"	"LOC400464"
"chr15"	35931381	35931381	1	"-"	"chr15-35931381"	1	1.12534041547568e-05	5098	"Polyclonal_50pct"	"sonic"	4458	"MIR4510"	"+"	4526	"MIR4510"	"+"	"FALSE"	""	1588067	"NUTM1"	"+"	""	"MIR4510"
"chr15"	36302968	36302968	1	"-"	"chr15-36302968"	1	1.12534041547568e-05	5098	"Polyclonal_50pct"	"sonic"	-276657	"CDIN1"	"+"	-276657	"CDIN1"	"+"	"FALSE"	""	1959654	"NUTM1"	"+"	""	"CDIN1"
"chr15"	38409784	38409784	1	"-"	"chr15-38409784"	1	1.12534041547568e-05	5098	"Polyclonal_50pct"	"sonic"	-44342	"FAM98B"	"+"	-44342	"FAM98B"	"+"	"FALSE"	""	155030	"RASGRP1"	"-"	""	"FAM98B"
"chr15"	41458913	41458913	1	"-"	"chr15-41458913"	1	1.12534041547568e-05	5098	"Polyclonal_50pct"	"sonic"	-24650	"RTF1*"	"+"	-34960	"ITPKA"	"+"	"RTF1"	"+"	-100298	"TYRO3"	"+"	"*"	"RTF1"
"chr15"	44979591	44979591	1	"-"	"chr15-44979591"	1	1.12534041547568e-05	5098	"Polyclonal_50pct"	"sonic"	363	"TERB2"	"+"	22905	"TERB2"	"+"	"FALSE"	""	268075	"B2M"	"+"	""	"TERB2"
"chr15"	46841328	46841328	1	"-"	"chr15-46841328"	1	1.12534041547568e-05	5098	"Polyclonal_50pct"	"sonic"	-342760	"SEMA6D"	"+"	-342760	"SEMA6D"	"+"	"FALSE"	""	2122591	"SHC4"	"-"	""	"SEMA6D"
"chr15"	50567551	50567551	1	"-"	"chr15-50567551"	1	1.12534041547568e-05	5098	"Polyclonal_50pct"	"sonic"	-10393	"TRPM7*"	"-"	-20885	"USP50"	"-"	"TRPM7"	"-"	-212143	"GABPB1"	"-"	"*"	"TRPM7"
"chr15"	52639909	52639909	1	"-"	"chr15-52639909"	1	1.12534041547568e-05	5098	"Polyclonal_50pct"	"sonic"	12131	"FAM214A*"	"-"	12131	"FAM214A"	"-"	"FAM214A"	"-"	620691	"MAPK6"	"+"	"*"	"FAM214A"
"chr15"	58737500	58737500	1	"-"	"chr15-58737500"	1	1.12534041547568e-05	5098	"Polyclonal_50pct"	"sonic"	12207	"ADAM10*"	"-"	12207	"ADAM10"	"-"	"ADAM10"	"-"	-874282	"GCNT3"	"+"	"*"	"ADAM10"
"chr15"	64307999	64307999	1	"-"	"chr15-64307999"	1	1.12534041547568e-05	5098	"Polyclonal_50pct"	"sonic"	48174	"CSNK1G1*"	"-"	48174	"CSNK1G1"	"-"	"CSNK1G1"	"-"	803407	"USP3"	"+"	"*"	"CSNK1G1"
"chr15"	64957309	64957309	1	"-"	"chr15-64957309"	1	1.12534041547568e-05	5098	"Polyclonal_50pct"	"sonic"	-1382	"ANKDD1A*"	"+"	32161	"SPG21"	"-"	"ANKDD1A"	"+"	-1429602	"MAP2K1"	"+"	"*"	"ANKDD1A"
"chr15"	65011098	65011098	1	"-"	"chr15-65011098"	1	1.12534041547568e-05	5098	"Polyclonal_50pct"	"sonic"	-9587	"MTFMT*"	"-"	18541	"MTFMT"	"-"	"MTFMT"	"-"	-1375813	"MAP2K1"	"+"	"*"	"MTFMT"
"chr15"	67638605	67638605	1	"-"	"chr15-67638605"	1	1.12534041547568e-05	5098	"Polyclonal_50pct"	"sonic"	89512	"MAP2K5*"	"+"	89512	"MAP2K5"	"+"	"MAP2K5"	"+"	89512	"MAP2K5"	"+"	"*"	"MAP2K5"
"chr15"	69429439	69429439	1	"-"	"chr15-69429439"	1	1.12534041547568e-05	5098	"Polyclonal_50pct"	"sonic"	15091	"KIF23*"	"+"	-14410	"LOC145694"	"-"	"KIF23"	"+"	-608544	"ANP32A"	"-"	"*"	"KIF23"
"chr15"	75612069	75612069	1	"-"	"chr15-75612069"	1	1.12534041547568e-05	5098	"Polyclonal_50pct"	"sonic"	13656	"SNUPN*"	"-"	13656	"SNUPN"	"-"	"SNUPN"	"-"	100779	"CSPG4"	"-"	"*"	"SNUPN"
"chr15"	75868673	75868673	1	"-"	"chr15-75868673"	1	1.12534041547568e-05	5098	"Polyclonal_50pct"	"sonic"	24630	"UBE2Q2*"	"+"	24630	"UBE2Q2"	"+"	"UBE2Q2"	"+"	-155825	"CSPG4"	"-"	"*"	"UBE2Q2"
"chr15"	76742185	76742185	1	"-"	"chr15-76742185"	1	1.12534041547568e-05	5098	"Polyclonal_50pct"	"sonic"	119759	"SCAPER*"	"-"	119759	"SCAPER"	"-"	"SCAPER"	"-"	-1029337	"CSPG4"	"-"	"*"	"SCAPER"
"chr15"	78465669	78465669	1	"-"	"chr15-78465669"	1	1.12534041547568e-05	5098	"Polyclonal_50pct"	"sonic"	-11031	"IREB2*"	"+"	27249	"IREB2"	"+"	"IREB2"	"+"	175541	"CHRNB4"	"-"	"*"	"IREB2"
"chr15"	85108993	85108993	1	"-"	"chr15-85108993"	1	1.12534041547568e-05	5098	"Polyclonal_50pct"	"sonic"	-30148	"PDE8A*"	"+"	125788	"LOC101929479"	"-"	"PDE8A"	"+"	-271609	"AKAP13"	"+"	"*"	"PDE8A"
"chr15"	89054892	89054892	1	"-"	"chr15-89054892"	1	1.12534041547568e-05	5098	"Polyclonal_50pct"	"sonic"	-33563	"ABHD2"	"+"	-33563	"ABHD2"	"+"	"FALSE"	""	-33563	"ABHD2"	"+"	""	"ABHD2"
"chr15_ML143371v1_fix"	2621553	2621553	1	"+"	"chr15_ML143371v1_fix+2621553"	1	1.12534041547568e-05	5098	"Polyclonal_50pct"	"sonic"	-731421	"LOC102723623"	"+"	-731421	"LOC102723623"	"+"	"FALSE"	""	NA	""	""	""	"LOC102723623"
"chr15_ML143371v1_fix"	489156	489156	1	"+"	"chr15_ML143371v1_fix+489156"	1	1.12534041547568e-05	5098	"Polyclonal_50pct"	"sonic"	-2863818	"LOC102723623"	"+"	-2863818	"LOC102723623"	"+"	"FALSE"	""	NA	""	""	""	"LOC102723623"
"chr15_ML143371v1_fix"	2622207	2622207	1	"-"	"chr15_ML143371v1_fix-2622207"	1	1.12534041547568e-05	5098	"Polyclonal_50pct"	"sonic"	-730767	"LOC102723623"	"+"	-730767	"LOC102723623"	"+"	"FALSE"	""	NA	""	""	""	"LOC102723623"
"chr16"	100043	100043	1	"+"	"chr16+100043"	1	1.12534041547568e-05	5098	"Polyclonal_50pct"	"sonic"	-14239	"NPRL3*"	"-"	21819	"MPG"	"+"	"NPRL3"	"-"	252680	"AXIN1"	"-"	"*"	"NPRL3"
"chr16"	10421038	10421038	1	"+"	"chr16+10421038"	1	1.12534041547568e-05	5098	"Polyclonal_50pct"	"sonic"	34978	"ATF7IP2*"	"+"	34978	"ATF7IP2"	"+"	"ATF7IP2"	"+"	-456159	"CIITA"	"+"	"*"	"ATF7IP2"
"chr16"	10824430	10824430	1	"+"	"chr16+10824430"	1	1.12534041547568e-05	5098	"Polyclonal_50pct"	"sonic"	-5636	"TVP23A"	"-"	-5636	"TVP23A"	"-"	"FALSE"	""	-52767	"CIITA"	"+"	""	"TVP23A"
"chr16"	10995941	10995941	1	"+"	"chr16+10995941"	1	1.12534041547568e-05	5098	"Polyclonal_50pct"	"sonic"	51378	"CLEC16A*"	"+"	51378	"CLEC16A"	"+"	"CLEC16A"	"+"	116975	"CIITA"	"+"	"*"	"CLEC16A"
"chr16"	1358256	1358256	1	"+"	"chr16+1358256"	1	1.12534041547568e-05	5098	"Polyclonal_50pct"	"sonic"	-5857	"GNPTG*"	"+"	6326	"GNPTG"	"+"	"GNPTG"	"+"	376487	"SOX8"	"+"	"*"	"GNPTG"
"chr16"	13830993	13830993	1	"+"	"chr16+13830993"	1	1.12534041547568e-05	5098	"Polyclonal_50pct"	"sonic"	-89160	"ERCC4"	"+"	-89160	"ERCC4"	"+"	"FALSE"	""	-89160	"ERCC4"	"+"	""	"ERCC4"
"chr16"	1400806	1400806	1	"+"	"chr16+1400806"	1	1.12534041547568e-05	5098	"Polyclonal_50pct"	"sonic"	-2506	"UNKL*"	"-"	13898	"UNKL"	"-"	"UNKL"	"-"	370903	"NME3"	"-"	"*"	"UNKL"
"chr16"	14396157	14396157	1	"+"	"chr16+14396157"	1	1.12534041547568e-05	5098	"Polyclonal_50pct"	"sonic"	-25891	"LINC02130"	"-"	-25891	"LINC02130"	"-"	"FALSE"	""	476004	"ERCC4"	"+"	""	"LINC02130"
"chr16"	1502448	1502448	1	"+"	"chr16+1502448"	1	1.12534041547568e-05	5098	"Polyclonal_50pct"	"sonic"	-8006	"TELO2*"	"+"	9089	"TELO2"	"+"	"TELO2"	"+"	269261	"NME3"	"-"	"*"	"TELO2"
"chr16"	1602256	1602256	1	"+"	"chr16+1602256"	1	1.12534041547568e-05	5098	"Polyclonal_50pct"	"sonic"	-8072	"LOC105371046*"	"+"	9816	"IFT140"	"-"	"IFT140,LOC105371046"	"-,+"	169453	"NME3"	"-"	"*"	"LOC105371046"
"chr16"	1838846	1838846	1	"+"	"chr16+1838846"	1	1.12534041547568e-05	5098	"Polyclonal_50pct"	"sonic"	-1356	"FAHD1*"	"+"	11623	"FAHD1"	"+"	"FAHD1,MEIOB"	"+,-"	-43938	"IGFALS"	"-"	"*"	"FAHD1"
"chr16"	1852283	1852283	1	"+"	"chr16+1852283"	1	1.12534041547568e-05	5098	"Polyclonal_50pct"	"sonic"	-18298	"MEIOB*"	"-"	19881	"MEIOB"	"-"	"MEIOB"	"-"	-57375	"IGFALS"	"-"	"*"	"MEIOB"
"chr16"	2066815	2066815	1	"+"	"chr16+2066815"	1	1.12534041547568e-05	5098	"Polyclonal_50pct"	"sonic"	18614	"TSC2~*"	"+"	18614	"TSC2"	"+"	"TSC2"	"+"	18614	"TSC2"	"+"	"~*"	"TSC2"
"chr16"	2066864	2066864	1	"+"	"chr16+2066864"	1	1.12534041547568e-05	5098	"Polyclonal_50pct"	"sonic"	18663	"TSC2~*"	"+"	18663	"TSC2"	"+"	"TSC2"	"+"	18663	"TSC2"	"+"	"~*"	"TSC2"
"chr16"	2066898	2066898	1	"+"	"chr16+2066898"	1	1.12534041547568e-05	5098	"Polyclonal_50pct"	"sonic"	18697	"TSC2~*"	"+"	18697	"TSC2"	"+"	"TSC2"	"+"	18697	"TSC2"	"+"	"~*"	"TSC2"
"chr16"	2066915	2066915	1	"+"	"chr16+2066915"	1	1.12534041547568e-05	5098	"Polyclonal_50pct"	"sonic"	18714	"TSC2~*"	"+"	18714	"TSC2"	"+"	"TSC2"	"+"	18714	"TSC2"	"+"	"~*"	"TSC2"
"chr16"	2131641	2131641	1	"+"	"chr16+2131641"	1	1.12534041547568e-05	5098	"Polyclonal_50pct"	"sonic"	4257	"PKD1*"	"-"	-1477	"MIR4516"	"+"	"PKD1"	"-"	-24140	"TRAF7"	"+"	"*"	"PKD1"
"chr16"	215578	215578	1	"+"	"chr16+215578"	1	1.12534041547568e-05	5098	"Polyclonal_50pct"	"sonic"	13871	"LUC7L*"	"-"	13871	"LUC7L"	"-"	"LUC7L"	"-"	137145	"AXIN1"	"-"	"*"	"LUC7L"
"chr16"	216784	216784	1	"+"	"chr16+216784"	1	1.12534041547568e-05	5098	"Polyclonal_50pct"	"sonic"	12665	"LUC7L*"	"-"	12665	"LUC7L"	"-"	"LUC7L"	"-"	135939	"AXIN1"	"-"	"*"	"LUC7L"
"chr16"	2245673	2245673	1	"+"	"chr16+2245673"	1	1.12534041547568e-05	5098	"Polyclonal_50pct"	"sonic"	5914	"ECI1*"	"-"	5914	"ECI1"	"-"	"ECI1"	"-"	89892	"TRAF7"	"+"	"*"	"ECI1"
"chr16"	2257573	2257573	1	"+"	"chr16+2257573"	1	1.12534041547568e-05	5098	"Polyclonal_50pct"	"sonic"	-4453	"RNPS1*"	"-"	-5986	"ECI1"	"-"	"RNPS1"	"-"	83155	"ABCA3"	"-"	"*"	"RNPS1"
"chr16"	2354855	2354855	1	"+"	"chr16+2354855"	1	1.12534041547568e-05	5098	"Polyclonal_50pct"	"sonic"	13934	"ABCA17P*"	"+"	13934	"ABCA17P"	"+"	"ABCA17P"	"+"	-14127	"ABCA3"	"-"	"*"	"ABCA17P"
"chr16"	23617527	23617527	1	"+"	"chr16+23617527"	1	1.12534041547568e-05	5098	"Polyclonal_50pct"	"sonic"	-14363	"PALB2~*"	"-"	-21211	"NDUFAB1"	"-"	"PALB2"	"-"	23783	"PALB2"	"-"	"~*"	"PALB2"
"chr16"	27301421	27301421	1	"+"	"chr16+27301421"	1	1.12534041547568e-05	5098	"Polyclonal_50pct"	"sonic"	10953	"NSMCE1-DT"	"+"	-12552	"IL4R"	"+"	"FALSE"	""	-12552	"IL4R"	"+"	""	"NSMCE1-DT"
"chr16"	29039599	29039599	1	"+"	"chr16+29039599"	1	1.12534041547568e-05	5098	"Polyclonal_50pct"	"sonic"	-35242	"RRN3P2"	"+"	-35242	"RRN3P2"	"+"	"FALSE"	""	328136	"EIF3C"	"+"	""	"RRN3P2"
"chr16"	29570688	29570688	1	"+"	"chr16+29570688"	1	1.12534041547568e-05	5098	"Polyclonal_50pct"	"sonic"	24404	"SMG1P2*"	"-"	24404	"SMG1P2"	"-"	"SMG1P2"	"-"	-249705	"MVP"	"+"	"*"	"SMG1P2"
"chr16"	29801497	29801497	1	"+"	"chr16+29801497"	1	1.12534041547568e-05	5098	"Polyclonal_50pct"	"sonic"	-3887	"KIF22*"	"+"	-4626	"MAZ"	"+"	"KIF22"	"+"	-18896	"MVP"	"+"	"*"	"KIF22"
"chr16"	29851510	29851510	1	"+"	"chr16+29851510"	1	1.12534041547568e-05	5098	"Polyclonal_50pct"	"sonic"	3471	"MVP~"	"+"	11716	"CDIPT"	"-"	"FALSE"	""	20996	"MVP"	"+"	"~"	"MVP"
"chr16"	30175393	30175393	1	"+"	"chr16+30175393"	1	1.12534041547568e-05	5098	"Polyclonal_50pct"	"sonic"	-8016	"CORO1A"	"+"	-8016	"CORO1A"	"+"	"FALSE"	""	-8016	"CORO1A"	"+"	""	"CORO1A"
"chr16"	30274685	30274685	1	"+"	"chr16+30274685"	1	1.12534041547568e-05	5098	"Polyclonal_50pct"	"sonic"	10332	"SMG1P5"	"-"	-26272	"NPIPB13"	"-"	"FALSE"	""	91084	"CORO1A"	"+"	""	"SMG1P5"
"chr16"	30821877	30821877	1	"+"	"chr16+30821877"	1	1.12534041547568e-05	5098	"Polyclonal_50pct"	"sonic"	11748	"BCL7C"	"-"	-34672	"ZNF629"	"-"	"FALSE"	""	-211217	"STX4"	"+"	""	"BCL7C"
"chr16"	309252	309252	1	"+"	"chr16+309252"	1	1.12534041547568e-05	5098	"Polyclonal_50pct"	"sonic"	-21813	"AXIN1~*"	"-"	26089	"PDIA2"	"+"	"AXIN1"	"-"	43471	"AXIN1"	"-"	"~*"	"AXIN1"
"chr16"	31277695	31277695	1	"+"	"chr16+31277695"	1	1.12534041547568e-05	5098	"Polyclonal_50pct"	"sonic"	17721	"ITGAM*"	"+"	17721	"ITGAM"	"+"	"ITGAM"	"+"	-77480	"ITGAX"	"+"	"*"	"ITGAM"
"chr16"	3272250	3272250	1	"+"	"chr16+3272250"	1	1.12534041547568e-05	5098	"Polyclonal_50pct"	"sonic"	4684	"LINC00921"	"+"	8483	"LINC00921"	"+"	"FALSE"	""	445274	"TRAP1"	"-"	""	"LINC00921"
"chr16"	3417190	3417190	1	"+"	"chr16+3417190"	1	1.12534041547568e-05	5098	"Polyclonal_50pct"	"sonic"	7826	"ZNF174"	"+"	15976	"ZNF174"	"+"	"FALSE"	""	300334	"TRAP1"	"-"	""	"ZNF174"
"chr16"	47162561	47162561	1	"+"	"chr16+47162561"	1	1.12534041547568e-05	5098	"Polyclonal_50pct"	"sonic"	-185	"ITFG1-AS1*"	"+"	18494	"ITFG1-AS1"	"+"	"ITFG1-AS1,ITFG1"	"+,-"	2501763	"ZNF423"	"-"	"*"	"ITFG1-AS1"
"chr16"	61707414	61707414	1	"+"	"chr16+61707414"	1	1.12534041547568e-05	5098	"Polyclonal_50pct"	"sonic"	-60164	"CDH8*"	"-"	329024	"CDH8"	"-"	"CDH8"	"-"	3414649	"CDH11"	"-"	"*"	"CDH8"
"chr16"	652907	652907	1	"+"	"chr16+652907"	1	1.12534041547568e-05	5098	"Polyclonal_50pct"	"sonic"	3543	"WDR90*"	"+"	3543	"WDR90"	"+"	"WDR90"	"+"	-300184	"AXIN1"	"-"	"*"	"WDR90"
"chr16"	67197233	67197233	1	"+"	"chr16+67197233"	1	1.12534041547568e-05	5098	"Polyclonal_50pct"	"sonic"	-1685	"E2F4~*"	"+"	-1897	"ELMO3"	"+"	"E2F4"	"+"	5079	"E2F4"	"+"	"~*"	"E2F4"
"chr16"	69777148	69777148	1	"+"	"chr16+69777148"	1	1.12534041547568e-05	5098	"Polyclonal_50pct"	"sonic"	14817	"WWP2*"	"+"	14817	"WWP2"	"+"	"WWP2"	"+"	-50588	"NQO1"	"-"	"*"	"WWP2"
"chr16"	71599921	71599921	1	"+"	"chr16+71599921"	1	1.12534041547568e-05	5098	"Polyclonal_50pct"	"sonic"	-22829	"TAT"	"-"	-22829	"TAT"	"-"	"FALSE"	""	115919	"PHLPP2"	"-"	""	"TAT"
"chr16"	72498930	72498930	1	"+"	"chr16+72498930"	1	1.12534041547568e-05	5098	"Polyclonal_50pct"	"sonic"	-74673	"LINC01572*"	"-"	166040	"LINC01572"	"-"	"LINC01572"	"-"	435705	"HPR"	"+"	"*"	"LINC01572"
"chr16"	74578348	74578348	1	"+"	"chr16+74578348"	1	1.12534041547568e-05	5098	"Polyclonal_50pct"	"sonic"	28766	"GLG1*"	"-"	28766	"GLG1"	"-"	"GLG1"	"-"	-1433901	"ZFHX3"	"-"	"*"	"GLG1"
"chr16"	75601807	75601807	1	"+"	"chr16+75601807"	1	1.12534041547568e-05	5098	"Polyclonal_50pct"	"sonic"	-4940	"ADAT1*"	"-"	21474	"ADAT1"	"-"	"ADAT1"	"-"	1833227	"ADAMTS18"	"-"	"*"	"ADAT1"
"chr16"	76260935	76260935	1	"+"	"chr16+76260935"	1	1.12534041547568e-05	5098	"Polyclonal_50pct"	"sonic"	-16465	"CNTNAP4"	"+"	-16465	"CNTNAP4"	"+"	"FALSE"	""	1174099	"ADAMTS18"	"-"	""	"CNTNAP4"
"chr16"	76911657	76911657	1	"+"	"chr16+76911657"	1	1.12534041547568e-05	5098	"Polyclonal_50pct"	"sonic"	42638	"MIR4719"	"+"	42722	"MIR4719"	"+"	"FALSE"	""	523377	"ADAMTS18"	"-"	""	"MIR4719"
"chr16"	79884429	79884429	1	"+"	"chr16+79884429"	1	1.12534041547568e-05	5098	"Polyclonal_50pct"	"sonic"	83086	"LINC01229"	"+"	89181	"LINC01229"	"+"	"FALSE"	""	-283692	"MAF"	"-"	""	"LINC01229"
"chr16"	87375121	87375121	1	"+"	"chr16+87375121"	1	1.12534041547568e-05	5098	"Polyclonal_50pct"	"sonic"	8655	"FBXO31~*"	"-"	8655	"FBXO31"	"-"	"FBXO31"	"-"	8655	"FBXO31"	"-"	"~*"	"FBXO31"
"chr16"	87850050	87850050	1	"+"	"chr16+87850050"	1	1.12534041547568e-05	5098	"Polyclonal_50pct"	"sonic"	19457	"SLC7A5*"	"-"	-3845	"MIR11401"	"+"	"SLC7A5"	"-"	-457929	"FBXO31"	"-"	"*"	"SLC7A5"
"chr16"	87940077	87940077	1	"+"	"chr16+87940077"	1	1.12534041547568e-05	5098	"Polyclonal_50pct"	"sonic"	-3548	"CA5A"	"-"	-3548	"CA5A"	"-"	"FALSE"	""	-547956	"FBXO31"	"-"	""	"CA5A"
"chr16"	88711452	88711452	1	"+"	"chr16+88711452"	1	1.12534041547568e-05	5098	"Polyclonal_50pct"	"sonic"	-3944	"CTU2*"	"+"	4885	"MIR4722"	"-"	"CTU2"	"+"	-92336	"CDT1"	"+"	"*"	"CTU2"
"chr16"	89653225	89653225	1	"+"	"chr16+89653225"	1	1.12534041547568e-05	5098	"Polyclonal_50pct"	"sonic"	4483	"CHMP1A*"	"-"	4483	"CHMP1A"	"-"	"CHMP1A"	"-"	163422	"FANCA"	"-"	"*"	"CHMP1A"
"chr16"	89773973	89773973	1	"+"	"chr16+89773973"	1	1.12534041547568e-05	5098	"Polyclonal_50pct"	"sonic"	-36425	"FANCA~*"	"-"	42674	"FANCA"	"-"	"FANCA"	"-"	42674	"FANCA"	"-"	"~*"	"FANCA"
"chr16"	89801079	89801079	1	"+"	"chr16+89801079"	1	1.12534041547568e-05	5098	"Polyclonal_50pct"	"sonic"	-2726	"FANCA~*"	"-"	15568	"FANCA"	"-"	"FANCA"	"-"	15568	"FANCA"	"-"	"~*"	"FANCA"
"chr16"	89807207	89807207	1	"+"	"chr16+89807207"	1	1.12534041547568e-05	5098	"Polyclonal_50pct"	"sonic"	-8854	"FANCA~*"	"-"	9440	"FANCA"	"-"	"FANCA"	"-"	9440	"FANCA"	"-"	"~*"	"FANCA"
"chr16"	89807296	89807296	1	"+"	"chr16+89807296"	1	1.12534041547568e-05	5098	"Polyclonal_50pct"	"sonic"	-8943	"FANCA~*"	"-"	9351	"FANCA"	"-"	"FANCA"	"-"	9351	"FANCA"	"-"	"~*"	"FANCA"
"chr16"	89807681	89807681	1	"+"	"chr16+89807681"	1	1.12534041547568e-05	5098	"Polyclonal_50pct"	"sonic"	8966	"FANCA~*"	"-"	8966	"FANCA"	"-"	"FANCA"	"-"	8966	"FANCA"	"-"	"~*"	"FANCA"
"chr16"	89886531	89886531	1	"+"	"chr16+89886531"	1	1.12534041547568e-05	5098	"Polyclonal_50pct"	"sonic"	12940	"TCF25*"	"+"	12940	"TCF25"	"+"	"TCF25"	"+"	-69884	"FANCA"	"-"	"*"	"TCF25"
"chr16"	90191761	90191761	1	"+"	"chr16+90191761"	1	1.12534041547568e-05	5098	"Polyclonal_50pct"	"sonic"	14155	"FAM157C"	"+"	89498	"FAM157C"	"+"	"FALSE"	""	-375114	"FANCA"	"-"	""	"FAM157C"
"chr16"	11940253	11940253	1	"-"	"chr16-11940253"	1	1.12534041547568e-05	5098	"Polyclonal_50pct"	"sonic"	-12989	"NPIPB2*"	"-"	-23599	"GSPT1"	"-"	"NPIPB2"	"-"	-23599	"GSPT1"	"-"	"*"	"NPIPB2"
"chr16"	11965372	11965372	1	"-"	"chr16-11965372"	1	1.12534041547568e-05	5098	"Polyclonal_50pct"	"sonic"	163	"TNFRSF17~*"	"+"	163	"TNFRSF17"	"+"	"TNFRSF17"	"+"	163	"TNFRSF17"	"+"	"~*"	"TNFRSF17"
"chr16"	11965396	11965396	1	"-"	"chr16-11965396"	1	1.12534041547568e-05	5098	"Polyclonal_50pct"	"sonic"	187	"TNFRSF17~*"	"+"	187	"TNFRSF17"	"+"	"TNFRSF17"	"+"	187	"TNFRSF17"	"+"	"~*"	"TNFRSF17"
"chr16"	14201547	14201547	1	"-"	"chr16-14201547"	1	1.12534041547568e-05	5098	"Polyclonal_50pct"	"sonic"	14862	"MRTFB*"	"+"	14862	"MRTFB"	"+"	"MRTFB"	"+"	281394	"ERCC4"	"+"	"*"	"MRTFB"
"chr16"	1469081	1469081	1	"-"	"chr16-1469081"	1	1.12534041547568e-05	5098	"Polyclonal_50pct"	"sonic"	5947	"CLCN7*"	"-"	5947	"CLCN7"	"-"	"CLCN7"	"-"	302628	"NME3"	"-"	"*"	"CLCN7"
"chr16"	1648807	1648807	1	"-"	"chr16-1648807"	1	1.12534041547568e-05	5098	"Polyclonal_50pct"	"sonic"	-29101	"CRAMP1*"	"+"	-29471	"JPT2"	"+"	"CRAMP1"	"+"	122902	"NME3"	"-"	"*"	"CRAMP1"
"chr16"	1805424	1805424	1	"-"	"chr16-1805424"	1	1.12534041547568e-05	5098	"Polyclonal_50pct"	"sonic"	2205	"HAGH"	"-"	-10516	"IGFALS"	"-"	"FALSE"	""	-10516	"IGFALS"	"-"	""	"HAGH"
"chr16"	1831501	1831501	1	"-"	"chr16-1831501"	1	1.12534041547568e-05	5098	"Polyclonal_50pct"	"sonic"	4278	"FAHD1*"	"+"	4278	"FAHD1"	"+"	"FAHD1"	"+"	-36593	"IGFALS"	"-"	"*"	"FAHD1"
"chr16"	2067356	2067356	1	"-"	"chr16-2067356"	1	1.12534041547568e-05	5098	"Polyclonal_50pct"	"sonic"	19155	"TSC2~*"	"+"	19155	"TSC2"	"+"	"TSC2"	"+"	19155	"TSC2"	"+"	"~*"	"TSC2"
"chr16"	2070120	2070120	1	"-"	"chr16-2070120"	1	1.12534041547568e-05	5098	"Polyclonal_50pct"	"sonic"	-18600	"TSC2~*"	"+"	20164	"MIR1225"	"-"	"TSC2"	"+"	21919	"TSC2"	"+"	"~*"	"TSC2"
"chr16"	2394525	2394525	1	"-"	"chr16-2394525"	1	1.12534041547568e-05	5098	"Polyclonal_50pct"	"sonic"	-32174	"ABCA17P*"	"+"	-34921	"CCNF"	"+"	"ABCA17P"	"+"	-34921	"CCNF"	"+"	"*"	"ABCA17P"
"chr16"	2409708	2409708	1	"-"	"chr16-2409708"	1	1.12534041547568e-05	5098	"Polyclonal_50pct"	"sonic"	-16991	"ABCA17P*"	"+"	-19738	"CCNF"	"+"	"ABCA17P"	"+"	-19738	"CCNF"	"+"	"*"	"ABCA17P"
"chr16"	2441477	2441477	1	"-"	"chr16-2441477"	1	1.12534041547568e-05	5098	"Polyclonal_50pct"	"sonic"	12031	"CCNF~*"	"+"	-3914	"MIR6767"	"+"	"CCNF"	"+"	12031	"CCNF"	"+"	"~*"	"CCNF"
"chr16"	2478471	2478471	1	"-"	"chr16-2478471"	1	1.12534041547568e-05	5098	"Polyclonal_50pct"	"sonic"	3345	"TBC1D24*"	"+"	3345	"TBC1D24"	"+"	"TBC1D24"	"+"	49025	"CCNF"	"+"	"*"	"TBC1D24"
"chr16"	30145031	30145031	1	"-"	"chr16-30145031"	1	1.12534041547568e-05	5098	"Polyclonal_50pct"	"sonic"	-21722	"MAPK3~"	"-"	-21722	"MAPK3"	"-"	"FALSE"	""	-21722	"MAPK3"	"-"	"~"	"MAPK3"
"chr16"	30322662	30322662	1	"-"	"chr16-30322662"	1	1.12534041547568e-05	5098	"Polyclonal_50pct"	"sonic"	12712	"SMG1P5*"	"-"	12712	"SMG1P5"	"-"	"SMG1P5"	"-"	139061	"CORO1A"	"+"	"*"	"SMG1P5"
"chr16"	31890322	31890322	1	"-"	"chr16-31890322"	1	1.12534041547568e-05	5098	"Polyclonal_50pct"	"sonic"	16516	"ZNF267*"	"+"	16516	"ZNF267"	"+"	"ZNF267"	"+"	535147	"ITGAX"	"+"	"*"	"ZNF267"
"chr16"	334151	334151	1	"-"	"chr16-334151"	1	1.12534041547568e-05	5098	"Polyclonal_50pct"	"sonic"	18572	"AXIN1~*"	"-"	18572	"AXIN1"	"-"	"AXIN1"	"-"	18572	"AXIN1"	"-"	"~*"	"AXIN1"
"chr16"	334211	334211	1	"-"	"chr16-334211"	1	1.12534041547568e-05	5098	"Polyclonal_50pct"	"sonic"	18512	"AXIN1~*"	"-"	18512	"AXIN1"	"-"	"AXIN1"	"-"	18512	"AXIN1"	"-"	"~*"	"AXIN1"
"chr16"	334428	334428	1	"-"	"chr16-334428"	1	1.12534041547568e-05	5098	"Polyclonal_50pct"	"sonic"	18295	"AXIN1~*"	"-"	18295	"AXIN1"	"-"	"AXIN1"	"-"	18295	"AXIN1"	"-"	"~*"	"AXIN1"
"chr16"	4188584	4188584	1	"-"	"chr16-4188584"	1	1.12534041547568e-05	5098	"Polyclonal_50pct"	"sonic"	789	"SRL"	"-"	53496	"SRL"	"-"	"FALSE"	""	84439	"TFAP4"	"-"	""	"SRL"
"chr16"	46687105	46687105	1	"-"	"chr16-46687105"	1	1.12534041547568e-05	5098	"Polyclonal_50pct"	"sonic"	2073	"VPS35*"	"-"	2073	"VPS35"	"-"	"VPS35"	"-"	2977219	"ZNF423"	"-"	"*"	"VPS35"
"chr16"	55531024	55531024	1	"-"	"chr16-55531024"	1	1.12534041547568e-05	5098	"Polyclonal_50pct"	"sonic"	21953	"LPCAT2*"	"+"	21953	"LPCAT2"	"+"	"LPCAT2"	"+"	49468	"MMP2"	"+"	"*"	"LPCAT2"
"chr16"	55541171	55541171	1	"-"	"chr16-55541171"	1	1.12534041547568e-05	5098	"Polyclonal_50pct"	"sonic"	32100	"LPCAT2*"	"+"	-25512	"CAPNS2"	"+"	"LPCAT2"	"+"	59615	"MMP2"	"+"	"*"	"LPCAT2"
"chr16"	58564175	58564175	1	"-"	"chr16-58564175"	1	1.12534041547568e-05	5098	"Polyclonal_50pct"	"sonic"	-21023	"CNOT1*"	"-"	-4244	"SNORA50A"	"-"	"CNOT1"	"-"	1632034	"HERPUD1"	"+"	"*"	"CNOT1"
"chr16"	601229	601229	1	"-"	"chr16-601229"	1	1.12534041547568e-05	5098	"Polyclonal_50pct"	"sonic"	11153	"RAB40C*"	"+"	11153	"RAB40C"	"+"	"RAB40C"	"+"	-248506	"AXIN1"	"-"	"*"	"RAB40C"
"chr16"	60807036	60807036	1	"-"	"chr16-60807036"	1	1.12534041547568e-05	5098	"Polyclonal_50pct"	"sonic"	248670	"MIR4426"	"-"	248730	"MIR4426"	"-"	"FALSE"	""	3874895	"HERPUD1"	"+"	""	"MIR4426"
"chr16"	60845876	60845876	1	"-"	"chr16-60845876"	1	1.12534041547568e-05	5098	"Polyclonal_50pct"	"sonic"	209830	"MIR4426"	"-"	209890	"MIR4426"	"-"	"FALSE"	""	3913735	"HERPUD1"	"+"	""	"MIR4426"
"chr16"	629634	629634	1	"-"	"chr16-629634"	1	1.12534041547568e-05	5098	"Polyclonal_50pct"	"sonic"	361	"RAB40C"	"+"	-1350	"WFIKKN1"	"+"	"FALSE"	""	-276911	"AXIN1"	"-"	""	"RAB40C"
"chr16"	64355069	64355069	1	"-"	"chr16-64355069"	1	1.12534041547568e-05	5098	"Polyclonal_50pct"	"sonic"	588683	"CDH11"	"-"	766994	"CDH11"	"-"	"FALSE"	""	766994	"CDH11"	"-"	""	"CDH11"
"chr16"	65030409	65030409	1	"-"	"chr16-65030409"	1	1.12534041547568e-05	5098	"Polyclonal_50pct"	"sonic"	-86657	"CDH11~*"	"-"	91654	"CDH11"	"-"	"CDH11"	"-"	91654	"CDH11"	"-"	"~*"	"CDH11"
"chr16"	653037	653037	1	"-"	"chr16-653037"	1	1.12534041547568e-05	5098	"Polyclonal_50pct"	"sonic"	3673	"WDR90*"	"+"	3673	"WDR90"	"+"	"WDR90"	"+"	-300314	"AXIN1"	"-"	"*"	"WDR90"
"chr16"	653935	653935	1	"-"	"chr16-653935"	1	1.12534041547568e-05	5098	"Polyclonal_50pct"	"sonic"	4571	"WDR90*"	"+"	4571	"WDR90"	"+"	"WDR90"	"+"	-301212	"AXIN1"	"-"	"*"	"WDR90"
"chr16"	68103985	68103985	1	"-"	"chr16-68103985"	1	1.12534041547568e-05	5098	"Polyclonal_50pct"	"sonic"	18616	"NFATC3*"	"+"	18616	"NFATC3"	"+"	"NFATC3"	"+"	18616	"NFATC3"	"+"	"*"	"NFATC3"
"chr16"	72367270	72367270	1	"-"	"chr16-72367270"	1	1.12534041547568e-05	5098	"Polyclonal_50pct"	"sonic"	-86369	"LINC01572*"	"-"	-194820	"PMFBP1"	"-"	"LINC01572"	"-"	304045	"HPR"	"+"	"*"	"LINC01572"
"chr16"	80780396	80780396	1	"-"	"chr16-80780396"	1	1.12534041547568e-05	5098	"Polyclonal_50pct"	"sonic"	24202	"CDYL2*"	"-"	24202	"CDYL2"	"-"	"CDYL2"	"-"	-1179659	"MAF"	"-"	"*"	"CDYL2"
"chr16"	8151719	8151719	1	"-"	"chr16-8151719"	1	1.12534041547568e-05	5098	"Polyclonal_50pct"	"sonic"	374829	"TMEM114"	"-"	438119	"TMEM114"	"-"	"FALSE"	""	784920	"USP7"	"-"	""	"TMEM114"
"chr16"	85129737	85129737	1	"-"	"chr16-85129737"	1	1.12534041547568e-05	5098	"Polyclonal_50pct"	"sonic"	-7412	"LINC02139"	"+"	-7412	"LINC02139"	"+"	"FALSE"	""	-118202	"ZDHHC7"	"-"	""	"LINC02139"
"chr16"	85793527	85793527	1	"-"	"chr16-85793527"	1	1.12534041547568e-05	5098	"Polyclonal_50pct"	"sonic"	6017	"EMC8*"	"-"	1113	"LOC101928557"	"+"	"EMC8"	"-"	-773301	"FOXC2"	"+"	"*"	"EMC8"
"chr16"	88590564	88590564	1	"-"	"chr16-88590564"	1	1.12534041547568e-05	5098	"Polyclonal_50pct"	"sonic"	20162	"ZC3H18*"	"+"	20162	"ZC3H18"	"+"	"ZC3H18"	"+"	-213224	"CDT1"	"+"	"*"	"ZC3H18"
"chr16"	88602671	88602671	1	"-"	"chr16-88602671"	1	1.12534041547568e-05	5098	"Polyclonal_50pct"	"sonic"	-29293	"ZC3H18*"	"+"	32269	"ZC3H18"	"+"	"ZC3H18"	"+"	-201117	"CDT1"	"+"	"*"	"ZC3H18"
"chr16"	88708561	88708561	1	"-"	"chr16-88708561"	1	1.12534041547568e-05	5098	"Polyclonal_50pct"	"sonic"	2059	"CTU2*"	"+"	2059	"CTU2"	"+"	"CTU2"	"+"	-95227	"CDT1"	"+"	"*"	"CTU2"
"chr16"	89774644	89774644	1	"-"	"chr16-89774644"	1	1.12534041547568e-05	5098	"Polyclonal_50pct"	"sonic"	-37096	"FANCA~*"	"-"	42003	"FANCA"	"-"	"FANCA"	"-"	42003	"FANCA"	"-"	"~*"	"FANCA"
"chr16"	89799437	89799437	1	"-"	"chr16-89799437"	1	1.12534041547568e-05	5098	"Polyclonal_50pct"	"sonic"	-1084	"FANCA~*"	"-"	17210	"FANCA"	"-"	"FANCA"	"-"	17210	"FANCA"	"-"	"~*"	"FANCA"
"chr16"	89931588	89931588	1	"-"	"chr16-89931588"	1	1.12534041547568e-05	5098	"Polyclonal_50pct"	"sonic"	-4509	"TUBB3*"	"+"	8247	"TUBB3"	"+"	"TUBB3"	"+"	-114941	"FANCA"	"-"	"*"	"TUBB3"
"chr16"	90087522	90087522	1	"-"	"chr16-90087522"	1	1.12534041547568e-05	5098	"Polyclonal_50pct"	"sonic"	-10191	"PRDM7"	"-"	-10191	"PRDM7"	"-"	"FALSE"	""	-270875	"FANCA"	"-"	""	"PRDM7"
"chr17"	14890608	14890608	1	"+"	"chr17+14890608"	1	1.12534041547568e-05	5098	"Polyclonal_50pct"	"sonic"	-124196	"LOC101928475"	"+"	-124196	"LOC101928475"	"+"	"FALSE"	""	1304031	"NCOR1"	"-"	""	"LOC101928475"
"chr17"	16132065	16132065	1	"+"	"chr17+16132065"	1	1.12534041547568e-05	5098	"Polyclonal_50pct"	"sonic"	-40496	"NCOR1~*"	"-"	21131	"SNORD163"	"-"	"NCOR1"	"-"	62574	"NCOR1"	"-"	"~*"	"NCOR1"
"chr17"	16182801	16182801	1	"+"	"chr17+16182801"	1	1.12534041547568e-05	5098	"Polyclonal_50pct"	"sonic"	11838	"NCOR1~*"	"-"	11838	"NCOR1"	"-"	"NCOR1"	"-"	11838	"NCOR1"	"-"	"~*"	"NCOR1"
"chr17"	1778888	1778888	1	"+"	"chr17+1778888"	1	1.12534041547568e-05	5098	"Polyclonal_50pct"	"sonic"	596	"SMYD4"	"-"	7218	"SERPINF1"	"+"	"FALSE"	""	-68511	"TLCD2"	"-"	""	"SMYD4"
"chr17"	2226655	2226655	1	"+"	"chr17+2226655"	1	1.12534041547568e-05	5098	"Polyclonal_50pct"	"sonic"	10192	"SMG6*"	"-"	-6022	"LOC101927839"	"+"	"SMG6"	"-"	10192	"SMG6"	"-"	"*"	"SMG6"
"chr17"	2698060	2698060	1	"+"	"chr17+2698060"	1	1.12534041547568e-05	5098	"Polyclonal_50pct"	"sonic"	-8674	"CLUH*"	"-"	-5141	"MIR6776"	"-"	"CLUH"	"-"	-394275	"SMG6"	"-"	"*"	"CLUH"
"chr17"	28592415	28592415	1	"+"	"chr17+28592415"	1	1.12534041547568e-05	5098	"Polyclonal_50pct"	"sonic"	6610	"SPAG5*"	"-"	6610	"SPAG5"	"-"	"SPAG5"	"-"	-151595	"TRAF4"	"+"	"*"	"SPAG5"
"chr17"	28794737	28794737	1	"+"	"chr17+28794737"	1	1.12534041547568e-05	5098	"Polyclonal_50pct"	"sonic"	17734	"FAM222B*"	"-"	17734	"FAM222B"	"-"	"FAM222B"	"-"	50727	"TRAF4"	"+"	"*"	"FAM222B"
"chr17"	29989148	29989148	1	"+"	"chr17+29989148"	1	1.12534041547568e-05	5098	"Polyclonal_50pct"	"sonic"	47515	"EFCAB5*"	"+"	47515	"EFCAB5"	"+"	"EFCAB5"	"+"	-1105778	"NF1"	"+"	"*"	"EFCAB5"
"chr17"	30995665	30995665	1	"+"	"chr17+30995665"	1	1.12534041547568e-05	5098	"Polyclonal_50pct"	"sonic"	-4246	"RNF135*"	"+"	-12618	"LOC107984974"	"+"	"RNF135"	"+"	-99261	"NF1"	"+"	"*"	"RNF135"
"chr17"	31965107	31965107	1	"+"	"chr17+31965107"	1	1.12534041547568e-05	5098	"Polyclonal_50pct"	"sonic"	28101	"SUZ12~*"	"+"	28101	"SUZ12"	"+"	"SUZ12"	"+"	28101	"SUZ12"	"+"	"~*"	"SUZ12"
"chr17"	35615917	35615917	1	"+"	"chr17+35615917"	1	1.12534041547568e-05	5098	"Polyclonal_50pct"	"sonic"	28596	"AP2B1*"	"+"	28596	"AP2B1"	"+"	"AP2B1"	"+"	-193566	"TAF15"	"+"	"*"	"AP2B1"
"chr17"	35618671	35618671	1	"+"	"chr17+35618671"	1	1.12534041547568e-05	5098	"Polyclonal_50pct"	"sonic"	31350	"AP2B1*"	"+"	31350	"AP2B1"	"+"	"AP2B1"	"+"	-190812	"TAF15"	"+"	"*"	"AP2B1"
"chr17"	40043755	40043755	1	"+"	"chr17+40043755"	1	1.12534041547568e-05	5098	"Polyclonal_50pct"	"sonic"	10653	"MED24*"	"-"	10653	"MED24"	"-"	"MED24"	"-"	-18437	"THRA"	"+"	"*"	"MED24"
"chr17"	40667261	40667261	1	"+"	"chr17+40667261"	1	1.12534041547568e-05	5098	"Polyclonal_50pct"	"sonic"	-2084	"KRT222"	"-"	-2084	"KRT222"	"-"	"FALSE"	""	-101789	"CCR7"	"-"	""	"KRT222"
"chr17"	43474635	43474635	1	"+"	"chr17+43474635"	1	1.12534041547568e-05	5098	"Polyclonal_50pct"	"sonic"	-9229	"DHX8"	"+"	-9229	"DHX8"	"+"	"FALSE"	""	55800	"ETV4"	"-"	""	"DHX8"
"chr17"	44031161	44031161	1	"+"	"chr17+44031161"	1	1.12534041547568e-05	5098	"Polyclonal_50pct"	"sonic"	3166	"LSM12"	"-"	-8010	"TMEM101"	"-"	"FALSE"	""	-26716	"PYY"	"-"	""	"LSM12"
"chr17"	44101662	44101662	1	"+"	"chr17+44101662"	1	1.12534041547568e-05	5098	"Polyclonal_50pct"	"sonic"	21979	"HDAC5*"	"-"	-14249	"LOC105371789"	"+"	"HDAC5"	"-"	-97217	"PYY"	"-"	"*"	"HDAC5"
"chr17"	44145531	44145531	1	"+"	"chr17+44145531"	1	1.12534041547568e-05	5098	"Polyclonal_50pct"	"sonic"	3602	"HROB*"	"+"	3602	"HROB"	"+"	"HROB"	"+"	122604	"SLC4A1"	"-"	"*"	"HROB"
"chr17"	44188646	44188646	1	"+"	"chr17+44188646"	1	1.12534041547568e-05	5098	"Polyclonal_50pct"	"sonic"	1444	"TMUB2*"	"+"	1444	"TMUB2"	"+"	"TMUB2"	"+"	79489	"SLC4A1"	"-"	"*"	"TMUB2"
"chr17"	44460724	44460724	1	"+"	"chr17+44460724"	1	1.12534041547568e-05	5098	"Polyclonal_50pct"	"sonic"	42682	"GPATCH8*"	"-"	-23873	"GPATCH8"	"-"	"GPATCH8"	"-"	115423	"GRN"	"+"	"*"	"GPATCH8"
"chr17"	44673410	44673410	1	"+"	"chr17+44673410"	1	1.12534041547568e-05	5098	"Polyclonal_50pct"	"sonic"	-2391	"MEIOC*"	"+"	16366	"CCDC43"	"-"	"MEIOC"	"+"	328109	"GRN"	"+"	"*"	"MEIOC"
"chr17"	46437604	46437604	1	"+"	"chr17+46437604"	1	1.12534041547568e-05	5098	"Polyclonal_50pct"	"sonic"	14507	"NSFP1"	"+"	64792	"NSFP1"	"+"	"FALSE"	""	381088	"WNT3"	"-"	""	"NSFP1"
"chr17"	46457901	46457901	1	"+"	"chr17+46457901"	1	1.12534041547568e-05	5098	"Polyclonal_50pct"	"sonic"	34804	"NSFP1"	"+"	-54808	"LRRC37A2"	"+"	"FALSE"	""	360791	"WNT3"	"-"	""	"NSFP1"
"chr17"	47370373	47370373	1	"+"	"chr17+47370373"	1	1.12534041547568e-05	5098	"Polyclonal_50pct"	"sonic"	46419	"EFCAB13*"	"+"	46419	"EFCAB13"	"+"	"EFCAB13"	"+"	-181078	"CDC27"	"-"	"*"	"EFCAB13"
"chr17"	47622531	47622531	1	"+"	"chr17+47622531"	1	1.12534041547568e-05	5098	"Polyclonal_50pct"	"sonic"	-745	"NPEPPS*"	"+"	-27387	"KPNB1"	"+"	"NPEPPS"	"+"	-110704	"TBX21"	"+"	"*"	"NPEPPS"
"chr17"	49352655	49352655	1	"+"	"chr17+49352655"	1	1.12534041547568e-05	5098	"Polyclonal_50pct"	"sonic"	9595	"ZNF652*"	"-"	-8509	"LOC102724596"	"+"	"ZNF652"	"-"	62203	"PHB"	"-"	"*"	"ZNF652"
"chr17"	49606447	49606447	1	"+"	"chr17+49606447"	1	1.12534041547568e-05	5098	"Polyclonal_50pct"	"sonic"	-7564	"SPOP~*"	"-"	20142	"SPOP"	"-"	"SPOP"	"-"	20142	"SPOP"	"-"	"~*"	"SPOP"
"chr17"	49660388	49660388	1	"+"	"chr17+49660388"	1	1.12534041547568e-05	5098	"Polyclonal_50pct"	"sonic"	17709	"SPOP~*"	"-"	-13870	"SPOP"	"-"	"SPOP"	"-"	-13870	"SPOP"	"-"	"~*"	"SPOP"
"chr17"	51011624	51011624	1	"+"	"chr17+51011624"	1	1.12534041547568e-05	5098	"Polyclonal_50pct"	"sonic"	35254	"SPAG9*"	"-"	35254	"SPAG9"	"-"	"SPAG9"	"-"	-809993	"COL1A1"	"-"	"*"	"SPAG9"
"chr17"	52976617	52976617	1	"+"	"chr17+52976617"	1	1.12534041547568e-05	5098	"Polyclonal_50pct"	"sonic"	-8887	"LINC02876"	"+"	-8887	"LINC02876"	"+"	"FALSE"	""	-2288342	"HLF"	"+"	""	"LINC02876"
"chr17"	53850143	53850143	1	"+"	"chr17+53850143"	1	1.12534041547568e-05	5098	"Polyclonal_50pct"	"sonic"	24950	"KIF2B"	"+"	27217	"KIF2B"	"+"	"FALSE"	""	-1414816	"HLF"	"+"	""	"KIF2B"
"chr17"	54562033	54562033	1	"+"	"chr17+54562033"	1	1.12534041547568e-05	5098	"Polyclonal_50pct"	"sonic"	-338657	"TOM1L1"	"+"	-338657	"TOM1L1"	"+"	"FALSE"	""	-702926	"HLF"	"+"	""	"TOM1L1"
"chr17"	54763264	54763264	1	"+"	"chr17+54763264"	1	1.12534041547568e-05	5098	"Polyclonal_50pct"	"sonic"	-137426	"TOM1L1"	"+"	-137426	"TOM1L1"	"+"	"FALSE"	""	-501695	"HLF"	"+"	""	"TOM1L1"
"chr17"	55857615	55857615	1	"+"	"chr17+55857615"	1	1.12534041547568e-05	5098	"Polyclonal_50pct"	"sonic"	34525	"PCTP"	"+"	106511	"PCTP"	"+"	"FALSE"	""	591394	"HLF"	"+"	""	"PCTP"
"chr17"	56846002	56846002	1	"+"	"chr17+56846002"	1	1.12534041547568e-05	5098	"Polyclonal_50pct"	"sonic"	11852	"DGKE*"	"+"	11852	"DGKE"	"+"	"DGKE"	"+"	11852	"DGKE"	"+"	"*"	"DGKE"
"chr17"	57845183	57845183	1	"+"	"chr17+57845183"	1	1.12534041547568e-05	5098	"Polyclonal_50pct"	"sonic"	4861	"MRPS23*"	"-"	4861	"MRPS23"	"-"	"MRPS23"	"-"	58206	"CUEDC1"	"-"	"*"	"MRPS23"
"chr17"	59798188	59798188	1	"+"	"chr17+59798188"	1	1.12534041547568e-05	5098	"Polyclonal_50pct"	"sonic"	-44067	"VMP1*"	"+"	-43077	"MIR21"	"+"	"VMP1"	"+"	-43077	"MIR21"	"+"	"*"	"VMP1"
"chr17"	59916137	59916137	1	"+"	"chr17+59916137"	1	1.12534041547568e-05	5098	"Polyclonal_50pct"	"sonic"	23017	"RPS6KB1*"	"+"	23017	"RPS6KB1"	"+"	"RPS6KB1"	"+"	74872	"MIR21"	"+"	"*"	"RPS6KB1"
"chr17"	60646269	60646269	1	"+"	"chr17+60646269"	1	1.12534041547568e-05	5098	"Polyclonal_50pct"	"sonic"	-20010	"PPM1D~*"	"+"	-31581	"BCAS3"	"+"	"PPM1D"	"+"	-31581	"BCAS3"	"+"	"~*"	"PPM1D"
"chr17"	61707839	61707839	1	"+"	"chr17+61707839"	1	1.12534041547568e-05	5098	"Polyclonal_50pct"	"sonic"	-28701	"BRIP1~*"	"-"	-116620	"NACA2"	"-"	"BRIP1"	"-"	155689	"BRIP1"	"-"	"~*"	"BRIP1"
"chr17"	62344828	62344828	1	"+"	"chr17+62344828"	1	1.12534041547568e-05	5098	"Polyclonal_50pct"	"sonic"	-25389	"EFCAB3"	"+"	-25389	"EFCAB3"	"+"	"FALSE"	""	-481300	"BRIP1"	"-"	""	"EFCAB3"
"chr17"	63666896	63666896	1	"+"	"chr17+63666896"	1	1.12534041547568e-05	5098	"Polyclonal_50pct"	"sonic"	-29409	"MAP3K3*"	"+"	33229	"LIMD2"	"-"	"MAP3K3"	"+"	265435	"CD79B"	"-"	"*"	"MAP3K3"
"chr17"	64113117	64113117	1	"+"	"chr17+64113117"	1	1.12534041547568e-05	5098	"Polyclonal_50pct"	"sonic"	17027	"ERN1*"	"-"	17027	"ERN1"	"-"	"ERN1"	"-"	-180786	"CD79B"	"-"	"*"	"ERN1"
"chr17"	64552606	64552606	1	"+"	"chr17+64552606"	1	1.12534041547568e-05	5098	"Polyclonal_50pct"	"sonic"	-10325	"SMURF2*"	"-"	45630	"CEP95"	"+"	"SMURF2"	"-"	-45740	"DDX5"	"-"	"*"	"SMURF2"
"chr17"	65843154	65843154	1	"+"	"chr17+65843154"	1	1.12534041547568e-05	5098	"Polyclonal_50pct"	"sonic"	-207615	"CEP112*"	"-"	-16703	"CEP112"	"-"	"CEP112"	"-"	-281506	"AXIN2"	"-"	"*"	"CEP112"
"chr17"	66021433	66021433	1	"+"	"chr17+66021433"	1	1.12534041547568e-05	5098	"Polyclonal_50pct"	"sonic"	170459	"CEP112*"	"-"	170459	"CEP112"	"-"	"CEP112"	"-"	-459785	"AXIN2"	"-"	"*"	"CEP112"
"chr17"	69308990	69308990	1	"+"	"chr17+69308990"	1	1.12534041547568e-05	5098	"Polyclonal_50pct"	"sonic"	6643	"ABCA5*"	"-"	6643	"ABCA5"	"-"	"ABCA5"	"-"	793597	"PRKAR1A"	"+"	"*"	"ABCA5"
"chr17"	73901874	73901874	1	"+"	"chr17+73901874"	1	1.12534041547568e-05	5098	"Polyclonal_50pct"	"sonic"	-73337	"LINC00469"	"-"	-73337	"LINC00469"	"-"	"FALSE"	""	736865	"SSTR2"	"+"	""	"LINC00469"
"chr17"	75365430	75365430	1	"+"	"chr17+75365430"	1	1.12534041547568e-05	5098	"Polyclonal_50pct"	"sonic"	40248	"GRB2~*"	"-"	40248	"GRB2"	"-"	"GRB2"	"-"	40248	"GRB2"	"-"	"~*"	"GRB2"
"chr17"	75379460	75379460	1	"+"	"chr17+75379460"	1	1.12534041547568e-05	5098	"Polyclonal_50pct"	"sonic"	26218	"GRB2~*"	"-"	26218	"GRB2"	"-"	"GRB2"	"-"	26218	"GRB2"	"-"	"~*"	"GRB2"
"chr17"	75687096	75687096	1	"+"	"chr17+75687096"	1	1.12534041547568e-05	5098	"Polyclonal_50pct"	"sonic"	19759	"SAP30BP*"	"+"	19759	"SAP30BP"	"+"	"SAP30BP"	"+"	-19942	"RECQL5"	"-"	"*"	"SAP30BP"
"chr17"	75983930	75983930	1	"+"	"chr17+75983930"	1	1.12534041547568e-05	5098	"Polyclonal_50pct"	"sonic"	4691	"TEN1*"	"+"	4691	"TEN1"	"+"	"TEN1-CDK3,TEN1"	"+"	256563	"RNF157"	"-"	"*"	"TEN1"
"chr17"	76059114	76059114	1	"+"	"chr17+76059114"	1	1.12534041547568e-05	5098	"Polyclonal_50pct"	"sonic"	13403	"SRP68*"	"-"	-5458	"SRP68"	"-"	"SRP68"	"-"	181379	"RNF157"	"-"	"*"	"SRP68"
"chr17"	76236135	76236135	1	"+"	"chr17+76236135"	1	1.12534041547568e-05	5098	"Polyclonal_50pct"	"sonic"	4358	"RNF157*"	"-"	4358	"RNF157"	"-"	"RNF157"	"-"	4358	"RNF157"	"-"	"*"	"RNF157"
"chr17"	76430333	76430333	1	"+"	"chr17+76430333"	1	1.12534041547568e-05	5098	"Polyclonal_50pct"	"sonic"	22819	"UBE2O*"	"-"	22819	"UBE2O"	"-"	"UBE2O"	"-"	-189840	"RNF157"	"-"	"*"	"UBE2O"
"chr17"	76517704	76517704	1	"+"	"chr17+76517704"	1	1.12534041547568e-05	5098	"Polyclonal_50pct"	"sonic"	9651	"CYGB"	"-"	-9881	"PRCD"	"+"	"FALSE"	""	126053	"ST6GALNAC1"	"-"	""	"CYGB"
"chr17"	77194362	77194362	1	"+"	"chr17+77194362"	1	1.12534041547568e-05	5098	"Polyclonal_50pct"	"sonic"	9150	"SEC14L1*"	"+"	9150	"SEC14L1"	"+"	"SEC14L1"	"+"	-456951	"SRSF2"	"-"	"*"	"SEC14L1"
"chr17"	77715195	77715195	1	"+"	"chr17+77715195"	1	1.12534041547568e-05	5098	"Polyclonal_50pct"	"sonic"	7676	"LINC01987"	"-"	13364	"LINC01987"	"-"	"FALSE"	""	471857	"TK1"	"-"	""	"LINC01987"
"chr17"	78062522	78062522	1	"+"	"chr17+78062522"	1	1.12534041547568e-05	5098	"Polyclonal_50pct"	"sonic"	-46313	"TNRC6C*"	"+"	58286	"TNRC6C"	"+"	"TNRC6C"	"+"	124530	"TK1"	"-"	"*"	"TNRC6C"
"chr17"	78099364	78099364	1	"+"	"chr17+78099364"	1	1.12534041547568e-05	5098	"Polyclonal_50pct"	"sonic"	-9471	"TNRC6C*"	"+"	29391	"TMC6"	"-"	"TNRC6C"	"+"	87688	"TK1"	"-"	"*"	"TNRC6C"
"chr17"	78135755	78135755	1	"+"	"chr17+78135755"	1	1.12534041547568e-05	5098	"Polyclonal_50pct"	"sonic"	4985	"TMC8*"	"+"	-3328	"TMC6"	"-"	"TMC8"	"+"	51297	"TK1"	"-"	"*"	"TMC8"
"chr17"	78271983	78271983	1	"+"	"chr17+78271983"	1	1.12534041547568e-05	5098	"Polyclonal_50pct"	"sonic"	6509	"LINC01993*"	"-"	6509	"LINC01993"	"-"	"LINC01993"	"-"	-84779	"TK1"	"-"	"*"	"LINC01993"
"chr17"	79060532	79060532	1	"+"	"chr17+79060532"	1	1.12534041547568e-05	5098	"Polyclonal_50pct"	"sonic"	10744	"C1QTNF1"	"+"	-14291	"ENGASE"	"+"	"FALSE"	""	-50768	"CANT1"	"-"	""	"C1QTNF1"
"chr17"	80959972	80959972	1	"+"	"chr17+80959972"	1	1.12534041547568e-05	5098	"Polyclonal_50pct"	"sonic"	-6396	"RPTOR*"	"+"	11241	"LOC400627"	"-"	"RPTOR"	"+"	699121	"RNF213"	"+"	"*"	"RPTOR"
"chr17"	81879126	81879126	1	"+"	"chr17+81879126"	1	1.12534041547568e-05	5098	"Polyclonal_50pct"	"sonic"	-7789	"ARHGDIA"	"-"	-7789	"ARHGDIA"	"-"	"FALSE"	""	44340	"MAFG"	"-"	""	"ARHGDIA"
"chr17"	81897980	81897980	1	"+"	"chr17+81897980"	1	1.12534041547568e-05	5098	"Polyclonal_50pct"	"sonic"	-2275	"ANAPC11*"	"+"	-4257	"NPB"	"+"	"ANAPC11"	"+"	25486	"MAFG"	"-"	"*"	"ANAPC11"
"chr17"	82111940	82111940	1	"+"	"chr17+82111940"	1	1.12534041547568e-05	5098	"Polyclonal_50pct"	"sonic"	-10471	"CCDC57*"	"-"	-13704	"FASN"	"-"	"CCDC57"	"-"	80263	"RAC3"	"+"	"*"	"CCDC57"
"chr17"	82220073	82220073	1	"+"	"chr17+82220073"	1	1.12534041547568e-05	5098	"Polyclonal_50pct"	"sonic"	-7231	"CCDC57"	"-"	-7231	"CCDC57"	"-"	"FALSE"	""	-8332	"SLC16A3"	"+"	""	"CCDC57"
"chr17"	82530034	82530034	1	"+"	"chr17+82530034"	1	1.12534041547568e-05	5098	"Polyclonal_50pct"	"sonic"	10303	"FOXK2*"	"+"	10303	"FOXK2"	"+"	"FOXK2"	"+"	294261	"SLC16A3"	"+"	"*"	"FOXK2"
"chr17"	82530092	82530092	1	"+"	"chr17+82530092"	1	1.12534041547568e-05	5098	"Polyclonal_50pct"	"sonic"	10361	"FOXK2*"	"+"	10361	"FOXK2"	"+"	"FOXK2"	"+"	294319	"SLC16A3"	"+"	"*"	"FOXK2"
"chr17"	9452709	9452709	1	"+"	"chr17+9452709"	1	1.12534041547568e-05	5098	"Polyclonal_50pct"	"sonic"	123111	"STX8*"	"-"	123111	"STX8"	"-"	"STX8"	"-"	-486997	"PIK3R5"	"-"	"*"	"STX8"
"chr17"	20332351	20332351	1	"-"	"chr17-20332351"	1	1.12534041547568e-05	5098	"Polyclonal_50pct"	"sonic"	11178	"CCDC144CP*"	"+"	11178	"CCDC144CP"	"+"	"CCDC144CP"	"+"	176280	"SPECC1"	"+"	"*"	"CCDC144CP"
"chr17"	30758463	30758463	1	"-"	"chr17-30758463"	1	1.12534041547568e-05	5098	"Polyclonal_50pct"	"sonic"	-11587	"SUZ12P1*"	"+"	48856	"SUZ12P1"	"+"	"SUZ12P1"	"+"	-336463	"NF1"	"+"	"*"	"SUZ12P1"
"chr17"	31322975	31322975	1	"-"	"chr17-31322975"	1	1.12534041547568e-05	5098	"Polyclonal_50pct"	"sonic"	-54700	"NF1~*"	"+"	-1353	"EVI2A"	"-"	"NF1"	"+"	227999	"NF1"	"+"	"~*"	"NF1"
"chr17"	33610483	33610483	1	"-"	"chr17-33610483"	1	1.12534041547568e-05	5098	"Polyclonal_50pct"	"sonic"	546323	"ASIC2*"	"-"	-76723	"AA06"	"-"	"ASIC2"	"-"	-659737	"CCL7"	"+"	"*"	"ASIC2"
"chr17"	39351664	39351664	1	"-"	"chr17-39351664"	1	1.12534041547568e-05	5098	"Polyclonal_50pct"	"sonic"	49962	"FBXL20*"	"-"	49962	"FBXL20"	"-"	"FBXL20"	"-"	-275287	"PPP1R1B"	"+"	"*"	"FBXL20"
"chr17"	40152706	40152706	1	"-"	"chr17-40152706"	1	1.12534041547568e-05	5098	"Polyclonal_50pct"	"sonic"	12170	"CASC3~*"	"+"	-9226	"MIR6866"	"+"	"CASC3"	"+"	12170	"CASC3"	"+"	"~*"	"CASC3"
"chr17"	40173257	40173257	1	"-"	"chr17-40173257"	1	1.12534041547568e-05	5098	"Polyclonal_50pct"	"sonic"	1086	"CASC3~"	"+"	-3752	"RAPGEFL1"	"+"	"FALSE"	""	32721	"CASC3"	"+"	"~"	"CASC3"
"chr17"	41676316	41676316	1	"-"	"chr17-41676316"	1	1.12534041547568e-05	5098	"Polyclonal_50pct"	"sonic"	-12568	"EIF1"	"+"	-12568	"EIF1"	"+"	"FALSE"	""	-159368	"KLHL10"	"+"	""	"EIF1"
"chr17"	41852867	41852867	1	"-"	"chr17-41852867"	1	1.12534041547568e-05	5098	"Polyclonal_50pct"	"sonic"	-4349	"KLHL11*"	"-"	12556	"KLHL11"	"-"	"KLHL11"	"-"	15043	"KLHL10"	"+"	"*"	"KLHL11"
"chr17"	4281774	4281774	1	"-"	"chr17-4281774"	1	1.12534041547568e-05	5098	"Polyclonal_50pct"	"sonic"	-12558	"UBE2G1*"	"-"	-9880	"LOC103021295"	"-"	"UBE2G1"	"-"	273610	"MYBBP1A"	"-"	"*"	"UBE2G1"
"chr17"	44178438	44178438	1	"-"	"chr17-44178438"	1	1.12534041547568e-05	5098	"Polyclonal_50pct"	"sonic"	-646	"ASB16*"	"+"	7735	"ASB16"	"+"	"ASB16,ASB16-AS1"	"+,-"	89697	"SLC4A1"	"-"	"*"	"ASB16"
"chr17"	44686385	44686385	1	"-"	"chr17-44686385"	1	1.12534041547568e-05	5098	"Polyclonal_50pct"	"sonic"	3391	"CCDC43*"	"-"	3391	"CCDC43"	"-"	"CCDC43"	"-"	341084	"GRN"	"+"	"*"	"CCDC43"
"chr17"	46510925	46510925	1	"-"	"chr17-46510925"	1	1.12534041547568e-05	5098	"Polyclonal_50pct"	"sonic"	-2245	"ARL17A*"	"-"	-1784	"LRRC37A2"	"+"	"ARL17A"	"-"	307767	"WNT3"	"-"	"*"	"ARL17A"
"chr17"	47404306	47404306	1	"-"	"chr17-47404306"	1	1.12534041547568e-05	5098	"Polyclonal_50pct"	"sonic"	-26404	"EFCAB13*"	"+"	80352	"EFCAB13"	"+"	"EFCAB13"	"+"	-215011	"CDC27"	"-"	"*"	"EFCAB13"
"chr17"	47570501	47570501	1	"-"	"chr17-47570501"	1	1.12534041547568e-05	5098	"Polyclonal_50pct"	"sonic"	39394	"NPEPPS*"	"+"	39394	"NPEPPS"	"+"	"NPEPPS"	"+"	-162734	"TBX21"	"+"	"*"	"NPEPPS"
"chr17"	47955561	47955561	1	"-"	"chr17-47955561"	1	1.12534041547568e-05	5098	"Polyclonal_50pct"	"sonic"	2322	"PRR15L*"	"-"	2322	"PRR15L"	"-"	"PRR15L"	"-"	222326	"TBX21"	"+"	"*"	"PRR15L"
"chr17"	48218909	48218909	1	"-"	"chr17-48218909"	1	1.12534041547568e-05	5098	"Polyclonal_50pct"	"sonic"	-85468	"SKAP1*"	"-"	-62398	"MIR1203"	"-"	"SKAP1"	"-"	396383	"HOXB8"	"-"	"*"	"SKAP1"
"chr17"	48344562	48344562	1	"-"	"chr17-48344562"	1	1.12534041547568e-05	5098	"Polyclonal_50pct"	"sonic"	85652	"SKAP1*"	"-"	50216	"THRA1/BTR"	"+"	"SKAP1"	"-"	270730	"HOXB8"	"-"	"*"	"SKAP1"
"chr17"	49645981	49645981	1	"-"	"chr17-49645981"	1	1.12534041547568e-05	5098	"Polyclonal_50pct"	"sonic"	537	"SPOP~*"	"-"	537	"SPOP"	"-"	"SPOP"	"-"	537	"SPOP"	"-"	"~*"	"SPOP"
"chr17"	53330926	53330926	1	"-"	"chr17-53330926"	1	1.12534041547568e-05	5098	"Polyclonal_50pct"	"sonic"	343274	"LINC02876"	"+"	345422	"LINC02876"	"+"	"FALSE"	""	-1934033	"HLF"	"+"	""	"LINC02876"
"chr17"	53584501	53584501	1	"-"	"chr17-53584501"	1	1.12534041547568e-05	5098	"Polyclonal_50pct"	"sonic"	-238425	"KIF2B"	"+"	-238425	"KIF2B"	"+"	"FALSE"	""	-1680458	"HLF"	"+"	""	"KIF2B"
"chr17"	57178205	57178205	1	"-"	"chr17-57178205"	1	1.12534041547568e-05	5098	"Polyclonal_50pct"	"sonic"	56861	"AKAP1"	"+"	-77645	"MSI2"	"+"	"FALSE"	""	-77645	"MSI2"	"+"	""	"AKAP1"
"chr17"	58877718	58877718	1	"-"	"chr17-58877718"	1	1.12534041547568e-05	5098	"Polyclonal_50pct"	"sonic"	-107461	"PPM1E~*"	"+"	121850	"PPM1E"	"+"	"PPM1E"	"+"	121850	"PPM1E"	"+"	"~*"	"PPM1E"
"chr17"	59912226	59912226	1	"-"	"chr17-59912226"	1	1.12534041547568e-05	5098	"Polyclonal_50pct"	"sonic"	19106	"RPS6KB1*"	"+"	19106	"RPS6KB1"	"+"	"RPS6KB1"	"+"	70961	"MIR21"	"+"	"*"	"RPS6KB1"
"chr17"	60802312	60802312	1	"-"	"chr17-60802312"	1	1.12534041547568e-05	5098	"Polyclonal_50pct"	"sonic"	124462	"BCAS3~*"	"+"	124462	"BCAS3"	"+"	"BCAS3"	"+"	124462	"BCAS3"	"+"	"~*"	"BCAS3"
"chr17"	60865506	60865506	1	"-"	"chr17-60865506"	1	1.12534041547568e-05	5098	"Polyclonal_50pct"	"sonic"	187656	"BCAS3~*"	"+"	187656	"BCAS3"	"+"	"BCAS3"	"+"	187656	"BCAS3"	"+"	"~*"	"BCAS3"
"chr17"	61785075	61785075	1	"-"	"chr17-61785075"	1	1.12534041547568e-05	5098	"Polyclonal_50pct"	"sonic"	78453	"BRIP1~*"	"-"	78453	"BRIP1"	"-"	"BRIP1"	"-"	78453	"BRIP1"	"-"	"~*"	"BRIP1"
"chr17"	63101031	63101031	1	"-"	"chr17-63101031"	1	1.12534041547568e-05	5098	"Polyclonal_50pct"	"sonic"	134797	"TANC2*"	"+"	134797	"TANC2"	"+"	"TANC2"	"+"	831300	"CD79B"	"-"	"*"	"TANC2"
"chr17"	63747341	63747341	1	"-"	"chr17-63747341"	1	1.12534041547568e-05	5098	"Polyclonal_50pct"	"sonic"	-2086	"CCDC47*"	"-"	-5355	"STRADA"	"-"	"CCDC47"	"-"	184990	"CD79B"	"-"	"*"	"CCDC47"
"chr17"	65689114	65689114	1	"-"	"chr17-65689114"	1	1.12534041547568e-05	5098	"Polyclonal_50pct"	"sonic"	-53575	"CEP112*"	"-"	-127466	"AXIN2"	"-"	"CEP112"	"-"	-127466	"AXIN2"	"-"	"*"	"CEP112"
"chr17"	67886668	67886668	1	"-"	"chr17-67886668"	1	1.12534041547568e-05	5098	"Polyclonal_50pct"	"sonic"	61166	"BPTF*"	"+"	61166	"BPTF"	"+"	"BPTF"	"+"	-526954	"PRKAR1A"	"+"	"*"	"BPTF"
"chr17"	69313059	69313059	1	"-"	"chr17-69313059"	1	1.12534041547568e-05	5098	"Polyclonal_50pct"	"sonic"	2574	"ABCA5*"	"-"	2574	"ABCA5"	"-"	"ABCA5"	"-"	797666	"PRKAR1A"	"+"	"*"	"ABCA5"
"chr17"	70961032	70961032	1	"-"	"chr17-70961032"	1	1.12534041547568e-05	5098	"Polyclonal_50pct"	"sonic"	136741	"CASC17"	"-"	241147	"CASC17"	"-"	"FALSE"	""	-1159987	"SOX9"	"+"	""	"CASC17"
"chr17"	75960536	75960536	1	"-"	"chr17-75960536"	1	1.12534041547568e-05	5098	"Polyclonal_50pct"	"sonic"	18630	"ACOX1*"	"-"	18630	"ACOX1"	"-"	"ACOX1"	"-"	235841	"ITGB4"	"+"	"*"	"ACOX1"
"chr17"	75966666	75966666	1	"-"	"chr17-75966666"	1	1.12534041547568e-05	5098	"Polyclonal_50pct"	"sonic"	12500	"ACOX1*"	"-"	12500	"ACOX1"	"-"	"ACOX1"	"-"	241971	"ITGB4"	"+"	"*"	"ACOX1"
"chr17"	76100013	76100013	1	"-"	"chr17-76100013"	1	1.12534041547568e-05	5098	"Polyclonal_50pct"	"sonic"	3558	"EXOC7*"	"-"	-1937	"MIR6868"	"-"	"EXOC7"	"-"	140480	"RNF157"	"-"	"*"	"EXOC7"
"chr17"	76230317	76230317	1	"-"	"chr17-76230317"	1	1.12534041547568e-05	5098	"Polyclonal_50pct"	"sonic"	10176	"RNF157*"	"-"	10176	"RNF157"	"-"	"RNF157"	"-"	10176	"RNF157"	"-"	"*"	"RNF157"
"chr17"	76743558	76743558	1	"-"	"chr17-76743558"	1	1.12534041547568e-05	5098	"Polyclonal_50pct"	"sonic"	5881	"MFSD11*"	"+"	5881	"MFSD11"	"+"	"MFSD11"	"+"	-6147	"SRSF2"	"-"	"*"	"MFSD11"
"chr17"	78037781	78037781	1	"-"	"chr17-78037781"	1	1.12534041547568e-05	5098	"Polyclonal_50pct"	"sonic"	33545	"TNRC6C*"	"+"	33545	"TNRC6C"	"+"	"TNRC6C"	"+"	149271	"TK1"	"-"	"*"	"TNRC6C"
"chr17"	78044283	78044283	1	"-"	"chr17-78044283"	1	1.12534041547568e-05	5098	"Polyclonal_50pct"	"sonic"	40047	"TNRC6C*"	"+"	40047	"TNRC6C"	"+"	"TNRC6C"	"+"	142769	"TK1"	"-"	"*"	"TNRC6C"
"chr17"	78045427	78045427	1	"-"	"chr17-78045427"	1	1.12534041547568e-05	5098	"Polyclonal_50pct"	"sonic"	41191	"TNRC6C*"	"+"	41191	"TNRC6C"	"+"	"TNRC6C"	"+"	141625	"TK1"	"-"	"*"	"TNRC6C"
"chr17"	78116431	78116431	1	"-"	"chr17-78116431"	1	1.12534041547568e-05	5098	"Polyclonal_50pct"	"sonic"	-3513	"TMC6*"	"-"	12324	"TMC6"	"-"	"TMC6"	"-"	70621	"TK1"	"-"	"*"	"TMC6"
"chr17"	78123351	78123351	1	"-"	"chr17-78123351"	1	1.12534041547568e-05	5098	"Polyclonal_50pct"	"sonic"	5404	"TMC6*"	"-"	5404	"TMC6"	"-"	"TMC6"	"-"	63701	"TK1"	"-"	"*"	"TMC6"
"chr17"	78123557	78123557	1	"-"	"chr17-78123557"	1	1.12534041547568e-05	5098	"Polyclonal_50pct"	"sonic"	5198	"TMC6*"	"-"	5198	"TMC6"	"-"	"TMC6"	"-"	63495	"TK1"	"-"	"*"	"TMC6"
"chr17"	78123629	78123629	1	"-"	"chr17-78123629"	1	1.12534041547568e-05	5098	"Polyclonal_50pct"	"sonic"	5126	"TMC6*"	"-"	5126	"TMC6"	"-"	"TMC6"	"-"	63423	"TK1"	"-"	"*"	"TMC6"
"chr17"	78134169	78134169	1	"-"	"chr17-78134169"	1	1.12534041547568e-05	5098	"Polyclonal_50pct"	"sonic"	3399	"TMC8*"	"+"	-1742	"TMC6"	"-"	"TMC8"	"+"	52883	"TK1"	"-"	"*"	"TMC8"
"chr17"	78766957	78766957	1	"-"	"chr17-78766957"	1	1.12534041547568e-05	5098	"Polyclonal_50pct"	"sonic"	15251	"CYTH1*"	"-"	15251	"CYTH1"	"-"	"CYTH1"	"-"	158430	"TIMP2"	"-"	"*"	"CYTH1"
"chr17"	78808895	78808895	1	"-"	"chr17-78808895"	1	1.12534041547568e-05	5098	"Polyclonal_50pct"	"sonic"	-13244	"USP36*"	"-"	-26553	"CYTH1"	"-"	"USP36"	"-"	116492	"TIMP2"	"-"	"*"	"USP36"
"chr17"	78874666	78874666	1	"-"	"chr17-78874666"	1	1.12534041547568e-05	5098	"Polyclonal_50pct"	"sonic"	-21690	"TIMP2~*"	"-"	28535	"CEP295NL"	"-"	"TIMP2"	"-"	50721	"TIMP2"	"-"	"~*"	"TIMP2"
"chr17"	80326283	80326283	1	"-"	"chr17-80326283"	1	1.12534041547568e-05	5098	"Polyclonal_50pct"	"sonic"	65432	"RNF213~*"	"+"	65432	"RNF213"	"+"	"RNF213"	"+"	65432	"RNF213"	"+"	"~*"	"RNF213"
"chr17"	80377968	80377968	1	"-"	"chr17-80377968"	1	1.12534041547568e-05	5098	"Polyclonal_50pct"	"sonic"	-20821	"RNF213~*"	"+"	-37198	"ENDOV"	"+"	"RNF213,RNF213-AS1"	"+,-"	117117	"RNF213"	"+"	"~*"	"RNF213"
"chr17"	80933521	80933521	1	"-"	"chr17-80933521"	1	1.12534041547568e-05	5098	"Polyclonal_50pct"	"sonic"	-32847	"RPTOR*"	"+"	37692	"LOC400627"	"-"	"RPTOR"	"+"	672670	"RNF213"	"+"	"*"	"RPTOR"
"chr17"	81225166	81225166	1	"-"	"chr17-81225166"	1	1.12534041547568e-05	5098	"Polyclonal_50pct"	"sonic"	-2201	"CEP131"	"-"	-2201	"CEP131"	"-"	"FALSE"	""	698300	"MAFG"	"-"	""	"CEP131"
"chr17"	81590032	81590032	1	"-"	"chr17-81590032"	1	1.12534041547568e-05	5098	"Polyclonal_50pct"	"sonic"	-33146	"NPLOC4*"	"-"	-12599	"NPLOC4"	"-"	"NPLOC4"	"-"	333434	"MAFG"	"-"	"*"	"NPLOC4"
"chr17"	81849868	81849868	1	"-"	"chr17-81849868"	1	1.12534041547568e-05	5098	"Polyclonal_50pct"	"sonic"	-6703	"P4HB*"	"-"	10667	"P4HB"	"-"	"P4HB"	"-"	73598	"MAFG"	"-"	"*"	"P4HB"
"chr17"	81894597	81894597	1	"-"	"chr17-81894597"	1	1.12534041547568e-05	5098	"Polyclonal_50pct"	"sonic"	2671	"ANAPC11*"	"+"	2671	"ANAPC11"	"+"	"ANAPC11"	"+"	28869	"MAFG"	"-"	"*"	"ANAPC11"
"chr17"	81950401	81950401	1	"-"	"chr17-81950401"	1	1.12534041547568e-05	5098	"Polyclonal_50pct"	"sonic"	2105	"NOTUM"	"-"	-3168	"MYADML2"	"-"	"FALSE"	""	-22666	"MAFG"	"-"	""	"NOTUM"
"chr17"	82055854	82055854	1	"-"	"chr17-82055854"	1	1.12534041547568e-05	5098	"Polyclonal_50pct"	"sonic"	-2210	"GPS1*"	"+"	3957	"GPS1"	"+"	"GPS1"	"+"	24177	"RAC3"	"+"	"*"	"GPS1"
"chr17"	82165591	82165591	1	"-"	"chr17-82165591"	1	1.12534041547568e-05	5098	"Polyclonal_50pct"	"sonic"	-11990	"CCDC57*"	"-"	47251	"CCDC57"	"-"	"CCDC57"	"-"	-62814	"SLC16A3"	"+"	"*"	"CCDC57"
"chr17"	82260995	82260995	1	"-"	"chr17-82260995"	1	1.12534041547568e-05	5098	"Polyclonal_50pct"	"sonic"	12705	"CSNK1D*"	"-"	12705	"CSNK1D"	"-"	"CSNK1D"	"-"	25222	"SLC16A3"	"+"	"*"	"CSNK1D"
"chr17"	82475698	82475698	1	"-"	"chr17-82475698"	1	1.12534041547568e-05	5098	"Polyclonal_50pct"	"sonic"	-12569	"NARF*"	"+"	16958	"NARF"	"+"	"NARF"	"+"	239925	"SLC16A3"	"+"	"*"	"NARF"
"chr17"	82566563	82566563	1	"-"	"chr17-82566563"	1	1.12534041547568e-05	5098	"Polyclonal_50pct"	"sonic"	-38039	"FOXK2*"	"+"	46832	"FOXK2"	"+"	"FOXK2"	"+"	330790	"SLC16A3"	"+"	"*"	"FOXK2"
"chr17"	82758535	82758535	1	"-"	"chr17-82758535"	1	1.12534041547568e-05	5098	"Polyclonal_50pct"	"sonic"	6471	"TBCD*"	"+"	6471	"TBCD"	"+"	"TBCD"	"+"	522762	"SLC16A3"	"+"	"*"	"TBCD"
"chr17"	82758947	82758947	1	"-"	"chr17-82758947"	1	1.12534041547568e-05	5098	"Polyclonal_50pct"	"sonic"	6883	"TBCD*"	"+"	6883	"TBCD"	"+"	"TBCD"	"+"	523174	"SLC16A3"	"+"	"*"	"TBCD"
"chr17_MU273380v1_fix"	74839	74839	1	"+"	"chr17_MU273380v1_fix+74839"	1	1.12534041547568e-05	5098	"Polyclonal_50pct"	"sonic"	NA	NA	""	NA	""	""	"FALSE"	""	NA	""	""	""	""
"chr18"	14376997	14376997	1	"+"	"chr18+14376997"	1	1.12534041547568e-05	5098	"Polyclonal_50pct"	"sonic"	34473	"CYP4F35P"	"+"	39575	"CYP4F35P"	"+"	"FALSE"	""	-461290	"MC2R"	"-"	""	"CYP4F35P"
"chr18"	2118466	2118466	1	"+"	"chr18+2118466"	1	1.12534041547568e-05	5098	"Polyclonal_50pct"	"sonic"	419063	"METTL4"	"-"	453039	"METTL4"	"-"	"FALSE"	""	-1306224	"YES1"	"-"	""	"METTL4"
"chr18"	21921217	21921217	1	"+"	"chr18+21921217"	1	1.12534041547568e-05	5098	"Polyclonal_50pct"	"sonic"	50266	"MIB1"	"+"	-89811	"MIR133A1HG"	"-"	"FALSE"	""	-248371	"GATA6"	"+"	""	"MIB1"
"chr18"	28953751	28953751	1	"+"	"chr18+28953751"	1	1.12534041547568e-05	5098	"Polyclonal_50pct"	"sonic"	-776621	"CDH2"	"-"	-776621	"CDH2"	"-"	"FALSE"	""	-2544425	"DSG2"	"+"	""	"CDH2"
"chr18"	31271191	31271191	1	"+"	"chr18+31271191"	1	1.12534041547568e-05	5098	"Polyclonal_50pct"	"sonic"	-46968	"DSG1"	"+"	-46968	"DSG1"	"+"	"FALSE"	""	-226985	"DSG2"	"+"	""	"DSG1"
"chr18"	32989660	32989660	1	"+"	"chr18+32989660"	1	1.12534041547568e-05	5098	"Polyclonal_50pct"	"sonic"	-52255	"CCDC178*"	"-"	-216637	"KLHL14"	"-"	"CCDC178"	"-"	1491484	"DSG2"	"+"	"*"	"CCDC178"
"chr18"	33172018	33172018	1	"+"	"chr18+33172018"	1	1.12534041547568e-05	5098	"Polyclonal_50pct"	"sonic"	-234613	"CCDC178*"	"-"	268553	"CCDC178"	"-"	"CCDC178"	"-"	1673842	"DSG2"	"+"	"*"	"CCDC178"
"chr18"	34506330	34506330	1	"+"	"chr18+34506330"	1	1.12534041547568e-05	5098	"Polyclonal_50pct"	"sonic"	13019	"DTNA*"	"+"	13019	"DTNA"	"+"	"DTNA"	"+"	1623010	"SLC39A6"	"-"	"*"	"DTNA"
"chr18"	35483261	35483261	1	"+"	"chr18+35483261"	1	1.12534041547568e-05	5098	"Polyclonal_50pct"	"sonic"	14347	"INO80C*"	"-"	14347	"INO80C"	"-"	"INO80C"	"-"	646079	"SLC39A6"	"-"	"*"	"INO80C"
"chr18"	35570659	35570659	1	"+"	"chr18+35570659"	1	1.12534041547568e-05	5098	"Polyclonal_50pct"	"sonic"	-10262	"GALNT1"	"+"	-10262	"GALNT1"	"+"	"FALSE"	""	558681	"SLC39A6"	"-"	""	"GALNT1"
"chr18"	36030322	36030322	1	"+"	"chr18+36030322"	1	1.12534041547568e-05	5098	"Polyclonal_50pct"	"sonic"	-5434	"RPRD1A*"	"-"	37237	"RPRD1A"	"-"	"RPRD1A"	"-"	99018	"SLC39A6"	"-"	"*"	"RPRD1A"
"chr18"	38754744	38754744	1	"+"	"chr18+38754744"	1	1.12534041547568e-05	5098	"Polyclonal_50pct"	"sonic"	452179	"MIR924HG"	"-"	867431	"MIR924"	"-"	"FALSE"	""	-2625350	"SLC39A6"	"-"	""	"MIR924HG"
"chr18"	39395125	39395125	1	"+"	"chr18+39395125"	1	1.12534041547568e-05	5098	"Polyclonal_50pct"	"sonic"	-188202	"MIR924HG*"	"-"	227050	"MIR924"	"-"	"MIR924HG"	"-"	-3265731	"SLC39A6"	"-"	"*"	"MIR924HG"
"chr18"	39686259	39686259	1	"+"	"chr18+39686259"	1	1.12534041547568e-05	5098	"Polyclonal_50pct"	"sonic"	65736	"MIR924HG*"	"-"	-9482	"MIR5583-2"	"-"	"MIR924HG"	"-"	-3556865	"SLC39A6"	"-"	"*"	"MIR924HG"
"chr18"	40498004	40498004	1	"+"	"chr18+40498004"	1	1.12534041547568e-05	5098	"Polyclonal_50pct"	"sonic"	398771	"LINC01477"	"+"	431719	"LINC01477"	"+"	"FALSE"	""	-4182068	"SETBP1"	"+"	""	"LINC01477"
"chr18"	46230914	46230914	1	"+"	"chr18+46230914"	1	1.12534041547568e-05	5098	"Polyclonal_50pct"	"sonic"	-36078	"C18orf25*"	"+"	56881	"C18orf25"	"+"	"C18orf25"	"+"	-263585	"EPG5"	"-"	"*"	"C18orf25"
"chr18"	5010354	5010354	1	"+"	"chr18+5010354"	1	1.12534041547568e-05	5098	"Polyclonal_50pct"	"sonic"	-70827	"LINC01892"	"+"	-70827	"LINC01892"	"+"	"FALSE"	""	511025	"EPB41L3"	"-"	""	"LINC01892"
"chr18"	51069903	51069903	1	"+"	"chr18+51069903"	1	1.12534041547568e-05	5098	"Polyclonal_50pct"	"sonic"	-15138	"SMAD4~*"	"+"	39691	"SMAD4"	"+"	"SMAD4"	"+"	39691	"SMAD4"	"+"	"~*"	"SMAD4"
"chr18"	53596504	53596504	1	"+"	"chr18+53596504"	1	1.12534041547568e-05	5098	"Polyclonal_50pct"	"sonic"	-1347	"LINC01919*"	"+"	-15445	"LINC01917"	"-"	"LINC01919"	"+"	628165	"MBD2"	"-"	"*"	"LINC01919"
"chr18"	53724411	53724411	1	"+"	"chr18+53724411"	1	1.12534041547568e-05	5098	"Polyclonal_50pct"	"sonic"	126560	"LINC01919"	"+"	-143352	"LINC01917"	"-"	"FALSE"	""	500258	"MBD2"	"-"	""	"LINC01919"
"chr18"	54068712	54068712	1	"+"	"chr18+54068712"	1	1.12534041547568e-05	5098	"Polyclonal_50pct"	"sonic"	82893	"MBD2"	"-"	153700	"SNORA37"	"-"	"FALSE"	""	155957	"MBD2"	"-"	""	"MBD2"
"chr18"	54159381	54159381	1	"+"	"chr18+54159381"	1	1.12534041547568e-05	5098	"Polyclonal_50pct"	"sonic"	-7776	"MBD2~*"	"-"	63031	"SNORA37"	"-"	"MBD2"	"-"	65288	"MBD2"	"-"	"~*"	"MBD2"
"chr18"	56760369	56760369	1	"+"	"chr18+56760369"	1	1.12534041547568e-05	5098	"Polyclonal_50pct"	"sonic"	108673	"WDR7*"	"+"	108673	"WDR7"	"+"	"WDR7"	"+"	1042946	"ATP8B1"	"-"	"*"	"WDR7"
"chr18"	62232817	62232817	1	"+"	"chr18+62232817"	1	1.12534041547568e-05	5098	"Polyclonal_50pct"	"sonic"	45563	"RELCH*"	"+"	45563	"RELCH"	"+"	"RELCH"	"+"	-92469	"TNFRSF11A"	"+"	"*"	"RELCH"
"chr18"	62923559	62923559	1	"+"	"chr18+62923559"	1	1.12534041547568e-05	5098	"Polyclonal_50pct"	"sonic"	-56874	"PHLPP1~*"	"+"	208019	"PHLPP1"	"+"	"PHLPP1"	"+"	208019	"PHLPP1"	"+"	"~*"	"PHLPP1"
"chr18"	6304097	6304097	1	"+"	"chr18+6304097"	1	1.12534041547568e-05	5098	"Polyclonal_50pct"	"sonic"	54933	"L3MBTL4*"	"-"	47354	"L3MBTL4-AS1"	"+"	"L3MBTL4"	"-"	-673434	"EPB41L3"	"-"	"*"	"L3MBTL4"
"chr18"	66094419	66094419	1	"+"	"chr18+66094419"	1	1.12534041547568e-05	5098	"Polyclonal_50pct"	"sonic"	204083	"CDH7"	"+"	343408	"CDH7"	"+"	"FALSE"	""	-2432526	"SERPINB3"	"-"	""	"CDH7"
"chr18"	66862405	66862405	1	"+"	"chr18+66862405"	1	1.12534041547568e-05	5098	"Polyclonal_50pct"	"sonic"	-219178	"MIR5011"	"+"	-219178	"MIR5011"	"+"	"FALSE"	""	-3200512	"SERPINB3"	"-"	""	"MIR5011"
"chr18"	67348180	67348180	1	"+"	"chr18+67348180"	1	1.12534041547568e-05	5098	"Polyclonal_50pct"	"sonic"	158406	"DSEL"	"-"	-168365	"LOC643542"	"+"	"FALSE"	""	-3686287	"SERPINB3"	"-"	""	"DSEL"
"chr18"	67853170	67853170	1	"+"	"chr18+67853170"	1	1.12534041547568e-05	5098	"Polyclonal_50pct"	"sonic"	-46449	"LOC643542*"	"+"	-38348	"LINC01903"	"-"	"LOC643542"	"+"	-4191277	"SERPINB3"	"-"	"*"	"LOC643542"
"chr18"	68047746	68047746	1	"+"	"chr18+68047746"	1	1.12534041547568e-05	5098	"Polyclonal_50pct"	"sonic"	148127	"LOC643542"	"+"	-232924	"LINC01903"	"-"	"FALSE"	""	-4385853	"SERPINB3"	"-"	""	"LOC643542"
"chr18"	68526206	68526206	1	"+"	"chr18+68526206"	1	1.12534041547568e-05	5098	"Polyclonal_50pct"	"sonic"	147481	"TMX3"	"-"	188902	"TMX3"	"-"	"FALSE"	""	-4864313	"SERPINB3"	"-"	""	"TMX3"
"chr18"	68682771	68682771	1	"+"	"chr18+68682771"	1	1.12534041547568e-05	5098	"Polyclonal_50pct"	"sonic"	-9084	"TMX3*"	"-"	32337	"TMX3"	"-"	"TMX3"	"-"	-5020878	"SERPINB3"	"-"	"*"	"TMX3"
"chr18"	69150601	69150601	1	"+"	"chr18+69150601"	1	1.12534041547568e-05	5098	"Polyclonal_50pct"	"sonic"	95412	"CCDC102B"	"+"	-250286	"DOK6"	"+"	"FALSE"	""	-5488708	"SERPINB3"	"-"	""	"CCDC102B"
"chr18"	69947142	69947142	1	"+"	"chr18+69947142"	1	1.12534041547568e-05	5098	"Polyclonal_50pct"	"sonic"	731	"CD226*"	"-"	731	"CD226"	"-"	"CD226"	"-"	-6285249	"SERPINB3"	"-"	"*"	"CD226"
"chr18"	6999910	6999910	1	"+"	"chr18+6999910"	1	1.12534041547568e-05	5098	"Polyclonal_50pct"	"sonic"	-58169	"LAMA1*"	"-"	45234	"LOC101927188"	"+"	"LAMA1"	"-"	-1369247	"EPB41L3"	"-"	"*"	"LAMA1"
"chr18"	71267886	71267886	1	"+"	"chr18+71267886"	1	1.12534041547568e-05	5098	"Polyclonal_50pct"	"sonic"	252077	"LINC01541"	"-"	311070	"LINC01541"	"-"	"FALSE"	""	-7605993	"SERPINB3"	"-"	""	"LINC01541"
"chr18"	7139934	7139934	1	"+"	"chr18+7139934"	1	1.12534041547568e-05	5098	"Polyclonal_50pct"	"sonic"	-22137	"LAMA1"	"-"	-22137	"LAMA1"	"-"	"FALSE"	""	-1509271	"EPB41L3"	"-"	""	"LAMA1"
"chr18"	71424509	71424509	1	"+"	"chr18+71424509"	1	1.12534041547568e-05	5098	"Polyclonal_50pct"	"sonic"	95454	"LINC01541"	"-"	154447	"LINC01541"	"-"	"FALSE"	""	-7762616	"SERPINB3"	"-"	""	"LINC01541"
"chr18"	71453686	71453686	1	"+"	"chr18+71453686"	1	1.12534041547568e-05	5098	"Polyclonal_50pct"	"sonic"	66277	"LINC01541"	"-"	125270	"LINC01541"	"-"	"FALSE"	""	-7791793	"SERPINB3"	"-"	""	"LINC01541"
"chr18"	72042426	72042426	1	"+"	"chr18+72042426"	1	1.12534041547568e-05	5098	"Polyclonal_50pct"	"sonic"	-260200	"LINC01899"	"-"	-260200	"LINC01899"	"-"	"FALSE"	""	-7353503	"NFATC1"	"+"	""	"LINC01899"
"chr18"	11639114	11639114	1	"-"	"chr18-11639114"	1	1.12534041547568e-05	5098	"Polyclonal_50pct"	"sonic"	15770	"MIR7153"	"-"	15827	"MIR7153"	"-"	"FALSE"	""	269203	"MPPE1"	"-"	""	"MIR7153"
"chr18"	21590647	21590647	1	"-"	"chr18-21590647"	1	1.12534041547568e-05	5098	"Polyclonal_50pct"	"sonic"	10057	"ESCO1*"	"-"	10057	"ESCO1"	"-"	"ESCO1"	"-"	-578941	"GATA6"	"+"	"*"	"ESCO1"
"chr18"	21761258	21761258	1	"-"	"chr18-21761258"	1	1.12534041547568e-05	5098	"Polyclonal_50pct"	"sonic"	20467	"MIB1*"	"+"	20467	"MIB1"	"+"	"MIB1"	"+"	-408330	"GATA6"	"+"	"*"	"MIB1"
"chr18"	22978621	22978621	1	"-"	"chr18-22978621"	1	1.12534041547568e-05	5098	"Polyclonal_50pct"	"sonic"	44746	"RBBP8~*"	"+"	44746	"RBBP8"	"+"	"RBBP8"	"+"	44746	"RBBP8"	"+"	"~*"	"RBBP8"
"chr18"	2397161	2397161	1	"-"	"chr18-2397161"	1	1.12534041547568e-05	5098	"Polyclonal_50pct"	"sonic"	140368	"METTL4"	"-"	174344	"METTL4"	"-"	"FALSE"	""	1448197	"DLGAP1"	"-"	""	"METTL4"
"chr18"	25081331	25081331	1	"-"	"chr18-25081331"	1	1.12534041547568e-05	5098	"Polyclonal_50pct"	"sonic"	-19408	"ZNF521~*"	"-"	-93352	"LINC01894"	"-"	"ZNF521"	"-"	270835	"ZNF521"	"-"	"~*"	"ZNF521"
"chr18"	26069873	26069873	1	"-"	"chr18-26069873"	1	1.12534041547568e-05	5098	"Polyclonal_50pct"	"sonic"	20740	"SS18~*"	"-"	20740	"SS18"	"-"	"SS18"	"-"	20740	"SS18"	"-"	"~*"	"SS18"
"chr18"	28264103	28264103	1	"-"	"chr18-28264103"	1	1.12534041547568e-05	5098	"Polyclonal_50pct"	"sonic"	-86973	"CDH2"	"-"	-86973	"CDH2"	"-"	"FALSE"	""	-2172886	"SS18"	"-"	""	"CDH2"
"chr18"	30161271	30161271	1	"-"	"chr18-30161271"	1	1.12534041547568e-05	5098	"Polyclonal_50pct"	"sonic"	-137638	"MIR302F"	"+"	-137638	"MIR302F"	"+"	"FALSE"	""	-1336905	"DSG2"	"+"	""	"MIR302F"
"chr18"	33806827	33806827	1	"-"	"chr18-33806827"	1	1.12534041547568e-05	5098	"Polyclonal_50pct"	"sonic"	44272	"NOL4"	"-"	228609	"ASXL3"	"+"	"FALSE"	""	2308651	"DSG2"	"+"	""	"NOL4"
"chr18"	35682068	35682068	1	"-"	"chr18-35682068"	1	1.12534041547568e-05	5098	"Polyclonal_50pct"	"sonic"	-29766	"GALNT1*"	"+"	90332	"MIR3975"	"+"	"GALNT1"	"+"	447272	"SLC39A6"	"-"	"*"	"GALNT1"
"chr18"	38815285	38815285	1	"-"	"chr18-38815285"	1	1.12534041547568e-05	5098	"Polyclonal_50pct"	"sonic"	391638	"MIR924HG"	"-"	806890	"MIR924"	"-"	"FALSE"	""	-2685891	"SLC39A6"	"-"	""	"MIR924HG"
"chr18"	40807725	40807725	1	"-"	"chr18-40807725"	1	1.12534041547568e-05	5098	"Polyclonal_50pct"	"sonic"	672545	"KC6"	"-"	712952	"KC6"	"-"	"FALSE"	""	-3872347	"SETBP1"	"+"	""	"KC6"
"chr18"	4473494	4473494	1	"-"	"chr18-4473494"	1	1.12534041547568e-05	5098	"Polyclonal_50pct"	"sonic"	-18187	"DLGAP1"	"-"	-18187	"DLGAP1"	"-"	"FALSE"	""	-18187	"DLGAP1"	"-"	""	"DLGAP1"
"chr18"	51310104	51310104	1	"-"	"chr18-51310104"	1	1.12534041547568e-05	5098	"Polyclonal_50pct"	"sonic"	-81937	"LINC01630"	"+"	-81937	"LINC01630"	"+"	"FALSE"	""	279892	"SMAD4"	"+"	""	"LINC01630"
"chr18"	53114395	53114395	1	"-"	"chr18-53114395"	1	1.12534041547568e-05	5098	"Polyclonal_50pct"	"sonic"	-421503	"DCC~*"	"+"	-122705	"MIR4528"	"+"	"DCC"	"+"	774199	"DCC"	"+"	"~*"	"DCC"
"chr18"	54159385	54159385	1	"-"	"chr18-54159385"	1	1.12534041547568e-05	5098	"Polyclonal_50pct"	"sonic"	-7780	"MBD2~*"	"-"	63027	"SNORA37"	"-"	"MBD2"	"-"	65284	"MBD2"	"-"	"~*"	"MBD2"
"chr18"	54460593	54460593	1	"-"	"chr18-54460593"	1	1.12534041547568e-05	5098	"Polyclonal_50pct"	"sonic"	78558	"C18orf54"	"+"	102677	"C18orf54"	"+"	"FALSE"	""	-235924	"MBD2"	"-"	""	"C18orf54"
"chr18"	55995881	55995881	1	"-"	"chr18-55995881"	1	1.12534041547568e-05	5098	"Polyclonal_50pct"	"sonic"	7731	"LOC642484"	"-"	-46396	"LINC01905"	"+"	"FALSE"	""	-1771212	"MBD2"	"-"	""	"LOC642484"
"chr18"	56939315	56939315	1	"-"	"chr18-56939315"	1	1.12534041547568e-05	5098	"Polyclonal_50pct"	"sonic"	-90477	"WDR7*"	"+"	132804	"LINC-ROR"	"-"	"WDR7"	"+"	864000	"ATP8B1"	"-"	"*"	"WDR7"
"chr18"	60439273	60439273	1	"-"	"chr18-60439273"	1	1.12534041547568e-05	5098	"Polyclonal_50pct"	"sonic"	-66498	"MC4R"	"-"	-66498	"MC4R"	"-"	"FALSE"	""	-894156	"CDH20"	"+"	""	"MC4R"
"chr18"	60864243	60864243	1	"-"	"chr18-60864243"	1	1.12534041547568e-05	5098	"Polyclonal_50pct"	"sonic"	-469186	"CDH20"	"+"	-469186	"CDH20"	"+"	"FALSE"	""	-469186	"CDH20"	"+"	""	"CDH20"
"chr18"	61621748	61621748	1	"-"	"chr18-61621748"	1	1.12534041547568e-05	5098	"Polyclonal_50pct"	"sonic"	65971	"CDH20"	"+"	-126427	"LINC01544"	"+"	"FALSE"	""	288319	"CDH20"	"+"	""	"CDH20"
"chr18"	6459999	6459999	1	"-"	"chr18-6459999"	1	1.12534041547568e-05	5098	"Polyclonal_50pct"	"sonic"	-44740	"L3MBTL4"	"-"	-44740	"L3MBTL4"	"-"	"FALSE"	""	-829336	"EPB41L3"	"-"	""	"L3MBTL4"
"chr18"	66957970	66957970	1	"-"	"chr18-66957970"	1	1.12534041547568e-05	5098	"Polyclonal_50pct"	"sonic"	-123613	"MIR5011"	"+"	-123613	"MIR5011"	"+"	"FALSE"	""	-3296077	"SERPINB3"	"-"	""	"MIR5011"
"chr18"	67322592	67322592	1	"-"	"chr18-67322592"	1	1.12534041547568e-05	5098	"Polyclonal_50pct"	"sonic"	183994	"DSEL"	"-"	-193953	"LOC643542"	"+"	"FALSE"	""	-3660699	"SERPINB3"	"-"	""	"DSEL"
"chr18"	67923969	67923969	1	"-"	"chr18-67923969"	1	1.12534041547568e-05	5098	"Polyclonal_50pct"	"sonic"	24350	"LOC643542"	"+"	-109147	"LINC01903"	"-"	"FALSE"	""	-4262076	"SERPINB3"	"-"	""	"LOC643542"
"chr18"	71334561	71334561	1	"-"	"chr18-71334561"	1	1.12534041547568e-05	5098	"Polyclonal_50pct"	"sonic"	185402	"LINC01541"	"-"	244395	"LINC01541"	"-"	"FALSE"	""	-7672668	"SERPINB3"	"-"	""	"LINC01541"
"chr18"	74508325	74508325	1	"-"	"chr18-74508325"	1	1.12534041547568e-05	5098	"Polyclonal_50pct"	"sonic"	8738	"CNDP2*"	"+"	8738	"CNDP2"	"+"	"CNDP2"	"+"	-4887604	"NFATC1"	"+"	"*"	"CNDP2"
"chr18"	74784442	74784442	1	"-"	"chr18-74784442"	1	1.12534041547568e-05	5098	"Polyclonal_50pct"	"sonic"	-20185	"ZNF407*"	"+"	153480	"ZNF407"	"+"	"ZNF407"	"+"	-4611487	"NFATC1"	"+"	"*"	"ZNF407"
"chr18"	7872571	7872571	1	"-"	"chr18-7872571"	1	1.12534041547568e-05	5098	"Polyclonal_50pct"	"sonic"	305256	"PTPRM*"	"+"	-74303	"PTPRM"	"+"	"PTPRM"	"+"	-2241908	"EPB41L3"	"-"	"*"	"PTPRM"
"chr18"	9096321	9096321	1	"-"	"chr18-9096321"	1	1.12534041547568e-05	5098	"Polyclonal_50pct"	"sonic"	-6377	"NDUFV2"	"+"	-6377	"NDUFV2"	"+"	"FALSE"	""	2811996	"MPPE1"	"-"	""	"NDUFV2"
"chr18"	9520252	9520252	1	"-"	"chr18-9520252"	1	1.12534041547568e-05	5098	"Polyclonal_50pct"	"sonic"	-17861	"RALBP1*"	"+"	44740	"RALBP1"	"+"	"RALBP1"	"+"	2388065	"MPPE1"	"-"	"*"	"RALBP1"
"chr19"	1043269	1043269	1	"+"	"chr19+1043269"	1	1.12534041547568e-05	5098	"Polyclonal_50pct"	"sonic"	3163	"ABCA7*"	"+"	3163	"ABCA7"	"+"	"ABCA7"	"+"	-162508	"STK11"	"+"	"*"	"ABCA7"
"chr19"	11104509	11104509	1	"+"	"chr19+11104509"	1	1.12534041547568e-05	5098	"Polyclonal_50pct"	"sonic"	15047	"LDLR*"	"+"	-8964	"MIR6886"	"+"	"LDLR"	"+"	120386	"SMARCA4"	"+"	"*"	"LDLR"
"chr19"	12433702	12433702	1	"+"	"chr19+12433702"	1	1.12534041547568e-05	5098	"Polyclonal_50pct"	"sonic"	-3997	"ZNF443*"	"-"	7319	"ZNF443"	"-"	"ZNF443"	"-"	-68019	"ZNF442"	"-"	"*"	"ZNF443"
"chr19"	12730525	12730525	1	"+"	"chr19+12730525"	1	1.12534041547568e-05	5098	"Polyclonal_50pct"	"sonic"	114	"TRIR"	"-"	4159	"TRIR"	"-"	"FALSE"	""	-60960	"JUNB"	"+"	""	"TRIR"
"chr19"	12850524	12850524	1	"+"	"chr19+12850524"	1	1.12534041547568e-05	5098	"Polyclonal_50pct"	"sonic"	12010	"MAST1*"	"+"	-1735	"MIR6794"	"+"	"MAST1"	"+"	59039	"JUNB"	"+"	"*"	"MAST1"
"chr19"	15320480	15320480	1	"+"	"chr19+15320480"	1	1.12534041547568e-05	5098	"Polyclonal_50pct"	"sonic"	12059	"BRD4~*"	"-"	12059	"BRD4"	"-"	"BRD4"	"-"	12059	"BRD4"	"-"	"~*"	"BRD4"
"chr19"	17400352	17400352	1	"+"	"chr19+17400352"	1	1.12534041547568e-05	5098	"Polyclonal_50pct"	"sonic"	2586	"BST2"	"-"	5278	"BST2"	"-"	"FALSE"	""	-70171	"SLC27A1"	"+"	""	"BST2"
"chr19"	17766747	17766747	1	"+"	"chr19+17766747"	1	1.12534041547568e-05	5098	"Polyclonal_50pct"	"sonic"	12539	"FCHO1*"	"+"	12539	"FCHO1"	"+"	"FCHO1"	"+"	81235	"JAK3"	"-"	"*"	"FCHO1"
"chr19"	18969522	18969522	1	"+"	"chr19+18969522"	1	1.12534041547568e-05	5098	"Polyclonal_50pct"	"sonic"	21364	"SUGP2"	"-"	-28305	"HOMER3"	"-"	"FALSE"	""	200741	"MEF2B"	"-"	""	"SUGP2"
"chr19"	1917072	1917072	1	"+"	"chr19+1917072"	1	1.12534041547568e-05	5098	"Polyclonal_50pct"	"sonic"	-8941	"SCAMP4*"	"+"	11674	"ADAT3,SCAMP4"	"+"	"SCAMP4"	"+"	11674	"SCAMP4"	"+"	"*"	"SCAMP4"
"chr19"	2223693	2223693	1	"+"	"chr19+2223693"	1	1.12534041547568e-05	5098	"Polyclonal_50pct"	"sonic"	-8885	"DOT1L*"	"+"	10456	"MIR1227"	"-"	"DOT1L"	"+"	-104990	"SPPL2B"	"+"	"*"	"DOT1L"
"chr19"	2603060	2603060	1	"+"	"chr19+2603060"	1	1.12534041547568e-05	5098	"Polyclonal_50pct"	"sonic"	-91842	"GNG7*"	"-"	-27654	"MIR7850"	"+"	"GNG7"	"-"	274377	"SPPL2B"	"+"	"*"	"GNG7"
"chr19"	3394798	3394798	1	"+"	"chr19+3394798"	1	1.12534041547568e-05	5098	"Polyclonal_50pct"	"sonic"	28216	"NFIC*"	"+"	28216	"NFIC"	"+"	"NFIC"	"+"	28216	"NFIC"	"+"	"*"	"NFIC"
"chr19"	35338571	35338571	1	"+"	"chr19+35338571"	1	1.12534041547568e-05	5098	"Polyclonal_50pct"	"sonic"	-8790	"CD22*"	"+"	-6941	"MIR5196"	"+"	"CD22"	"+"	183837	"FXYD5"	"+"	"*"	"CD22"
"chr19"	3559148	3559148	1	"+"	"chr19+3559148"	1	1.12534041547568e-05	5098	"Polyclonal_50pct"	"sonic"	-1562	"MFSD12"	"-"	-1562	"MFSD12"	"-"	"FALSE"	""	192566	"NFIC"	"+"	""	"MFSD12"
"chr19"	36154371	36154371	1	"+"	"chr19+36154371"	1	1.12534041547568e-05	5098	"Polyclonal_50pct"	"sonic"	-1924	"COX7A1"	"-"	-1924	"COX7A1"	"-"	"FALSE"	""	-60734	"ZNF146"	"+"	""	"COX7A1"
"chr19"	36335614	36335614	1	"+"	"chr19+36335614"	1	1.12534041547568e-05	5098	"Polyclonal_50pct"	"sonic"	-1162	"ZFP14*"	"-"	-3896	"LINC00665"	"-"	"ZFP14"	"-"	120509	"ZNF146"	"+"	"*"	"ZFP14"
"chr19"	36481567	36481567	1	"+"	"chr19+36481567"	1	1.12534041547568e-05	5098	"Polyclonal_50pct"	"sonic"	7868	"ZNF566*"	"-"	7868	"ZNF566"	"-"	"ZNF566"	"-"	266462	"ZNF146"	"+"	"*"	"ZNF566"
"chr19"	37073955	37073955	1	"+"	"chr19+37073955"	1	1.12534041547568e-05	5098	"Polyclonal_50pct"	"sonic"	-4266	"ZNF420"	"+"	-4266	"ZNF420"	"+"	"FALSE"	""	393489	"ZNF569"	"-"	""	"ZNF420"
"chr19"	39628654	39628654	1	"+"	"chr19+39628654"	1	1.12534041547568e-05	5098	"Polyclonal_50pct"	"sonic"	-10030	"LOC100129935"	"+"	-10030	"LOC100129935"	"+"	"FALSE"	""	205508	"DYRK1B"	"-"	""	"LOC100129935"
"chr19"	41172504	41172504	1	"+"	"chr19+41172504"	1	1.12534041547568e-05	5098	"Polyclonal_50pct"	"sonic"	-20714	"CYP2S1"	"+"	-20714	"CYP2S1"	"+"	"FALSE"	""	-46718	"AXL"	"+"	""	"CYP2S1"
"chr19"	4414977	4414977	1	"+"	"chr19+4414977"	1	1.12534041547568e-05	5098	"Polyclonal_50pct"	"sonic"	12338	"CHAF1A*"	"+"	12338	"CHAF1A"	"+"	"CHAF1A"	"+"	-14430	"SH3GL1"	"-"	"*"	"CHAF1A"
"chr19"	4479642	4479642	1	"+"	"chr19+4479642"	1	1.12534041547568e-05	5098	"Polyclonal_50pct"	"sonic"	5689	"HDGFL2*"	"+"	5689	"HDGFL2"	"+"	"HDGFL2"	"+"	-79095	"SH3GL1"	"-"	"*"	"HDGFL2"
"chr19"	45728224	45728224	1	"+"	"chr19+45728224"	1	1.12534041547568e-05	5098	"Polyclonal_50pct"	"sonic"	2672	"FBXO46*"	"-"	2672	"FBXO46"	"-"	"FBXO46"	"-"	260229	"FOSB"	"+"	"*"	"FBXO46"
"chr19"	46780378	46780378	1	"+"	"chr19+46780378"	1	1.12534041547568e-05	5098	"Polyclonal_50pct"	"sonic"	4436	"SLC1A5*"	"-"	4436	"SLC1A5"	"-"	"SLC1A5"	"-"	450821	"BBC3"	"-"	"*"	"SLC1A5"
"chr19"	47161781	47161781	1	"+"	"chr19+47161781"	1	1.12534041547568e-05	5098	"Polyclonal_50pct"	"sonic"	30947	"SAE1*"	"+"	30947	"SAE1"	"+"	"SAE1"	"+"	69418	"BBC3"	"-"	"*"	"SAE1"
"chr19"	47174239	47174239	1	"+"	"chr19+47174239"	1	1.12534041547568e-05	5098	"Polyclonal_50pct"	"sonic"	-36397	"SAE1*"	"+"	43405	"SAE1"	"+"	"SAE1"	"+"	56960	"BBC3"	"-"	"*"	"SAE1"
"chr19"	48111317	48111317	1	"+"	"chr19+48111317"	1	1.12534041547568e-05	5098	"Polyclonal_50pct"	"sonic"	-465	"PLA2G4C"	"-"	-465	"PLA2G4C"	"-"	"FALSE"	""	129746	"CARD8"	"-"	""	"PLA2G4C"
"chr19"	48802337	48802337	1	"+"	"chr19+48802337"	1	1.12534041547568e-05	5098	"Polyclonal_50pct"	"sonic"	-7274	"BCAT2*"	"-"	8692	"BCAT2"	"-"	"BCAT2"	"-"	-152522	"BAX"	"+"	"*"	"BCAT2"
"chr19"	48906141	48906141	1	"+"	"chr19+48906141"	1	1.12534041547568e-05	5098	"Polyclonal_50pct"	"sonic"	5830	"NUCB1*"	"+"	5830	"NUCB1"	"+"	"NUCB1"	"+"	-48718	"BAX"	"+"	"*"	"NUCB1"
"chr19"	49317905	49317905	1	"+"	"chr19+49317905"	1	1.12534041547568e-05	5098	"Polyclonal_50pct"	"sonic"	7286	"SLC6A16*"	"-"	7286	"SLC6A16"	"-"	"SLC6A16"	"-"	322238	"RRAS"	"-"	"*"	"SLC6A16"
"chr19"	50408544	50408544	1	"+"	"chr19+50408544"	1	1.12534041547568e-05	5098	"Polyclonal_50pct"	"sonic"	-9470	"POLD1*"	"+"	9693	"POLD1"	"+"	"POLD1"	"+"	-464888	"KLK2"	"+"	"*"	"POLD1"
"chr19"	51228393	51228393	1	"+"	"chr19+51228393"	1	1.12534041547568e-05	5098	"Polyclonal_50pct"	"sonic"	3314	"CD33*"	"+"	3314	"CD33"	"+"	"CD33"	"+"	-200402	"KLK11"	"-"	"*"	"CD33"
"chr19"	52722421	52722421	1	"+"	"chr19+52722421"	1	1.12534041547568e-05	5098	"Polyclonal_50pct"	"sonic"	7461	"ZNF611*"	"-"	7461	"ZNF611"	"-"	"ZNF611"	"-"	521226	"PPP2R1A"	"+"	"*"	"ZNF611"
"chr19"	55264917	55264917	1	"+"	"chr19+55264917"	1	1.12534041547568e-05	5098	"Polyclonal_50pct"	"sonic"	-2695	"HSPBP1*"	"-"	-5900	"PPP6R1"	"-"	"HSPBP1"	"-"	-55416	"PTPRH"	"-"	"*"	"HSPBP1"
"chr19"	55764953	55764953	1	"+"	"chr19+55764953"	1	1.12534041547568e-05	5098	"Polyclonal_50pct"	"sonic"	1778	"RFPL4A"	"+"	-4164	"RFPL4AL1"	"+"	"FALSE"	""	-182878	"NLRP8"	"+"	""	"RFPL4A"
"chr19"	55885410	55885410	1	"+"	"chr19+55885410"	1	1.12534041547568e-05	5098	"Polyclonal_50pct"	"sonic"	3556	"NLRP4"	"+"	46926	"NLRP13"	"-"	"FALSE"	""	-62421	"NLRP8"	"+"	""	"NLRP4"
"chr19"	55916070	55916070	1	"+"	"chr19+55916070"	1	1.12534041547568e-05	5098	"Polyclonal_50pct"	"sonic"	16266	"NLRP13*"	"-"	16266	"NLRP13"	"-"	"NLRP13"	"-"	-31761	"NLRP8"	"+"	"*"	"NLRP13"
"chr19"	5655988	5655988	1	"+"	"chr19+5655988"	1	1.12534041547568e-05	5098	"Polyclonal_50pct"	"sonic"	-12490	"SAFB*"	"+"	24250	"MICOS13"	"-"	"SAFB"	"+"	454512	"RFX2"	"-"	"*"	"SAFB"
"chr19"	58236321	58236321	1	"+"	"chr19+58236321"	1	1.12534041547568e-05	5098	"Polyclonal_50pct"	"sonic"	7408	"ZNF544*"	"+"	7408	"ZNF544"	"+"	"ZNF544"	"+"	-90672	"ZSCAN22"	"+"	"*"	"ZNF544"
"chr19"	6246096	6246096	1	"+"	"chr19+6246096"	1	1.12534041547568e-05	5098	"Polyclonal_50pct"	"sonic"	33879	"MLLT1~*"	"-"	33879	"MLLT1"	"-"	"MLLT1"	"-"	33879	"MLLT1"	"-"	"~*"	"MLLT1"
"chr19"	6360450	6360450	1	"+"	"chr19+6360450"	1	1.12534041547568e-05	5098	"Polyclonal_50pct"	"sonic"	-1080	"CLPP"	"+"	-1080	"CLPP"	"+"	"FALSE"	""	-80475	"MLLT1"	"-"	""	"CLPP"
"chr19"	6560508	6560508	1	"+"	"chr19+6560508"	1	1.12534041547568e-05	5098	"Polyclonal_50pct"	"sonic"	21139	"CD70"	"-"	29483	"TNFSF9"	"+"	"FALSE"	""	-212199	"VAV1"	"+"	""	"CD70"
"chr19"	9815903	9815903	1	"+"	"chr19+9815903"	1	1.12534041547568e-05	5098	"Polyclonal_50pct"	"sonic"	3176	"FBXL12*"	"-"	3176	"FBXL12"	"-"	"FBXL12"	"-"	379050	"DNMT1"	"-"	"*"	"FBXL12"
"chr19"	10173960	10173960	1	"-"	"chr19-10173960"	1	1.12534041547568e-05	5098	"Polyclonal_50pct"	"sonic"	20993	"DNMT1~*"	"-"	20993	"DNMT1"	"-"	"DNMT1"	"-"	20993	"DNMT1"	"-"	"~*"	"DNMT1"
"chr19"	10178583	10178583	1	"-"	"chr19-10178583"	1	1.12534041547568e-05	5098	"Polyclonal_50pct"	"sonic"	16370	"DNMT1~*"	"-"	16370	"DNMT1"	"-"	"DNMT1"	"-"	16370	"DNMT1"	"-"	"~*"	"DNMT1"
"chr19"	1045624	1045624	1	"-"	"chr19-1045624"	1	1.12534041547568e-05	5098	"Polyclonal_50pct"	"sonic"	5518	"ABCA7*"	"+"	5518	"ABCA7"	"+"	"ABCA7"	"+"	-160153	"STK11"	"+"	"*"	"ABCA7"
"chr19"	10783286	10783286	1	"-"	"chr19-10783286"	1	1.12534041547568e-05	5098	"Polyclonal_50pct"	"sonic"	-48617	"DNM2*"	"+"	3033	"MIR4748"	"+"	"DNM2"	"+"	-177743	"SMARCA4"	"+"	"*"	"DNM2"
"chr19"	10890517	10890517	1	"-"	"chr19-10890517"	1	1.12534041547568e-05	5098	"Polyclonal_50pct"	"sonic"	18089	"CARM1*"	"+"	18089	"CARM1"	"+"	"CARM1"	"+"	-70512	"SMARCA4"	"+"	"*"	"CARM1"
"chr19"	1255809	1255809	1	"-"	"chr19-1255809"	1	1.12534041547568e-05	5098	"Polyclonal_50pct"	"sonic"	-3334	"MIDN*"	"+"	7257	"MIDN"	"+"	"MIDN"	"+"	-13458	"CIRBP"	"+"	"*"	"MIDN"
"chr19"	12616452	12616452	1	"-"	"chr19-12616452"	1	1.12534041547568e-05	5098	"Polyclonal_50pct"	"sonic"	5533	"ZNF791*"	"+"	5533	"ZNF791"	"+"	"ZNF791"	"+"	-175033	"JUNB"	"+"	"*"	"ZNF791"
"chr19"	1352849	1352849	1	"-"	"chr19-1352849"	1	1.12534041547568e-05	5098	"Polyclonal_50pct"	"sonic"	-2109	"PWWP3A"	"+"	-2109	"PWWP3A"	"+"	"FALSE"	""	83518	"CIRBP"	"+"	""	"PWWP3A"
"chr19"	15407227	15407227	1	"-"	"chr19-15407227"	1	1.12534041547568e-05	5098	"Polyclonal_50pct"	"sonic"	11761	"AKAP8L*"	"-"	11761	"AKAP8L"	"-"	"AKAP8L"	"-"	-74688	"BRD4"	"-"	"*"	"AKAP8L"
"chr19"	15445661	15445661	1	"-"	"chr19-15445661"	1	1.12534041547568e-05	5098	"Polyclonal_50pct"	"sonic"	4295	"WIZ*"	"-"	-3886	"MIR1470"	"+"	"WIZ"	"-"	-113122	"BRD4"	"-"	"*"	"WIZ"
"chr19"	1645305	1645305	1	"-"	"chr19-1645305"	1	1.12534041547568e-05	5098	"Polyclonal_50pct"	"sonic"	7310	"TCF3!~*"	"-"	7310	"TCF3"	"-"	"TCF3"	"-"	7310	"TCF3"	"-"	"!~*"	"TCF3"
"chr19"	16644360	16644360	1	"-"	"chr19-16644360"	1	1.12534041547568e-05	5098	"Polyclonal_50pct"	"sonic"	1787	"SMIM7"	"-"	15784	"SMIM7"	"-"	"FALSE"	""	-172348	"EPS15L1"	"-"	""	"SMIM7"
"chr19"	18011681	18011681	1	"-"	"chr19-18011681"	1	1.12534041547568e-05	5098	"Polyclonal_50pct"	"sonic"	-2421	"ARRDC2*"	"+"	3512	"ARRDC2"	"+"	"ARRDC2"	"+"	139737	"SLC5A5"	"+"	"*"	"ARRDC2"
"chr19"	18016627	18016627	1	"-"	"chr19-18016627"	1	1.12534041547568e-05	5098	"Polyclonal_50pct"	"sonic"	2525	"ARRDC2"	"+"	8458	"ARRDC2"	"+"	"FALSE"	""	-136535	"PIK3R2"	"+"	""	"ARRDC2"
"chr19"	18183240	18183240	1	"-"	"chr19-18183240"	1	1.12534041547568e-05	5098	"Polyclonal_50pct"	"sonic"	5123	"IFI30"	"+"	9428	"IFI30"	"+"	"FALSE"	""	9428	"IFI30"	"+"	""	"IFI30"
"chr19"	2323352	2323352	1	"-"	"chr19-2323352"	1	1.12534041547568e-05	5098	"Polyclonal_50pct"	"sonic"	-1832	"LSM7*"	"-"	5234	"LSM7"	"-"	"LSM7"	"-"	-5331	"SPPL2B"	"+"	"*"	"LSM7"
"chr19"	2323437	2323437	1	"-"	"chr19-2323437"	1	1.12534041547568e-05	5098	"Polyclonal_50pct"	"sonic"	-1917	"LSM7*"	"-"	5149	"LSM7"	"-"	"LSM7"	"-"	-5246	"SPPL2B"	"+"	"*"	"LSM7"
"chr19"	2323446	2323446	1	"-"	"chr19-2323446"	1	1.12534041547568e-05	5098	"Polyclonal_50pct"	"sonic"	-1926	"LSM7*"	"-"	5140	"LSM7"	"-"	"LSM7"	"-"	-5237	"SPPL2B"	"+"	"*"	"LSM7"
"chr19"	2565493	2565493	1	"-"	"chr19-2565493"	1	1.12534041547568e-05	5098	"Polyclonal_50pct"	"sonic"	-54275	"GNG7*"	"-"	-65221	"MIR7850"	"+"	"GNG7"	"-"	236810	"SPPL2B"	"+"	"*"	"GNG7"
"chr19"	28825159	28825159	1	"-"	"chr19-28825159"	1	1.12534041547568e-05	5098	"Polyclonal_50pct"	"sonic"	-97465	"LOC100420587"	"-"	-97465	"LOC100420587"	"-"	"FALSE"	""	-986831	"CCNE1"	"+"	""	"LOC100420587"
"chr19"	28825433	28825433	1	"-"	"chr19-28825433"	1	1.12534041547568e-05	5098	"Polyclonal_50pct"	"sonic"	-97739	"LOC100420587"	"-"	-97739	"LOC100420587"	"-"	"FALSE"	""	-986557	"CCNE1"	"+"	""	"LOC100420587"
"chr19"	28825435	28825435	1	"-"	"chr19-28825435"	1	1.12534041547568e-05	5098	"Polyclonal_50pct"	"sonic"	-97741	"LOC100420587"	"-"	-97741	"LOC100420587"	"-"	"FALSE"	""	-986555	"CCNE1"	"+"	""	"LOC100420587"
"chr19"	28825437	28825437	1	"-"	"chr19-28825437"	1	1.12534041547568e-05	5098	"Polyclonal_50pct"	"sonic"	-97743	"LOC100420587"	"-"	-97743	"LOC100420587"	"-"	"FALSE"	""	-986553	"CCNE1"	"+"	""	"LOC100420587"
"chr19"	30412638	30412638	1	"-"	"chr19-30412638"	1	1.12534041547568e-05	5098	"Polyclonal_50pct"	"sonic"	40255	"ZNF536*"	"+"	40255	"ZNF536"	"+"	"ZNF536"	"+"	600648	"CCNE1"	"+"	"*"	"ZNF536"
"chr19"	3510588	3510588	1	"-"	"chr19-3510588"	1	1.12534041547568e-05	5098	"Polyclonal_50pct"	"sonic"	4278	"FZR1*"	"+"	4278	"FZR1"	"+"	"FZR1"	"+"	144006	"NFIC"	"+"	"*"	"FZR1"
"chr19"	3630970	3630970	1	"-"	"chr19-3630970"	1	1.12534041547568e-05	5098	"Polyclonal_50pct"	"sonic"	-788	"PIP5K1C*"	"-"	-4155	"CACTIN"	"-"	"PIP5K1C"	"-"	155411	"MATK"	"-"	"*"	"PIP5K1C"
"chr19"	39447191	39447191	1	"-"	"chr19-39447191"	1	1.12534041547568e-05	5098	"Polyclonal_50pct"	"sonic"	1544	"SUPT5H*"	"+"	1544	"SUPT5H"	"+"	"SUPT5H"	"+"	33413	"PLEKHG2"	"+"	"*"	"SUPT5H"
"chr19"	40346317	40346317	1	"-"	"chr19-40346317"	1	1.12534041547568e-05	5098	"Polyclonal_50pct"	"sonic"	2080	"C19orf47*"	"-"	2080	"C19orf47"	"-"	"C19orf47"	"-"	-60972	"AKT2"	"-"	"*"	"C19orf47"
"chr19"	40865354	40865354	1	"-"	"chr19-40865354"	1	1.12534041547568e-05	5098	"Polyclonal_50pct"	"sonic"	10084	"CYP2A7"	"-"	-14907	"CYP2A6"	"-"	"FALSE"	""	-14907	"CYP2A6"	"-"	""	"CYP2A7"
"chr19"	41077054	41077054	1	"-"	"chr19-41077054"	1	1.12534041547568e-05	5098	"Polyclonal_50pct"	"sonic"	-11396	"CYP2A13"	"+"	-11396	"CYP2A13"	"+"	"FALSE"	""	-142168	"AXL"	"+"	""	"CYP2A13"
"chr19"	41726372	41726372	1	"-"	"chr19-41726372"	1	1.12534041547568e-05	5098	"Polyclonal_50pct"	"sonic"	-980	"CEACAM5*"	"+"	17747	"CEACAM5"	"+"	"CEACAM5"	"+"	-38102	"CEACAM7"	"-"	"*"	"CEACAM5"
"chr19"	42616481	42616481	1	"-"	"chr19-42616481"	1	1.12534041547568e-05	5098	"Polyclonal_50pct"	"sonic"	-35874	"LIPE-AS1*"	"+"	-21557	"CEACAM8"	"-"	"LIPE-AS1"	"+"	-88000	"CEACAM1"	"-"	"*"	"LIPE-AS1"
"chr19"	43509261	43509261	1	"-"	"chr19-43509261"	1	1.12534041547568e-05	5098	"Polyclonal_50pct"	"sonic"	-2543	"ETHE1*"	"-"	-4428	"PHLDB3"	"-"	"ETHE1"	"-"	-43653	"LYPD3"	"-"	"*"	"ETHE1"
"chr19"	44319308	44319308	1	"-"	"chr19-44319308"	1	1.12534041547568e-05	5098	"Polyclonal_50pct"	"sonic"	7244	"ZNF112"	"-"	-14283	"ZNF235"	"-"	"FALSE"	""	-429399	"BCL3"	"+"	""	"ZNF112"
"chr19"	44412643	44412643	1	"-"	"chr19-44412643"	1	1.12534041547568e-05	5098	"Polyclonal_50pct"	"sonic"	-11035	"ZNF285"	"-"	-11035	"ZNF285"	"-"	"FALSE"	""	-336064	"BCL3"	"+"	""	"ZNF285"
"chr19"	46797415	46797415	1	"-"	"chr19-46797415"	1	1.12534041547568e-05	5098	"Polyclonal_50pct"	"sonic"	-8821	"SLC1A5"	"-"	-8821	"SLC1A5"	"-"	"FALSE"	""	433784	"BBC3"	"-"	""	"SLC1A5"
"chr19"	46834801	46834801	1	"-"	"chr19-46834801"	1	1.12534041547568e-05	5098	"Polyclonal_50pct"	"sonic"	3334	"AP2S1"	"-"	-4097	"SNAR-E"	"-"	"FALSE"	""	396398	"BBC3"	"-"	""	"AP2S1"
"chr19"	46877221	46877221	1	"-"	"chr19-46877221"	1	1.12534041547568e-05	5098	"Polyclonal_50pct"	"sonic"	16225	"ARHGAP35*"	"+"	16225	"ARHGAP35"	"+"	"ARHGAP35"	"+"	353978	"BBC3"	"-"	"*"	"ARHGAP35"
"chr19"	46938602	46938602	1	"-"	"chr19-46938602"	1	1.12534041547568e-05	5098	"Polyclonal_50pct"	"sonic"	-66474	"ARHGAP35*"	"+"	77606	"ARHGAP35"	"+"	"ARHGAP35"	"+"	292597	"BBC3"	"-"	"*"	"ARHGAP35"
"chr19"	47084190	47084190	1	"-"	"chr19-47084190"	1	1.12534041547568e-05	5098	"Polyclonal_50pct"	"sonic"	-20001	"ZC3H4*"	"-"	29586	"ZC3H4"	"-"	"ZC3H4"	"-"	147009	"BBC3"	"-"	"*"	"ZC3H4"
"chr19"	47759115	47759115	1	"-"	"chr19-47759115"	1	1.12534041547568e-05	5098	"Polyclonal_50pct"	"sonic"	-2080	"NOP53-AS1*"	"-"	3263	"SNORD23"	"+"	"NOP53-AS1"	"-"	-244052	"NAPA"	"-"	"*"	"NOP53-AS1"
"chr19"	48208265	48208265	1	"-"	"chr19-48208265"	1	1.12534041547568e-05	5098	"Polyclonal_50pct"	"sonic"	-180	"CARD8~*"	"-"	32798	"CARD8"	"-"	"CARD8"	"-"	32798	"CARD8"	"-"	"~*"	"CARD8"
"chr19"	48211134	48211134	1	"-"	"chr19-48211134"	1	1.12534041547568e-05	5098	"Polyclonal_50pct"	"sonic"	-3049	"CARD8~*"	"-"	29929	"CARD8"	"-"	"CARD8"	"-"	29929	"CARD8"	"-"	"~*"	"CARD8"
"chr19"	49320764	49320764	1	"-"	"chr19-49320764"	1	1.12534041547568e-05	5098	"Polyclonal_50pct"	"sonic"	4427	"SLC6A16*"	"-"	4427	"SLC6A16"	"-"	"SLC6A16"	"-"	319379	"RRAS"	"-"	"*"	"SLC6A16"
"chr19"	49574846	49574846	1	"-"	"chr19-49574846"	1	1.12534041547568e-05	5098	"Polyclonal_50pct"	"sonic"	5710	"NOSIP*"	"-"	5710	"NOSIP"	"-"	"NOSIP"	"-"	65297	"RRAS"	"-"	"*"	"NOSIP"
"chr19"	49602073	49602073	1	"-"	"chr19-49602073"	1	1.12534041547568e-05	5098	"Polyclonal_50pct"	"sonic"	10892	"PRR12*"	"+"	10892	"PRR12"	"+"	"PRR12"	"+"	38070	"RRAS"	"-"	"*"	"PRR12"
"chr19"	49614954	49614954	1	"-"	"chr19-49614954"	1	1.12534041547568e-05	5098	"Polyclonal_50pct"	"sonic"	-11485	"PRR12*"	"+"	23773	"PRR12"	"+"	"PRR12"	"+"	25189	"RRAS"	"-"	"*"	"PRR12"
"chr19"	51622379	51622379	1	"-"	"chr19-51622379"	1	1.12534041547568e-05	5098	"Polyclonal_50pct"	"sonic"	8022	"SIGLEC5*"	"-"	8022	"SIGLEC5"	"-"	"SIGLEC5"	"-"	-70874	"MIR125A"	"+"	"*"	"SIGLEC5"
"chr19"	55615304	55615304	1	"-"	"chr19-55615304"	1	1.12534041547568e-05	5098	"Polyclonal_50pct"	"sonic"	-1965	"ZNF865*"	"+"	9262	"ZNF784"	"-"	"ZNF865"	"+"	-332527	"NLRP8"	"+"	"*"	"ZNF865"
"chr19"	5610633	5610633	1	"-"	"chr19-5610633"	1	1.12534041547568e-05	5098	"Polyclonal_50pct"	"sonic"	12143	"SAFB2*"	"-"	12143	"SAFB2"	"-"	"SAFB2"	"-"	499867	"RFX2"	"-"	"*"	"SAFB2"
"chr19"	5615408	5615408	1	"-"	"chr19-5615408"	1	1.12534041547568e-05	5098	"Polyclonal_50pct"	"sonic"	7368	"SAFB2*"	"-"	7368	"SAFB2"	"-"	"SAFB2"	"-"	495092	"RFX2"	"-"	"*"	"SAFB2"
"chr19"	5635501	5635501	1	"-"	"chr19-5635501"	1	1.12534041547568e-05	5098	"Polyclonal_50pct"	"sonic"	12419	"SAFB*"	"+"	12419	"SAFB"	"+"	"SAFB"	"+"	474999	"RFX2"	"-"	"*"	"SAFB"
"chr19"	57296630	57296630	1	"-"	"chr19-57296630"	1	1.12534041547568e-05	5098	"Polyclonal_50pct"	"sonic"	2561	"ZNF460"	"+"	16146	"ZNF460"	"+"	"FALSE"	""	-455904	"PEG3"	"-"	""	"ZNF460"
"chr19"	57503044	57503044	1	"-"	"chr19-57503044"	1	1.12534041547568e-05	5098	"Polyclonal_50pct"	"sonic"	3107	"ZNF773*"	"+"	3107	"ZNF773"	"+"	"ZNF773"	"+"	-662318	"PEG3"	"-"	"*"	"ZNF773"
"chr19"	7331277	7331277	1	"-"	"chr19-7331277"	1	1.12534041547568e-05	5098	"Polyclonal_50pct"	"sonic"	-17659	"ARHGEF18"	"+"	-17659	"ARHGEF18"	"+"	"FALSE"	""	558570	"VAV1"	"+"	""	"ARHGEF18"
"chr19"	8315058	8315058	1	"-"	"chr19-8315058"	1	1.12534041547568e-05	5098	"Polyclonal_50pct"	"sonic"	-3775	"NDUFA7*"	"-"	6317	"NDUFA7"	"-"	"NDUFA7"	"-"	-309417	"ELAVL1"	"-"	"*"	"NDUFA7"
"chr19"	8317822	8317822	1	"-"	"chr19-8317822"	1	1.12534041547568e-05	5098	"Polyclonal_50pct"	"sonic"	3553	"NDUFA7*"	"-"	3553	"NDUFA7"	"-"	"NDUFA7"	"-"	-312181	"ELAVL1"	"-"	"*"	"NDUFA7"
"chr19_GL383576v1_alt"	8550	8550	1	"+"	"chr19_GL383576v1_alt+8550"	1	1.12534041547568e-05	5098	"Polyclonal_50pct"	"sonic"	-103372	"ZNF676"	"+"	-103372	"ZNF676"	"+"	"FALSE"	""	NA	""	""	""	"ZNF676"
"chr19_GL949748v2_alt"	1011452	1011452	1	"-"	"chr19_GL949748v2_alt-1011452"	1	1.12534041547568e-05	5098	"Polyclonal_50pct"	"sonic"	6798	"GP6*"	"-"	6798	"GP6"	"-"	"GP6"	"-"	65093	"NLRP2"	"+"	"*"	"GP6"
"chr19_KN196484v1_fix"	113665	113665	1	"-"	"chr19_KN196484v1_fix-113665"	1	1.12534041547568e-05	5098	"Polyclonal_50pct"	"sonic"	-7410	"FBL"	"-"	-7410	"FBL"	"-"	"FALSE"	""	-19556	"DYRK1B"	"-"	""	"FBL"
"chr1_MU273332v1_alt"	286622	286622	1	"-"	"chr1_MU273332v1_alt-286622"	1	1.12534041547568e-05	5098	"Polyclonal_50pct"	"sonic"	NA	NA	""	NA	""	""	"FALSE"	""	NA	""	""	""	""
"chr2"	10353377	10353377	1	"+"	"chr2+10353377"	1	1.12534041547568e-05	5098	"Polyclonal_50pct"	"sonic"	23215	"HPCAL1*"	"+"	-15300	"HPCAL1"	"+"	"HPCAL1"	"+"	1112784	"E2F6"	"-"	"*"	"HPCAL1"
"chr2"	10353594	10353594	1	"+"	"chr2+10353594"	1	1.12534041547568e-05	5098	"Polyclonal_50pct"	"sonic"	23432	"HPCAL1*"	"+"	-15083	"HPCAL1"	"+"	"HPCAL1"	"+"	1112567	"E2F6"	"-"	"*"	"HPCAL1"
"chr2"	103894254	103894254	1	"+"	"chr2+103894254"	1	1.12534041547568e-05	5098	"Polyclonal_50pct"	"sonic"	484595	"LOC100287010"	"-"	514078	"LOC100287010"	"-"	"FALSE"	""	1274702	"SLC9A2"	"+"	""	"LOC100287010"
"chr2"	111647738	111647738	1	"+"	"chr2+111647738"	1	1.12534041547568e-05	5098	"Polyclonal_50pct"	"sonic"	119901	"ANAPC1"	"-"	123396	"MIR4771-1,MIR4771-2"	"-"	"FALSE"	""	-250868	"MERTK"	"+"	""	"ANAPC1"
"chr2"	11207902	11207902	1	"+"	"chr2+11207902"	1	1.12534041547568e-05	5098	"Polyclonal_50pct"	"sonic"	-28144	"ROCK2*"	"-"	52436	"SLC66A3"	"+"	"ROCK2"	"-"	258259	"E2F6"	"-"	"*"	"ROCK2"
"chr2"	115566297	115566297	1	"+"	"chr2+115566297"	1	1.12534041547568e-05	5098	"Polyclonal_50pct"	"sonic"	222483	"DPP10*"	"+"	222483	"DPP10"	"+"	"DPP10"	"+"	-2287376	"PAX8"	"-"	"*"	"DPP10"
"chr2"	115765786	115765786	1	"+"	"chr2+115765786"	1	1.12534041547568e-05	5098	"Polyclonal_50pct"	"sonic"	-78964	"DPP10*"	"+"	421972	"DPP10"	"+"	"DPP10"	"+"	-2486865	"PAX8"	"-"	"*"	"DPP10"
"chr2"	116548291	116548291	1	"+"	"chr2+116548291"	1	1.12534041547568e-05	5098	"Polyclonal_50pct"	"sonic"	702513	"DPP10"	"+"	1204477	"DPP10"	"+"	"FALSE"	""	-3269370	"PAX8"	"-"	""	"DPP10"
"chr2"	123701624	123701624	1	"+"	"chr2+123701624"	1	1.12534041547568e-05	5098	"Polyclonal_50pct"	"sonic"	310310	"LOC107985820"	"-"	323550	"LOC107985820"	"-"	"FALSE"	""	2909344	"GLI2"	"+"	""	"LOC107985820"
"chr2"	124761353	124761353	1	"+"	"chr2+124761353"	1	1.12534041547568e-05	5098	"Polyclonal_50pct"	"sonic"	-159865	"CNTNAP5*"	"+"	736067	"CNTNAP5"	"+"	"CNTNAP5"	"+"	2320712	"BIN1"	"-"	"*"	"CNTNAP5"
"chr2"	125145520	125145520	1	"+"	"chr2+125145520"	1	1.12534041547568e-05	5098	"Polyclonal_50pct"	"sonic"	224302	"CNTNAP5"	"+"	972465	"LINC01941"	"-"	"FALSE"	""	1936545	"BIN1"	"-"	""	"CNTNAP5"
"chr2"	132850140	132850140	1	"+"	"chr2+132850140"	1	1.12534041547568e-05	5098	"Polyclonal_50pct"	"sonic"	-178351	"NCKAP5*"	"-"	-65416	"NCKAP5-AS1"	"+"	"NCKAP5"	"-"	1886486	"ARHGEF4"	"+"	"*"	"NCKAP5"
"chr2"	13496201	13496201	1	"+"	"chr2+13496201"	1	1.12534041547568e-05	5098	"Polyclonal_50pct"	"sonic"	-489188	"LOC100506474"	"-"	-489188	"LOC100506474"	"-"	"FALSE"	""	-2030024	"E2F6"	"-"	""	"LOC100506474"
"chr2"	142460161	142460161	1	"+"	"chr2+142460161"	1	1.12534041547568e-05	5098	"Polyclonal_50pct"	"sonic"	-329145	"LRP1B"	"-"	-329145	"LRP1B"	"-"	"FALSE"	""	2059958	"ZEB2"	"-"	""	"LRP1B"
"chr2"	148738096	148738096	1	"+"	"chr2+148738096"	1	1.12534041547568e-05	5098	"Polyclonal_50pct"	"sonic"	-49473	"EPC2*"	"+"	93346	"EPC2"	"+"	"EPC2"	"+"	893068	"ACVR2A"	"+"	"*"	"EPC2"
"chr2"	154922949	154922949	1	"+"	"chr2+154922949"	1	1.12534041547568e-05	5098	"Polyclonal_50pct"	"sonic"	64595	"KCNJ3"	"+"	224255	"KCNJ3"	"+"	"FALSE"	""	-2334755	"GALNT5"	"+"	""	"KCNJ3"
"chr2"	156502219	156502219	1	"+"	"chr2+156502219"	1	1.12534041547568e-05	5098	"Polyclonal_50pct"	"sonic"	65841	"GPD2*"	"+"	65841	"GPD2"	"+"	"GPD2"	"+"	-755485	"GALNT5"	"+"	"*"	"GPD2"
"chr2"	162365604	162365604	1	"+"	"chr2+162365604"	1	1.12534041547568e-05	5098	"Polyclonal_50pct"	"sonic"	2482	"GCA"	"+"	21237	"GCA"	"+"	"FALSE"	""	5107900	"GALNT5"	"+"	""	"GCA"
"chr2"	164813541	164813541	1	"+"	"chr2+164813541"	1	1.12534041547568e-05	5098	"Polyclonal_50pct"	"sonic"	27891	"COBLL1*"	"-"	-27207	"LOC101929633"	"+"	"COBLL1"	"-"	4548993	"LRP2"	"-"	"*"	"COBLL1"
"chr2"	164940819	164940819	1	"+"	"chr2+164940819"	1	1.12534041547568e-05	5098	"Polyclonal_50pct"	"sonic"	14706	"SLC38A11*"	"-"	14706	"SLC38A11"	"-"	"SLC38A11"	"-"	4421715	"LRP2"	"-"	"*"	"SLC38A11"
"chr2"	165896554	165896554	1	"+"	"chr2+165896554"	1	1.12534041547568e-05	5098	"Polyclonal_50pct"	"sonic"	-23193	"TTC21B*"	"-"	-24613	"LOC100506124"	"-"	"TTC21B"	"-"	3465980	"LRP2"	"-"	"*"	"TTC21B"
"chr2"	166305337	166305337	1	"+"	"chr2+166305337"	1	1.12534041547568e-05	5098	"Polyclonal_50pct"	"sonic"	70607	"SCN9A*"	"-"	70607	"SCN9A"	"-"	"SCN9A"	"-"	3057197	"LRP2"	"-"	"*"	"SCN9A"
"chr2"	167526789	167526789	1	"+"	"chr2+167526789"	1	1.12534041547568e-05	5098	"Polyclonal_50pct"	"sonic"	233789	"B3GALT1*"	"+"	233789	"B3GALT1"	"+"	"B3GALT1"	"+"	1835745	"LRP2"	"-"	"*"	"B3GALT1"
"chr2"	17029336	17029336	1	"+"	"chr2+17029336"	1	1.12534041547568e-05	5098	"Polyclonal_50pct"	"sonic"	-363502	"CYRIA"	"-"	-363502	"CYRIA"	"-"	"FALSE"	""	-724532	"GEN1"	"+"	""	"CYRIA"
"chr2"	17288608	17288608	1	"+"	"chr2+17288608"	1	1.12534041547568e-05	5098	"Polyclonal_50pct"	"sonic"	221972	"RAD51AP2"	"-"	229832	"RAD51AP2"	"-"	"FALSE"	""	-465260	"GEN1"	"+"	""	"RAD51AP2"
"chr2"	180806157	180806157	1	"+"	"chr2+180806157"	1	1.12534041547568e-05	5098	"Polyclonal_50pct"	"sonic"	-110782	"SCHLAP1*"	"+"	114054	"SCHLAP1"	"+"	"SCHLAP1"	"+"	-2697818	"PDE11A"	"-"	"*"	"SCHLAP1"
"chr2"	180895499	180895499	1	"+"	"chr2+180895499"	1	1.12534041547568e-05	5098	"Polyclonal_50pct"	"sonic"	-21440	"SCHLAP1*"	"+"	-84885	"UBE2E3"	"+"	"SCHLAP1"	"+"	-2787160	"PDE11A"	"-"	"*"	"SCHLAP1"
"chr2"	181466005	181466005	1	"+"	"chr2+181466005"	1	1.12534041547568e-05	5098	"Polyclonal_50pct"	"sonic"	8620	"ITGA4*"	"+"	8620	"ITGA4"	"+"	"ITGA4"	"+"	-3357666	"PDE11A"	"-"	"*"	"ITGA4"
"chr2"	181495027	181495027	1	"+"	"chr2+181495027"	1	1.12534041547568e-05	5098	"Polyclonal_50pct"	"sonic"	37642	"ITGA4*"	"+"	37642	"ITGA4"	"+"	"ITGA4"	"+"	-3386688	"PDE11A"	"-"	"*"	"ITGA4"
"chr2"	182928620	182928620	1	"+"	"chr2+182928620"	1	1.12534041547568e-05	5098	"Polyclonal_50pct"	"sonic"	-19506	"NCKAP1*"	"-"	-61983	"FRZB"	"-"	"NCKAP1"	"-"	-4820281	"PDE11A"	"-"	"*"	"NCKAP1"
"chr2"	183895535	183895535	1	"+"	"chr2+183895535"	1	1.12534041547568e-05	5098	"Polyclonal_50pct"	"sonic"	-483439	"MIR548AE1"	"+"	-483439	"MIR548AE1"	"+"	"FALSE"	""	4894588	"DIRC1"	"-"	""	"MIR548AE1"
"chr2"	185043359	185043359	1	"+"	"chr2+185043359"	1	1.12534041547568e-05	5098	"Polyclonal_50pct"	"sonic"	103868	"ZNF804A"	"+"	123713	"LOC105373782"	"-"	"FALSE"	""	3746764	"DIRC1"	"-"	""	"ZNF804A"
"chr2"	185403217	185403217	1	"+"	"chr2+185403217"	1	1.12534041547568e-05	5098	"Polyclonal_50pct"	"sonic"	-236145	"LOC105373782"	"-"	-236145	"LOC105373782"	"-"	"FALSE"	""	3386906	"DIRC1"	"-"	""	"LOC105373782"
"chr2"	186919568	186919568	1	"+"	"chr2+186919568"	1	1.12534041547568e-05	5098	"Polyclonal_50pct"	"sonic"	-70398	"ZSWIM2"	"-"	-70398	"ZSWIM2"	"-"	"FALSE"	""	1870555	"DIRC1"	"-"	""	"ZSWIM2"
"chr2"	187031989	187031989	1	"+"	"chr2+187031989"	1	1.12534041547568e-05	5098	"Polyclonal_50pct"	"sonic"	-182819	"ZSWIM2"	"-"	-182819	"ZSWIM2"	"-"	"FALSE"	""	1758134	"DIRC1"	"-"	""	"ZSWIM2"
"chr2"	187044689	187044689	1	"+"	"chr2+187044689"	1	1.12534041547568e-05	5098	"Polyclonal_50pct"	"sonic"	-195519	"ZSWIM2"	"-"	-195519	"ZSWIM2"	"-"	"FALSE"	""	1745434	"DIRC1"	"-"	""	"ZSWIM2"
"chr2"	187252390	187252390	1	"+"	"chr2+187252390"	1	1.12534041547568e-05	5098	"Polyclonal_50pct"	"sonic"	89574	"CALCRL"	"-"	195862	"CALCRL"	"-"	"FALSE"	""	1537733	"DIRC1"	"-"	""	"CALCRL"
"chr2"	187767935	187767935	1	"+"	"chr2+187767935"	1	1.12534041547568e-05	5098	"Polyclonal_50pct"	"sonic"	-213430	"TFPI"	"-"	-213430	"TFPI"	"-"	"FALSE"	""	1022188	"DIRC1"	"-"	""	"TFPI"
"chr2"	187908506	187908506	1	"+"	"chr2+187908506"	1	1.12534041547568e-05	5098	"Polyclonal_50pct"	"sonic"	127089	"LINC01090"	"-"	-354001	"TFPI"	"-"	"FALSE"	""	881617	"DIRC1"	"-"	""	"LINC01090"
"chr2"	188302	188302	1	"+"	"chr2+188302"	1	1.12534041547568e-05	5098	"Polyclonal_50pct"	"sonic"	29833	"SH3YL1"	"-"	68038	"SH3YL1"	"-"	"FALSE"	""	-5504081	"SOX11"	"+"	""	"SH3YL1"
"chr2"	189913578	189913578	1	"+"	"chr2+189913578"	1	1.12534041547568e-05	5098	"Polyclonal_50pct"	"sonic"	35949	"PMS1~"	"+"	129129	"PMS1"	"+"	"FALSE"	""	129129	"PMS1"	"+"	"~"	"PMS1"
"chr2"	190341854	190341854	1	"+"	"chr2+190341854"	1	1.12534041547568e-05	5098	"Polyclonal_50pct"	"sonic"	-1734	"INPP1"	"+"	-1734	"INPP1"	"+"	"FALSE"	""	557405	"PMS1"	"+"	""	"INPP1"
"chr2"	193192755	193192755	1	"+"	"chr2+193192755"	1	1.12534041547568e-05	5098	"Polyclonal_50pct"	"sonic"	415856	"PCGEM1"	"+"	442911	"PCGEM1"	"+"	"FALSE"	""	3408306	"PMS1"	"+"	""	"PCGEM1"
"chr2"	193813512	193813512	1	"+"	"chr2+193813512"	1	1.12534041547568e-05	5098	"Polyclonal_50pct"	"sonic"	-530756	"LINC01821"	"+"	-530756	"LINC01821"	"+"	"FALSE"	""	3497268	"ANKRD44"	"-"	""	"LINC01821"
"chr2"	195029556	195029556	1	"+"	"chr2+195029556"	1	1.12534041547568e-05	5098	"Polyclonal_50pct"	"sonic"	268121	"LINC01790"	"+"	298962	"LINC01790"	"+"	"FALSE"	""	2281224	"ANKRD44"	"-"	""	"LINC01790"
"chr2"	198619715	198619715	1	"+"	"chr2+198619715"	1	1.12534041547568e-05	5098	"Polyclonal_50pct"	"sonic"	-244618	"LINC01923"	"-"	-244618	"LINC01923"	"-"	"FALSE"	""	815123	"PLCL1"	"+"	""	"LINC01923"
"chr2"	199065875	199065875	1	"+"	"chr2+199065875"	1	1.12534041547568e-05	5098	"Polyclonal_50pct"	"sonic"	203624	"SATB2"	"-"	392064	"SATB2"	"-"	"FALSE"	""	1261283	"PLCL1"	"+"	""	"SATB2"
"chr2"	201083129	201083129	1	"+"	"chr2+201083129"	1	1.12534041547568e-05	5098	"Polyclonal_50pct"	"sonic"	-2621	"NDUFB3*"	"+"	11129	"NDUFB3"	"+"	"NDUFB3"	"+"	-32974	"CFLAR"	"+"	"*"	"NDUFB3"
"chr2"	203051199	203051199	1	"+"	"chr2+203051199"	1	1.12534041547568e-05	5098	"Polyclonal_50pct"	"sonic"	36325	"NBEAL1*"	"+"	36325	"NBEAL1"	"+"	"NBEAL1"	"+"	484102	"RAPH1"	"-"	"*"	"NBEAL1"
"chr2"	208377069	208377069	1	"+"	"chr2+208377069"	1	1.12534041547568e-05	5098	"Polyclonal_50pct"	"sonic"	17378	"PTH2R*"	"+"	17378	"PTH2R"	"+"	"PTH2R"	"+"	-121998	"IDH1"	"-"	"*"	"PTH2R"
"chr2"	208694605	208694605	1	"+"	"chr2+208694605"	1	1.12534041547568e-05	5098	"Polyclonal_50pct"	"sonic"	-130982	"LOC101927960*"	"+"	151964	"LOC101927960"	"+"	"LOC101927960"	"+"	-439534	"IDH1"	"-"	"*"	"LOC101927960"
"chr2"	209122243	209122243	1	"+"	"chr2+209122243"	1	1.12534041547568e-05	5098	"Polyclonal_50pct"	"sonic"	296656	"LOC101927960"	"+"	-301803	"MAP2"	"+"	"FALSE"	""	-301803	"MAP2"	"+"	""	"LOC101927960"
"chr2"	212314716	212314716	1	"+"	"chr2+212314716"	1	1.12534041547568e-05	5098	"Polyclonal_50pct"	"sonic"	223912	"ERBB4~*"	"-"	111644	"MIR548F2"	"-"	"ERBB4"	"-"	223912	"ERBB4"	"-"	"~*"	"ERBB4"
"chr2"	213373833	213373833	1	"+"	"chr2+213373833"	1	1.12534041547568e-05	5098	"Polyclonal_50pct"	"sonic"	89370	"SPAG16*"	"+"	89370	"SPAG16"	"+"	"SPAG16"	"+"	-221377	"IKZF2"	"-"	"*"	"SPAG16"
"chr2"	215318755	215318755	1	"+"	"chr2+215318755"	1	1.12534041547568e-05	5098	"Polyclonal_50pct"	"sonic"	6697	"ATIC~*"	"+"	6697	"ATIC"	"+"	"ATIC"	"+"	6697	"ATIC"	"+"	"~*"	"ATIC"
"chr2"	217232993	217232993	1	"+"	"chr2+217232993"	1	1.12534041547568e-05	5098	"Polyclonal_50pct"	"sonic"	-49739	"DIRC3-AS1"	"+"	-49739	"DIRC3-AS1"	"+"	"FALSE"	""	523600	"DIRC3"	"-"	""	"DIRC3-AS1"
"chr2"	218888366	218888366	1	"+"	"chr2+218888366"	1	1.12534041547568e-05	5098	"Polyclonal_50pct"	"sonic"	-5561	"WNT10A*"	"+"	7515	"WNT10A"	"+"	"WNT10A"	"+"	28562	"WNT6"	"+"	"*"	"WNT10A"
"chr2"	226998018	226998018	1	"+"	"chr2+226998018"	1	1.12534041547568e-05	5098	"Polyclonal_50pct"	"sonic"	-1189	"RHBDD1*"	"+"	161965	"RHBDD1"	"+"	"RHBDD1"	"+"	-166605	"COL4A3"	"+"	"*"	"RHBDD1"
"chr2"	230331639	230331639	1	"+"	"chr2+230331639"	1	1.12534041547568e-05	5098	"Polyclonal_50pct"	"sonic"	4447	"SP140L*"	"+"	4447	"SP140L"	"+"	"SP140L"	"+"	105904	"SP140"	"+"	"*"	"SP140L"
"chr2"	232761331	232761331	1	"+"	"chr2+232761331"	1	1.12534041547568e-05	5098	"Polyclonal_50pct"	"sonic"	26915	"GIGYF2*"	"+"	15234	"KCNJ13"	"-"	"GIGYF2"	"+"	-546484	"SAG"	"+"	"*"	"GIGYF2"
"chr2"	2466856	2466856	1	"+"	"chr2+2466856"	1	1.12534041547568e-05	5098	"Polyclonal_50pct"	"sonic"	-135581	"MYT1L"	"-"	-135581	"MYT1L"	"-"	"FALSE"	""	-3225527	"SOX11"	"+"	""	"MYT1L"
"chr2"	24696771	24696771	1	"+"	"chr2+24696771"	1	1.12534041547568e-05	5098	"Polyclonal_50pct"	"sonic"	-73930	"NCOA1~*"	"+"	-96343	"CENPO"	"+"	"NCOA1"	"+"	112295	"NCOA1"	"+"	"~*"	"NCOA1"
"chr2"	27641926	27641926	1	"+"	"chr2+27641926"	1	1.12534041547568e-05	5098	"Polyclonal_50pct"	"sonic"	-8920	"GPN1*"	"+"	12877	"GPN1"	"+"	"GPN1"	"+"	-750931	"FOSL2"	"+"	"*"	"GPN1"
"chr2"	33788353	33788353	1	"+"	"chr2+33788353"	1	1.12534041547568e-05	5098	"Polyclonal_50pct"	"sonic"	81468	"LINC01317*"	"+"	-60136	"MYADML"	"-"	"LINC01317"	"+"	1431138	"BIRC6"	"+"	"*"	"LINC01317"
"chr2"	34338734	34338734	1	"+"	"chr2+34338734"	1	1.12534041547568e-05	5098	"Polyclonal_50pct"	"sonic"	40988	"LINC01317"	"+"	271509	"LINC01318"	"+"	"FALSE"	""	1981519	"BIRC6"	"+"	""	"LINC01317"
"chr2"	39344408	39344408	1	"+"	"chr2+39344408"	1	1.12534041547568e-05	5098	"Polyclonal_50pct"	"sonic"	92877	"MAP4K3*"	"-"	92877	"MAP4K3"	"-"	"MAP4K3"	"-"	-2187361	"EIF2AK2"	"-"	"*"	"MAP4K3"
"chr2"	40425208	40425208	1	"+"	"chr2+40425208"	1	1.12534041547568e-05	5098	"Polyclonal_50pct"	"sonic"	5096	"SLC8A1*"	"-"	5096	"SLC8A1"	"-"	"SLC8A1"	"-"	-1744144	"EML4"	"+"	"*"	"SLC8A1"
"chr2"	42284855	42284855	1	"+"	"chr2+42284855"	1	1.12534041547568e-05	5098	"Polyclonal_50pct"	"sonic"	-47693	"EML4*"	"+"	75183	"COX7A2L"	"-"	"EML4"	"+"	115503	"EML4"	"+"	"*"	"EML4"
"chr2"	50046467	50046467	1	"+"	"chr2+50046467"	1	1.12534041547568e-05	5098	"Polyclonal_50pct"	"sonic"	-127963	"NRXN1*"	"-"	-72264	"NRXN1"	"-"	"NRXN1"	"-"	-1290743	"LHCGR"	"-"	"*"	"NRXN1"
"chr2"	51638039	51638039	1	"+"	"chr2+51638039"	1	1.12534041547568e-05	5098	"Polyclonal_50pct"	"sonic"	605439	"LOC730100*"	"+"	605439	"LOC730100"	"+"	"LOC730100"	"+"	-2882315	"LHCGR"	"-"	"*"	"LOC730100"
"chr2"	58035637	58035637	1	"+"	"chr2+58035637"	1	1.12534041547568e-05	5098	"Polyclonal_50pct"	"sonic"	-124283	"VRK2*"	"+"	-11004	"VRK2"	"+"	"VRK2"	"+"	2517861	"BCL11A"	"-"	"*"	"VRK2"
"chr2"	58320447	58320447	1	"+"	"chr2+58320447"	1	1.12534041547568e-05	5098	"Polyclonal_50pct"	"sonic"	23899	"LINC01795"	"+"	44571	"LINC01795"	"+"	"FALSE"	""	2233051	"BCL11A"	"-"	""	"LINC01795"
"chr2"	5856959	5856959	1	"+"	"chr2+5856959"	1	1.12534041547568e-05	5098	"Polyclonal_50pct"	"sonic"	-44363	"LINC01810"	"-"	-44363	"LINC01810"	"-"	"FALSE"	""	164576	"SOX11"	"+"	""	"LINC01810"
"chr2"	61310148	61310148	1	"+"	"chr2+61310148"	1	1.12534041547568e-05	5098	"Polyclonal_50pct"	"sonic"	-122686	"USP34*"	"-"	107229	"SNORA70B"	"-"	"USP34"	"-"	-291889	"PUS10"	"-"	"*"	"USP34"
"chr2"	61820909	61820909	1	"+"	"chr2+61820909"	1	1.12534041547568e-05	5098	"Polyclonal_50pct"	"sonic"	3938	"FAM161A"	"-"	33151	"FAM161A"	"-"	"FALSE"	""	-802650	"PUS10"	"-"	""	"FAM161A"
"chr2"	62641284	62641284	1	"+"	"chr2+62641284"	1	1.12534041547568e-05	5098	"Polyclonal_50pct"	"sonic"	-32593	"EHBP1"	"+"	-32593	"EHBP1"	"+"	"FALSE"	""	-1623025	"PUS10"	"-"	""	"EHBP1"
"chr2"	64975685	64975685	1	"+"	"chr2+64975685"	1	1.12534041547568e-05	5098	"Polyclonal_50pct"	"sonic"	-12793	"SLC1A4"	"+"	-12793	"SLC1A4"	"+"	"FALSE"	""	154421	"RAB1A"	"-"	""	"SLC1A4"
"chr2"	68145495	68145495	1	"+"	"chr2+68145495"	1	1.12534041547568e-05	5098	"Polyclonal_50pct"	"sonic"	-11412	"WDR92*"	"-"	12032	"WDR92"	"-"	"WDR92"	"-"	-589315	"ARHGAP25"	"+"	"*"	"WDR92"
"chr2"	68519663	68519663	1	"+"	"chr2+68519663"	1	1.12534041547568e-05	5098	"Polyclonal_50pct"	"sonic"	52079	"APLF*"	"+"	52079	"APLF"	"+"	"APLF"	"+"	-215147	"ARHGAP25"	"+"	"*"	"APLF"
"chr2"	71399710	71399710	1	"+"	"chr2+71399710"	1	1.12534041547568e-05	5098	"Polyclonal_50pct"	"sonic"	-35351	"ZNF638*"	"+"	-53850	"DYSF"	"+"	"ZNF638"	"+"	-845884	"TGFA"	"-"	"*"	"ZNF638"
"chr2"	74201746	74201746	1	"+"	"chr2+74201746"	1	1.12534041547568e-05	5098	"Polyclonal_50pct"	"sonic"	3132	"MTHFD2*"	"+"	3132	"MTHFD2"	"+"	"MTHFD2"	"+"	347780	"LOXL3"	"-"	"*"	"MTHFD2"
"chr2"	76542779	76542779	1	"+"	"chr2+76542779"	1	1.12534041547568e-05	5098	"Polyclonal_50pct"	"sonic"	204944	"LRRTM4"	"-"	-443185	"LRRTM4-AS1"	"+"	"FALSE"	""	-1988837	"LOXL3"	"-"	""	"LRRTM4"
"chr2"	78062920	78062920	1	"+"	"chr2+78062920"	1	1.12534041547568e-05	5098	"Polyclonal_50pct"	"sonic"	227811	"LOC101927967*"	"-"	-25809	"LOC101927948"	"+"	"LOC101927967"	"-"	1096833	"REG3A"	"-"	"*"	"LOC101927967"
"chr2"	79543668	79543668	1	"+"	"chr2+79543668"	1	1.12534041547568e-05	5098	"Polyclonal_50pct"	"sonic"	20486	"CTNNA2*"	"+"	20486	"CTNNA2"	"+"	"CTNNA2"	"+"	-383915	"REG3A"	"-"	"*"	"CTNNA2"
"chr2"	82032518	82032518	1	"+"	"chr2+82032518"	1	1.12534041547568e-05	5098	"Polyclonal_50pct"	"sonic"	-565572	"LINC01815"	"-"	-565572	"LINC01815"	"-"	"FALSE"	""	-2872765	"REG3A"	"-"	""	"LINC01815"
"chr2"	88789863	88789863	1	"+"	"chr2+88789863"	1	1.12534041547568e-05	5098	"Polyclonal_50pct"	"sonic"	-16732	"ANKRD36BP2*"	"+"	-22506	"MIR4436A"	"+"	"ANKRD36BP2"	"+"	2348403	"KDM3A"	"+"	"*"	"ANKRD36BP2"
"chr2"	99050770	99050770	1	"+"	"chr2+99050770"	1	1.12534041547568e-05	5098	"Polyclonal_50pct"	"sonic"	-53510	"TSGA10*"	"-"	90410	"TSGA10"	"-"	"TSGA10"	"-"	1054813	"AFF3"	"-"	"*"	"TSGA10"
"chr2"	102732840	102732840	1	"-"	"chr2-102732840"	1	1.12534041547568e-05	5098	"Polyclonal_50pct"	"sonic"	4048	"MFSD9*"	"-"	4048	"MFSD9"	"-"	"MFSD9"	"-"	113288	"SLC9A2"	"+"	"*"	"MFSD9"
"chr2"	104073812	104073812	1	"-"	"chr2-104073812"	1	1.12534041547568e-05	5098	"Polyclonal_50pct"	"sonic"	305037	"LOC100287010"	"-"	334520	"LOC100287010"	"-"	"FALSE"	""	1325239	"FHL2"	"-"	""	"LOC100287010"
"chr2"	105637870	105637870	1	"-"	"chr2-105637870"	1	1.12534041547568e-05	5098	"Polyclonal_50pct"	"sonic"	-27311	"LOC285000"	"-"	-27311	"LOC285000"	"-"	"FALSE"	""	-199341	"FHL2"	"-"	""	"LOC285000"
"chr2"	112279475	112279475	1	"-"	"chr2-112279475"	1	1.12534041547568e-05	5098	"Polyclonal_50pct"	"sonic"	3879	"ZC3H6*"	"+"	3879	"ZC3H6"	"+"	"ZC3H6"	"+"	-24433	"ZC3H8"	"-"	"*"	"ZC3H6"
"chr2"	113916888	113916888	1	"-"	"chr2-113916888"	1	1.12534041547568e-05	5098	"Polyclonal_50pct"	"sonic"	26291	"ACTR3*"	"+"	-25896	"ACTR3-AS1"	"-"	"ACTR3"	"+"	-637967	"PAX8"	"-"	"*"	"ACTR3"
"chr2"	119928717	119928717	1	"-"	"chr2-119928717"	1	1.12534041547568e-05	5098	"Polyclonal_50pct"	"sonic"	-56181	"PTPN4*"	"+"	-84359	"EPB41L5"	"+"	"PTPN4"	"+"	-324134	"RALB"	"+"	"*"	"PTPN4"
"chr2"	127997332	127997332	1	"-"	"chr2-127997332"	1	1.12534041547568e-05	5098	"Polyclonal_50pct"	"sonic"	29963	"SAP130*"	"-"	29963	"SAP130"	"-"	"SAP130"	"-"	-703188	"ERCC3"	"-"	"*"	"SAP130"
"chr2"	13566404	13566404	1	"-"	"chr2-13566404"	1	1.12534041547568e-05	5098	"Polyclonal_50pct"	"sonic"	-559391	"LOC100506474"	"-"	-559391	"LOC100506474"	"-"	"FALSE"	""	-2025463	"DDX1"	"+"	""	"LOC100506474"
"chr2"	13961076	13961076	1	"-"	"chr2-13961076"	1	1.12534041547568e-05	5098	"Polyclonal_50pct"	"sonic"	267797	"LINC00276"	"-"	439882	"LINC00276"	"-"	"FALSE"	""	-1630791	"DDX1"	"+"	""	"LINC00276"
"chr2"	142160984	142160984	1	"-"	"chr2-142160984"	1	1.12534041547568e-05	5098	"Polyclonal_50pct"	"sonic"	-29968	"LRP1B"	"-"	-29968	"LRP1B"	"-"	"FALSE"	""	2359135	"ZEB2"	"-"	""	"LRP1B"
"chr2"	149224	149224	1	"-"	"chr2-149224"	1	1.12534041547568e-05	5098	"Polyclonal_50pct"	"sonic"	68911	"SH3YL1"	"-"	-102719	"FAM110C"	"-"	"FALSE"	""	-5543159	"SOX11"	"+"	""	"SH3YL1"
"chr2"	149616760	149616760	1	"-"	"chr2-149616760"	1	1.12534041547568e-05	5098	"Polyclonal_50pct"	"sonic"	29403	"MMADHC-DT*"	"+"	-28985	"MMADHC"	"-"	"MMADHC-DT"	"+"	1771732	"ACVR2A"	"+"	"*"	"MMADHC-DT"
"chr2"	150590345	150590345	1	"-"	"chr2-150590345"	1	1.12534041547568e-05	5098	"Polyclonal_50pct"	"sonic"	-18124	"LINC01920"	"-"	-18124	"LINC01920"	"-"	"FALSE"	""	2745317	"ACVR2A"	"+"	""	"LINC01920"
"chr2"	154892593	154892593	1	"-"	"chr2-154892593"	1	1.12534041547568e-05	5098	"Polyclonal_50pct"	"sonic"	34239	"KCNJ3"	"+"	193899	"KCNJ3"	"+"	"FALSE"	""	-2365111	"GALNT5"	"+"	""	"KCNJ3"
"chr2"	155130822	155130822	1	"-"	"chr2-155130822"	1	1.12534041547568e-05	5098	"Polyclonal_50pct"	"sonic"	272468	"KCNJ3"	"+"	432128	"KCNJ3"	"+"	"FALSE"	""	-2126882	"GALNT5"	"+"	""	"KCNJ3"
"chr2"	155144355	155144355	1	"-"	"chr2-155144355"	1	1.12534041547568e-05	5098	"Polyclonal_50pct"	"sonic"	286001	"KCNJ3"	"+"	445661	"KCNJ3"	"+"	"FALSE"	""	-2113349	"GALNT5"	"+"	""	"KCNJ3"
"chr2"	155491870	155491870	1	"-"	"chr2-155491870"	1	1.12534041547568e-05	5098	"Polyclonal_50pct"	"sonic"	528664	"LINC01876"	"-"	763061	"LINC01876"	"-"	"FALSE"	""	-1765834	"GALNT5"	"+"	""	"LINC01876"
"chr2"	161375974	161375974	1	"-"	"chr2-161375974"	1	1.12534041547568e-05	5098	"Polyclonal_50pct"	"sonic"	-35743	"PSMD14*"	"+"	-40322	"TBR1"	"+"	"PSMD14"	"+"	4118270	"GALNT5"	"+"	"*"	"PSMD14"
"chr2"	163159755	163159755	1	"-"	"chr2-163159755"	1	1.12534041547568e-05	5098	"Polyclonal_50pct"	"sonic"	-320988	"KCNH7"	"-"	-320988	"KCNH7"	"-"	"FALSE"	""	5902051	"GALNT5"	"+"	""	"KCNH7"
"chr2"	163202976	163202976	1	"-"	"chr2-163202976"	1	1.12534041547568e-05	5098	"Polyclonal_50pct"	"sonic"	-364209	"KCNH7"	"-"	-364209	"KCNH7"	"-"	"FALSE"	""	5945272	"GALNT5"	"+"	""	"KCNH7"
"chr2"	164158122	164158122	1	"-"	"chr2-164158122"	1	1.12534041547568e-05	5098	"Polyclonal_50pct"	"sonic"	334294	"GRB14"	"-"	410373	"GRB14"	"-"	"FALSE"	""	5204412	"LRP2"	"-"	""	"GRB14"
"chr2"	164912080	164912080	1	"-"	"chr2-164912080"	1	1.12534041547568e-05	5098	"Polyclonal_50pct"	"sonic"	-13882	"SLC38A11*"	"-"	43445	"SLC38A11"	"-"	"SLC38A11"	"-"	4450454	"LRP2"	"-"	"*"	"SLC38A11"
"chr2"	165050184	165050184	1	"-"	"chr2-165050184"	1	1.12534041547568e-05	5098	"Polyclonal_50pct"	"sonic"	37341	"SCN3A"	"-"	-94659	"SLC38A11"	"-"	"FALSE"	""	4312350	"LRP2"	"-"	""	"SCN3A"
"chr2"	165273102	165273102	1	"-"	"chr2-165273102"	1	1.12534041547568e-05	5098	"Polyclonal_50pct"	"sonic"	32043	"SCN2A*"	"+"	-20952	"SCN2A"	"+"	"SCN2A"	"+"	4089432	"LRP2"	"-"	"*"	"SCN2A"
"chr2"	176812909	176812909	1	"-"	"chr2-176812909"	1	1.12534041547568e-05	5098	"Polyclonal_50pct"	"sonic"	156951	"LINC01117"	"+"	175156	"LINC01117"	"+"	"FALSE"	""	-399784	"HNRNPA3"	"+"	""	"LINC01117"
"chr2"	176971158	176971158	1	"-"	"chr2-176971158"	1	1.12534041547568e-05	5098	"Polyclonal_50pct"	"sonic"	240236	"LOC105373759"	"-"	241253	"LOC105373759"	"-"	"FALSE"	""	-241535	"HNRNPA3"	"+"	""	"LOC105373759"
"chr2"	178639952	178639952	1	"-"	"chr2-178639952"	1	1.12534041547568e-05	5098	"Polyclonal_50pct"	"sonic"	-113962	"TTN*"	"-"	116762	"TTN-AS1"	"+"	"TTN"	"-"	-531613	"PDE11A"	"-"	"*"	"TTN"
"chr2"	178641098	178641098	1	"-"	"chr2-178641098"	1	1.12534041547568e-05	5098	"Polyclonal_50pct"	"sonic"	-115108	"TTN*"	"-"	117908	"TTN-AS1"	"+"	"TTN"	"-"	-532759	"PDE11A"	"-"	"*"	"TTN"
"chr2"	179123075	179123075	1	"-"	"chr2-179123075"	1	1.12534041547568e-05	5098	"Polyclonal_50pct"	"sonic"	-21398	"SESTD1*"	"-"	-72938	"CCDC141"	"-"	"SESTD1"	"-"	-1014736	"PDE11A"	"-"	"*"	"SESTD1"
"chr2"	179792353	179792353	1	"-"	"chr2-179792353"	1	1.12534041547568e-05	5098	"Polyclonal_50pct"	"sonic"	69259	"ZNF385B*"	"-"	-45843	"ZNF385B"	"-"	"ZNF385B"	"-"	-1684014	"PDE11A"	"-"	"*"	"ZNF385B"
"chr2"	181310383	181310383	1	"-"	"chr2-181310383"	1	1.12534041547568e-05	5098	"Polyclonal_50pct"	"sonic"	-89170	"LINC01934*"	"+"	-4731	"MIR4437"	"-"	"LINC01934"	"+"	-3202044	"PDE11A"	"-"	"*"	"LINC01934"
"chr2"	181623864	181623864	1	"-"	"chr2-181623864"	1	1.12534041547568e-05	5098	"Polyclonal_50pct"	"sonic"	33241	"CERKL*"	"-"	33241	"CERKL"	"-"	"CERKL"	"-"	-3515525	"PDE11A"	"-"	"*"	"CERKL"
"chr2"	183569617	183569617	1	"-"	"chr2-183569617"	1	1.12534041547568e-05	5098	"Polyclonal_50pct"	"sonic"	407933	"NUP35"	"+"	445175	"NUP35"	"+"	"FALSE"	""	5220506	"DIRC1"	"-"	""	"NUP35"
"chr2"	184173624	184173624	1	"-"	"chr2-184173624"	1	1.12534041547568e-05	5098	"Polyclonal_50pct"	"sonic"	-205350	"MIR548AE1"	"+"	-205350	"MIR548AE1"	"+"	"FALSE"	""	4616499	"DIRC1"	"-"	""	"MIR548AE1"
"chr2"	184349322	184349322	1	"-"	"chr2-184349322"	1	1.12534041547568e-05	5098	"Polyclonal_50pct"	"sonic"	-29652	"MIR548AE1"	"+"	-29652	"MIR548AE1"	"+"	"FALSE"	""	4440801	"DIRC1"	"-"	""	"MIR548AE1"
"chr2"	185658763	185658763	1	"-"	"chr2-185658763"	1	1.12534041547568e-05	5098	"Polyclonal_50pct"	"sonic"	61110	"FSIP2-AS2"	"-"	79956	"FSIP2-AS2"	"-"	"FALSE"	""	3131360	"DIRC1"	"-"	""	"FSIP2-AS2"
"chr2"	185965878	185965878	1	"-"	"chr2-185965878"	1	1.12534041547568e-05	5098	"Polyclonal_50pct"	"sonic"	67655	"LINC01473"	"-"	120439	"LINC01473"	"-"	"FALSE"	""	2824245	"DIRC1"	"-"	""	"LINC01473"
"chr2"	186077008	186077008	1	"-"	"chr2-186077008"	1	1.12534041547568e-05	5098	"Polyclonal_50pct"	"sonic"	9309	"LINC01473*"	"-"	9309	"LINC01473"	"-"	"LINC01473"	"-"	2713115	"DIRC1"	"-"	"*"	"LINC01473"
"chr2"	186121200	186121200	1	"-"	"chr2-186121200"	1	1.12534041547568e-05	5098	"Polyclonal_50pct"	"sonic"	-34883	"LINC01473"	"-"	-34883	"LINC01473"	"-"	"FALSE"	""	2668923	"DIRC1"	"-"	""	"LINC01473"
"chr2"	187352583	187352583	1	"-"	"chr2-187352583"	1	1.12534041547568e-05	5098	"Polyclonal_50pct"	"sonic"	-10619	"CALCRL*"	"-"	95669	"CALCRL"	"-"	"CALCRL"	"-"	1437540	"DIRC1"	"-"	"*"	"CALCRL"
"chr2"	188736657	188736657	1	"-"	"chr2-188736657"	1	1.12534041547568e-05	5098	"Polyclonal_50pct"	"sonic"	-2920	"DIRC1~*"	"-"	53466	"DIRC1"	"-"	"DIRC1"	"-"	53466	"DIRC1"	"-"	"~*"	"DIRC1"
"chr2"	189127728	189127728	1	"-"	"chr2-189127728"	1	1.12534041547568e-05	5098	"Polyclonal_50pct"	"sonic"	52033	"COL5A2*"	"-"	5383	"MIR3129"	"-"	"COL5A2"	"-"	-337605	"DIRC1"	"-"	"*"	"COL5A2"
"chr2"	189277170	189277170	1	"-"	"chr2-189277170"	1	1.12534041547568e-05	5098	"Polyclonal_50pct"	"sonic"	-97409	"COL5A2"	"-"	-97409	"COL5A2"	"-"	"FALSE"	""	-487047	"DIRC1"	"-"	""	"COL5A2"
"chr2"	189772370	189772370	1	"-"	"chr2-189772370"	1	1.12534041547568e-05	5098	"Polyclonal_50pct"	"sonic"	-2104	"ORMDL1*"	"-"	-9172	"OSGEPL1"	"-"	"ORMDL1"	"-"	-11714	"PMS1"	"+"	"*"	"ORMDL1"
"chr2"	189910953	189910953	1	"-"	"chr2-189910953"	1	1.12534041547568e-05	5098	"Polyclonal_50pct"	"sonic"	33324	"PMS1~"	"+"	126504	"PMS1"	"+"	"FALSE"	""	126504	"PMS1"	"+"	"~"	"PMS1"
"chr2"	190888906	190888906	1	"-"	"chr2-190888906"	1	1.12534041547568e-05	5098	"Polyclonal_50pct"	"sonic"	8086	"GLS*"	"+"	8086	"GLS"	"+"	"GLS"	"+"	1104457	"PMS1"	"+"	"*"	"GLS"
"chr2"	19201072	19201072	1	"-"	"chr2-19201072"	1	1.12534041547568e-05	5098	"Polyclonal_50pct"	"sonic"	-147356	"MIR4757"	"+"	-147356	"MIR4757"	"+"	"FALSE"	""	1024058	"SDC1"	"-"	""	"MIR4757"
"chr2"	192144748	192144748	1	"-"	"chr2-192144748"	1	1.12534041547568e-05	5098	"Polyclonal_50pct"	"sonic"	50185	"TMEFF2*"	"-"	50185	"TMEFF2"	"-"	"TMEFF2"	"-"	2360299	"PMS1"	"+"	"*"	"TMEFF2"
"chr2"	193227295	193227295	1	"-"	"chr2-193227295"	1	1.12534041547568e-05	5098	"Polyclonal_50pct"	"sonic"	450396	"PCGEM1"	"+"	477451	"PCGEM1"	"+"	"FALSE"	""	3442846	"PMS1"	"+"	""	"PCGEM1"
"chr2"	193872901	193872901	1	"-"	"chr2-193872901"	1	1.12534041547568e-05	5098	"Polyclonal_50pct"	"sonic"	-471367	"LINC01821"	"+"	-471367	"LINC01821"	"+"	"FALSE"	""	3437879	"ANKRD44"	"-"	""	"LINC01821"
"chr2"	194003884	194003884	1	"-"	"chr2-194003884"	1	1.12534041547568e-05	5098	"Polyclonal_50pct"	"sonic"	-340384	"LINC01821"	"+"	-340384	"LINC01821"	"+"	"FALSE"	""	3306896	"ANKRD44"	"-"	""	"LINC01821"
"chr2"	194273779	194273779	1	"-"	"chr2-194273779"	1	1.12534041547568e-05	5098	"Polyclonal_50pct"	"sonic"	-70489	"LINC01821"	"+"	-70489	"LINC01821"	"+"	"FALSE"	""	3037001	"ANKRD44"	"-"	""	"LINC01821"
"chr2"	194286928	194286928	1	"-"	"chr2-194286928"	1	1.12534041547568e-05	5098	"Polyclonal_50pct"	"sonic"	-57340	"LINC01821"	"+"	-57340	"LINC01821"	"+"	"FALSE"	""	3023852	"ANKRD44"	"-"	""	"LINC01821"
"chr2"	194380040	194380040	1	"-"	"chr2-194380040"	1	1.12534041547568e-05	5098	"Polyclonal_50pct"	"sonic"	35772	"LINC01821*"	"+"	35772	"LINC01821"	"+"	"LINC01821"	"+"	2930740	"ANKRD44"	"-"	"*"	"LINC01821"
"chr2"	194594105	194594105	1	"-"	"chr2-194594105"	1	1.12534041547568e-05	5098	"Polyclonal_50pct"	"sonic"	-136489	"LINC01790"	"+"	-136489	"LINC01790"	"+"	"FALSE"	""	2716675	"ANKRD44"	"-"	""	"LINC01790"
"chr2"	195830312	195830312	1	"-"	"chr2-195830312"	1	1.12534041547568e-05	5098	"Polyclonal_50pct"	"sonic"	-92610	"DNAH7*"	"-"	173087	"SLC39A10"	"+"	"DNAH7"	"-"	1480468	"ANKRD44"	"-"	"*"	"DNAH7"
"chr2"	195975588	195975588	1	"-"	"chr2-195975588"	1	1.12534041547568e-05	5098	"Polyclonal_50pct"	"sonic"	93249	"DNAH7*"	"-"	93249	"DNAH7"	"-"	"DNAH7"	"-"	1335192	"ANKRD44"	"-"	"*"	"DNAH7"
"chr2"	196835877	196835877	1	"-"	"chr2-196835877"	1	1.12534041547568e-05	5098	"Polyclonal_50pct"	"sonic"	-2874	"PGAP1*"	"-"	-26522	"C2orf66"	"-"	"PGAP1"	"-"	474903	"ANKRD44"	"-"	"*"	"PGAP1"
"chr2"	197464861	197464861	1	"-"	"chr2-197464861"	1	1.12534041547568e-05	5098	"Polyclonal_50pct"	"sonic"	-10448	"COQ10B*"	"+"	11098	"COQ10B"	"+"	"COQ10B"	"+"	-29768	"SF3B1"	"-"	"*"	"COQ10B"
"chr2"	197541111	197541111	1	"-"	"chr2-197541111"	1	1.12534041547568e-05	5098	"Polyclonal_50pct"	"sonic"	-12588	"HSPE1-MOB4,MOB4*"	"+"	24814	"MOB4"	"+"	"HSPE1-MOB4,MOB4"	"+"	-40837	"HSPD1"	"-"	"*"	"HSPE1-MOB4,MOB4"
"chr2"	199925927	199925927	1	"-"	"chr2-199925927"	1	1.12534041547568e-05	5098	"Polyclonal_50pct"	"sonic"	-2346	"C2orf69*"	"+"	14635	"C2orf69"	"+"	"C2orf69"	"+"	-1190176	"CFLAR"	"+"	"*"	"C2orf69"
"chr2"	200536812	200536812	1	"-"	"chr2-200536812"	1	1.12534041547568e-05	5098	"Polyclonal_50pct"	"sonic"	10606	"SGO2*"	"+"	10606	"SGO2"	"+"	"SGO2"	"+"	-579291	"CFLAR"	"+"	"*"	"SGO2"
"chr2"	201766195	201766195	1	"-"	"chr2-201766195"	1	1.12534041547568e-05	5098	"Polyclonal_50pct"	"sonic"	-6743	"ALS2*"	"-"	14738	"ALS2"	"-"	"ALS2"	"-"	505660	"CASP8"	"+"	"*"	"ALS2"
"chr2"	203001197	203001197	1	"-"	"chr2-203001197"	1	1.12534041547568e-05	5098	"Polyclonal_50pct"	"sonic"	12934	"CARF"	"+"	-13677	"NBEAL1"	"+"	"FALSE"	""	534104	"RAPH1"	"-"	""	"CARF"
"chr2"	203390653	203390653	1	"-"	"chr2-203390653"	1	1.12534041547568e-05	5098	"Polyclonal_50pct"	"sonic"	-41516	"ABI2*"	"+"	62260	"ABI2"	"+"	"ABI2"	"+"	144648	"RAPH1"	"-"	"*"	"ABI2"
"chr2"	208371037	208371037	1	"-"	"chr2-208371037"	1	1.12534041547568e-05	5098	"Polyclonal_50pct"	"sonic"	11346	"PTH2R*"	"+"	11346	"PTH2R"	"+"	"PTH2R"	"+"	-115966	"IDH1"	"-"	"*"	"PTH2R"
"chr2"	209061278	209061278	1	"-"	"chr2-209061278"	1	1.12534041547568e-05	5098	"Polyclonal_50pct"	"sonic"	235691	"LOC101927960"	"+"	-362768	"MAP2"	"+"	"FALSE"	""	-362768	"MAP2"	"+"	""	"LOC101927960"
"chr2"	209415228	209415228	1	"-"	"chr2-209415228"	1	1.12534041547568e-05	5098	"Polyclonal_50pct"	"sonic"	-8818	"MAP2~"	"+"	-8818	"MAP2"	"+"	"FALSE"	""	-8818	"MAP2"	"+"	"~"	"MAP2"
"chr2"	210125706	210125706	1	"-"	"chr2-210125706"	1	1.12534041547568e-05	5098	"Polyclonal_50pct"	"sonic"	45703	"KANSL1L*"	"-"	45703	"KANSL1L"	"-"	"KANSL1L"	"-"	464211	"MAP2"	"+"	"*"	"KANSL1L"
"chr2"	211044043	211044043	1	"-"	"chr2-211044043"	1	1.12534041547568e-05	5098	"Polyclonal_50pct"	"sonic"	331673	"ERBB4"	"-"	426473	"CPS1-IT1"	"+"	"FALSE"	""	1382548	"MAP2"	"+"	""	"ERBB4"
"chr2"	211561258	211561258	1	"-"	"chr2-211561258"	1	1.12534041547568e-05	5098	"Polyclonal_50pct"	"sonic"	-185542	"ERBB4~*"	"-"	865102	"MIR548F2"	"-"	"ERBB4"	"-"	977370	"ERBB4"	"-"	"~*"	"ERBB4"
"chr2"	213458430	213458430	1	"-"	"chr2-213458430"	1	1.12534041547568e-05	5098	"Polyclonal_50pct"	"sonic"	173967	"SPAG16*"	"+"	173967	"SPAG16"	"+"	"SPAG16"	"+"	-305974	"IKZF2"	"-"	"*"	"SPAG16"
"chr2"	214748639	214748639	1	"-"	"chr2-214748639"	1	1.12534041547568e-05	5098	"Polyclonal_50pct"	"sonic"	-22994	"BARD1~*"	"-"	61044	"BARD1"	"-"	"BARD1"	"-"	61044	"BARD1"	"-"	"~*"	"BARD1"
"chr2"	218253090	218253090	1	"-"	"chr2-218253090"	1	1.12534041547568e-05	5098	"Polyclonal_50pct"	"sonic"	-1258	"ARPC2*"	"+"	-6405	"GPBAR1"	"+"	"ARPC2"	"+"	-496497	"DIRC3"	"-"	"*"	"ARPC2"
"chr2"	218550049	218550049	1	"-"	"chr2-218550049"	1	1.12534041547568e-05	5098	"Polyclonal_50pct"	"sonic"	18302	"USP37*"	"-"	18302	"USP37"	"-"	"USP37"	"-"	-309755	"WNT6"	"+"	"*"	"USP37"
"chr2"	222188869	222188869	1	"-"	"chr2-222188869"	1	1.12534041547568e-05	5098	"Polyclonal_50pct"	"sonic"	11017	"PAX3~"	"-"	-109277	"CCDC140"	"+"	"FALSE"	""	110129	"PAX3"	"-"	"~"	"PAX3"
"chr2"	222343495	222343495	1	"-"	"chr2-222343495"	1	1.12534041547568e-05	5098	"Polyclonal_50pct"	"sonic"	-14415	"CT75*"	"+"	22835	"CT75"	"+"	"CT75"	"+"	-44497	"PAX3"	"-"	"*"	"CT75"
"chr2"	227564024	227564024	1	"-"	"chr2-227564024"	1	1.12534041547568e-05	5098	"Polyclonal_50pct"	"sonic"	2807	"AGFG1"	"+"	54631	"LOC729968"	"-"	"FALSE"	""	399401	"COL4A3"	"+"	""	"AGFG1"
"chr2"	228247827	228247827	1	"-"	"chr2-228247827"	1	1.12534041547568e-05	5098	"Polyclonal_50pct"	"sonic"	-66140	"SPHKAP"	"-"	-66140	"SPHKAP"	"-"	"FALSE"	""	1083204	"COL4A3"	"+"	""	"SPHKAP"
"chr2"	230429600	230429600	1	"-"	"chr2-230429600"	1	1.12534041547568e-05	5098	"Polyclonal_50pct"	"sonic"	12845	"SP100*"	"+"	12845	"SP100"	"+"	"SP100"	"+"	203865	"SP140"	"+"	"*"	"SP100"
"chr2"	26978414	26978414	1	"-"	"chr2-26978414"	1	1.12534041547568e-05	5098	"Polyclonal_50pct"	"sonic"	7778	"MAPRE3*"	"+"	7778	"MAPRE3"	"+"	"MAPRE3"	"+"	-419658	"OTOF"	"-"	"*"	"MAPRE3"
"chr2"	27434975	27434975	1	"-"	"chr2-27434975"	1	1.12534041547568e-05	5098	"Polyclonal_50pct"	"sonic"	6345	"NRBP1*"	"+"	6345	"NRBP1"	"+"	"NRBP1"	"+"	-876219	"OTOF"	"-"	"*"	"NRBP1"
"chr2"	278826	278826	1	"-"	"chr2-278826"	1	1.12534041547568e-05	5098	"Polyclonal_50pct"	"sonic"	544	"ACP1"	"+"	9265	"ALKAL2"	"-"	"FALSE"	""	-5413557	"SOX11"	"+"	""	"ACP1"
"chr2"	30528266	30528266	1	"-"	"chr2-30528266"	1	1.12534041547568e-05	5098	"Polyclonal_50pct"	"sonic"	81021	"LCLAT1*"	"+"	81021	"LCLAT1"	"+"	"LCLAT1"	"+"	-606680	"ALK"	"-"	"*"	"LCLAT1"
"chr2"	32304913	32304913	1	"-"	"chr2-32304913"	1	1.12534041547568e-05	5098	"Polyclonal_50pct"	"sonic"	-11681	"YIPF4*"	"+"	27010	"YIPF4"	"+"	"YIPF4"	"+"	-39170	"NLRC4"	"-"	"*"	"YIPF4"
"chr2"	32972170	32972170	1	"-"	"chr2-32972170"	1	1.12534041547568e-05	5098	"Polyclonal_50pct"	"sonic"	25218	"LTBP1*"	"+"	25218	"LTBP1"	"+"	"LTBP1"	"+"	614955	"BIRC6"	"+"	"*"	"LTBP1"
"chr2"	33907808	33907808	1	"-"	"chr2-33907808"	1	1.12534041547568e-05	5098	"Polyclonal_50pct"	"sonic"	200923	"LINC01317*"	"+"	-159417	"LINC01318"	"+"	"LINC01317"	"+"	1550593	"BIRC6"	"+"	"*"	"LINC01317"
"chr2"	35275258	35275258	1	"-"	"chr2-35275258"	1	1.12534041547568e-05	5098	"Polyclonal_50pct"	"sonic"	-196146	"MIR548AD"	"+"	-196146	"MIR548AD"	"+"	"FALSE"	""	1691278	"STRN"	"-"	""	"MIR548AD"
"chr2"	35618275	35618275	1	"-"	"chr2-35618275"	1	1.12534041547568e-05	5098	"Polyclonal_50pct"	"sonic"	146789	"MIR548AD"	"+"	146871	"MIR548AD"	"+"	"FALSE"	""	1348261	"STRN"	"-"	""	"MIR548AD"
"chr2"	37146874	37146874	1	"-"	"chr2-37146874"	1	1.12534041547568e-05	5098	"Polyclonal_50pct"	"sonic"	948	"EIF2AK2~*"	"-"	948	"EIF2AK2"	"-"	"EIF2AK2"	"-"	948	"EIF2AK2"	"-"	"~*"	"EIF2AK2"
"chr2"	41181121	41181121	1	"-"	"chr2-41181121"	1	1.12534041547568e-05	5098	"Polyclonal_50pct"	"sonic"	-668686	"SLC8A1"	"-"	-668686	"SLC8A1"	"-"	"FALSE"	""	-988231	"EML4"	"+"	""	"SLC8A1"
"chr2"	43571514	43571514	1	"-"	"chr2-43571514"	1	1.12534041547568e-05	5098	"Polyclonal_50pct"	"sonic"	-15422	"THADA*"	"-"	24460	"THADA"	"-"	"THADA"	"-"	24460	"THADA"	"-"	"*"	"THADA"
"chr2"	46768168	46768168	1	"-"	"chr2-46768168"	1	1.12534041547568e-05	5098	"Polyclonal_50pct"	"sonic"	5040	"SOCS5"	"+"	-48499	"LINC01118"	"+"	"FALSE"	""	-601142	"EPCAM"	"+"	""	"SOCS5"
"chr2"	48359579	48359579	1	"-"	"chr2-48359579"	1	1.12534041547568e-05	5098	"Polyclonal_50pct"	"sonic"	-19716	"FOXN2*"	"+"	44898	"FOXN2"	"+"	"FOXN2"	"+"	396145	"LHCGR"	"-"	"*"	"FOXN2"
"chr2"	49680008	49680008	1	"-"	"chr2-49680008"	1	1.12534041547568e-05	5098	"Polyclonal_50pct"	"sonic"	238494	"NRXN1"	"-"	294195	"NRXN1"	"-"	"FALSE"	""	-924284	"LHCGR"	"-"	""	"NRXN1"
"chr2"	51655663	51655663	1	"-"	"chr2-51655663"	1	1.12534041547568e-05	5098	"Polyclonal_50pct"	"sonic"	623063	"LOC730100*"	"+"	623063	"LOC730100"	"+"	"LOC730100"	"+"	-2899939	"LHCGR"	"-"	"*"	"LOC730100"
"chr2"	52156442	52156442	1	"-"	"chr2-52156442"	1	1.12534041547568e-05	5098	"Polyclonal_50pct"	"sonic"	-251475	"LOC730100*"	"+"	-214205	"LINC01867"	"+"	"LOC730100"	"+"	2853830	"RTN4"	"-"	"*"	"LOC730100"
"chr2"	53370268	53370268	1	"-"	"chr2-53370268"	1	1.12534041547568e-05	5098	"Polyclonal_50pct"	"sonic"	299711	"ASB3"	"-"	-397514	"CHAC2"	"+"	"FALSE"	""	1640004	"RTN4"	"-"	""	"ASB3"
"chr2"	55374237	55374237	1	"-"	"chr2-55374237"	1	1.12534041547568e-05	5098	"Polyclonal_50pct"	"sonic"	45619	"CCDC88A*"	"-"	45619	"CCDC88A"	"-"	"CCDC88A"	"-"	-236406	"RTN4"	"-"	"*"	"CCDC88A"
"chr2"	55566317	55566317	1	"-"	"chr2-55566317"	1	1.12534041547568e-05	5098	"Polyclonal_50pct"	"sonic"	-19026	"PPP4R3B*"	"-"	46600	"CFAP36"	"+"	"PPP4R3B"	"-"	-428486	"RTN4"	"-"	"*"	"PPP4R3B"
"chr2"	55580886	55580886	1	"-"	"chr2-55580886"	1	1.12534041547568e-05	5098	"Polyclonal_50pct"	"sonic"	-33595	"PPP4R3B*"	"-"	36736	"PPP4R3B"	"-"	"PPP4R3B"	"-"	-443055	"RTN4"	"-"	"*"	"PPP4R3B"
"chr2"	58107434	58107434	1	"-"	"chr2-58107434"	1	1.12534041547568e-05	5098	"Polyclonal_50pct"	"sonic"	-52436	"VRK2*"	"+"	60629	"VRK2"	"+"	"VRK2"	"+"	2446064	"BCL11A"	"-"	"*"	"VRK2"
"chr2"	59037003	59037003	1	"-"	"chr2-59037003"	1	1.12534041547568e-05	5098	"Polyclonal_50pct"	"sonic"	-26763	"LINC01122*"	"+"	-180704	"LINC01793"	"+"	"LINC01122"	"+"	1516495	"BCL11A"	"-"	"*"	"LINC01122"
"chr2"	59509286	59509286	1	"-"	"chr2-59509286"	1	1.12534041547568e-05	5098	"Polyclonal_50pct"	"sonic"	229886	"LINC01793"	"+"	291579	"LINC01793"	"+"	"FALSE"	""	1044212	"BCL11A"	"-"	""	"LINC01793"
"chr2"	64621822	64621822	1	"-"	"chr2-64621822"	1	1.12534041547568e-05	5098	"Polyclonal_50pct"	"sonic"	5340	"LINC02579"	"+"	14511	"LINC02579"	"+"	"FALSE"	""	508284	"RAB1A"	"-"	""	"LINC02579"
"chr2"	65906989	65906989	1	"-"	"chr2-65906989"	1	1.12534041547568e-05	5098	"Polyclonal_50pct"	"sonic"	451259	"MIR4778"	"-"	451339	"MIR4778"	"-"	"FALSE"	""	-528135	"MEIS1"	"+"	""	"MIR4778"
"chr2"	69332050	69332050	1	"-"	"chr2-69332050"	1	1.12534041547568e-05	5098	"Polyclonal_50pct"	"sonic"	-12271	"GFPT1*"	"-"	55177	"GFPT1"	"-"	"GFPT1"	"-"	557141	"ARHGAP25"	"+"	"*"	"GFPT1"
"chr2"	72212779	72212779	1	"-"	"chr2-72212779"	1	1.12534041547568e-05	5098	"Polyclonal_50pct"	"sonic"	-36796	"EXOC6B*"	"-"	-64917	"CYP26B1"	"-"	"EXOC6B"	"-"	-1658953	"TGFA"	"-"	"*"	"EXOC6B"
"chr2"	72727161	72727161	1	"-"	"chr2-72727161"	1	1.12534041547568e-05	5098	"Polyclonal_50pct"	"sonic"	98872	"EXOC6B*"	"-"	98872	"EXOC6B"	"-"	"EXOC6B"	"-"	1822365	"LOXL3"	"-"	"*"	"EXOC6B"
"chr2"	74075637	74075637	1	"-"	"chr2-74075637"	1	1.12534041547568e-05	5098	"Polyclonal_50pct"	"sonic"	-32538	"TET3*"	"+"	72275	"BOLA3"	"-"	"TET3"	"+"	473889	"LOXL3"	"-"	"*"	"TET3"
"chr2"	74174436	74174436	1	"-"	"chr2-74174436"	1	1.12534041547568e-05	5098	"Polyclonal_50pct"	"sonic"	3878	"MOB1A*"	"-"	3878	"MOB1A"	"-"	"MOB1A"	"-"	375090	"LOXL3"	"-"	"*"	"MOB1A"
"chr2"	77240560	77240560	1	"-"	"chr2-77240560"	1	1.12534041547568e-05	5098	"Polyclonal_50pct"	"sonic"	281873	"LRRTM4*"	"-"	254596	"LRRTM4-AS1"	"+"	"LRRTM4"	"-"	1919193	"REG3A"	"-"	"*"	"LRRTM4"
"chr2"	77242458	77242458	1	"-"	"chr2-77242458"	1	1.12534041547568e-05	5098	"Polyclonal_50pct"	"sonic"	279975	"LRRTM4*"	"-"	256494	"LRRTM4-AS1"	"+"	"LRRTM4"	"-"	1917295	"REG3A"	"-"	"*"	"LRRTM4"
"chr2"	78362269	78362269	1	"-"	"chr2-78362269"	1	1.12534041547568e-05	5098	"Polyclonal_50pct"	"sonic"	-71538	"LOC101927967"	"-"	-71538	"LOC101927967"	"-"	"FALSE"	""	797484	"REG3A"	"-"	""	"LOC101927967"
"chr2"	81450296	81450296	1	"-"	"chr2-81450296"	1	1.12534041547568e-05	5098	"Polyclonal_50pct"	"sonic"	11062	"LINC01815"	"-"	16650	"LINC01815"	"-"	"FALSE"	""	-2290543	"REG3A"	"-"	""	"LINC01815"
"chr2"	82016949	82016949	1	"-"	"chr2-82016949"	1	1.12534041547568e-05	5098	"Polyclonal_50pct"	"sonic"	-550003	"LINC01815"	"-"	-550003	"LINC01815"	"-"	"FALSE"	""	-2857196	"REG3A"	"-"	""	"LINC01815"
"chr2"	82177173	82177173	1	"-"	"chr2-82177173"	1	1.12534041547568e-05	5098	"Polyclonal_50pct"	"sonic"	-679629	"DHFRP3"	"+"	-679629	"DHFRP3"	"+"	"FALSE"	""	-2728482	"TMSB10"	"+"	""	"DHFRP3"
"chr2"	86268390	86268390	1	"-"	"chr2-86268390"	1	1.12534041547568e-05	5098	"Polyclonal_50pct"	"sonic"	-54394	"REEP1*"	"-"	68934	"MRPL35"	"+"	"REEP1"	"-"	-172980	"KDM3A"	"+"	"*"	"REEP1"
"chr2"	89631735	89631735	1	"-"	"chr2-89631735"	1	1.12534041547568e-05	5098	"Polyclonal_50pct"	"sonic"	6172	"LOC101927050*"	"-"	6172	"LOC101927050"	"-"	"LOC101927050"	"-"	3190275	"KDM3A"	"+"	"*"	"LOC101927050"
"chr20"	17595364	17595364	1	"+"	"chr20+17595364"	1	1.12534041547568e-05	5098	"Polyclonal_50pct"	"sonic"	-14555	"DSTN*"	"+"	25290	"DSTN"	"+"	"DSTN"	"+"	373430	"SNX5"	"-"	"*"	"DSTN"
"chr20"	21163073	21163073	1	"+"	"chr20+21163073"	1	1.12534041547568e-05	5098	"Polyclonal_50pct"	"sonic"	36992	"KIZ*"	"+"	36992	"KIZ"	"+"	"KIZ"	"+"	350991	"NKX2-2"	"-"	"*"	"KIZ"
"chr20"	2398742	2398742	1	"+"	"chr20+2398742"	1	1.12534041547568e-05	5098	"Polyclonal_50pct"	"sonic"	17842	"TGM6*"	"+"	17842	"TGM6"	"+"	"TGM6"	"+"	-1388029	"CDC25B"	"+"	"*"	"TGM6"
"chr20"	2943094	2943094	1	"+"	"chr20+2943094"	1	1.12534041547568e-05	5098	"Polyclonal_50pct"	"sonic"	69614	"PTPRA*"	"+"	69614	"PTPRA"	"+"	"PTPRA"	"+"	-843677	"CDC25B"	"+"	"*"	"PTPRA"
"chr20"	32385799	32385799	1	"+"	"chr20+32385799"	1	1.12534041547568e-05	5098	"Polyclonal_50pct"	"sonic"	26735	"ASXL1~*"	"+"	26735	"ASXL1"	"+"	"ASXL1"	"+"	26735	"ASXL1"	"+"	"~*"	"ASXL1"
"chr20"	33418129	33418129	1	"+"	"chr20+33418129"	1	1.12534041547568e-05	5098	"Polyclonal_50pct"	"sonic"	-10173	"SNTA1*"	"-"	-16560	"CDK5RAP1"	"-"	"SNTA1"	"-"	268256	"E2F1"	"-"	"*"	"SNTA1"
"chr20"	33805206	33805206	1	"+"	"chr20+33805206"	1	1.12534041547568e-05	5098	"Polyclonal_50pct"	"sonic"	5893	"ZNF341-AS1*"	"-"	5893	"ZNF341-AS1"	"-"	"ZNF341-AS1"	"-"	-118821	"E2F1"	"-"	"*"	"ZNF341-AS1"
"chr20"	35630272	35630272	1	"+"	"chr20+35630272"	1	1.12534041547568e-05	5098	"Polyclonal_50pct"	"sonic"	-4229	"CPNE1*"	"-"	14389	"SPAG4"	"+"	"CPNE1"	"-"	88195	"ERGIC3"	"+"	"*"	"CPNE1"
"chr20"	35845499	35845499	1	"+"	"chr20+35845499"	1	1.12534041547568e-05	5098	"Polyclonal_50pct"	"sonic"	73485	"PHF20*"	"+"	73485	"PHF20"	"+"	"PHF20"	"+"	73485	"PHF20"	"+"	"*"	"PHF20"
"chr20"	53587077	53587077	1	"+"	"chr20+53587077"	1	1.12534041547568e-05	5098	"Polyclonal_50pct"	"sonic"	6762	"ZNF217~*"	"-"	6762	"ZNF217"	"-"	"ZNF217"	"-"	6762	"ZNF217"	"-"	"~*"	"ZNF217"
"chr20"	54043059	54043059	1	"+"	"chr20+54043059"	1	1.12534041547568e-05	5098	"Polyclonal_50pct"	"sonic"	15961	"BCAS1*"	"-"	15961	"BCAS1"	"-"	"BCAS1"	"-"	-449220	"ZNF217"	"-"	"*"	"BCAS1"
"chr20"	6294890	6294890	1	"+"	"chr20+6294890"	1	1.12534041547568e-05	5098	"Polyclonal_50pct"	"sonic"	-131841	"CASC20"	"+"	-131841	"CASC20"	"+"	"FALSE"	""	-1168268	"PCNA"	"-"	""	"CASC20"
"chr20"	63714091	63714091	1	"+"	"chr20+63714091"	1	1.12534041547568e-05	5098	"Polyclonal_50pct"	"sonic"	6053	"ZGPAT*"	"+"	6053	"ZGPAT"	"+"	"ZGPAT"	"+"	17440	"TNFRSF6B"	"+"	"*"	"ZGPAT"
"chr20"	8206801	8206801	1	"+"	"chr20+8206801"	1	1.12534041547568e-05	5098	"Polyclonal_50pct"	"sonic"	74536	"PLCB1~*"	"+"	-41902	"PLCB1-IT1"	"+"	"PLCB1"	"+"	74536	"PLCB1"	"+"	"~*"	"PLCB1"
"chr20"	13317192	13317192	1	"-"	"chr20-13317192"	1	1.12534041547568e-05	5098	"Polyclonal_50pct"	"sonic"	16541	"ISM1"	"+"	-77505	"ISM1-AS1"	"-"	"FALSE"	""	-2643193	"JAG1"	"-"	""	"ISM1"
"chr20"	14901452	14901452	1	"-"	"chr20-14901452"	1	1.12534041547568e-05	5098	"Polyclonal_50pct"	"sonic"	-17200	"MACROD2-AS1*"	"-"	28066	"MACROD2-AS1"	"-"	"MACROD2,MACROD2-AS1"	"+,-"	3067342	"SNX5"	"-"	"*"	"MACROD2-AS1"
"chr20"	15074601	15074601	1	"-"	"chr20-15074601"	1	1.12534041547568e-05	5098	"Polyclonal_50pct"	"sonic"	-978595	"MACROD2*"	"+"	-122238	"MACROD2"	"+"	"MACROD2"	"+"	2894193	"SNX5"	"-"	"*"	"MACROD2"
"chr20"	21967925	21967925	1	"-"	"chr20-21967925"	1	1.12534041547568e-05	5098	"Polyclonal_50pct"	"sonic"	-86164	"LINC01432"	"+"	-86164	"LINC01432"	"+"	"FALSE"	""	-453861	"NKX2-2"	"-"	""	"LINC01432"
"chr20"	25419618	25419618	1	"-"	"chr20-25419618"	1	1.12534041547568e-05	5098	"Polyclonal_50pct"	"sonic"	11936	"GINS1*"	"+"	11936	"GINS1"	"+"	"GINS1"	"+"	-3905554	"NKX2-2"	"-"	"*"	"GINS1"
"chr20"	29517972	29517972	1	"-"	"chr20-29517972"	1	1.12534041547568e-05	5098	"Polyclonal_50pct"	"sonic"	-20638	"FRG1EP"	"-"	-20638	"FRG1EP"	"-"	"FALSE"	""	2204358	"BCL2L1"	"-"	""	"FRG1EP"
"chr20"	29644569	29644569	1	"-"	"chr20-29644569"	1	1.12534041547568e-05	5098	"Polyclonal_50pct"	"sonic"	84094	"FAM242B"	"+"	95851	"FAM242B"	"+"	"FALSE"	""	2077761	"BCL2L1"	"-"	""	"FAM242B"
"chr20"	40455170	40455170	1	"-"	"chr20-40455170"	1	1.12534041547568e-05	5098	"Polyclonal_50pct"	"sonic"	230677	"MAFB"	"-"	234066	"MAFB"	"-"	"FALSE"	""	234066	"MAFB"	"-"	""	"MAFB"
"chr20"	49663534	49663534	1	"-"	"chr20-49663534"	1	1.12534041547568e-05	5098	"Polyclonal_50pct"	"sonic"	-30589	"B4GALT5~*"	"-"	50344	"B4GALT5"	"-"	"B4GALT5"	"-"	50344	"B4GALT5"	"-"	"~*"	"B4GALT5"
"chr20"	51624474	51624474	1	"-"	"chr20-51624474"	1	1.12534041547568e-05	5098	"Polyclonal_50pct"	"sonic"	-27959	"ATP9A*"	"-"	-61635	"NFATC2"	"-"	"ATP9A"	"-"	-61635	"NFATC2"	"-"	"*"	"ATP9A"
"chr20"	52821967	52821967	1	"-"	"chr20-52821967"	1	1.12534041547568e-05	5098	"Polyclonal_50pct"	"sonic"	-150390	"TSHZ2"	"+"	-150390	"TSHZ2"	"+"	"FALSE"	""	-629982	"ZFP64"	"-"	""	"TSHZ2"
"chr20"	53607234	53607234	1	"-"	"chr20-53607234"	1	1.12534041547568e-05	5098	"Polyclonal_50pct"	"sonic"	-1119	"LOC105372672"	"+"	-1119	"LOC105372672"	"+"	"FALSE"	""	-13395	"ZNF217"	"-"	""	"LOC105372672"
"chr20"	53975244	53975244	1	"-"	"chr20-53975244"	1	1.12534041547568e-05	5098	"Polyclonal_50pct"	"sonic"	-31707	"BCAS1*"	"-"	83776	"BCAS1"	"-"	"BCAS1"	"-"	-381405	"ZNF217"	"-"	"*"	"BCAS1"
"chr20"	59844658	59844658	1	"-"	"chr20-59844658"	1	1.12534041547568e-05	5098	"Polyclonal_50pct"	"sonic"	-3053	"PHACTR3*"	"+"	88979	"SYCP2"	"-"	"PHACTR3"	"+"	952496	"GNAS"	"+"	"*"	"PHACTR3"
"chr20"	62033002	62033002	1	"-"	"chr20-62033002"	1	1.12534041547568e-05	5098	"Polyclonal_50pct"	"sonic"	32808	"TAF4*"	"-"	-31799	"MIR3195"	"+"	"TAF4"	"-"	-110766	"SS18L1"	"+"	"*"	"TAF4"
"chr20"	8651392	8651392	1	"-"	"chr20-8651392"	1	1.12534041547568e-05	5098	"Polyclonal_50pct"	"sonic"	-233508	"PLCB1~*"	"+"	-179792	"RNU105B"	"+"	"PLCB1"	"+"	519127	"PLCB1"	"+"	"~*"	"PLCB1"
"chr21"	20161680	20161680	1	"+"	"chr21+20161680"	1	1.12534041547568e-05	5098	"Polyclonal_50pct"	"sonic"	95181	"LINC02573"	"-"	97005	"LINC02573"	"-"	"FALSE"	""	3571444	"MIR125B2"	"+"	""	"LINC02573"
"chr21"	20289152	20289152	1	"+"	"chr21+20289152"	1	1.12534041547568e-05	5098	"Polyclonal_50pct"	"sonic"	-30467	"LINC02573"	"-"	-30467	"LINC02573"	"-"	"FALSE"	""	3698916	"MIR125B2"	"+"	""	"LINC02573"
"chr21"	20764726	20764726	1	"+"	"chr21+20764726"	1	1.12534041547568e-05	5098	"Polyclonal_50pct"	"sonic"	-22137	"LINC00320*"	"-"	38382	"LINC00320"	"-"	"LINC00320"	"-"	4174490	"MIR125B2"	"+"	"*"	"LINC00320"
"chr21"	23031843	23031843	1	"+"	"chr21+23031843"	1	1.12534041547568e-05	5098	"Polyclonal_50pct"	"sonic"	-47440	"MIR6130"	"+"	-47440	"MIR6130"	"+"	"FALSE"	""	3813566	"ADAMTS1"	"-"	""	"MIR6130"
"chr21"	23616097	23616097	1	"+"	"chr21+23616097"	1	1.12534041547568e-05	5098	"Polyclonal_50pct"	"sonic"	-231262	"D21S2088E"	"-"	-231262	"D21S2088E"	"-"	"FALSE"	""	3229312	"ADAMTS1"	"-"	""	"D21S2088E"
"chr21"	26911049	26911049	1	"+"	"chr21+26911049"	1	1.12534041547568e-05	5098	"Polyclonal_50pct"	"sonic"	6872	"ADAMTS5"	"-"	-42911	"MIR4759"	"+"	"FALSE"	""	-65640	"ADAMTS1"	"-"	""	"ADAMTS5"
"chr21"	28059255	28059255	1	"+"	"chr21+28059255"	1	1.12534041547568e-05	5098	"Polyclonal_50pct"	"sonic"	10842	"LINC01697*"	"+"	10842	"LINC01697"	"+"	"LINC01697"	"+"	-1213846	"ADAMTS1"	"-"	"*"	"LINC01697"
"chr21"	29383705	29383705	1	"+"	"chr21+29383705"	1	1.12534041547568e-05	5098	"Polyclonal_50pct"	"sonic"	9725	"BACH1-IT2"	"+"	11205	"BACH1-IT2"	"+"	"FALSE"	""	1777235	"TIAM1"	"-"	""	"BACH1-IT2"
"chr21"	30189156	30189156	1	"+"	"chr21+30189156"	1	1.12534041547568e-05	5098	"Polyclonal_50pct"	"sonic"	19994	"LINC00307"	"-"	-22351	"CLDN17"	"-"	"FALSE"	""	971784	"TIAM1"	"-"	""	"LINC00307"
"chr21"	32684772	32684772	1	"+"	"chr21+32684772"	1	1.12534041547568e-05	5098	"Polyclonal_50pct"	"sonic"	43149	"SYNJ1*"	"-"	43149	"SYNJ1"	"-"	"SYNJ1"	"-"	-341162	"OLIG2"	"+"	"*"	"SYNJ1"
"chr21"	32684957	32684957	1	"+"	"chr21+32684957"	1	1.12534041547568e-05	5098	"Polyclonal_50pct"	"sonic"	42964	"SYNJ1*"	"-"	42964	"SYNJ1"	"-"	"SYNJ1"	"-"	-340977	"OLIG2"	"+"	"*"	"SYNJ1"
"chr21"	35088151	35088151	1	"+"	"chr21+35088151"	1	1.12534041547568e-05	5098	"Polyclonal_50pct"	"sonic"	-38849	"RUNX1!~"	"-"	-38849	"RUNX1"	"-"	"FALSE"	""	-38849	"RUNX1"	"-"	"!~"	"RUNX1"
"chr21"	38582856	38582856	1	"+"	"chr21+38582856"	1	1.12534041547568e-05	5098	"Polyclonal_50pct"	"sonic"	2089	"ERG~*"	"-"	2089	"ERG"	"-"	"ERG"	"-"	2089	"ERG"	"-"	"~*"	"ERG"
"chr21"	39205748	39205748	1	"+"	"chr21+39205748"	1	1.12534041547568e-05	5098	"Polyclonal_50pct"	"sonic"	-20267	"BRWD1*"	"-"	-22234	"PSMG1"	"-"	"BRWD1"	"-"	399820	"ETS2"	"+"	"*"	"BRWD1"
"chr21"	42505500	42505500	1	"+"	"chr21+42505500"	1	1.12534041547568e-05	5098	"Polyclonal_50pct"	"sonic"	5879	"SLC37A1*"	"+"	5879	"SLC37A1"	"+"	"SLC37A1"	"+"	-9276	"RSPH1"	"-"	"*"	"SLC37A1"
"chr21"	43594713	43594713	1	"+"	"chr21+43594713"	1	1.12534041547568e-05	5098	"Polyclonal_50pct"	"sonic"	64775	"HSF2BP*"	"-"	15276	"MIR6070"	"-"	"HSF2BP"	"-"	-124415	"PDXK"	"+"	"*"	"HSF2BP"
"chr21"	43895030	43895030	1	"+"	"chr21+43895030"	1	1.12534041547568e-05	5098	"Polyclonal_50pct"	"sonic"	29808	"AGPAT3*"	"+"	-21757	"AGPAT3"	"+"	"AGPAT3"	"+"	-118722	"CSTB"	"-"	"*"	"AGPAT3"
"chr21"	44565980	44565980	1	"+"	"chr21+44565980"	1	1.12534041547568e-05	5098	"Polyclonal_50pct"	"sonic"	-68088	"TSPEAR*"	"-"	-7185	"KRTAP10-3"	"-"	"TSPEAR"	"-"	307710	"PTTG1IP"	"-"	"*"	"TSPEAR"
"chr21"	46575092	46575092	1	"+"	"chr21+46575092"	1	1.12534041547568e-05	5098	"Polyclonal_50pct"	"sonic"	3866	"DIP2A"	"+"	29990	"S100B"	"-"	"FALSE"	""	29990	"S100B"	"-"	""	"DIP2A"
"chr21"	8762846	8762846	1	"+"	"chr21+8762846"	1	1.12534041547568e-05	5098	"Polyclonal_50pct"	"sonic"	-224152	"MIR3648-1,MIR3648-2"	"+"	-224152	"MIR3648-1,MIR3648-2"	"+"	"FALSE"	""	2200927	"CRYAA"	"+"	""	"MIR3648-1,MIR3648-2"
"chr21"	15500402	15500402	1	"-"	"chr21-15500402"	1	1.12534041547568e-05	5098	"Polyclonal_50pct"	"sonic"	-229531	"USP25"	"+"	-229531	"USP25"	"+"	"FALSE"	""	-435402	"NRIP1"	"-"	""	"USP25"
"chr21"	18731316	18731316	1	"-"	"chr21-18731316"	1	1.12534041547568e-05	5098	"Polyclonal_50pct"	"sonic"	28496	"MIR548XHG*"	"-"	28496	"MIR548XHG"	"-"	"MIR548XHG"	"-"	2141080	"MIR125B2"	"+"	"*"	"MIR548XHG"
"chr21"	18940613	18940613	1	"-"	"chr21-18940613"	1	1.12534041547568e-05	5098	"Polyclonal_50pct"	"sonic"	-180801	"MIR548XHG"	"-"	-180801	"MIR548XHG"	"-"	"FALSE"	""	2350377	"MIR125B2"	"+"	""	"MIR548XHG"
"chr21"	20131372	20131372	1	"-"	"chr21-20131372"	1	1.12534041547568e-05	5098	"Polyclonal_50pct"	"sonic"	125489	"LINC02573"	"-"	127313	"LINC02573"	"-"	"FALSE"	""	3541136	"MIR125B2"	"+"	""	"LINC02573"
"chr21"	22308753	22308753	1	"-"	"chr21-22308753"	1	1.12534041547568e-05	5098	"Polyclonal_50pct"	"sonic"	192225	"LINC00308"	"+"	210137	"LINC00308"	"+"	"FALSE"	""	4536656	"ADAMTS1"	"-"	""	"LINC00308"
"chr21"	23138251	23138251	1	"-"	"chr21-23138251"	1	1.12534041547568e-05	5098	"Polyclonal_50pct"	"sonic"	58859	"MIR6130"	"+"	58968	"MIR6130"	"+"	"FALSE"	""	3707158	"ADAMTS1"	"-"	""	"MIR6130"
"chr21"	25993247	25993247	1	"-"	"chr21-25993247"	1	1.12534041547568e-05	5098	"Polyclonal_50pct"	"sonic"	-112698	"APP*"	"-"	147143	"APP"	"-"	"APP"	"-"	852162	"ADAMTS1"	"-"	"*"	"APP"
"chr21"	27472384	27472384	1	"-"	"chr21-27472384"	1	1.12534041547568e-05	5098	"Polyclonal_50pct"	"sonic"	-249994	"LINC00113"	"+"	-249994	"LINC00113"	"+"	"FALSE"	""	-626975	"ADAMTS1"	"-"	""	"LINC00113"
"chr21"	27681493	27681493	1	"-"	"chr21-27681493"	1	1.12534041547568e-05	5098	"Polyclonal_50pct"	"sonic"	-40885	"LINC00113"	"+"	-40885	"LINC00113"	"+"	"FALSE"	""	-836084	"ADAMTS1"	"-"	""	"LINC00113"
"chr21"	31698600	31698600	1	"-"	"chr21-31698600"	1	1.12534041547568e-05	5098	"Polyclonal_50pct"	"sonic"	-27601	"SCAF4*"	"-"	33518	"SCAF4"	"-"	"SCAF4"	"-"	-139513	"TIAM1"	"-"	"*"	"SCAF4"
"chr21"	33226372	33226372	1	"-"	"chr21-33226372"	1	1.12534041547568e-05	5098	"Polyclonal_50pct"	"sonic"	-3522	"IFNAR2"	"+"	-3522	"IFNAR2"	"+"	"FALSE"	""	-98022	"IFNAR1"	"+"	""	"IFNAR2"
"chr21"	33244298	33244298	1	"-"	"chr21-33244298"	1	1.12534041547568e-05	5098	"Polyclonal_50pct"	"sonic"	14361	"IFNAR2*"	"+"	14361	"IFNAR2"	"+"	"IFNAR2"	"+"	-80096	"IFNAR1"	"+"	"*"	"IFNAR2"
"chr21"	33536271	33536271	1	"-"	"chr21-33536271"	1	1.12534041547568e-05	5098	"Polyclonal_50pct"	"sonic"	5846	"GART*"	"-"	5846	"GART"	"-"	"GART"	"-"	132859	"IFNGR2"	"+"	"*"	"GART"
"chr21"	34741009	34741009	1	"-"	"chr21-34741009"	1	1.12534041547568e-05	5098	"Polyclonal_50pct"	"sonic"	-3827	"LINC00160"	"-"	-3827	"LINC00160"	"-"	"FALSE"	""	147690	"RUNX1"	"-"	""	"LINC00160"
"chr21"	43294046	43294046	1	"-"	"chr21-43294046"	1	1.12534041547568e-05	5098	"Polyclonal_50pct"	"sonic"	28162	"LINC00322"	"-"	37993	"LINC00322"	"-"	"FALSE"	""	123811	"CRYAA"	"+"	""	"LINC00322"
"chr21"	43624415	43624415	1	"-"	"chr21-43624415"	1	1.12534041547568e-05	5098	"Polyclonal_50pct"	"sonic"	35073	"HSF2BP*"	"-"	-14426	"MIR6070"	"-"	"HSF2BP"	"-"	-94713	"PDXK"	"+"	"*"	"HSF2BP"
"chr21"	44091579	44091579	1	"-"	"chr21-44091579"	1	1.12534041547568e-05	5098	"Polyclonal_50pct"	"sonic"	-14972	"TRAPPC10*"	"+"	-15819	"LOC102724159,PWP2"	"+"	"TRAPPC10"	"+"	-315271	"CSTB"	"-"	"*"	"TRAPPC10"
"chr21"	45700295	45700295	1	"-"	"chr21-45700295"	1	1.12534041547568e-05	5098	"Polyclonal_50pct"	"sonic"	56571	"PCBP3*"	"+"	-47718	"PCBP3"	"+"	"PCBP3"	"+"	-137270	"SLC19A1"	"-"	"*"	"PCBP3"
"chr21"	46506764	46506764	1	"-"	"chr21-46506764"	1	1.12534041547568e-05	5098	"Polyclonal_50pct"	"sonic"	-39542	"DIP2A*"	"+"	44294	"DIP2A-IT1"	"+"	"DIP2A"	"+"	98318	"S100B"	"-"	"*"	"DIP2A"
"chr22"	21596161	21596161	1	"+"	"chr22+21596161"	1	1.12534041547568e-05	5098	"Polyclonal_50pct"	"sonic"	-27873	"UBE2L3*"	"+"	28448	"UBE2L3"	"+"	"UBE2L3"	"+"	271484	"MAPK1"	"-"	"*"	"UBE2L3"
"chr22"	29127864	29127864	1	"+"	"chr22+29127864"	1	1.12534041547568e-05	5098	"Polyclonal_50pct"	"sonic"	-18956	"KREMEN1*"	"+"	54830	"KREMEN1"	"+"	"KREMEN1"	"+"	-140403	"EWSR1"	"+"	"*"	"KREMEN1"
"chr22"	30139865	30139865	1	"+"	"chr22+30139865"	1	1.12534041547568e-05	5098	"Polyclonal_50pct"	"sonic"	-37210	"HORMAD2*"	"+"	59402	"HORMAD2"	"+"	"HORMAD2"	"+"	256692	"MTMR3"	"+"	"*"	"HORMAD2"
"chr22"	39413150	39413150	1	"+"	"chr22+39413150"	1	1.12534041547568e-05	5098	"Polyclonal_50pct"	"sonic"	13371	"TAB1*"	"+"	13371	"TAB1"	"+"	"TAB1"	"+"	-107408	"ATF4"	"+"	"*"	"TAB1"
"chr22"	39788963	39788963	1	"+"	"chr22+39788963"	1	1.12534041547568e-05	5098	"Polyclonal_50pct"	"sonic"	-45920	"ENTHD1*"	"-"	104797	"ENTHD1"	"-"	"ENTHD1"	"-"	268400	"ATF4"	"+"	"*"	"ENTHD1"
"chr22"	46056766	46056766	1	"+"	"chr22+46056766"	1	1.12534041547568e-05	5098	"Polyclonal_50pct"	"sonic"	-1756	"PRR34-AS1*"	"+"	-2541	"PRR34"	"-"	"PRR34-AS1"	"+"	206577	"PKDREJ"	"-"	"*"	"PRR34-AS1"
"chr22"	47936955	47936955	1	"+"	"chr22+47936955"	1	1.12534041547568e-05	5098	"Polyclonal_50pct"	"sonic"	81355	"LOC284930"	"+"	305282	"LOC284930"	"+"	"FALSE"	""	-1673612	"PKDREJ"	"-"	""	"LOC284930"
"chr22"	50331857	50331857	1	"+"	"chr22+50331857"	1	1.12534041547568e-05	5098	"Polyclonal_50pct"	"sonic"	-4845	"DENND6B"	"-"	-4845	"DENND6B"	"-"	"FALSE"	""	-70047	"MAPK12"	"-"	""	"DENND6B"
"chr22"	50358566	50358566	1	"+"	"chr22+50358566"	1	1.12534041547568e-05	5098	"Polyclonal_50pct"	"sonic"	15240	"PPP6R2*"	"+"	15240	"PPP6R2"	"+"	"PPP6R2"	"+"	-96756	"MAPK12"	"-"	"*"	"PPP6R2"
"chr22"	50372904	50372904	1	"+"	"chr22+50372904"	1	1.12534041547568e-05	5098	"Polyclonal_50pct"	"sonic"	29578	"PPP6R2*"	"+"	29578	"PPP6R2"	"+"	"PPP6R2"	"+"	-111094	"MAPK12"	"-"	"*"	"PPP6R2"
"chr22"	50373460	50373460	1	"+"	"chr22+50373460"	1	1.12534041547568e-05	5098	"Polyclonal_50pct"	"sonic"	30134	"PPP6R2*"	"+"	30134	"PPP6R2"	"+"	"PPP6R2"	"+"	-111650	"MAPK12"	"-"	"*"	"PPP6R2"
"chr22"	11335470	11335470	1	"-"	"chr22-11335470"	1	1.12534041547568e-05	5098	"Polyclonal_50pct"	"sonic"	-373941	"FRG1FP"	"-"	-373941	"FRG1FP"	"-"	"FALSE"	""	6438572	"BID"	"-"	""	"FRG1FP"
"chr22"	26602955	26602955	1	"-"	"chr22-26602955"	1	1.12534041547568e-05	5098	"Polyclonal_50pct"	"sonic"	-3678	"CRYBB1*"	"-"	-12823	"TPST2"	"-"	"CRYBB1"	"-"	1198801	"MN1"	"-"	"*"	"CRYBB1"
"chr22"	37038199	37038199	1	"-"	"chr22-37038199"	1	1.12534041547568e-05	5098	"Polyclonal_50pct"	"sonic"	8385	"MPST"	"+"	-13536	"KCTD17"	"+"	"FALSE"	""	65457	"TMPRSS6"	"-"	""	"MPST"
"chr22"	37147442	37147442	1	"-"	"chr22-37147442"	1	1.12534041547568e-05	5098	"Polyclonal_50pct"	"sonic"	2474	"IL2RB~*"	"-"	2474	"IL2RB"	"-"	"IL2RB"	"-"	2474	"IL2RB"	"-"	"~*"	"IL2RB"
"chr22"	37179456	37179456	1	"-"	"chr22-37179456"	1	1.12534041547568e-05	5098	"Polyclonal_50pct"	"sonic"	709	"C1QTNF6"	"-"	-4338	"IL2RB"	"-"	"FALSE"	""	-4338	"IL2RB"	"-"	""	"C1QTNF6"
"chr22"	37635430	37635430	1	"-"	"chr22-37635430"	1	1.12534041547568e-05	5098	"Polyclonal_50pct"	"sonic"	1866	"GGA1~"	"+"	-4238	"SH3BP1"	"+"	"FALSE"	""	26391	"GGA1"	"+"	"~"	"GGA1"
"chr22"	38711138	38711138	1	"-"	"chr22-38711138"	1	1.12534041547568e-05	5098	"Polyclonal_50pct"	"sonic"	5195	"GTPBP1*"	"+"	5195	"GTPBP1"	"+"	"GTPBP1"	"+"	83005	"DNAL4"	"-"	"*"	"GTPBP1"
"chr22"	39072872	39072872	1	"-"	"chr22-39072872"	1	1.12534041547568e-05	5098	"Polyclonal_50pct"	"sonic"	-4132	"APOBEC3G"	"+"	-4132	"APOBEC3G"	"+"	"FALSE"	""	168037	"PDGFB"	"-"	""	"APOBEC3G"
"chr22"	40163178	40163178	1	"-"	"chr22-40163178"	1	1.12534041547568e-05	5098	"Polyclonal_50pct"	"sonic"	118362	"TNRC6B*"	"+"	-14746	"TNRC6B"	"+"	"TNRC6B"	"+"	642615	"ATF4"	"+"	"*"	"TNRC6B"
"chr22"	40876001	40876001	1	"-"	"chr22-40876001"	1	1.12534041547568e-05	5098	"Polyclonal_50pct"	"sonic"	18854	"XPNPEP3*"	"+"	-13888	"DNAJB7"	"-"	"XPNPEP3"	"+"	-18993	"ST13"	"-"	"*"	"XPNPEP3"
"chr22"	41636055	41636055	1	"-"	"chr22-41636055"	1	1.12534041547568e-05	5098	"Polyclonal_50pct"	"sonic"	14761	"XRCC6~*"	"+"	14761	"XRCC6"	"+"	"XRCC6"	"+"	14761	"XRCC6"	"+"	"~*"	"XRCC6"
"chr22"	44787104	44787104	1	"-"	"chr22-44787104"	1	1.12534041547568e-05	5098	"Polyclonal_50pct"	"sonic"	34530	"ARHGAP8*"	"+"	34530	"ARHGAP8"	"+"	"PRR5-ARHGAP8,ARHGAP8"	"+"	-715778	"FBLN1"	"+"	"*"	"ARHGAP8"
"chr22"	46038101	46038101	1	"-"	"chr22-46038101"	1	1.12534041547568e-05	5098	"Polyclonal_50pct"	"sonic"	1805	"LINC00899"	"-"	6767	"LINC00899"	"-"	"FALSE"	""	225242	"PKDREJ"	"-"	""	"LINC00899"
"chr22"	47584432	47584432	1	"-"	"chr22-47584432"	1	1.12534041547568e-05	5098	"Polyclonal_50pct"	"sonic"	36610	"LINC00898"	"-"	47137	"LINC00898"	"-"	"FALSE"	""	-1321089	"PKDREJ"	"-"	""	"LINC00898"
"chr22"	48286186	48286186	1	"-"	"chr22-48286186"	1	1.12534041547568e-05	5098	"Polyclonal_50pct"	"sonic"	11771	"MIR3201"	"+"	11823	"MIR3201"	"+"	"FALSE"	""	-1674585	"PIM3"	"+"	""	"MIR3201"
"chr22_ML143380v1_fix"	79099	79099	1	"+"	"chr22_ML143380v1_fix+79099"	1	1.12534041547568e-05	5098	"Polyclonal_50pct"	"sonic"	NA	NA	""	NA	""	""	"FALSE"	""	NA	""	""	""	""
"chr22_ML143380v1_fix"	79269	79269	1	"+"	"chr22_ML143380v1_fix+79269"	1	1.12534041547568e-05	5098	"Polyclonal_50pct"	"sonic"	NA	NA	""	NA	""	""	"FALSE"	""	NA	""	""	""	""
"chr22_ML143380v1_fix"	79189	79189	1	"-"	"chr22_ML143380v1_fix-79189"	1	1.12534041547568e-05	5098	"Polyclonal_50pct"	"sonic"	NA	NA	""	NA	""	""	"FALSE"	""	NA	""	""	""	""
"chr22_ML143380v1_fix"	79814	79814	1	"-"	"chr22_ML143380v1_fix-79814"	1	1.12534041547568e-05	5098	"Polyclonal_50pct"	"sonic"	NA	NA	""	NA	""	""	"FALSE"	""	NA	""	""	""	""
"chr3"	1011143	1011143	1	"+"	"chr3+1011143"	1	1.12534041547568e-05	5098	"Polyclonal_50pct"	"sonic"	-81880	"CNTN6"	"+"	-81880	"CNTN6"	"+"	"FALSE"	""	-81880	"CNTN6"	"+"	""	"CNTN6"
"chr3"	102260204	102260204	1	"+"	"chr3+102260204"	1	1.12534041547568e-05	5098	"Polyclonal_50pct"	"sonic"	95333	"LOC101929411"	"+"	96500	"LOC101929411"	"+"	"FALSE"	""	1550663	"TFG"	"+"	""	"LOC101929411"
"chr3"	102403504	102403504	1	"+"	"chr3+102403504"	1	1.12534041547568e-05	5098	"Polyclonal_50pct"	"sonic"	-31510	"ZPLD1"	"+"	-31510	"ZPLD1"	"+"	"FALSE"	""	1693963	"TFG"	"+"	""	"ZPLD1"
"chr3"	103743960	103743960	1	"+"	"chr3+103743960"	1	1.12534041547568e-05	5098	"Polyclonal_50pct"	"sonic"	-219844	"MIR548AB"	"-"	-219844	"MIR548AB"	"-"	"FALSE"	""	2123631	"CBLB"	"-"	""	"MIR548AB"
"chr3"	105639476	105639476	1	"+"	"chr3+105639476"	1	1.12534041547568e-05	5098	"Polyclonal_50pct"	"sonic"	15984	"CBLB~"	"-"	228115	"CBLB"	"-"	"FALSE"	""	228115	"CBLB"	"-"	"~"	"CBLB"
"chr3"	105652015	105652015	1	"+"	"chr3+105652015"	1	1.12534041547568e-05	5098	"Polyclonal_50pct"	"sonic"	3445	"CBLB~"	"-"	215576	"CBLB"	"-"	"FALSE"	""	215576	"CBLB"	"-"	"~"	"CBLB"
"chr3"	106962470	106962470	1	"+"	"chr3+106962470"	1	1.12534041547568e-05	5098	"Polyclonal_50pct"	"sonic"	147319	"LINC00882"	"-"	278168	"LINC00882"	"-"	"FALSE"	""	-1093069	"CBLB"	"-"	""	"LINC00882"
"chr3"	108450654	108450654	1	"+"	"chr3+108450654"	1	1.12534041547568e-05	5098	"Polyclonal_50pct"	"sonic"	-70287	"MYH15*"	"-"	78668	"MYH15"	"-"	"MYH15"	"-"	-2581253	"CBLB"	"-"	"*"	"MYH15"
"chr3"	108639556	108639556	1	"+"	"chr3+108639556"	1	1.12534041547568e-05	5098	"Polyclonal_50pct"	"sonic"	49835	"DZIP3*"	"+"	49835	"DZIP3"	"+"	"DZIP3"	"+"	-2770155	"CBLB"	"-"	"*"	"DZIP3"
"chr3"	109461264	109461264	1	"+"	"chr3+109461264"	1	1.12534041547568e-05	5098	"Polyclonal_50pct"	"sonic"	-33903	"LINC01205*"	"+"	51275	"LINC01205"	"+"	"LINC01205"	"+"	-2871308	"CD200"	"+"	"*"	"LINC01205"
"chr3"	110651560	110651560	1	"+"	"chr3+110651560"	1	1.12534041547568e-05	5098	"Polyclonal_50pct"	"sonic"	393755	"NECTIN3-AS1"	"-"	418399	"NECTIN3-AS1"	"-"	"FALSE"	""	-1681012	"CD200"	"+"	""	"NECTIN3-AS1"
"chr3"	113543977	113543977	1	"+"	"chr3+113543977"	1	1.12534041547568e-05	5098	"Polyclonal_50pct"	"sonic"	11423	"SIDT1*"	"+"	11423	"SIDT1"	"+"	"SIDT1"	"+"	1210822	"CD200"	"+"	"*"	"SIDT1"
"chr3"	114322227	114322227	1	"+"	"chr3+114322227"	1	1.12534041547568e-05	5098	"Polyclonal_50pct"	"sonic"	-7712	"ZBTB20*"	"-"	-5658	"MIR568"	"-"	"ZBTB20"	"-"	1989072	"CD200"	"+"	"*"	"ZBTB20"
"chr3"	115549566	115549566	1	"+"	"chr3+115549566"	1	1.12534041547568e-05	5098	"Polyclonal_50pct"	"sonic"	-73943	"GAP43"	"+"	-73943	"GAP43"	"+"	"FALSE"	""	3216411	"CD200"	"+"	""	"GAP43"
"chr3"	117203343	117203343	1	"+"	"chr3+117203343"	1	1.12534041547568e-05	5098	"Polyclonal_50pct"	"sonic"	271105	"LINC00901"	"+"	281913	"LINC00901"	"+"	"FALSE"	""	2891104	"GSK3B"	"-"	""	"LINC00901"
"chr3"	125339686	125339686	1	"+"	"chr3+125339686"	1	1.12534041547568e-05	5098	"Polyclonal_50pct"	"sonic"	17594	"ZNF148*"	"-"	17594	"ZNF148"	"-"	"ZNF148"	"-"	-404935	"MUC13"	"-"	"*"	"ZNF148"
"chr3"	125467194	125467194	1	"+"	"chr3+125467194"	1	1.12534041547568e-05	5098	"Polyclonal_50pct"	"sonic"	-20545	"SNX4*"	"-"	53008	"SNX4"	"-"	"SNX4"	"-"	-532443	"MUC13"	"-"	"*"	"SNX4"
"chr3"	129699290	129699290	1	"+"	"chr3+129699290"	1	1.12534041547568e-05	5098	"Polyclonal_50pct"	"sonic"	24823	"TMCC1*"	"-"	-10558	"TMCC1"	"-"	"TMCC1"	"-"	-1048472	"RPN1"	"-"	"*"	"TMCC1"
"chr3"	129728939	129728939	1	"+"	"chr3+129728939"	1	1.12534041547568e-05	5098	"Polyclonal_50pct"	"sonic"	65673	"TMCC1*"	"-"	-4826	"TMCC1"	"-"	"TMCC1"	"-"	-1078121	"RPN1"	"-"	"*"	"TMCC1"
"chr3"	132405372	132405372	1	"+"	"chr3+132405372"	1	1.12534041547568e-05	5098	"Polyclonal_50pct"	"sonic"	-12129	"DNAJC13"	"+"	-12129	"DNAJC13"	"+"	"FALSE"	""	-994683	"BFSP2"	"+"	""	"DNAJC13"
"chr3"	132713599	132713599	1	"+"	"chr3+132713599"	1	1.12534041547568e-05	5098	"Polyclonal_50pct"	"sonic"	8810	"NPHP3*"	"-"	-8150	"NPHP3-AS1"	"+"	"NPHP3-ACAD11,NPHP3"	"-"	-686456	"BFSP2"	"+"	"*"	"NPHP3"
"chr3"	134719472	134719472	1	"+"	"chr3+134719472"	1	1.12534041547568e-05	5098	"Polyclonal_50pct"	"sonic"	-68450	"KY"	"-"	-68450	"KY"	"-"	"FALSE"	""	1319417	"BFSP2"	"+"	""	"KY"
"chr3"	136678099	136678099	1	"+"	"chr3+136678099"	1	1.12534041547568e-05	5098	"Polyclonal_50pct"	"sonic"	74279	"STAG1*"	"-"	74279	"STAG1"	"-"	"STAG1"	"-"	74279	"STAG1"	"-"	"*"	"STAG1"
"chr3"	136878196	136878196	1	"+"	"chr3+136878196"	1	1.12534041547568e-05	5098	"Polyclonal_50pct"	"sonic"	15989	"NCK1~*"	"+"	15989	"NCK1"	"+"	"NCK1"	"+"	15989	"NCK1"	"+"	"~*"	"NCK1"
"chr3"	137636226	137636226	1	"+"	"chr3+137636226"	1	1.12534041547568e-05	5098	"Polyclonal_50pct"	"sonic"	-128088	"SOX14"	"+"	-128088	"SOX14"	"+"	"FALSE"	""	705725	"NCK1"	"+"	""	"SOX14"
"chr3"	137888378	137888378	1	"+"	"chr3+137888378"	1	1.12534041547568e-05	5098	"Polyclonal_50pct"	"sonic"	107501	"LINC01210"	"+"	-110437	"CLDN18"	"+"	"FALSE"	""	-720392	"FAIM"	"+"	""	"LINC01210"
"chr3"	143208778	143208778	1	"+"	"chr3+143208778"	1	1.12534041547568e-05	5098	"Polyclonal_50pct"	"sonic"	56443	"SLC9A9"	"-"	89008	"CHST2"	"+"	"FALSE"	""	-630045	"ATR"	"-"	""	"SLC9A9"
"chr3"	143937983	143937983	1	"+"	"chr3+143937983"	1	1.12534041547568e-05	5098	"Polyclonal_50pct"	"sonic"	-33814	"DIPK2A"	"+"	-33814	"DIPK2A"	"+"	"FALSE"	""	-89515	"SLC9A9"	"-"	""	"DIPK2A"
"chr3"	144077680	144077680	1	"+"	"chr3+144077680"	1	1.12534041547568e-05	5098	"Polyclonal_50pct"	"sonic"	85312	"DIPK2A"	"+"	104600	"DIPK2A"	"+"	"FALSE"	""	-229212	"SLC9A9"	"-"	""	"DIPK2A"
"chr3"	144677905	144677905	1	"+"	"chr3+144677905"	1	1.12534041547568e-05	5098	"Polyclonal_50pct"	"sonic"	685537	"DIPK2A"	"+"	704825	"DIPK2A"	"+"	"FALSE"	""	-829437	"SLC9A9"	"-"	""	"DIPK2A"
"chr3"	145850811	145850811	1	"+"	"chr3+145850811"	1	1.12534041547568e-05	5098	"Polyclonal_50pct"	"sonic"	215532	"LNCSRLR"	"-"	218374	"LNCSRLR"	"-"	"FALSE"	""	-2002343	"SLC9A9"	"-"	""	"LNCSRLR"
"chr3"	147183721	147183721	1	"+"	"chr3+147183721"	1	1.12534041547568e-05	5098	"Polyclonal_50pct"	"sonic"	202324	"ZIC4"	"-"	208709	"ZIC4"	"-"	"FALSE"	""	1902812	"HLTF"	"-"	""	"ZIC4"
"chr3"	149211	149211	1	"+"	"chr3+149211"	1	1.12534041547568e-05	5098	"Polyclonal_50pct"	"sonic"	46546	"CHL1-AS2"	"-"	-47384	"CHL1"	"+"	"FALSE"	""	-47384	"CHL1"	"+"	""	"CHL1-AS2"
"chr3"	149561081	149561081	1	"+"	"chr3+149561081"	1	1.12534041547568e-05	5098	"Polyclonal_50pct"	"sonic"	-43847	"WWTR1*"	"-"	86385	"TM4SF4"	"+"	"WWTR1"	"-"	-183432	"TM4SF1"	"-"	"*"	"WWTR1"
"chr3"	149912148	149912148	1	"+"	"chr3+149912148"	1	1.12534041547568e-05	5098	"Polyclonal_50pct"	"sonic"	-49990	"RNF13*"	"+"	58747	"PFN2"	"-"	"RNF13"	"+"	-534499	"TM4SF1"	"-"	"*"	"RNF13"
"chr3"	150558660	150558660	1	"+"	"chr3+150558660"	1	1.12534041547568e-05	5098	"Polyclonal_50pct"	"sonic"	11874	"EIF2A*"	"+"	11874	"EIF2A"	"+"	"EIF2A"	"+"	204509	"SIAH2"	"-"	"*"	"EIF2A"
"chr3"	153036380	153036380	1	"+"	"chr3+153036380"	1	1.12534041547568e-05	5098	"Polyclonal_50pct"	"sonic"	-125845	"RAP2B"	"+"	-125845	"RAP2B"	"+"	"FALSE"	""	-125845	"RAP2B"	"+"	""	"RAP2B"
"chr3"	153513929	153513929	1	"+"	"chr3+153513929"	1	1.12534041547568e-05	5098	"Polyclonal_50pct"	"sonic"	-130380	"LINC02006*"	"-"	29435	"LINC02877"	"+"	"LINC02006"	"-"	351704	"RAP2B"	"+"	"*"	"LINC02006"
"chr3"	155759399	155759399	1	"+"	"chr3+155759399"	1	1.12534041547568e-05	5098	"Polyclonal_50pct"	"sonic"	3212	"C3orf33"	"-"	-14328	"PLCH1"	"-"	"FALSE"	""	-111250	"GMPS"	"+"	""	"C3orf33"
"chr3"	156847167	156847167	1	"+"	"chr3+156847167"	1	1.12534041547568e-05	5098	"Polyclonal_50pct"	"sonic"	20815	"LEKR1*"	"+"	20815	"LEKR1"	"+"	"LEKR1"	"+"	648339	"VEPH1"	"-"	"*"	"LEKR1"
"chr3"	158874356	158874356	1	"+"	"chr3+158874356"	1	1.12534041547568e-05	5098	"Polyclonal_50pct"	"sonic"	44637	"MFSD1"	"+"	72303	"MFSD1"	"+"	"FALSE"	""	-141870	"RARRES1"	"-"	""	"MFSD1"
"chr3"	159199256	159199256	1	"+"	"chr3+159199256"	1	1.12534041547568e-05	5098	"Polyclonal_50pct"	"sonic"	-64490	"IQCJ*"	"+"	-73990	"SCHIP1"	"+"	"IQCJ,IQCJ-SCHIP1"	"+"	-466770	"RARRES1"	"-"	"*"	"IQCJ"
"chr3"	160321340	160321340	1	"+"	"chr3+160321340"	1	1.12534041547568e-05	5098	"Polyclonal_50pct"	"sonic"	62426	"IFT80*"	"-"	62426	"IFT80"	"-"	"TRIM59-IFT80,IFT80"	"-"	-1588854	"RARRES1"	"-"	"*"	"IFT80"
"chr3"	160367168	160367168	1	"+"	"chr3+160367168"	1	1.12534041547568e-05	5098	"Polyclonal_50pct"	"sonic"	16598	"IFT80*"	"-"	16598	"IFT80"	"-"	"TRIM59-IFT80,IFT80"	"-"	-1634682	"RARRES1"	"-"	"*"	"IFT80"
"chr3"	160780203	160780203	1	"+"	"chr3+160780203"	1	1.12534041547568e-05	5098	"Polyclonal_50pct"	"sonic"	23973	"PPM1L*"	"+"	23973	"PPM1L"	"+"	"PPM1L"	"+"	-2047717	"RARRES1"	"-"	"*"	"PPM1L"
"chr3"	162379042	162379042	1	"+"	"chr3+162379042"	1	1.12534041547568e-05	5098	"Polyclonal_50pct"	"sonic"	798200	"LINC01192"	"-"	882235	"OTOL1"	"+"	"FALSE"	""	-3646556	"RARRES1"	"-"	""	"LINC01192"
"chr3"	162379085	162379085	1	"+"	"chr3+162379085"	1	1.12534041547568e-05	5098	"Polyclonal_50pct"	"sonic"	798157	"LINC01192"	"-"	882278	"OTOL1"	"+"	"FALSE"	""	-3646599	"RARRES1"	"-"	""	"LINC01192"
"chr3"	162451481	162451481	1	"+"	"chr3+162451481"	1	1.12534041547568e-05	5098	"Polyclonal_50pct"	"sonic"	725761	"LINC01192"	"-"	851820	"LINC01192"	"-"	"FALSE"	""	-3718995	"RARRES1"	"-"	""	"LINC01192"
"chr3"	162512535	162512535	1	"+"	"chr3+162512535"	1	1.12534041547568e-05	5098	"Polyclonal_50pct"	"sonic"	664707	"LINC01192"	"-"	790766	"LINC01192"	"-"	"FALSE"	""	-3780049	"RARRES1"	"-"	""	"LINC01192"
"chr3"	163228038	163228038	1	"+"	"chr3+163228038"	1	1.12534041547568e-05	5098	"Polyclonal_50pct"	"sonic"	-50796	"LINC01192*"	"-"	75263	"LINC01192"	"-"	"LINC01192"	"-"	-4495552	"RARRES1"	"-"	"*"	"LINC01192"
"chr3"	163472746	163472746	1	"+"	"chr3+163472746"	1	1.12534041547568e-05	5098	"Polyclonal_50pct"	"sonic"	-169445	"LINC01192"	"-"	-169445	"LINC01192"	"-"	"FALSE"	""	-4740260	"RARRES1"	"-"	""	"LINC01192"
"chr3"	164152694	164152694	1	"+"	"chr3+164152694"	1	1.12534041547568e-05	5098	"Polyclonal_50pct"	"sonic"	18776	"MIR1263"	"-"	18862	"MIR1263"	"-"	"FALSE"	""	4992829	"MECOM"	"-"	""	"MIR1263"
"chr3"	164985577	164985577	1	"+"	"chr3+164985577"	1	1.12534041547568e-05	5098	"Polyclonal_50pct"	"sonic"	-6680	"SI*"	"-"	92919	"SI"	"-"	"SI"	"-"	4159946	"MECOM"	"-"	"*"	"SI"
"chr3"	165825550	165825550	1	"+"	"chr3+165825550"	1	1.12534041547568e-05	5098	"Polyclonal_50pct"	"sonic"	11873	"BCHE*"	"-"	11873	"BCHE"	"-"	"BCHE"	"-"	3319973	"MECOM"	"-"	"*"	"BCHE"
"chr3"	167097700	167097700	1	"+"	"chr3+167097700"	1	1.12534041547568e-05	5098	"Polyclonal_50pct"	"sonic"	142142	"ZBBX"	"-"	199018	"LOC105374194"	"+"	"FALSE"	""	2047823	"MECOM"	"-"	""	"ZBBX"
"chr3"	167532992	167532992	1	"+"	"chr3+167532992"	1	1.12534041547568e-05	5098	"Polyclonal_50pct"	"sonic"	-54308	"WDR49*"	"-"	-58860	"SERPINI2"	"-"	"WDR49"	"-"	1612531	"MECOM"	"-"	"*"	"WDR49"
"chr3"	168822557	168822557	1	"+"	"chr3+168822557"	1	1.12534041547568e-05	5098	"Polyclonal_50pct"	"sonic"	-8029	"EGFEM1P*"	"+"	-79387	"LINC02082"	"+"	"EGFEM1P"	"+"	322966	"MECOM"	"-"	"*"	"EGFEM1P"
"chr3"	168993656	168993656	1	"+"	"chr3+168993656"	1	1.12534041547568e-05	5098	"Polyclonal_50pct"	"sonic"	71663	"LINC02082"	"+"	91712	"LINC02082"	"+"	"FALSE"	""	151867	"MECOM"	"-"	""	"LINC02082"
"chr3"	169352565	169352565	1	"+"	"chr3+169352565"	1	1.12534041547568e-05	5098	"Polyclonal_50pct"	"sonic"	-269059	"MECOM~*"	"-"	-95301	"MECOM-AS1"	"+"	"MECOM"	"-"	-205094	"MECOM"	"-"	"~*"	"MECOM"
"chr3"	172219651	172219651	1	"+"	"chr3+172219651"	1	1.12534041547568e-05	5098	"Polyclonal_50pct"	"sonic"	179121	"FNDC3B*"	"+"	179121	"FNDC3B"	"+"	"FNDC3B"	"+"	303779	"TNFSF10"	"-"	"*"	"FNDC3B"
"chr3"	173813396	173813396	1	"+"	"chr3+173813396"	1	1.12534041547568e-05	5098	"Polyclonal_50pct"	"sonic"	228963	"NLGN1*"	"+"	107400	"NLGN1-AS1"	"-"	"NLGN1"	"+"	1062395	"ECT2"	"+"	"*"	"NLGN1"
"chr3"	173857125	173857125	1	"+"	"chr3+173857125"	1	1.12534041547568e-05	5098	"Polyclonal_50pct"	"sonic"	272692	"NLGN1*"	"+"	63671	"NLGN1-AS1"	"-"	"NLGN1"	"+"	1106124	"ECT2"	"+"	"*"	"NLGN1"
"chr3"	173995836	173995836	1	"+"	"chr3+173995836"	1	1.12534041547568e-05	5098	"Polyclonal_50pct"	"sonic"	-298536	"NLGN1*"	"+"	-75040	"NLGN1-AS1"	"-"	"NLGN1"	"+"	1244835	"ECT2"	"+"	"*"	"NLGN1"
"chr3"	174488428	174488428	1	"+"	"chr3+174488428"	1	1.12534041547568e-05	5098	"Polyclonal_50pct"	"sonic"	194056	"NLGN1"	"+"	-370905	"NAALADL2"	"+"	"FALSE"	""	1737427	"ECT2"	"+"	""	"NLGN1"
"chr3"	175635743	175635743	1	"+"	"chr3+175635743"	1	1.12534041547568e-05	5098	"Polyclonal_50pct"	"sonic"	-174805	"NAALADL2*"	"+"	140590	"NAALADL2-AS1"	"-"	"NAALADL2"	"+"	2884742	"ECT2"	"+"	"*"	"NAALADL2"
"chr3"	178145766	178145766	1	"+"	"chr3+178145766"	1	1.12534041547568e-05	5098	"Polyclonal_50pct"	"sonic"	246542	"LINC02015"	"+"	-273434	"LINC01014"	"+"	"FALSE"	""	-1002590	"PIK3CA"	"+"	""	"LINC02015"
"chr3"	178620540	178620540	1	"+"	"chr3+178620540"	1	1.12534041547568e-05	5098	"Polyclonal_50pct"	"sonic"	61691	"KCNMB2*"	"+"	61691	"KCNMB2"	"+"	"KCNMB2-AS1,KCNMB2"	"-,+"	-527816	"PIK3CA"	"+"	"*"	"KCNMB2"
"chr3"	179713986	179713986	1	"+"	"chr3+179713986"	1	1.12534041547568e-05	5098	"Polyclonal_50pct"	"sonic"	60947	"USP13*"	"+"	60947	"USP13"	"+"	"USP13"	"+"	565630	"PIK3CA"	"+"	"*"	"USP13"
"chr3"	185406532	185406532	1	"+"	"chr3+185406532"	1	1.12534041547568e-05	5098	"Polyclonal_50pct"	"sonic"	43397	"MAP3K13*"	"+"	43397	"MAP3K13"	"+"	"MAP3K13"	"+"	702557	"ETV5"	"-"	"*"	"MAP3K13"
"chr3"	189709408	189709408	1	"+"	"chr3+189709408"	1	1.12534041547568e-05	5098	"Polyclonal_50pct"	"sonic"	78020	"TP63*"	"+"	78020	"TP63"	"+"	"TP63"	"+"	1496513	"LPP"	"+"	"*"	"TP63"
"chr3"	191593053	191593053	1	"+"	"chr3+191593053"	1	1.12534041547568e-05	5098	"Polyclonal_50pct"	"sonic"	2697	"LINCR-0002"	"+"	131891	"PYDC2"	"+"	"FALSE"	""	816544	"FGF12"	"-"	""	"LINCR-0002"
"chr3"	191818678	191818678	1	"+"	"chr3+191818678"	1	1.12534041547568e-05	5098	"Polyclonal_50pct"	"sonic"	228322	"LINCR-0002"	"+"	357516	"PYDC2"	"+"	"FALSE"	""	590919	"FGF12"	"-"	""	"LINCR-0002"
"chr3"	192148496	192148496	1	"+"	"chr3+192148496"	1	1.12534041547568e-05	5098	"Polyclonal_50pct"	"sonic"	-9106	"FGF12~*"	"-"	-90133	"FGF12-AS1"	"+"	"FGF12"	"-"	261101	"FGF12"	"-"	"~*"	"FGF12"
"chr3"	192708990	192708990	1	"+"	"chr3+192708990"	1	1.12534041547568e-05	5098	"Polyclonal_50pct"	"sonic"	18551	"FGF12~*"	"-"	18551	"FGF12"	"-"	"FGF12"	"-"	18551	"FGF12"	"-"	"~*"	"FGF12"
"chr3"	192856625	192856625	1	"+"	"chr3+192856625"	1	1.12534041547568e-05	5098	"Polyclonal_50pct"	"sonic"	-59810	"MB21D2*"	"-"	61231	"MB21D2"	"-"	"MB21D2"	"-"	-129084	"FGF12"	"-"	"*"	"MB21D2"
"chr3"	195325713	195325713	1	"+"	"chr3+195325713"	1	1.12534041547568e-05	5098	"Polyclonal_50pct"	"sonic"	-50969	"ACAP2*"	"-"	-54554	"XXYLT1"	"-"	"ACAP2"	"-"	-54554	"XXYLT1"	"-"	"*"	"ACAP2"
"chr3"	22470980	22470980	1	"+"	"chr3+22470980"	1	1.12534041547568e-05	5098	"Polyclonal_50pct"	"sonic"	491152	"ZNF385D-AS2"	"+"	513842	"ZNF385D-AS2"	"+"	"FALSE"	""	-2358342	"RARB"	"+"	""	"ZNF385D-AS2"
"chr3"	28085937	28085937	1	"+"	"chr3+28085937"	1	1.12534041547568e-05	5098	"Polyclonal_50pct"	"sonic"	-155681	"CMC1"	"+"	-155681	"CMC1"	"+"	"FALSE"	""	-2421030	"TOP2B"	"-"	""	"CMC1"
"chr3"	29840611	29840611	1	"+"	"chr3+29840611"	1	1.12534041547568e-05	5098	"Polyclonal_50pct"	"sonic"	-150707	"RBMS3*"	"+"	93545	"RBMS3-AS1"	"-"	"RBMS3"	"+"	-765890	"TGFBR2"	"+"	"*"	"RBMS3"
"chr3"	31571129	31571129	1	"+"	"chr3+31571129"	1	1.12534041547568e-05	5098	"Polyclonal_50pct"	"sonic"	38205	"STT3B*"	"+"	38205	"STT3B"	"+"	"STT3B"	"+"	-820723	"CMTM7"	"+"	"*"	"STT3B"
"chr3"	393255	393255	1	"+"	"chr3+393255"	1	1.12534041547568e-05	5098	"Polyclonal_50pct"	"sonic"	-16159	"CHL1~*"	"+"	-7460	"CHL1-AS1"	"-"	"CHL1"	"+"	73573	"CHL1"	"+"	"~*"	"CHL1"
"chr3"	45621199	45621199	1	"+"	"chr3+45621199"	1	1.12534041547568e-05	5098	"Polyclonal_50pct"	"sonic"	26449	"LIMD1~*"	"+"	26449	"LIMD1"	"+"	"LIMD1"	"+"	26449	"LIMD1"	"+"	"~*"	"LIMD1"
"chr3"	48048229	48048229	1	"+"	"chr3+48048229"	1	1.12534041547568e-05	5098	"Polyclonal_50pct"	"sonic"	40619	"MAP4~*"	"-"	-31813	"MAP4"	"-"	"MAP4"	"-"	-31813	"MAP4"	"-"	"~*"	"MAP4"
"chr3"	48057768	48057768	1	"+"	"chr3+48057768"	1	1.12534041547568e-05	5098	"Polyclonal_50pct"	"sonic"	31080	"MAP4~*"	"-"	31080	"MAP4"	"-"	"MAP4"	"-"	31080	"MAP4"	"-"	"~*"	"MAP4"
"chr3"	49482331	49482331	1	"+"	"chr3+49482331"	1	1.12534041547568e-05	5098	"Polyclonal_50pct"	"sonic"	12065	"DAG1*"	"+"	12065	"DAG1"	"+"	"DAG1"	"+"	70126	"TCTA"	"+"	"*"	"DAG1"
"chr3"	49984090	49984090	1	"+"	"chr3+49984090"	1	1.12534041547568e-05	5098	"Polyclonal_50pct"	"sonic"	43941	"RBM6*"	"+"	43941	"RBM6"	"+"	"RBM6"	"+"	-80217	"MST1R"	"-"	"*"	"RBM6"
"chr3"	50023784	50023784	1	"+"	"chr3+50023784"	1	1.12534041547568e-05	5098	"Polyclonal_50pct"	"sonic"	-53465	"RBM6*"	"+"	-65134	"RBM5"	"+"	"RBM6"	"+"	-65134	"RBM5"	"+"	"*"	"RBM6"
"chr3"	50091361	50091361	1	"+"	"chr3+50091361"	1	1.12534041547568e-05	5098	"Polyclonal_50pct"	"sonic"	2443	"RBM5~*"	"+"	2443	"RBM5"	"+"	"RBM5"	"+"	2443	"RBM5"	"+"	"~*"	"RBM5"
"chr3"	51164975	51164975	1	"+"	"chr3+51164975"	1	1.12534041547568e-05	5098	"Polyclonal_50pct"	"sonic"	-219223	"DOCK3*"	"+"	-220315	"MANF"	"+"	"DOCK3"	"+"	-220315	"MANF"	"+"	"*"	"DOCK3"
"chr3"	51317012	51317012	1	"+"	"chr3+51317012"	1	1.12534041547568e-05	5098	"Polyclonal_50pct"	"sonic"	-67186	"DOCK3*"	"+"	-68278	"MANF"	"+"	"DOCK3"	"+"	-68278	"MANF"	"+"	"*"	"DOCK3"
"chr3"	52461365	52461365	1	"+"	"chr3+52461365"	1	1.12534041547568e-05	5098	"Polyclonal_50pct"	"sonic"	5762	"NISCH*"	"+"	5762	"NISCH"	"+"	"NISCH"	"+"	-51357	"BAP1"	"-"	"*"	"NISCH"
"chr3"	56641558	56641558	1	"+"	"chr3+56641558"	1	1.12534041547568e-05	5098	"Polyclonal_50pct"	"sonic"	-21427	"TASOR*"	"-"	22488	"TASOR"	"-"	"TASOR"	"-"	-173091	"ERC2"	"-"	"*"	"TASOR"
"chr3"	57836269	57836269	1	"+"	"chr3+57836269"	1	1.12534041547568e-05	5098	"Polyclonal_50pct"	"sonic"	79014	"SLMAP*"	"+"	-53644	"SLMAP"	"+"	"SLMAP"	"+"	-172152	"FLNB"	"+"	"*"	"SLMAP"
"chr3"	69061421	69061421	1	"+"	"chr3+69061421"	1	1.12534041547568e-05	5098	"Polyclonal_50pct"	"sonic"	-6692	"UBA3*"	"-"	-9088	"TMF1"	"-"	"UBA3"	"-"	-678042	"MITF"	"+"	"*"	"UBA3"
"chr3"	74081543	74081543	1	"+"	"chr3+74081543"	1	1.12534041547568e-05	5098	"Polyclonal_50pct"	"sonic"	181025	"CNTN3"	"-"	272300	"LINC02005"	"+"	"FALSE"	""	-2497565	"FOXP1"	"-"	""	"CNTN3"
"chr3"	78172549	78172549	1	"+"	"chr3+78172549"	1	1.12534041547568e-05	5098	"Polyclonal_50pct"	"sonic"	-123586	"LINC02077"	"-"	-123586	"LINC02077"	"-"	"FALSE"	""	846910	"ROBO1"	"-"	""	"LINC02077"
"chr3"	79562493	79562493	1	"+"	"chr3+79562493"	1	1.12534041547568e-05	5098	"Polyclonal_50pct"	"sonic"	205505	"ROBO1~*"	"-"	54607	"MIR3923"	"+"	"ROBO1"	"-"	205505	"ROBO1"	"-"	"~*"	"ROBO1"
"chr3"	80103420	80103420	1	"+"	"chr3+80103420"	1	1.12534041547568e-05	5098	"Polyclonal_50pct"	"sonic"	-335422	"ROBO1"	"-"	-335422	"ROBO1"	"-"	"FALSE"	""	-335422	"ROBO1"	"-"	""	"ROBO1"
"chr3"	812104	812104	1	"+"	"chr3+812104"	1	1.12534041547568e-05	5098	"Polyclonal_50pct"	"sonic"	-33911	"LINC01266*"	"+"	220000	"LINC01266"	"+"	"LINC01266"	"+"	-280919	"CNTN6"	"+"	"*"	"LINC01266"
"chr3"	81755600	81755600	1	"+"	"chr3+81755600"	1	1.12534041547568e-05	5098	"Polyclonal_50pct"	"sonic"	6045	"GBE1*"	"-"	6045	"GBE1"	"-"	"GBE1"	"-"	-1987602	"ROBO1"	"-"	"*"	"GBE1"
"chr3"	82923080	82923080	1	"+"	"chr3+82923080"	1	1.12534041547568e-05	5098	"Polyclonal_50pct"	"sonic"	459405	"LINC02008"	"+"	936939	"LINC02008"	"+"	"FALSE"	""	-3155082	"ROBO1"	"-"	""	"LINC02008"
"chr3"	85567069	85567069	1	"+"	"chr3+85567069"	1	1.12534041547568e-05	5098	"Polyclonal_50pct"	"sonic"	62454	"CADM2*"	"+"	62454	"CADM2"	"+"	"CADM2"	"+"	-3540551	"EPHA3"	"+"	"*"	"CADM2"
"chr3"	86671879	86671879	1	"+"	"chr3+86671879"	1	1.12534041547568e-05	5098	"Polyclonal_50pct"	"sonic"	174883	"LINC02070"	"+"	189937	"LINC02070"	"+"	"FALSE"	""	-2435741	"EPHA3"	"+"	""	"LINC02070"
"chr3"	87003070	87003070	1	"+"	"chr3+87003070"	1	1.12534041547568e-05	5098	"Polyclonal_50pct"	"sonic"	-11921	"VGLL3"	"-"	-11921	"VGLL3"	"-"	"FALSE"	""	-2104550	"EPHA3"	"+"	""	"VGLL3"
"chr3"	87566429	87566429	1	"+"	"chr3+87566429"	1	1.12534041547568e-05	5098	"Polyclonal_50pct"	"sonic"	-226276	"HTR1F"	"+"	-226276	"HTR1F"	"+"	"FALSE"	""	-1541191	"EPHA3"	"+"	""	"HTR1F"
"chr3"	87889254	87889254	1	"+"	"chr3+87889254"	1	1.12534041547568e-05	5098	"Polyclonal_50pct"	"sonic"	96549	"HTR1F*"	"+"	-93321	"HTR1F"	"+"	"HTR1F"	"+"	-1218366	"EPHA3"	"+"	"*"	"HTR1F"
"chr3"	88675719	88675719	1	"+"	"chr3+88675719"	1	1.12534041547568e-05	5098	"Polyclonal_50pct"	"sonic"	208125	"CSNKA2IP"	"+"	337264	"CSNKA2IP"	"+"	"FALSE"	""	-431901	"EPHA3"	"+"	""	"CSNKA2IP"
"chr3"	89094637	89094637	1	"+"	"chr3+89094637"	1	1.12534041547568e-05	5098	"Polyclonal_50pct"	"sonic"	-12983	"EPHA3~"	"+"	-12983	"EPHA3"	"+"	"FALSE"	""	-12983	"EPHA3"	"+"	"~"	"EPHA3"
"chr3"	90009672	90009672	1	"+"	"chr3+90009672"	1	1.12534041547568e-05	5098	"Polyclonal_50pct"	"sonic"	527538	"EPHA3"	"+"	902052	"EPHA3"	"+"	"FALSE"	""	902052	"EPHA3"	"+"	""	"EPHA3"
"chr3"	95522348	95522348	1	"+"	"chr3+95522348"	1	1.12534041547568e-05	5098	"Polyclonal_50pct"	"sonic"	132074	"MTHFD2P1"	"-"	160845	"MTHFD2P1"	"-"	"FALSE"	""	-1548452	"PROS1"	"-"	""	"MTHFD2P1"
"chr3"	95566923	95566923	1	"+"	"chr3+95566923"	1	1.12534041547568e-05	5098	"Polyclonal_50pct"	"sonic"	87499	"MTHFD2P1"	"-"	116270	"MTHFD2P1"	"-"	"FALSE"	""	-1593027	"PROS1"	"-"	""	"MTHFD2P1"
"chr3"	97983199	97983199	1	"+"	"chr3+97983199"	1	1.12534041547568e-05	5098	"Polyclonal_50pct"	"sonic"	3483	"GABRR3"	"-"	-10748	"RIOX2"	"-"	"FALSE"	""	-2726090	"TFG"	"+"	""	"GABRR3"
"chr3"	99306969	99306969	1	"+"	"chr3+99306969"	1	1.12534041547568e-05	5098	"Polyclonal_50pct"	"sonic"	-331624	"COL8A1"	"+"	-331624	"COL8A1"	"+"	"FALSE"	""	-1402320	"TFG"	"+"	""	"COL8A1"
"chr3"	99782618	99782618	1	"+"	"chr3+99782618"	1	1.12534041547568e-05	5098	"Polyclonal_50pct"	"sonic"	-16599	"COL8A1*"	"+"	-35243	"CMSS1"	"+"	"COL8A1"	"+"	-926671	"TFG"	"+"	"*"	"COL8A1"
"chr3"	101994244	101994244	1	"-"	"chr3-101994244"	1	1.12534041547568e-05	5098	"Polyclonal_50pct"	"sonic"	-3682	"LINC02085*"	"+"	53386	"LINC02085"	"+"	"LINC02085"	"+"	1284703	"TFG"	"+"	"*"	"LINC02085"
"chr3"	103444690	103444690	1	"-"	"chr3-103444690"	1	1.12534041547568e-05	5098	"Polyclonal_50pct"	"sonic"	79342	"MIR548AB"	"-"	79426	"MIR548AB"	"-"	"FALSE"	""	2422901	"CBLB"	"-"	""	"MIR548AB"
"chr3"	105652019	105652019	1	"-"	"chr3-105652019"	1	1.12534041547568e-05	5098	"Polyclonal_50pct"	"sonic"	3441	"CBLB~"	"-"	215572	"CBLB"	"-"	"FALSE"	""	215572	"CBLB"	"-"	"~"	"CBLB"
"chr3"	105785887	105785887	1	"-"	"chr3-105785887"	1	1.12534041547568e-05	5098	"Polyclonal_50pct"	"sonic"	81704	"CBLB~*"	"-"	81704	"CBLB"	"-"	"CBLB"	"-"	81704	"CBLB"	"-"	"~*"	"CBLB"
"chr3"	107410880	107410880	1	"-"	"chr3-107410880"	1	1.12534041547568e-05	5098	"Polyclonal_50pct"	"sonic"	-20049	"LINC01990"	"+"	-20049	"LINC01990"	"+"	"FALSE"	""	-1541479	"CBLB"	"-"	""	"LINC01990"
"chr3"	110524148	110524148	1	"-"	"chr3-110524148"	1	1.12534041547568e-05	5098	"Polyclonal_50pct"	"sonic"	521167	"NECTIN3-AS1"	"-"	545811	"NECTIN3-AS1"	"-"	"FALSE"	""	-1808424	"CD200"	"+"	""	"NECTIN3-AS1"
"chr3"	110571136	110571136	1	"-"	"chr3-110571136"	1	1.12534041547568e-05	5098	"Polyclonal_50pct"	"sonic"	474179	"NECTIN3-AS1"	"-"	498823	"NECTIN3-AS1"	"-"	"FALSE"	""	-1761436	"CD200"	"+"	""	"NECTIN3-AS1"
"chr3"	111554063	111554063	1	"-"	"chr3-111554063"	1	1.12534041547568e-05	5098	"Polyclonal_50pct"	"sonic"	11867	"CD96*"	"+"	11867	"CD96"	"+"	"CD96"	"+"	-778509	"CD200"	"+"	"*"	"CD96"
"chr3"	113306569	113306569	1	"-"	"chr3-113306569"	1	1.12534041547568e-05	5098	"Polyclonal_50pct"	"sonic"	-19640	"CFAP44*"	"-"	94454	"BOC"	"+"	"CFAP44"	"-"	973414	"CD200"	"+"	"*"	"CFAP44"
"chr3"	113875583	113875583	1	"-"	"chr3-113875583"	1	1.12534041547568e-05	5098	"Polyclonal_50pct"	"sonic"	36796	"GRAMD1C*"	"+"	-21916	"GRAMD1C"	"+"	"GRAMD1C"	"+"	1542428	"CD200"	"+"	"*"	"GRAMD1C"
"chr3"	116204522	116204522	1	"-"	"chr3-116204522"	1	1.12534041547568e-05	5098	"Polyclonal_50pct"	"sonic"	240965	"LSAMP*"	"-"	-155501	"LSAMP-AS1"	"+"	"LSAMP"	"-"	3871367	"CD200"	"+"	"*"	"LSAMP"
"chr3"	117174420	117174420	1	"-"	"chr3-117174420"	1	1.12534041547568e-05	5098	"Polyclonal_50pct"	"sonic"	242182	"LINC00901"	"+"	252990	"LINC00901"	"+"	"FALSE"	""	2920027	"GSK3B"	"-"	""	"LINC00901"
"chr3"	118145567	118145567	1	"-"	"chr3-118145567"	1	1.12534041547568e-05	5098	"Polyclonal_50pct"	"sonic"	362843	"LOC105374060"	"-"	-454642	"LINC02024"	"-"	"FALSE"	""	1948880	"GSK3B"	"-"	""	"LOC105374060"
"chr3"	121648381	121648381	1	"-"	"chr3-121648381"	1	1.12534041547568e-05	5098	"Polyclonal_50pct"	"sonic"	12522	"HCLS1*"	"-"	12522	"HCLS1"	"-"	"HCLS1"	"-"	-676866	"CSTA"	"+"	"*"	"HCLS1"
"chr3"	122830354	122830354	1	"-"	"chr3-122830354"	1	1.12534041547568e-05	5098	"Polyclonal_50pct"	"sonic"	35286	"SLC49A4*"	"+"	35286	"SLC49A4"	"+"	"SLC49A4"	"+"	-36523	"HSPBAP1"	"-"	"*"	"SLC49A4"
"chr3"	12657822	12657822	1	"-"	"chr3-12657822"	1	1.12534041547568e-05	5098	"Polyclonal_50pct"	"sonic"	5686	"RAF1~*"	"-"	5686	"RAF1"	"-"	"RAF1"	"-"	5686	"RAF1"	"-"	"~*"	"RAF1"
"chr3"	128251095	128251095	1	"-"	"chr3-128251095"	1	1.12534041547568e-05	5098	"Polyclonal_50pct"	"sonic"	97615	"EEFSEC*"	"+"	-97181	"RUVBL1"	"-"	"EEFSEC"	"+"	-97181	"RUVBL1"	"-"	"*"	"EEFSEC"
"chr3"	131838869	131838869	1	"-"	"chr3-131838869"	1	1.12534041547568e-05	5098	"Polyclonal_50pct"	"sonic"	196573	"CPNE4*"	"-"	147062	"MIR5704"	"-"	"CPNE4"	"-"	-1561186	"BFSP2"	"+"	"*"	"CPNE4"
"chr3"	132464977	132464977	1	"-"	"chr3-132464977"	1	1.12534041547568e-05	5098	"Polyclonal_50pct"	"sonic"	47476	"DNAJC13*"	"+"	47476	"DNAJC13"	"+"	"DNAJC13"	"+"	-935078	"BFSP2"	"+"	"*"	"DNAJC13"
"chr3"	137615588	137615588	1	"-"	"chr3-137615588"	1	1.12534041547568e-05	5098	"Polyclonal_50pct"	"sonic"	-148726	"SOX14"	"+"	-148726	"SOX14"	"+"	"FALSE"	""	685087	"NCK1"	"+"	""	"SOX14"
"chr3"	142412032	142412032	1	"-"	"chr3-142412032"	1	1.12534041547568e-05	5098	"Polyclonal_50pct"	"sonic"	36005	"XRN1*"	"-"	36005	"XRN1"	"-"	"XRN1"	"-"	166701	"ATR"	"-"	"*"	"XRN1"
"chr3"	143983801	143983801	1	"-"	"chr3-143983801"	1	1.12534041547568e-05	5098	"Polyclonal_50pct"	"sonic"	-8567	"DIPK2A*"	"+"	10721	"DIPK2A"	"+"	"DIPK2A"	"+"	-135333	"SLC9A9"	"-"	"*"	"DIPK2A"
"chr3"	144469300	144469300	1	"-"	"chr3-144469300"	1	1.12534041547568e-05	5098	"Polyclonal_50pct"	"sonic"	476932	"DIPK2A"	"+"	496220	"DIPK2A"	"+"	"FALSE"	""	-620832	"SLC9A9"	"-"	""	"DIPK2A"
"chr3"	145102920	145102920	1	"-"	"chr3-145102920"	1	1.12534041547568e-05	5098	"Polyclonal_50pct"	"sonic"	963423	"LNCSRLR"	"-"	966265	"LNCSRLR"	"-"	"FALSE"	""	-1254452	"SLC9A9"	"-"	""	"LNCSRLR"
"chr3"	147818895	147818895	1	"-"	"chr3-147818895"	1	1.12534041547568e-05	5098	"Polyclonal_50pct"	"sonic"	-259263	"LINC02032"	"+"	-259263	"LINC02032"	"+"	"FALSE"	""	1267638	"HLTF"	"-"	""	"LINC02032"
"chr3"	151295482	151295482	1	"-"	"chr3-151295482"	1	1.12534041547568e-05	5098	"Polyclonal_50pct"	"sonic"	-1397	"GPR87*"	"-"	-16940	"P2RY14"	"-"	"MED12L,GPR87"	"+,-"	-16940	"P2RY14"	"-"	"*"	"GPR87"
"chr3"	152280603	152280603	1	"-"	"chr3-152280603"	1	1.12534041547568e-05	5098	"Polyclonal_50pct"	"sonic"	11675	"MBNL1*"	"+"	-10977	"MBNL1-AS1"	"-"	"MBNL1"	"+"	-881622	"RAP2B"	"+"	"*"	"MBNL1"
"chr3"	152404321	152404321	1	"-"	"chr3-152404321"	1	1.12534041547568e-05	5098	"Polyclonal_50pct"	"sonic"	-61459	"MBNL1*"	"+"	-63331	"TMEM14EP"	"-"	"MBNL1"	"+"	-757904	"RAP2B"	"+"	"*"	"MBNL1"
"chr3"	152469664	152469664	1	"-"	"chr3-152469664"	1	1.12534041547568e-05	5098	"Polyclonal_50pct"	"sonic"	3884	"MBNL1"	"+"	-128674	"TMEM14EP"	"-"	"FALSE"	""	-692561	"RAP2B"	"+"	""	"MBNL1"
"chr3"	153301208	153301208	1	"-"	"chr3-153301208"	1	1.12534041547568e-05	5098	"Polyclonal_50pct"	"sonic"	82341	"LINC02006"	"-"	138983	"RAP2B"	"+"	"FALSE"	""	138983	"RAP2B"	"+"	""	"LINC02006"
"chr3"	153491614	153491614	1	"-"	"chr3-153491614"	1	1.12534041547568e-05	5098	"Polyclonal_50pct"	"sonic"	7120	"LINC02877*"	"+"	7120	"LINC02877"	"+"	"LINC02006,LINC02877"	"-,+"	329389	"RAP2B"	"+"	"*"	"LINC02877"
"chr3"	155082991	155082991	1	"-"	"chr3-155082991"	1	1.12534041547568e-05	5098	"Polyclonal_50pct"	"sonic"	2673	"MME~*"	"+"	2673	"MME"	"+"	"MME"	"+"	2673	"MME"	"+"	"~*"	"MME"
"chr3"	156539459	156539459	1	"-"	"chr3-156539459"	1	1.12534041547568e-05	5098	"Polyclonal_50pct"	"sonic"	93	"SSR3"	"-"	14666	"SSR3"	"-"	"FALSE"	""	668810	"GMPS"	"+"	""	"SSR3"
"chr3"	158189018	158189018	1	"-"	"chr3-158189018"	1	1.12534041547568e-05	5098	"Polyclonal_50pct"	"sonic"	78930	"RSRC1*"	"+"	78930	"RSRC1"	"+"	"RSRC1"	"+"	-382175	"MLF1"	"+"	"*"	"RSRC1"
"chr3"	158380705	158380705	1	"-"	"chr3-158380705"	1	1.12534041547568e-05	5098	"Polyclonal_50pct"	"sonic"	-164130	"RSRC1*"	"+"	-146002	"UC.134"	"+"	"RSRC1"	"+"	-190488	"MLF1"	"+"	"*"	"RSRC1"
"chr3"	164550645	164550645	1	"-"	"chr3-164550645"	1	1.12534041547568e-05	5098	"Polyclonal_50pct"	"sonic"	163449	"LINC01324"	"-"	280835	"LINC01324"	"-"	"FALSE"	""	4594878	"MECOM"	"-"	""	"LINC01324"
"chr3"	167789078	167789078	1	"-"	"chr3-167789078"	1	1.12534041547568e-05	5098	"Polyclonal_50pct"	"sonic"	-36491	"SERPINI1*"	"+"	53356	"SERPINI1"	"+"	"SERPINI1"	"+"	1356445	"MECOM"	"-"	"*"	"SERPINI1"
"chr3"	169486985	169486985	1	"-"	"chr3-169486985"	1	1.12534041547568e-05	5098	"Polyclonal_50pct"	"sonic"	176727	"MECOM~*"	"-"	39119	"MECOM-AS1"	"+"	"MECOM"	"-"	176727	"MECOM"	"-"	"~*"	"MECOM"
"chr3"	169783437	169783437	1	"-"	"chr3-169783437"	1	1.12534041547568e-05	5098	"Polyclonal_50pct"	"sonic"	-6279	"MYNN*"	"+"	9173	"MYNN"	"+"	"MYNN"	"+"	-119725	"MECOM"	"-"	"*"	"MYNN"
"chr3"	169929118	169929118	1	"-"	"chr3-169929118"	1	1.12534041547568e-05	5098	"Polyclonal_50pct"	"sonic"	-10050	"SAMD7*"	"+"	17547	"SAMD7"	"+"	"SAMD7"	"+"	-265406	"MECOM"	"-"	"*"	"SAMD7"
"chr3"	171485390	171485390	1	"-"	"chr3-171485390"	1	1.12534041547568e-05	5098	"Polyclonal_50pct"	"sonic"	-24982	"TNIK"	"-"	-24982	"TNIK"	"-"	"FALSE"	""	325093	"PLD1"	"-"	""	"TNIK"
"chr3"	17437075	17437075	1	"-"	"chr3-17437075"	1	1.12534041547568e-05	5098	"Polyclonal_50pct"	"sonic"	262945	"TBC1D5*"	"-"	262945	"TBC1D5"	"-"	"TBC1D5"	"-"	988264	"SATB1"	"-"	"*"	"TBC1D5"
"chr3"	175095622	175095622	1	"-"	"chr3-175095622"	1	1.12534041547568e-05	5098	"Polyclonal_50pct"	"sonic"	-16311	"NAALADL2-AS3*"	"-"	19620	"NAALADL2-AS3"	"-"	"NAALADL2,NAALADL2-AS3"	"+,-"	2344621	"ECT2"	"+"	"*"	"NAALADL2-AS3"
"chr3"	175275799	175275799	1	"-"	"chr3-175275799"	1	1.12534041547568e-05	5098	"Polyclonal_50pct"	"sonic"	416466	"NAALADL2*"	"+"	-4703	"NAALADL2-AS2"	"-"	"NAALADL2"	"+"	2524798	"ECT2"	"+"	"*"	"NAALADL2"
"chr3"	177100350	177100350	1	"-"	"chr3-177100350"	1	1.12534041547568e-05	5098	"Polyclonal_50pct"	"sonic"	-81007	"TBL1XR1*"	"-"	96128	"TBL1XR1"	"-"	"TBL1XR1"	"-"	-2048006	"PIK3CA"	"+"	"*"	"TBL1XR1"
"chr3"	177308469	177308469	1	"-"	"chr3-177308469"	1	1.12534041547568e-05	5098	"Polyclonal_50pct"	"sonic"	14028	"LINC00501*"	"+"	14028	"LINC00501"	"+"	"LINC00501"	"+"	-1839887	"PIK3CA"	"+"	"*"	"LINC00501"
"chr3"	177652558	177652558	1	"-"	"chr3-177652558"	1	1.12534041547568e-05	5098	"Polyclonal_50pct"	"sonic"	-100146	"LINC00578*"	"+"	-164306	"LINC02015"	"+"	"LINC00578"	"+"	-1495798	"PIK3CA"	"+"	"*"	"LINC00578"
"chr3"	177794258	177794258	1	"-"	"chr3-177794258"	1	1.12534041547568e-05	5098	"Polyclonal_50pct"	"sonic"	-22606	"LINC02015"	"+"	-22606	"LINC02015"	"+"	"FALSE"	""	-1354098	"PIK3CA"	"+"	""	"LINC02015"
"chr3"	179189337	179189337	1	"-"	"chr3-179189337"	1	1.12534041547568e-05	5098	"Polyclonal_50pct"	"sonic"	40981	"PIK3CA~*"	"+"	40981	"PIK3CA"	"+"	"PIK3CA"	"+"	40981	"PIK3CA"	"+"	"~*"	"PIK3CA"
"chr3"	179855444	179855444	1	"-"	"chr3-179855444"	1	1.12534041547568e-05	5098	"Polyclonal_50pct"	"sonic"	-60486	"PEX5L*"	"-"	-42749	"PEX5L-AS2"	"+"	"PEX5L"	"-"	707088	"PIK3CA"	"+"	"*"	"PEX5L"
"chr3"	180732548	180732548	1	"-"	"chr3-180732548"	1	1.12534041547568e-05	5098	"Polyclonal_50pct"	"sonic"	-24959	"LOC101928882*"	"-"	-53059	"CCDC39"	"-"	"LOC101928882"	"-"	-979376	"SOX2"	"+"	"*"	"LOC101928882"
"chr3"	181771397	181771397	1	"-"	"chr3-181771397"	1	1.12534041547568e-05	5098	"Polyclonal_50pct"	"sonic"	29172	"SOX2-OT"	"+"	59473	"SOX2"	"+"	"FALSE"	""	59473	"SOX2"	"+"	""	"SOX2-OT"
"chr3"	182041865	182041865	1	"-"	"chr3-182041865"	1	1.12534041547568e-05	5098	"Polyclonal_50pct"	"sonic"	31189	"LINC01206"	"+"	89502	"LINC01206"	"+"	"FALSE"	""	329941	"SOX2"	"+"	""	"LINC01206"
"chr3"	182375599	182375599	1	"-"	"chr3-182375599"	1	1.12534041547568e-05	5098	"Polyclonal_50pct"	"sonic"	71370	"LINC01994"	"-"	110763	"LINC01994"	"-"	"FALSE"	""	663675	"SOX2"	"+"	""	"LINC01994"
"chr3"	184064524	184064524	1	"-"	"chr3-184064524"	1	1.12534041547568e-05	5098	"Polyclonal_50pct"	"sonic"	3851	"HTR3C"	"+"	11478	"HTR3C"	"+"	"FALSE"	""	-234716	"PSMD2"	"+"	""	"HTR3C"
"chr3"	184216046	184216046	1	"-"	"chr3-184216046"	1	1.12534041547568e-05	5098	"Polyclonal_50pct"	"sonic"	-14306	"VWA5B2"	"+"	-14306	"VWA5B2"	"+"	"FALSE"	""	-83194	"PSMD2"	"+"	""	"VWA5B2"
"chr3"	190803789	190803789	1	"-"	"chr3-190803789"	1	1.12534041547568e-05	5098	"Polyclonal_50pct"	"sonic"	48947	"GMNC"	"-"	58905	"GMNC"	"-"	"FALSE"	""	1605808	"FGF12"	"-"	""	"GMNC"
"chr3"	191460897	191460897	1	"-"	"chr3-191460897"	1	1.12534041547568e-05	5098	"Polyclonal_50pct"	"sonic"	35374	"LINCR-0002*"	"+"	-265	"PYDC2"	"+"	"LINCR-0002"	"+"	948700	"FGF12"	"-"	"*"	"LINCR-0002"
"chr3"	192227744	192227744	1	"-"	"chr3-192227744"	1	1.12534041547568e-05	5098	"Polyclonal_50pct"	"sonic"	-88354	"FGF12~*"	"-"	-10885	"FGF12-AS1"	"+"	"FGF12"	"-"	181853	"FGF12"	"-"	"~*"	"FGF12"
"chr3"	194458227	194458227	1	"-"	"chr3-194458227"	1	1.12534041547568e-05	5098	"Polyclonal_50pct"	"sonic"	10012	"ATP13A3*"	"-"	10012	"ATP13A3"	"-"	"ATP13A3"	"-"	322080	"HES1"	"+"	"*"	"ATP13A3"
"chr3"	197863615	197863615	1	"-"	"chr3-197863615"	1	1.12534041547568e-05	5098	"Polyclonal_50pct"	"sonic"	-7970	"LRCH3*"	"+"	72362	"LRCH3"	"+"	"LRCH3"	"+"	-564294	"DLG1"	"-"	"*"	"LRCH3"
"chr3"	22180814	22180814	1	"-"	"chr3-22180814"	1	1.12534041547568e-05	5098	"Polyclonal_50pct"	"sonic"	200986	"ZNF385D-AS2"	"+"	223676	"ZNF385D-AS2"	"+"	"FALSE"	""	-2648508	"RARB"	"+"	""	"ZNF385D-AS2"
"chr3"	22212198	22212198	1	"-"	"chr3-22212198"	1	1.12534041547568e-05	5098	"Polyclonal_50pct"	"sonic"	232370	"ZNF385D-AS2"	"+"	255060	"ZNF385D-AS2"	"+"	"FALSE"	""	-2617124	"RARB"	"+"	""	"ZNF385D-AS2"
"chr3"	24691168	24691168	1	"-"	"chr3-24691168"	1	1.12534041547568e-05	5098	"Polyclonal_50pct"	"sonic"	-138154	"RARB"	"+"	-138154	"RARB"	"+"	"FALSE"	""	-138154	"RARB"	"+"	""	"RARB"
"chr3"	3049371	3049371	1	"-"	"chr3-3049371"	1	1.12534041547568e-05	5098	"Polyclonal_50pct"	"sonic"	-8587	"CNTN4~*"	"+"	11774	"CNTN4-AS1"	"-"	"CNTN4,CNTN4-AS1"	"+,-"	157157	"CNTN4"	"+"	"~*"	"CNTN4"
"chr3"	30633262	30633262	1	"-"	"chr3-30633262"	1	1.12534041547568e-05	5098	"Polyclonal_50pct"	"sonic"	26662	"TGFBR2~*"	"+"	26662	"TGFBR2"	"+"	"TGFBR2"	"+"	26662	"TGFBR2"	"+"	"~*"	"TGFBR2"
"chr3"	38246247	38246247	1	"-"	"chr3-38246247"	1	1.12534041547568e-05	5098	"Polyclonal_50pct"	"sonic"	-9237	"OXSR1*"	"+"	-19564	"SLC22A13"	"+"	"OXSR1"	"+"	106497	"MYD88"	"+"	"*"	"OXSR1"
"chr3"	40349121	40349121	1	"-"	"chr3-40349121"	1	1.12534041547568e-05	5098	"Polyclonal_50pct"	"sonic"	36697	"EIF1B"	"+"	-38062	"ENTPD3"	"+"	"FALSE"	""	39415	"EIF1B"	"+"	""	"EIF1B"
"chr3"	40467064	40467064	1	"-"	"chr3-40467064"	1	1.12534041547568e-05	5098	"Polyclonal_50pct"	"sonic"	-1523	"RPL14*"	"+"	9726	"RPL14"	"+"	"RPL14"	"+"	157358	"EIF1B"	"+"	"*"	"RPL14"
"chr3"	40820709	40820709	1	"-"	"chr3-40820709"	1	1.12534041547568e-05	5098	"Polyclonal_50pct"	"sonic"	280915	"ZNF621"	"+"	295750	"ZNF621"	"+"	"FALSE"	""	-378795	"CTNNB1"	"+"	""	"ZNF621"
"chr3"	42113970	42113970	1	"-"	"chr3-42113970"	1	1.12534041547568e-05	5098	"Polyclonal_50pct"	"sonic"	22614	"TRAK1*"	"+"	22614	"TRAK1"	"+"	"TRAK1"	"+"	914466	"CTNNB1"	"+"	"*"	"TRAK1"
"chr3"	45823979	45823979	1	"-"	"chr3-45823979"	1	1.12534041547568e-05	5098	"Polyclonal_50pct"	"sonic"	-662	"LZTFL1*"	"-"	18140	"LZTFL1"	"-"	"LZTFL1"	"-"	-62524	"CCR9"	"+"	"*"	"LZTFL1"
"chr3"	46136093	46136093	1	"-"	"chr3-46136093"	1	1.12534041547568e-05	5098	"Polyclonal_50pct"	"sonic"	-50249	"XCR1"	"-"	-50249	"XCR1"	"-"	"FALSE"	""	72220	"CCR1"	"-"	""	"XCR1"
"chr3"	46342492	46342492	1	"-"	"chr3-46342492"	1	1.12534041547568e-05	5098	"Polyclonal_50pct"	"sonic"	-11251	"CCR2"	"+"	-11251	"CCR2"	"+"	"FALSE"	""	-134179	"CCR1"	"-"	""	"CCR2"
"chr3"	47152647	47152647	1	"-"	"chr3-47152647"	1	1.12534041547568e-05	5098	"Polyclonal_50pct"	"sonic"	11466	"SETD2~*"	"-"	11466	"SETD2"	"-"	"SETD2"	"-"	11466	"SETD2"	"-"	"~*"	"SETD2"
"chr3"	47452395	47452395	1	"-"	"chr3-47452395"	1	1.12534041547568e-05	5098	"Polyclonal_50pct"	"sonic"	23546	"SCAP*"	"-"	23546	"SCAP"	"-"	"SCAP"	"-"	-288282	"SETD2"	"-"	"*"	"SCAP"
"chr3"	47453423	47453423	1	"-"	"chr3-47453423"	1	1.12534041547568e-05	5098	"Polyclonal_50pct"	"sonic"	22518	"SCAP*"	"-"	22518	"SCAP"	"-"	"SCAP"	"-"	-289310	"SETD2"	"-"	"*"	"SCAP"
"chr3"	47698977	47698977	1	"-"	"chr3-47698977"	1	1.12534041547568e-05	5098	"Polyclonal_50pct"	"sonic"	82916	"SMARCC1*"	"-"	-37283	"SNORD146"	"-"	"SMARCC1"	"-"	317439	"MAP4"	"-"	"*"	"SMARCC1"
"chr3"	47714242	47714242	1	"-"	"chr3-47714242"	1	1.12534041547568e-05	5098	"Polyclonal_50pct"	"sonic"	67651	"SMARCC1*"	"-"	-52548	"SNORD146"	"-"	"SMARCC1"	"-"	302174	"MAP4"	"-"	"*"	"SMARCC1"
"chr3"	48254446	48254446	1	"-"	"chr3-48254446"	1	1.12534041547568e-05	5098	"Polyclonal_50pct"	"sonic"	13343	"ZNF589*"	"+"	13343	"ZNF589"	"+"	"ZNF589"	"+"	-66029	"CDC25A"	"-"	"*"	"ZNF589"
"chr3"	49544775	49544775	1	"-"	"chr3-49544775"	1	1.12534041547568e-05	5098	"Polyclonal_50pct"	"sonic"	4530	"BSN-DT"	"-"	9591	"BSN-DT"	"-"	"FALSE"	""	-129575	"APEH"	"+"	""	"BSN-DT"
"chr3"	51074581	51074581	1	"-"	"chr3-51074581"	1	1.12534041547568e-05	5098	"Polyclonal_50pct"	"sonic"	-309617	"DOCK3*"	"+"	-310709	"MANF"	"+"	"DOCK3"	"+"	-310709	"MANF"	"+"	"*"	"DOCK3"
"chr3"	5181128	5181128	1	"-"	"chr3-5181128"	1	1.12534041547568e-05	5098	"Polyclonal_50pct"	"sonic"	217	"ARL8B"	"+"	-6578	"EDEM1"	"+"	"FALSE"	""	2288914	"CNTN4"	"+"	""	"ARL8B"
"chr3"	52251019	52251019	1	"-"	"chr3-52251019"	1	1.12534041547568e-05	5098	"Polyclonal_50pct"	"sonic"	420	"PPM1M"	"+"	4853	"PPM1M"	"+"	"FALSE"	""	17342	"MIRLET7G"	"-"	""	"PPM1M"
"chr3"	52670519	52670519	1	"-"	"chr3-52670519"	1	1.12534041547568e-05	5098	"Polyclonal_50pct"	"sonic"	15080	"PBRM1~*"	"-"	15080	"PBRM1"	"-"	"PBRM1"	"-"	15080	"PBRM1"	"-"	"~*"	"PBRM1"
"chr3"	61514415	61514415	1	"-"	"chr3-61514415"	1	1.12534041547568e-05	5098	"Polyclonal_50pct"	"sonic"	-47155	"PTPRG~"	"+"	-47155	"PTPRG"	"+"	"FALSE"	""	-47155	"PTPRG"	"+"	"~"	"PTPRG"
"chr3"	62040038	62040038	1	"-"	"chr3-62040038"	1	1.12534041547568e-05	5098	"Polyclonal_50pct"	"sonic"	-257571	"PTPRG~*"	"+"	278909	"PTPRG-AS1"	"-"	"PTPRG"	"+"	478468	"PTPRG"	"+"	"~*"	"PTPRG"
"chr3"	63326435	63326435	1	"-"	"chr3-63326435"	1	1.12534041547568e-05	5098	"Polyclonal_50pct"	"sonic"	48128	"SYNPR*"	"+"	48128	"SYNPR"	"+"	"SYNPR"	"+"	1764865	"PTPRG"	"+"	"*"	"SYNPR"
"chr3"	6545022	6545022	1	"-"	"chr3-6545022"	1	1.12534041547568e-05	5098	"Polyclonal_50pct"	"sonic"	87335	"GRM7-AS3"	"-"	260427	"GRM7-AS3"	"-"	"FALSE"	""	2704624	"SRGAP3"	"-"	""	"GRM7-AS3"
"chr3"	69283389	69283389	1	"-"	"chr3-69283389"	1	1.12534041547568e-05	5098	"Polyclonal_50pct"	"sonic"	102699	"FRMD4B*"	"-"	102699	"FRMD4B"	"-"	"FRMD4B"	"-"	-456074	"MITF"	"+"	"*"	"FRMD4B"
"chr3"	70785600	70785600	1	"-"	"chr3-70785600"	1	1.12534041547568e-05	5098	"Polyclonal_50pct"	"sonic"	169109	"FOXP1"	"-"	279324	"FOXP1"	"-"	"FALSE"	""	279324	"FOXP1"	"-"	""	"FOXP1"
"chr3"	70812789	70812789	1	"-"	"chr3-70812789"	1	1.12534041547568e-05	5098	"Polyclonal_50pct"	"sonic"	141920	"FOXP1"	"-"	252135	"FOXP1"	"-"	"FALSE"	""	252135	"FOXP1"	"-"	""	"FOXP1"
"chr3"	7301648	7301648	1	"-"	"chr3-7301648"	1	1.12534041547568e-05	5098	"Polyclonal_50pct"	"sonic"	-439883	"GRM7*"	"+"	233636	"GRM7-AS1"	"-"	"GRM7"	"+"	1947998	"SRGAP3"	"-"	"*"	"GRM7"
"chr3"	73707710	73707710	1	"-"	"chr3-73707710"	1	1.12534041547568e-05	5098	"Polyclonal_50pct"	"sonic"	79811	"PDZRN3-AS1"	"+"	-82769	"PDZRN3"	"-"	"FALSE"	""	-2123732	"FOXP1"	"-"	""	"PDZRN3-AS1"
"chr3"	74058165	74058165	1	"-"	"chr3-74058165"	1	1.12534041547568e-05	5098	"Polyclonal_50pct"	"sonic"	178545	"LINC02005"	"+"	248922	"LINC02005"	"+"	"FALSE"	""	-2474187	"FOXP1"	"-"	""	"LINC02005"
"chr3"	76347140	76347140	1	"-"	"chr3-76347140"	1	1.12534041547568e-05	5098	"Polyclonal_50pct"	"sonic"	36261	"ROBO2*"	"+"	36261	"ROBO2"	"+"	"ROBO2"	"+"	2672319	"ROBO1"	"-"	"*"	"ROBO2"
"chr3"	77111597	77111597	1	"-"	"chr3-77111597"	1	1.12534041547568e-05	5098	"Polyclonal_50pct"	"sonic"	13586	"ROBO2*"	"+"	13586	"ROBO2"	"+"	"ROBO2"	"+"	1907862	"ROBO1"	"-"	"*"	"ROBO2"
"chr3"	82245237	82245237	1	"-"	"chr3-82245237"	1	1.12534041547568e-05	5098	"Polyclonal_50pct"	"sonic"	-218438	"LINC02008*"	"+"	259096	"LINC02008"	"+"	"LINC02008"	"+"	-2477239	"ROBO1"	"-"	"*"	"LINC02008"
"chr3"	85251544	85251544	1	"-"	"chr3-85251544"	1	1.12534041547568e-05	5098	"Polyclonal_50pct"	"sonic"	292556	"CADM2*"	"+"	-134165	"MIR5688"	"+"	"CADM2"	"+"	-3856076	"EPHA3"	"+"	"*"	"CADM2"
"chr3"	85497649	85497649	1	"-"	"chr3-85497649"	1	1.12534041547568e-05	5098	"Polyclonal_50pct"	"sonic"	538661	"CADM2*"	"+"	-6966	"CADM2"	"+"	"CADM2"	"+"	-3609971	"EPHA3"	"+"	"*"	"CADM2"
"chr3"	87087854	87087854	1	"-"	"chr3-87087854"	1	1.12534041547568e-05	5098	"Polyclonal_50pct"	"sonic"	-1425	"LINC00506"	"+"	-1425	"LINC00506"	"+"	"FALSE"	""	-2019766	"EPHA3"	"+"	""	"LINC00506"
"chr3"	89547974	89547974	1	"-"	"chr3-89547974"	1	1.12534041547568e-05	5098	"Polyclonal_50pct"	"sonic"	65840	"EPHA3"	"+"	440354	"EPHA3"	"+"	"FALSE"	""	440354	"EPHA3"	"+"	""	"EPHA3"
"chr3"	94818184	94818184	1	"-"	"chr3-94818184"	1	1.12534041547568e-05	5098	"Polyclonal_50pct"	"sonic"	-120078	"LINC00879"	"+"	-120078	"LINC00879"	"+"	"FALSE"	""	-844288	"PROS1"	"-"	""	"LINC00879"
"chr3"	9541455	9541455	1	"-"	"chr3-9541455"	1	1.12534041547568e-05	5098	"Polyclonal_50pct"	"sonic"	12367	"LHFPL4*"	"-"	12367	"LHFPL4"	"-"	"LHFPL4"	"-"	-268459	"TTLL3"	"+"	"*"	"LHFPL4"
"chr3"	95545059	95545059	1	"-"	"chr3-95545059"	1	1.12534041547568e-05	5098	"Polyclonal_50pct"	"sonic"	109363	"MTHFD2P1"	"-"	138134	"MTHFD2P1"	"-"	"FALSE"	""	-1571163	"PROS1"	"-"	""	"MTHFD2P1"
"chr3"	96602168	96602168	1	"-"	"chr3-96602168"	1	1.12534041547568e-05	5098	"Polyclonal_50pct"	"sonic"	-212425	"EPHA6"	"+"	-212425	"EPHA6"	"+"	"FALSE"	""	-2628272	"PROS1"	"-"	""	"EPHA6"
"chr3"	96968238	96968238	1	"-"	"chr3-96968238"	1	1.12534041547568e-05	5098	"Polyclonal_50pct"	"sonic"	-41894	"EPHA6*"	"+"	153645	"EPHA6"	"+"	"EPHA6"	"+"	-2994342	"PROS1"	"-"	"*"	"EPHA6"
"chr3"	97768088	97768088	1	"-"	"chr3-97768088"	1	1.12534041547568e-05	5098	"Polyclonal_50pct"	"sonic"	3331	"ARL6*"	"+"	3331	"ARL6"	"+"	"ARL6"	"+"	-2941201	"TFG"	"+"	"*"	"ARL6"
"chr3"	99308415	99308415	1	"-"	"chr3-99308415"	1	1.12534041547568e-05	5098	"Polyclonal_50pct"	"sonic"	-330178	"COL8A1"	"+"	-330178	"COL8A1"	"+"	"FALSE"	""	-1400874	"TFG"	"+"	""	"COL8A1"
"chr3"	99621191	99621191	1	"-"	"chr3-99621191"	1	1.12534041547568e-05	5098	"Polyclonal_50pct"	"sonic"	-17402	"COL8A1"	"+"	-17402	"COL8A1"	"+"	"FALSE"	""	-1088098	"TFG"	"+"	""	"COL8A1"
"chr3_KZ559103v1_alt"	120197	120197	1	"-"	"chr3_KZ559103v1_alt-120197"	1	1.12534041547568e-05	5098	"Polyclonal_50pct"	"sonic"	97621	"EEFSEC*"	"+"	-97187	"RUVBL1"	"-"	"EEFSEC"	"+"	-97187	"RUVBL1"	"-"	"*"	"EEFSEC"
"chr4"	100902571	100902571	1	"+"	"chr4+100902571"	1	1.12534041547568e-05	5098	"Polyclonal_50pct"	"sonic"	120846	"PPP3CA"	"-"	-227458	"LINC01216"	"-"	"FALSE"	""	-1598787	"NFKB1"	"+"	""	"PPP3CA"
"chr4"	100972906	100972906	1	"+"	"chr4+100972906"	1	1.12534041547568e-05	5098	"Polyclonal_50pct"	"sonic"	50511	"PPP3CA"	"-"	267966	"MIR8066"	"-"	"FALSE"	""	-1528452	"NFKB1"	"+"	""	"PPP3CA"
"chr4"	102130600	102130600	1	"+"	"chr4+102130600"	1	1.12534041547568e-05	5098	"Polyclonal_50pct"	"sonic"	55788	"BANK1"	"+"	193712	"SLC39A8"	"-"	"FALSE"	""	-370758	"NFKB1"	"+"	""	"BANK1"
"chr4"	104101713	104101713	1	"+"	"chr4+104101713"	1	1.12534041547568e-05	5098	"Polyclonal_50pct"	"sonic"	366596	"CXXC4"	"-"	-381728	"TACR3"	"-"	"FALSE"	""	-1044161	"TET2"	"+"	""	"CXXC4"
"chr4"	104319937	104319937	1	"+"	"chr4+104319937"	1	1.12534041547568e-05	5098	"Polyclonal_50pct"	"sonic"	148372	"CXXC4"	"-"	-171027	"CXXC4-AS1"	"+"	"FALSE"	""	-825937	"TET2"	"+"	""	"CXXC4"
"chr4"	104425573	104425573	1	"+"	"chr4+104425573"	1	1.12534041547568e-05	5098	"Polyclonal_50pct"	"sonic"	42736	"CXXC4"	"-"	-65391	"CXXC4-AS1"	"+"	"FALSE"	""	-720301	"TET2"	"+"	""	"CXXC4"
"chr4"	105136254	105136254	1	"+"	"chr4+105136254"	1	1.12534041547568e-05	5098	"Polyclonal_50pct"	"sonic"	-9620	"TET2~"	"+"	-9620	"TET2"	"+"	"FALSE"	""	-9620	"TET2"	"+"	"~"	"TET2"
"chr4"	105445095	105445095	1	"+"	"chr4+105445095"	1	1.12534041547568e-05	5098	"Polyclonal_50pct"	"sonic"	28967	"PPA2*"	"-"	28967	"PPA2"	"-"	"PPA2"	"-"	298220	"TET2"	"+"	"*"	"PPA2"
"chr4"	106241190	106241190	1	"+"	"chr4+106241190"	1	1.12534041547568e-05	5098	"Polyclonal_50pct"	"sonic"	75019	"TBCK*"	"-"	-74419	"AIMP1"	"+"	"TBCK"	"-"	1094315	"TET2"	"+"	"*"	"TBCK"
"chr4"	106663219	106663219	1	"+"	"chr4+106663219"	1	1.12534041547568e-05	5098	"Polyclonal_50pct"	"sonic"	209772	"LINC02173"	"+"	229596	"LINC02173"	"+"	"FALSE"	""	1503578	"LEF1"	"-"	""	"LINC02173"
"chr4"	107777477	107777477	1	"+"	"chr4+107777477"	1	1.12534041547568e-05	5098	"Polyclonal_50pct"	"sonic"	-47085	"SGMS2"	"+"	-47085	"SGMS2"	"+"	"FALSE"	""	389320	"LEF1"	"-"	""	"SGMS2"
"chr4"	110956589	110956589	1	"+"	"chr4+110956589"	1	1.12534041547568e-05	5098	"Polyclonal_50pct"	"sonic"	-95942	"MIR297"	"-"	-95942	"MIR297"	"-"	"FALSE"	""	1043707	"EGF"	"+"	""	"MIR297"
"chr4"	113349583	113349583	1	"+"	"chr4+113349583"	1	1.12534041547568e-05	5098	"Polyclonal_50pct"	"sonic"	-34153	"ANK2*"	"+"	56745	"ANK2"	"+"	"ANK2"	"+"	412155	"CAMK2D"	"-"	"*"	"ANK2"
"chr4"	114367106	114367106	1	"+"	"chr4+114367106"	1	1.12534041547568e-05	5098	"Polyclonal_50pct"	"sonic"	-231295	"UGT8"	"+"	-231295	"UGT8"	"+"	"FALSE"	""	-605179	"CAMK2D"	"-"	""	"UGT8"
"chr4"	114570380	114570380	1	"+"	"chr4+114570380"	1	1.12534041547568e-05	5098	"Polyclonal_50pct"	"sonic"	-28021	"UGT8"	"+"	-28021	"UGT8"	"+"	"FALSE"	""	-808453	"CAMK2D"	"-"	""	"UGT8"
"chr4"	114606426	114606426	1	"+"	"chr4+114606426"	1	1.12534041547568e-05	5098	"Polyclonal_50pct"	"sonic"	7142	"UGT8*"	"+"	7142	"UGT8"	"+"	"UGT8"	"+"	-844499	"CAMK2D"	"-"	"*"	"UGT8"
"chr4"	115226557	115226557	1	"+"	"chr4+115226557"	1	1.12534041547568e-05	5098	"Polyclonal_50pct"	"sonic"	-112937	"NDST4"	"-"	-112937	"NDST4"	"-"	"FALSE"	""	-1464630	"CAMK2D"	"-"	""	"NDST4"
"chr4"	116619329	116619329	1	"+"	"chr4+116619329"	1	1.12534041547568e-05	5098	"Polyclonal_50pct"	"sonic"	319561	"MIR1973"	"+"	319605	"MIR1973"	"+"	"FALSE"	""	-2231351	"SYNPO2"	"+"	""	"MIR1973"
"chr4"	117402674	117402674	1	"+"	"chr4+117402674"	1	1.12534041547568e-05	5098	"Polyclonal_50pct"	"sonic"	-25723	"LINC01378"	"+"	-25723	"LINC01378"	"+"	"FALSE"	""	-1448006	"SYNPO2"	"+"	""	"LINC01378"
"chr4"	119859429	119859429	1	"+"	"chr4+119859429"	1	1.12534041547568e-05	5098	"Polyclonal_50pct"	"sonic"	-54914	"LINC01365"	"-"	-54914	"LINC01365"	"-"	"FALSE"	""	207419	"MAD2L1"	"-"	""	"LINC01365"
"chr4"	121821180	121821180	1	"+"	"chr4+121821180"	1	1.12534041547568e-05	5098	"Polyclonal_50pct"	"sonic"	2703	"CCNA2~*"	"-"	2703	"CCNA2"	"-"	"CCNA2"	"-"	2703	"CCNA2"	"-"	"~*"	"CCNA2"
"chr4"	125848715	125848715	1	"+"	"chr4+125848715"	1	1.12534041547568e-05	5098	"Polyclonal_50pct"	"sonic"	341408	"MIR2054"	"+"	341457	"MIR2054"	"+"	"FALSE"	""	-2925747	"NUDT6"	"-"	""	"MIR2054"
"chr4"	125949861	125949861	1	"+"	"chr4+125949861"	1	1.12534041547568e-05	5098	"Polyclonal_50pct"	"sonic"	442554	"MIR2054"	"+"	442603	"MIR2054"	"+"	"FALSE"	""	-3026893	"NUDT6"	"-"	""	"MIR2054"
"chr4"	125979630	125979630	1	"+"	"chr4+125979630"	1	1.12534041547568e-05	5098	"Polyclonal_50pct"	"sonic"	472323	"MIR2054"	"+"	472372	"MIR2054"	"+"	"FALSE"	""	-3056662	"NUDT6"	"-"	""	"MIR2054"
"chr4"	126356928	126356928	1	"+"	"chr4+126356928"	1	1.12534041547568e-05	5098	"Polyclonal_50pct"	"sonic"	849621	"MIR2054"	"+"	849670	"MIR2054"	"+"	"FALSE"	""	2736611	"SCLT1"	"-"	""	"MIR2054"
"chr4"	128821221	128821221	1	"+"	"chr4+128821221"	1	1.12534041547568e-05	5098	"Polyclonal_50pct"	"sonic"	9378	"JADE1*"	"+"	9378	"JADE1"	"+"	"JADE1"	"+"	272318	"SCLT1"	"-"	"*"	"JADE1"
"chr4"	128921796	128921796	1	"+"	"chr4+128921796"	1	1.12534041547568e-05	5098	"Polyclonal_50pct"	"sonic"	-37802	"SCLT1*"	"-"	109953	"JADE1"	"+"	"SCLT1"	"-"	171743	"SCLT1"	"-"	"*"	"SCLT1"
"chr4"	129041075	129041075	1	"+"	"chr4+129041075"	1	1.12534041547568e-05	5098	"Polyclonal_50pct"	"sonic"	-1882	"SCLT1*"	"-"	52464	"SCLT1"	"-"	"SCLT1"	"-"	52464	"SCLT1"	"-"	"*"	"SCLT1"
"chr4"	131148668	131148668	1	"+"	"chr4+131148668"	1	1.12534041547568e-05	5098	"Polyclonal_50pct"	"sonic"	-616169	"SNHG27"	"+"	-616169	"SNHG27"	"+"	"FALSE"	""	-2055129	"SCLT1"	"-"	""	"SNHG27"
"chr4"	132317690	132317690	1	"+"	"chr4+132317690"	1	1.12534041547568e-05	5098	"Polyclonal_50pct"	"sonic"	-273398	"LINC01256"	"+"	-273398	"LINC01256"	"+"	"FALSE"	""	-3224151	"SCLT1"	"-"	""	"LINC01256"
"chr4"	132672360	132672360	1	"+"	"chr4+132672360"	1	1.12534041547568e-05	5098	"Polyclonal_50pct"	"sonic"	-6140	"LINC01256*"	"+"	81272	"LINC01256"	"+"	"LINC01256"	"+"	-3578821	"SCLT1"	"-"	"*"	"LINC01256"
"chr4"	132805780	132805780	1	"+"	"chr4+132805780"	1	1.12534041547568e-05	5098	"Polyclonal_50pct"	"sonic"	127280	"LINC01256"	"+"	214692	"LINC01256"	"+"	"FALSE"	""	-3712241	"SCLT1"	"-"	""	"LINC01256"
"chr4"	133035853	133035853	1	"+"	"chr4+133035853"	1	1.12534041547568e-05	5098	"Polyclonal_50pct"	"sonic"	58007	"LOC101927359"	"-"	113263	"LOC101927359"	"-"	"FALSE"	""	-3942314	"SCLT1"	"-"	""	"LOC101927359"
"chr4"	134100478	134100478	1	"+"	"chr4+134100478"	1	1.12534041547568e-05	5098	"Polyclonal_50pct"	"sonic"	95855	"PABPC4L"	"-"	101311	"PABPC4L"	"-"	"FALSE"	""	-5006939	"SCLT1"	"-"	""	"PABPC4L"
"chr4"	134530686	134530686	1	"+"	"chr4+134530686"	1	1.12534041547568e-05	5098	"Polyclonal_50pct"	"sonic"	-14818	"LINC02462*"	"+"	106819	"LINC02462"	"+"	"LINC02462"	"+"	-5437147	"SCLT1"	"-"	"*"	"LINC02462"
"chr4"	134657109	134657109	1	"+"	"chr4+134657109"	1	1.12534041547568e-05	5098	"Polyclonal_50pct"	"sonic"	111605	"LINC02462"	"+"	233242	"LINC02462"	"+"	"FALSE"	""	-5563570	"SCLT1"	"-"	""	"LINC02462"
"chr4"	13517757	13517757	1	"+"	"chr4+13517757"	1	1.12534041547568e-05	5098	"Polyclonal_50pct"	"sonic"	8561	"LINC01097"	"-"	13660	"LINC01097"	"-"	"FALSE"	""	6823880	"S100P"	"+"	""	"LINC01097"
"chr4"	136006482	136006482	1	"+"	"chr4+136006482"	1	1.12534041547568e-05	5098	"Polyclonal_50pct"	"sonic"	-92802	"LINC00613"	"-"	-92802	"LINC00613"	"-"	"FALSE"	""	-6912943	"SCLT1"	"-"	""	"LINC00613"
"chr4"	136134784	136134784	1	"+"	"chr4+136134784"	1	1.12534041547568e-05	5098	"Polyclonal_50pct"	"sonic"	-221104	"LINC00613"	"-"	-221104	"LINC00613"	"-"	"FALSE"	""	-7041245	"SCLT1"	"-"	""	"LINC00613"
"chr4"	141322505	141322505	1	"+"	"chr4+141322505"	1	1.12534041547568e-05	5098	"Polyclonal_50pct"	"sonic"	-1382	"LINC02432*"	"-"	10112	"LINC02432"	"-"	"LINC02432"	"-"	-1862411	"USP38"	"+"	"*"	"LINC02432"
"chr4"	141466035	141466035	1	"+"	"chr4+141466035"	1	1.12534041547568e-05	5098	"Polyclonal_50pct"	"sonic"	-133418	"LINC02432"	"-"	-133418	"LINC02432"	"-"	"FALSE"	""	-1718881	"USP38"	"+"	""	"LINC02432"
"chr4"	141513284	141513284	1	"+"	"chr4+141513284"	1	1.12534041547568e-05	5098	"Polyclonal_50pct"	"sonic"	-123298	"IL15"	"+"	-123298	"IL15"	"+"	"FALSE"	""	-1671632	"USP38"	"+"	""	"IL15"
"chr4"	142559964	142559964	1	"+"	"chr4+142559964"	1	1.12534041547568e-05	5098	"Polyclonal_50pct"	"sonic"	791	"INPP4B*"	"-"	791	"INPP4B"	"-"	"INPP4B"	"-"	-624952	"USP38"	"+"	"*"	"INPP4B"
"chr4"	142917816	142917816	1	"+"	"chr4+142917816"	1	1.12534041547568e-05	5098	"Polyclonal_50pct"	"sonic"	-71281	"INPP4B"	"-"	-71281	"INPP4B"	"-"	"FALSE"	""	-267100	"USP38"	"+"	""	"INPP4B"
"chr4"	143459754	143459754	1	"+"	"chr4+143459754"	1	1.12534041547568e-05	5098	"Polyclonal_50pct"	"sonic"	-14811	"GAB1~*"	"+"	-53947	"SMARCA5"	"+"	"GAB1"	"+"	122879	"GAB1"	"+"	"~*"	"GAB1"
"chr4"	145149737	145149737	1	"+"	"chr4+145149737"	1	1.12534041547568e-05	5098	"Polyclonal_50pct"	"sonic"	-16088	"OTUD4*"	"-"	28421	"OTUD4"	"-"	"OTUD4"	"-"	1812862	"GAB1"	"+"	"*"	"OTUD4"
"chr4"	145772988	145772988	1	"+"	"chr4+145772988"	1	1.12534041547568e-05	5098	"Polyclonal_50pct"	"sonic"	-15362	"ZNF827*"	"-"	92843	"C4orf51"	"+"	"ZNF827"	"-"	2436113	"GAB1"	"+"	"*"	"ZNF827"
"chr4"	146235239	146235239	1	"+"	"chr4+146235239"	1	1.12534041547568e-05	5098	"Polyclonal_50pct"	"sonic"	2972	"REELD1"	"+"	20702	"REELD1"	"+"	"FALSE"	""	2207175	"NR3C2"	"-"	""	"REELD1"
"chr4"	150033766	150033766	1	"+"	"chr4+150033766"	1	1.12534041547568e-05	5098	"Polyclonal_50pct"	"sonic"	-44678	"DCLK2"	"+"	-44678	"DCLK2"	"+"	"FALSE"	""	981501	"LRBA"	"-"	""	"DCLK2"
"chr4"	150427459	150427459	1	"+"	"chr4+150427459"	1	1.12534041547568e-05	5098	"Polyclonal_50pct"	"sonic"	-162801	"LRBA~*"	"-"	-151629	"LOC729558"	"+"	"LRBA"	"-"	587808	"LRBA"	"-"	"~*"	"LRBA"
"chr4"	156373860	156373860	1	"+"	"chr4+156373860"	1	1.12534041547568e-05	5098	"Polyclonal_50pct"	"sonic"	386593	"PDGFC"	"-"	-419994	"CTSO"	"-"	"FALSE"	""	-3837768	"FBXW7"	"-"	""	"PDGFC"
"chr4"	156707727	156707727	1	"+"	"chr4+156707727"	1	1.12534041547568e-05	5098	"Polyclonal_50pct"	"sonic"	52726	"PDGFC"	"-"	264072	"PDGFC"	"-"	"FALSE"	""	-4171635	"FBXW7"	"-"	""	"PDGFC"
"chr4"	158721352	158721352	1	"+"	"chr4+158721352"	1	1.12534041547568e-05	5098	"Polyclonal_50pct"	"sonic"	2044	"PPID*"	"-"	2044	"PPID"	"-"	"PPID"	"-"	4611244	"NPY1R"	"-"	"*"	"PPID"
"chr4"	159327019	159327019	1	"+"	"chr4+159327019"	1	1.12534041547568e-05	5098	"Polyclonal_50pct"	"sonic"	-33080	"RAPGEF2*"	"+"	59211	"RAPGEF2"	"+"	"RAPGEF2"	"+"	4005577	"NPY1R"	"-"	"*"	"RAPGEF2"
"chr4"	160281998	160281998	1	"+"	"chr4+160281998"	1	1.12534041547568e-05	5098	"Polyclonal_50pct"	"sonic"	-504214	"LINC02233"	"-"	-504214	"LINC02233"	"-"	"FALSE"	""	3050598	"NPY1R"	"-"	""	"LINC02233"
"chr4"	160631840	160631840	1	"+"	"chr4+160631840"	1	1.12534041547568e-05	5098	"Polyclonal_50pct"	"sonic"	752051	"FSTL5"	"-"	-854056	"LINC02233"	"-"	"FALSE"	""	2700756	"NPY1R"	"-"	""	"FSTL5"
"chr4"	160889760	160889760	1	"+"	"chr4+160889760"	1	1.12534041547568e-05	5098	"Polyclonal_50pct"	"sonic"	494131	"FSTL5"	"-"	-1111976	"LINC02233"	"-"	"FALSE"	""	2442836	"NPY1R"	"-"	""	"FSTL5"
"chr4"	162092815	162092815	1	"+"	"chr4+162092815"	1	1.12534041547568e-05	5098	"Polyclonal_50pct"	"sonic"	71185	"FSTL5*"	"-"	70083	"LOC101928052"	"+"	"FSTL5"	"-"	1239781	"NPY1R"	"-"	"*"	"FSTL5"
"chr4"	162296229	162296229	1	"+"	"chr4+162296229"	1	1.12534041547568e-05	5098	"Polyclonal_50pct"	"sonic"	-132195	"FSTL5"	"-"	-132195	"FSTL5"	"-"	"FALSE"	""	1036367	"NPY1R"	"-"	""	"FSTL5"
"chr4"	162296258	162296258	1	"+"	"chr4+162296258"	1	1.12534041547568e-05	5098	"Polyclonal_50pct"	"sonic"	-132224	"FSTL5"	"-"	-132224	"FSTL5"	"-"	"FALSE"	""	1036338	"NPY1R"	"-"	""	"FSTL5"
"chr4"	163770943	163770943	1	"+"	"chr4+163770943"	1	1.12534041547568e-05	5098	"Polyclonal_50pct"	"sonic"	-246646	"MARCHF1*"	"-"	-157409	"MARCHF1"	"-"	"MARCHF1"	"-"	-438347	"NPY1R"	"-"	"*"	"MARCHF1"
"chr4"	164188486	164188486	1	"+"	"chr4+164188486"	1	1.12534041547568e-05	5098	"Polyclonal_50pct"	"sonic"	194769	"MARCHF1*"	"-"	9225	"ANP32C"	"-"	"MARCHF1"	"-"	-855890	"NPY1R"	"-"	"*"	"MARCHF1"
"chr4"	164697932	164697932	1	"+"	"chr4+164697932"	1	1.12534041547568e-05	5098	"Polyclonal_50pct"	"sonic"	-56198	"SMIM31"	"+"	-56198	"SMIM31"	"+"	"FALSE"	""	-1365336	"NPY1R"	"-"	""	"SMIM31"
"chr4"	166531751	166531751	1	"+"	"chr4+166531751"	1	1.12534041547568e-05	5098	"Polyclonal_50pct"	"sonic"	201633	"SPOCK3"	"-"	658515	"TLL1"	"+"	"FALSE"	""	-3199155	"NPY1R"	"-"	""	"SPOCK3"
"chr4"	166804820	166804820	1	"+"	"chr4+166804820"	1	1.12534041547568e-05	5098	"Polyclonal_50pct"	"sonic"	-50735	"SPOCK3*"	"-"	429606	"SPOCK3"	"-"	"SPOCK3"	"-"	-3472224	"NPY1R"	"-"	"*"	"SPOCK3"
"chr4"	167524586	167524586	1	"+"	"chr4+167524586"	1	1.12534041547568e-05	5098	"Polyclonal_50pct"	"sonic"	-289996	"SPOCK3"	"-"	-289996	"SPOCK3"	"-"	"FALSE"	""	-4191990	"NPY1R"	"-"	""	"SPOCK3"
"chr4"	168477445	168477445	1	"+"	"chr4+168477445"	1	1.12534041547568e-05	5098	"Polyclonal_50pct"	"sonic"	3047	"DDX60L*"	"-"	3047	"DDX60L"	"-"	"DDX60L"	"-"	-5144849	"NPY1R"	"-"	"*"	"DDX60L"
"chr4"	168817802	168817802	1	"+"	"chr4+168817802"	1	1.12534041547568e-05	5098	"Polyclonal_50pct"	"sonic"	-110637	"PALLD*"	"+"	-14292	"PALLD"	"+"	"PALLD"	"+"	-5485206	"NPY1R"	"-"	"*"	"PALLD"
"chr4"	172055720	172055720	1	"+"	"chr4+172055720"	1	1.12534041547568e-05	5098	"Polyclonal_50pct"	"sonic"	242317	"GALNTL6*"	"+"	-242113	"LOC441052"	"-"	"GALNTL6"	"+"	-2862637	"ADAM29"	"+"	"*"	"GALNTL6"
"chr4"	172581334	172581334	1	"+"	"chr4+172581334"	1	1.12534041547568e-05	5098	"Polyclonal_50pct"	"sonic"	-460225	"GALNTL6*"	"+"	107583	"GALNTL6-AS1"	"-"	"GALNTL6"	"+"	-2337023	"ADAM29"	"+"	"*"	"GALNTL6"
"chr4"	173559157	173559157	1	"+"	"chr4+173559157"	1	1.12534041547568e-05	5098	"Polyclonal_50pct"	"sonic"	-26571	"HAND2-AS1*"	"+"	28700	"HAND2-AS1"	"+"	"HAND2-AS1"	"+"	-1359200	"ADAM29"	"+"	"*"	"HAND2-AS1"
"chr4"	174562455	174562455	1	"+"	"chr4+174562455"	1	1.12534041547568e-05	5098	"Polyclonal_50pct"	"sonic"	-39557	"HPGD"	"-"	-39557	"HPGD"	"-"	"FALSE"	""	-355902	"ADAM29"	"+"	""	"HPGD"
"chr4"	176171301	176171301	1	"+"	"chr4+176171301"	1	1.12534041547568e-05	5098	"Polyclonal_50pct"	"sonic"	-11514	"WDR17*"	"+"	24284	"SPATA4"	"-"	"WDR17"	"+"	1252944	"ADAM29"	"+"	"*"	"WDR17"
"chr4"	178320933	178320933	1	"+"	"chr4+178320933"	1	1.12534041547568e-05	5098	"Polyclonal_50pct"	"sonic"	330183	"LINC01098"	"+"	-412997	"LINC01099"	"-"	"FALSE"	""	3402576	"ADAM29"	"+"	""	"LINC01098"
"chr4"	179487581	179487581	1	"+"	"chr4+179487581"	1	1.12534041547568e-05	5098	"Polyclonal_50pct"	"sonic"	1496831	"LINC01098"	"+"	-1579645	"LINC01099"	"-"	"FALSE"	""	-4017476	"ING2"	"+"	""	"LINC01098"
"chr4"	179593987	179593987	1	"+"	"chr4+179593987"	1	1.12534041547568e-05	5098	"Polyclonal_50pct"	"sonic"	1470102	"LINC00290"	"-"	1565162	"LINC00290"	"-"	"FALSE"	""	-3911070	"ING2"	"+"	""	"LINC00290"
"chr4"	179970403	179970403	1	"+"	"chr4+179970403"	1	1.12534041547568e-05	5098	"Polyclonal_50pct"	"sonic"	1093686	"LINC00290"	"-"	1188746	"LINC00290"	"-"	"FALSE"	""	-3534654	"ING2"	"+"	""	"LINC00290"
"chr4"	182151998	182151998	1	"+"	"chr4+182151998"	1	1.12534041547568e-05	5098	"Polyclonal_50pct"	"sonic"	-7483	"TENM3-AS1"	"-"	-7483	"TENM3-AS1"	"-"	"FALSE"	""	-1353059	"ING2"	"+"	""	"TENM3-AS1"
"chr4"	183146839	183146839	1	"+"	"chr4+183146839"	1	1.12534041547568e-05	5098	"Polyclonal_50pct"	"sonic"	47583	"WWC2*"	"+"	47583	"WWC2"	"+"	"WWC2"	"+"	-358218	"ING2"	"+"	"*"	"WWC2"
"chr4"	184372125	184372125	1	"+"	"chr4+184372125"	1	1.12534041547568e-05	5098	"Polyclonal_50pct"	"sonic"	-6565	"LINC02362*"	"-"	10181	"LINC02362"	"-"	"LINC02362"	"-"	866044	"ING2"	"+"	"*"	"LINC02362"
"chr4"	185116666	185116666	1	"+"	"chr4+185116666"	1	1.12534041547568e-05	5098	"Polyclonal_50pct"	"sonic"	9418	"LINC02436"	"+"	-26599	"SLC25A4"	"+"	"FALSE"	""	540080	"SORBS2"	"-"	""	"LINC02436"
"chr4"	185407981	185407981	1	"+"	"chr4+185407981"	1	1.12534041547568e-05	5098	"Polyclonal_50pct"	"sonic"	-8442	"UFSP2*"	"-"	-10694	"LRP2BP"	"-"	"UFSP2"	"-"	248765	"SORBS2"	"-"	"*"	"UFSP2"
"chr4"	20041299	20041299	1	"+"	"chr4+20041299"	1	1.12534041547568e-05	5098	"Polyclonal_50pct"	"sonic"	-210605	"SLIT2"	"+"	-210605	"SLIT2"	"+"	"FALSE"	""	-5614551	"SLC34A2"	"+"	""	"SLIT2"
"chr4"	21811114	21811114	1	"+"	"chr4+21811114"	1	1.12534041547568e-05	5098	"Polyclonal_50pct"	"sonic"	137637	"KCNIP4*"	"-"	42074	"KCNIP4-IT1"	"-"	"KCNIP4"	"-"	-3844736	"SLC34A2"	"+"	"*"	"KCNIP4"
"chr4"	23909412	23909412	1	"+"	"chr4+23909412"	1	1.12534041547568e-05	5098	"Polyclonal_50pct"	"sonic"	-117392	"PPARGC1A*"	"-"	-19365	"PPARGC1A"	"-"	"PPARGC1A"	"-"	-1746438	"SLC34A2"	"+"	"*"	"PPARGC1A"
"chr4"	2778965	2778965	1	"+"	"chr4+2778965"	1	1.12534041547568e-05	5098	"Polyclonal_50pct"	"sonic"	-14119	"SH3BP2~"	"+"	-14119	"SH3BP2"	"+"	"FALSE"	""	-14119	"SH3BP2"	"+"	"~"	"SH3BP2"
"chr4"	33381546	33381546	1	"+"	"chr4+33381546"	1	1.12534041547568e-05	5098	"Polyclonal_50pct"	"sonic"	514794	"LOC101928622"	"-"	658347	"LOC101928622"	"-"	"FALSE"	""	2862393	"ARAP2"	"-"	""	"LOC101928622"
"chr4"	36214612	36214612	1	"+"	"chr4+36214612"	1	1.12534041547568e-05	5098	"Polyclonal_50pct"	"sonic"	29327	"ARAP2~*"	"-"	29327	"ARAP2"	"-"	"ARAP2"	"-"	29327	"ARAP2"	"-"	"~*"	"ARAP2"
"chr4"	36907570	36907570	1	"+"	"chr4+36907570"	1	1.12534041547568e-05	5098	"Polyclonal_50pct"	"sonic"	-94208	"LINC02616"	"+"	-94208	"LINC02616"	"+"	"FALSE"	""	-663056	"ARAP2"	"-"	""	"LINC02616"
"chr4"	37096077	37096077	1	"+"	"chr4+37096077"	1	1.12534041547568e-05	5098	"Polyclonal_50pct"	"sonic"	75371	"LINC02616"	"+"	94299	"LINC02616"	"+"	"FALSE"	""	-851563	"ARAP2"	"-"	""	"LINC02616"
"chr4"	39122415	39122415	1	"+"	"chr4+39122415"	1	1.12534041547568e-05	5098	"Polyclonal_50pct"	"sonic"	-3818	"KLHL5*"	"+"	-60113	"WDR19"	"+"	"KLHL5"	"+"	458217	"KLF3"	"+"	"*"	"KLHL5"
"chr4"	39122583	39122583	1	"+"	"chr4+39122583"	1	1.12534041547568e-05	5098	"Polyclonal_50pct"	"sonic"	-3650	"KLHL5*"	"+"	-59945	"WDR19"	"+"	"KLHL5"	"+"	458385	"KLF3"	"+"	"*"	"KLHL5"
"chr4"	39122593	39122593	1	"+"	"chr4+39122593"	1	1.12534041547568e-05	5098	"Polyclonal_50pct"	"sonic"	-3640	"KLHL5*"	"+"	-59935	"WDR19"	"+"	"KLHL5"	"+"	458395	"KLF3"	"+"	"*"	"KLHL5"
"chr4"	39122602	39122602	1	"+"	"chr4+39122602"	1	1.12534041547568e-05	5098	"Polyclonal_50pct"	"sonic"	-3631	"KLHL5*"	"+"	-59926	"WDR19"	"+"	"KLHL5"	"+"	458404	"KLF3"	"+"	"*"	"KLHL5"
"chr4"	39122615	39122615	1	"+"	"chr4+39122615"	1	1.12534041547568e-05	5098	"Polyclonal_50pct"	"sonic"	-3618	"KLHL5*"	"+"	-59913	"WDR19"	"+"	"KLHL5"	"+"	458417	"KLF3"	"+"	"*"	"KLHL5"
"chr4"	39122680	39122680	1	"+"	"chr4+39122680"	1	1.12534041547568e-05	5098	"Polyclonal_50pct"	"sonic"	-3553	"KLHL5*"	"+"	-59848	"WDR19"	"+"	"KLHL5"	"+"	458482	"KLF3"	"+"	"*"	"KLHL5"
"chr4"	39122745	39122745	1	"+"	"chr4+39122745"	1	1.12534041547568e-05	5098	"Polyclonal_50pct"	"sonic"	-3488	"KLHL5*"	"+"	-59783	"WDR19"	"+"	"KLHL5"	"+"	458547	"KLF3"	"+"	"*"	"KLHL5"
"chr4"	42269839	42269839	1	"+"	"chr4+42269839"	1	1.12534041547568e-05	5098	"Polyclonal_50pct"	"sonic"	29172	"LOC105374428"	"-"	-117184	"BEND4"	"-"	"FALSE"	""	-521114	"PHOX2B"	"-"	""	"LOC105374428"
"chr4"	44445313	44445313	1	"+"	"chr4+44445313"	1	1.12534041547568e-05	5098	"Polyclonal_50pct"	"sonic"	3496	"KCTD8*"	"-"	3496	"KCTD8"	"-"	"KCTD8"	"-"	-2696588	"PHOX2B"	"-"	"*"	"KCTD8"
"chr4"	47514227	47514227	1	"+"	"chr4+47514227"	1	1.12534041547568e-05	5098	"Polyclonal_50pct"	"sonic"	28953	"ATP10D*"	"+"	28953	"ATP10D"	"+"	"ATP10D"	"+"	755611	"TEC"	"-"	"*"	"ATP10D"
"chr4"	48391165	48391165	1	"+"	"chr4+48391165"	1	1.12534041547568e-05	5098	"Polyclonal_50pct"	"sonic"	-35033	"SLAIN2*"	"+"	49637	"SLAIN2"	"+"	"SLAIN2"	"+"	-121327	"TEC"	"-"	"*"	"SLAIN2"
"chr4"	48593409	48593409	1	"+"	"chr4+48593409"	1	1.12534041547568e-05	5098	"Polyclonal_50pct"	"sonic"	-96053	"FRYL~*"	"-"	103158	"ZAR1"	"+"	"FRYL"	"-"	186870	"FRYL"	"-"	"~*"	"FRYL"
"chr4"	49709336	49709336	1	"+"	"chr4+49709336"	1	1.12534041547568e-05	5098	"Polyclonal_50pct"	"sonic"	647258	"CWH43"	"+"	722695	"CWH43"	"+"	"FALSE"	""	-929057	"FRYL"	"-"	""	"CWH43"
"chr4"	56053744	56053744	1	"+"	"chr4+56053744"	1	1.12534041547568e-05	5098	"Polyclonal_50pct"	"sonic"	20383	"CEP135"	"+"	104800	"CEP135"	"+"	"FALSE"	""	-854155	"REST"	"+"	""	"CEP135"
"chr4"	56397122	56397122	1	"+"	"chr4+56397122"	1	1.12534041547568e-05	5098	"Polyclonal_50pct"	"sonic"	-3760	"PPAT*"	"-"	-9614	"AASDH"	"-"	"PPAT"	"-"	-510777	"REST"	"+"	"*"	"PPAT"
"chr4"	61204068	61204068	1	"+"	"chr4+61204068"	1	1.12534041547568e-05	5098	"Polyclonal_50pct"	"sonic"	1897	"ADGRL3*"	"+"	1897	"ADGRL3"	"+"	"ADGRL3"	"+"	-4093683	"IGFBP7"	"-"	"*"	"ADGRL3"
"chr4"	61348469	61348469	1	"+"	"chr4+61348469"	1	1.12534041547568e-05	5098	"Polyclonal_50pct"	"sonic"	146298	"ADGRL3*"	"+"	146298	"ADGRL3"	"+"	"ADGRL3"	"+"	-4238084	"IGFBP7"	"-"	"*"	"ADGRL3"
"chr4"	61680044	61680044	1	"+"	"chr4+61680044"	1	1.12534041547568e-05	5098	"Polyclonal_50pct"	"sonic"	-398291	"ADGRL3*"	"+"	477873	"ADGRL3"	"+"	"ADGRL3"	"+"	-4569659	"IGFBP7"	"-"	"*"	"ADGRL3"
"chr4"	62665355	62665355	1	"+"	"chr4+62665355"	1	1.12534041547568e-05	5098	"Polyclonal_50pct"	"sonic"	-503590	"ADGRL3-AS1"	"-"	-503590	"ADGRL3-AS1"	"-"	"FALSE"	""	-5554970	"IGFBP7"	"-"	""	"ADGRL3-AS1"
"chr4"	65366387	65366387	1	"+"	"chr4+65366387"	1	1.12534041547568e-05	5098	"Polyclonal_50pct"	"sonic"	-35829	"EPHA5*"	"-"	303101	"EPHA5"	"-"	"EPHA5"	"-"	-5322144	"UTP3"	"+"	"*"	"EPHA5"
"chr4"	69307014	69307014	1	"+"	"chr4+69307014"	1	1.12534041547568e-05	5098	"Polyclonal_50pct"	"sonic"	11964	"UGT2B28"	"+"	26540	"UGT2B28"	"+"	"FALSE"	""	-1381517	"UTP3"	"+"	""	"UGT2B28"
"chr4"	72457796	72457796	1	"+"	"chr4+72457796"	1	1.12534041547568e-05	5098	"Polyclonal_50pct"	"sonic"	111425	"ADAMTS3*"	"-"	111425	"ADAMTS3"	"-"	"ADAMTS3"	"-"	1162640	"RASSF6"	"-"	"*"	"ADAMTS3"
"chr4"	72525140	72525140	1	"+"	"chr4+72525140"	1	1.12534041547568e-05	5098	"Polyclonal_50pct"	"sonic"	44081	"ADAMTS3*"	"-"	44081	"ADAMTS3"	"-"	"ADAMTS3"	"-"	1095296	"RASSF6"	"-"	"*"	"ADAMTS3"
"chr4"	72989371	72989371	1	"+"	"chr4+72989371"	1	1.12534041547568e-05	5098	"Polyclonal_50pct"	"sonic"	62990	"COX18"	"-"	80345	"COX18"	"-"	"FALSE"	""	631065	"RASSF6"	"-"	""	"COX18"
"chr4"	76798485	76798485	1	"+"	"chr4+76798485"	1	1.12534041547568e-05	5098	"Polyclonal_50pct"	"sonic"	15233	"SHROOM3"	"+"	99659	"SOWAHB"	"-"	"FALSE"	""	-774988	"CXCL10"	"-"	""	"SHROOM3"
"chr4"	78983623	78983623	1	"+"	"chr4+78983623"	1	1.12534041547568e-05	5098	"Polyclonal_50pct"	"sonic"	11876	"LINC01088*"	"+"	11876	"LINC01088"	"+"	"LINC01088"	"+"	-1282964	"FGF5"	"+"	"*"	"LINC01088"
"chr4"	79151904	79151904	1	"+"	"chr4+79151904"	1	1.12534041547568e-05	5098	"Polyclonal_50pct"	"sonic"	-156895	"LINC01088*"	"+"	174157	"NAA11"	"-"	"LINC01088"	"+"	-1114683	"FGF5"	"+"	"*"	"LINC01088"
"chr4"	79378429	79378429	1	"+"	"chr4+79378429"	1	1.12534041547568e-05	5098	"Polyclonal_50pct"	"sonic"	27931	"GK2"	"-"	29799	"GK2"	"-"	"FALSE"	""	-888158	"FGF5"	"+"	""	"GK2"
"chr4"	80645654	80645654	1	"+"	"chr4+80645654"	1	1.12534041547568e-05	5098	"Polyclonal_50pct"	"sonic"	309925	"CFAP299*"	"+"	309925	"CFAP299"	"+"	"CFAP299"	"+"	377390	"FGF5"	"+"	"*"	"CFAP299"
"chr4"	85248825	85248825	1	"+"	"chr4+85248825"	1	1.12534041547568e-05	5098	"Polyclonal_50pct"	"sonic"	-226324	"ARHGAP24"	"+"	-226324	"ARHGAP24"	"+"	"FALSE"	""	1105819	"MAPK10"	"-"	""	"ARHGAP24"
"chr4"	85904377	85904377	1	"+"	"chr4+85904377"	1	1.12534041547568e-05	5098	"Polyclonal_50pct"	"sonic"	76441	"ARHGAP24*"	"+"	-25638	"ARHGAP24"	"+"	"ARHGAP24"	"+"	450267	"MAPK10"	"-"	"*"	"ARHGAP24"
"chr4"	85976013	85976013	1	"+"	"chr4+85976013"	1	1.12534041547568e-05	5098	"Polyclonal_50pct"	"sonic"	-26653	"ARHGAP24*"	"+"	45998	"ARHGAP24"	"+"	"ARHGAP24"	"+"	378631	"MAPK10"	"-"	"*"	"ARHGAP24"
"chr4"	86569590	86569590	1	"+"	"chr4+86569590"	1	1.12534041547568e-05	5098	"Polyclonal_50pct"	"sonic"	-24724	"PTPN13~"	"+"	-24724	"PTPN13"	"+"	"FALSE"	""	-24724	"PTPN13"	"+"	"~"	"PTPN13"
"chr4"	86600188	86600188	1	"+"	"chr4+86600188"	1	1.12534041547568e-05	5098	"Polyclonal_50pct"	"sonic"	5874	"PTPN13~*"	"+"	5874	"PTPN13"	"+"	"PTPN13"	"+"	5874	"PTPN13"	"+"	"~*"	"PTPN13"
"chr4"	86603397	86603397	1	"+"	"chr4+86603397"	1	1.12534041547568e-05	5098	"Polyclonal_50pct"	"sonic"	9083	"PTPN13~*"	"+"	9083	"PTPN13"	"+"	"PTPN13"	"+"	9083	"PTPN13"	"+"	"~*"	"PTPN13"
"chr4"	88821215	88821215	1	"+"	"chr4+88821215"	1	1.12534041547568e-05	5098	"Polyclonal_50pct"	"sonic"	2146	"FAM13A*"	"-"	2146	"FAM13A"	"-"	"FAM13A"	"-"	845502	"SPP1"	"+"	"*"	"FAM13A"
"chr4"	89243847	89243847	1	"+"	"chr4+89243847"	1	1.12534041547568e-05	5098	"Polyclonal_50pct"	"sonic"	-7465	"GPRIN3*"	"-"	63953	"GPRIN3"	"-"	"GPRIN3"	"-"	1268134	"SPP1"	"+"	"*"	"GPRIN3"
"chr4"	89455725	89455725	1	"+"	"chr4+89455725"	1	1.12534041547568e-05	5098	"Polyclonal_50pct"	"sonic"	-147925	"GPRIN3"	"-"	-147925	"GPRIN3"	"-"	"FALSE"	""	1480012	"SPP1"	"+"	""	"GPRIN3"
"chr4"	91286523	91286523	1	"+"	"chr4+91286523"	1	1.12534041547568e-05	5098	"Polyclonal_50pct"	"sonic"	-318771	"CCSER1*"	"+"	990779	"LNCPRESS2"	"-"	"CCSER1"	"+"	3310810	"SPP1"	"+"	"*"	"CCSER1"
"chr4"	92636720	92636720	1	"+"	"chr4+92636720"	1	1.12534041547568e-05	5098	"Polyclonal_50pct"	"sonic"	332322	"GRID2*"	"+"	332322	"GRID2"	"+"	"GRID2"	"+"	4661007	"SPP1"	"+"	"*"	"GRID2"
"chr4"	94851325	94851325	1	"+"	"chr4+94851325"	1	1.12534041547568e-05	5098	"Polyclonal_50pct"	"sonic"	93371	"BMPR1B*"	"+"	93371	"BMPR1B"	"+"	"BMPR1B"	"+"	-3410058	"RAP1GDS1"	"+"	"*"	"BMPR1B"
"chr4"	95486352	95486352	1	"+"	"chr4+95486352"	1	1.12534041547568e-05	5098	"Polyclonal_50pct"	"sonic"	62621	"UNC5C*"	"-"	62621	"UNC5C"	"-"	"UNC5C"	"-"	-2775031	"RAP1GDS1"	"+"	"*"	"UNC5C"
"chr4"	95878341	95878341	1	"+"	"chr4+95878341"	1	1.12534041547568e-05	5098	"Polyclonal_50pct"	"sonic"	36877	"PDHA2"	"+"	38249	"PDHA2"	"+"	"FALSE"	""	-2383042	"RAP1GDS1"	"+"	""	"PDHA2"
"chr4"	96163318	96163318	1	"+"	"chr4+96163318"	1	1.12534041547568e-05	5098	"Polyclonal_50pct"	"sonic"	-147384	"LINC02267"	"+"	-147384	"LINC02267"	"+"	"FALSE"	""	-2098065	"RAP1GDS1"	"+"	""	"LINC02267"
"chr4"	97589620	97589620	1	"+"	"chr4+97589620"	1	1.12534041547568e-05	5098	"Polyclonal_50pct"	"sonic"	-30747	"STPG2*"	"-"	222695	"STPG2-AS1"	"+"	"STPG2"	"-"	-671763	"RAP1GDS1"	"+"	"*"	"STPG2"
"chr4"	97612475	97612475	1	"+"	"chr4+97612475"	1	1.12534041547568e-05	5098	"Polyclonal_50pct"	"sonic"	-53602	"STPG2*"	"-"	245550	"STPG2-AS1"	"+"	"STPG2"	"-"	-648908	"RAP1GDS1"	"+"	"*"	"STPG2"
"chr4"	98225846	98225846	1	"+"	"chr4+98225846"	1	1.12534041547568e-05	5098	"Polyclonal_50pct"	"sonic"	-35537	"RAP1GDS1!~"	"+"	-35537	"RAP1GDS1"	"+"	"FALSE"	""	-35537	"RAP1GDS1"	"+"	"!~"	"RAP1GDS1"
"chr4"	98355719	98355719	1	"+"	"chr4+98355719"	1	1.12534041547568e-05	5098	"Polyclonal_50pct"	"sonic"	-88139	"RAP1GDS1!~*"	"+"	94336	"RAP1GDS1"	"+"	"RAP1GDS1"	"+"	94336	"RAP1GDS1"	"+"	"!~*"	"RAP1GDS1"
"chr4"	98700985	98700985	1	"+"	"chr4+98700985"	1	1.12534041547568e-05	5098	"Polyclonal_50pct"	"sonic"	36434	"LOC105377342"	"+"	42084	"LOC105377342"	"+"	"FALSE"	""	228148	"EIF4E"	"-"	""	"LOC105377342"
"chr4"	100246169	100246169	1	"-"	"chr4-100246169"	1	1.12534041547568e-05	5098	"Polyclonal_50pct"	"sonic"	30664	"LOC101929353"	"+"	-55701	"DDIT4L"	"-"	"FALSE"	""	-1315532	"EIF4E"	"-"	""	"LOC101929353"
"chr4"	100470813	100470813	1	"-"	"chr4-100470813"	1	1.12534041547568e-05	5098	"Polyclonal_50pct"	"sonic"	47209	"EMCN*"	"-"	47209	"EMCN"	"-"	"EMCN"	"-"	-1540176	"EIF4E"	"-"	"*"	"EMCN"
"chr4"	100545964	100545964	1	"-"	"chr4-100545964"	1	1.12534041547568e-05	5098	"Polyclonal_50pct"	"sonic"	-27942	"EMCN"	"-"	-27942	"EMCN"	"-"	"FALSE"	""	-1615327	"EIF4E"	"-"	""	"EMCN"
"chr4"	107454760	107454760	1	"-"	"chr4-107454760"	1	1.12534041547568e-05	5098	"Polyclonal_50pct"	"sonic"	158905	"PAPSS1"	"-"	265474	"PAPSS1"	"-"	"FALSE"	""	712037	"LEF1"	"-"	""	"PAPSS1"
"chr4"	109091178	109091178	1	"-"	"chr4-109091178"	1	1.12534041547568e-05	5098	"Polyclonal_50pct"	"sonic"	211480	"COL25A1*"	"-"	211480	"COL25A1"	"-"	"COL25A1"	"-"	-821704	"EGF"	"+"	"*"	"COL25A1"
"chr4"	111618798	111618798	1	"-"	"chr4-111618798"	1	1.12534041547568e-05	5098	"Polyclonal_50pct"	"sonic"	-526655	"FAM241A"	"+"	-526655	"FAM241A"	"+"	"FALSE"	""	1705916	"EGF"	"+"	""	"FAM241A"
"chr4"	115791212	115791212	1	"-"	"chr4-115791212"	1	1.12534041547568e-05	5098	"Polyclonal_50pct"	"sonic"	-508512	"MIR1973"	"+"	-508512	"MIR1973"	"+"	"FALSE"	""	-2029285	"CAMK2D"	"-"	""	"MIR1973"
"chr4"	116439061	116439061	1	"-"	"chr4-116439061"	1	1.12534041547568e-05	5098	"Polyclonal_50pct"	"sonic"	139293	"MIR1973"	"+"	139337	"MIR1973"	"+"	"FALSE"	""	-2411619	"SYNPO2"	"+"	""	"MIR1973"
"chr4"	117704061	117704061	1	"-"	"chr4-117704061"	1	1.12534041547568e-05	5098	"Polyclonal_50pct"	"sonic"	14958	"LINC01378"	"+"	-130339	"LINC02264"	"+"	"FALSE"	""	-1146619	"SYNPO2"	"+"	""	"LINC01378"
"chr4"	118799046	118799046	1	"-"	"chr4-118799046"	1	1.12534041547568e-05	5098	"Polyclonal_50pct"	"sonic"	37080	"SEC24D*"	"-"	37080	"SEC24D"	"-"	"SEC24D"	"-"	-51634	"SYNPO2"	"+"	"*"	"SEC24D"
"chr4"	119568101	119568101	1	"-"	"chr4-119568101"	1	1.12534041547568e-05	5098	"Polyclonal_50pct"	"sonic"	59636	"PDE5A*"	"-"	59636	"PDE5A"	"-"	"PDE5A"	"-"	498747	"MAD2L1"	"-"	"*"	"PDE5A"
"chr4"	1198180	1198180	1	"-"	"chr4-1198180"	1	1.12534041547568e-05	5098	"Polyclonal_50pct"	"sonic"	-2398	"LOC100130872*"	"-"	10782	"SPON2,LOC100130872"	"-"	"SPON2,LOC100130872"	"-"	-265864	"GAK"	"-"	"*"	"LOC100130872"
"chr4"	120123652	120123652	1	"-"	"chr4-120123652"	1	1.12534041547568e-05	5098	"Polyclonal_50pct"	"sonic"	-56804	"MAD2L1"	"-"	-56804	"MAD2L1"	"-"	"FALSE"	""	-56804	"MAD2L1"	"-"	""	"MAD2L1"
"chr4"	120237049	120237049	1	"-"	"chr4-120237049"	1	1.12534041547568e-05	5098	"Polyclonal_50pct"	"sonic"	-170201	"MAD2L1"	"-"	-170201	"MAD2L1"	"-"	"FALSE"	""	-170201	"MAD2L1"	"-"	""	"MAD2L1"
"chr4"	120716691	120716691	1	"-"	"chr4-120716691"	1	1.12534041547568e-05	5098	"Polyclonal_50pct"	"sonic"	-24777	"PRDM5*"	"-"	206035	"PRDM5"	"-"	"PRDM5"	"-"	-649843	"MAD2L1"	"-"	"*"	"PRDM5"
"chr4"	123035662	123035662	1	"-"	"chr4-123035662"	1	1.12534041547568e-05	5098	"Polyclonal_50pct"	"sonic"	112585	"SPATA5*"	"+"	112585	"SPATA5"	"+"	"SPATA5"	"+"	-112694	"NUDT6"	"-"	"*"	"SPATA5"
"chr4"	123774894	123774894	1	"-"	"chr4-123774894"	1	1.12534041547568e-05	5098	"Polyclonal_50pct"	"sonic"	631	"LINC01091*"	"+"	631	"LINC01091"	"+"	"LINC01091"	"+"	-851926	"NUDT6"	"-"	"*"	"LINC01091"
"chr4"	125019458	125019458	1	"-"	"chr4-125019458"	1	1.12534041547568e-05	5098	"Polyclonal_50pct"	"sonic"	-295496	"FAT4"	"+"	-295496	"FAT4"	"+"	"FALSE"	""	-2096490	"NUDT6"	"-"	""	"FAT4"
"chr4"	126084572	126084572	1	"-"	"chr4-126084572"	1	1.12534041547568e-05	5098	"Polyclonal_50pct"	"sonic"	577265	"MIR2054"	"+"	577314	"MIR2054"	"+"	"FALSE"	""	3008967	"SCLT1"	"-"	""	"MIR2054"
"chr4"	126276348	126276348	1	"-"	"chr4-126276348"	1	1.12534041547568e-05	5098	"Polyclonal_50pct"	"sonic"	769041	"MIR2054"	"+"	769090	"MIR2054"	"+"	"FALSE"	""	2817191	"SCLT1"	"-"	""	"MIR2054"
"chr4"	126693645	126693645	1	"-"	"chr4-126693645"	1	1.12534041547568e-05	5098	"Polyclonal_50pct"	"sonic"	-939311	"INTU"	"+"	-939311	"INTU"	"+"	"FALSE"	""	2399894	"SCLT1"	"-"	""	"INTU"
"chr4"	127993514	127993514	1	"-"	"chr4-127993514"	1	1.12534041547568e-05	5098	"Polyclonal_50pct"	"sonic"	28109	"ABHD18*"	"+"	-27551	"MFSD8"	"-"	"ABHD18"	"+"	1100025	"SCLT1"	"-"	"*"	"ABHD18"
"chr4"	129494972	129494972	1	"-"	"chr4-129494972"	1	1.12534041547568e-05	5098	"Polyclonal_50pct"	"sonic"	229198	"LINC02466"	"-"	276506	"LINC02466"	"-"	"FALSE"	""	-401433	"SCLT1"	"-"	""	"LINC02466"
"chr4"	129499587	129499587	1	"-"	"chr4-129499587"	1	1.12534041547568e-05	5098	"Polyclonal_50pct"	"sonic"	224583	"LINC02466"	"-"	271891	"LINC02466"	"-"	"FALSE"	""	-406048	"SCLT1"	"-"	""	"LINC02466"
"chr4"	129938474	129938474	1	"-"	"chr4-129938474"	1	1.12534041547568e-05	5098	"Polyclonal_50pct"	"sonic"	-16894	"LINC02465*"	"+"	166856	"LINC02465"	"+"	"LINC02465"	"+"	-844935	"SCLT1"	"-"	"*"	"LINC02465"
"chr4"	131230418	131230418	1	"-"	"chr4-131230418"	1	1.12534041547568e-05	5098	"Polyclonal_50pct"	"sonic"	-534419	"SNHG27"	"+"	-534419	"SNHG27"	"+"	"FALSE"	""	-2136879	"SCLT1"	"-"	""	"SNHG27"
"chr4"	132731099	132731099	1	"-"	"chr4-132731099"	1	1.12534041547568e-05	5098	"Polyclonal_50pct"	"sonic"	52599	"LINC01256"	"+"	140011	"LINC01256"	"+"	"FALSE"	""	-3637560	"SCLT1"	"-"	""	"LINC01256"
"chr4"	13375961	13375961	1	"-"	"chr4-13375961"	1	1.12534041547568e-05	5098	"Polyclonal_50pct"	"sonic"	-8238	"RAB28*"	"-"	108379	"RAB28"	"-"	"RAB28"	"-"	6682084	"S100P"	"+"	"*"	"RAB28"
"chr4"	134242295	134242295	1	"-"	"chr4-134242295"	1	1.12534041547568e-05	5098	"Polyclonal_50pct"	"sonic"	-40506	"PABPC4L"	"-"	-40506	"PABPC4L"	"-"	"FALSE"	""	-5148756	"SCLT1"	"-"	""	"PABPC4L"
"chr4"	134889271	134889271	1	"-"	"chr4-134889271"	1	1.12534041547568e-05	5098	"Polyclonal_50pct"	"sonic"	223813	"LINC02485"	"-"	234288	"LINC02485"	"-"	"FALSE"	""	-5795732	"SCLT1"	"-"	""	"LINC02485"
"chr4"	135796311	135796311	1	"-"	"chr4-135796311"	1	1.12534041547568e-05	5098	"Polyclonal_50pct"	"sonic"	70672	"LINC00613"	"-"	91782	"LINC00613"	"-"	"FALSE"	""	-6702772	"SCLT1"	"-"	""	"LINC00613"
"chr4"	136105408	136105408	1	"-"	"chr4-136105408"	1	1.12534041547568e-05	5098	"Polyclonal_50pct"	"sonic"	-191728	"LINC00613"	"-"	-191728	"LINC00613"	"-"	"FALSE"	""	-7011869	"SCLT1"	"-"	""	"LINC00613"
"chr4"	136499637	136499637	1	"-"	"chr4-136499637"	1	1.12534041547568e-05	5098	"Polyclonal_50pct"	"sonic"	296264	"LINC02511"	"-"	-585957	"LINC00613"	"-"	"FALSE"	""	-6685279	"USP38"	"+"	""	"LINC02511"
"chr4"	136528520	136528520	1	"-"	"chr4-136528520"	1	1.12534041547568e-05	5098	"Polyclonal_50pct"	"sonic"	267381	"LINC02511"	"-"	-614840	"LINC00613"	"-"	"FALSE"	""	-6656396	"USP38"	"+"	""	"LINC02511"
"chr4"	136534469	136534469	1	"-"	"chr4-136534469"	1	1.12534041547568e-05	5098	"Polyclonal_50pct"	"sonic"	261432	"LINC02511"	"-"	-620789	"LINC00613"	"-"	"FALSE"	""	-6650447	"USP38"	"+"	""	"LINC02511"
"chr4"	137191583	137191583	1	"-"	"chr4-137191583"	1	1.12534041547568e-05	5098	"Polyclonal_50pct"	"sonic"	21216	"LINC02511*"	"-"	-2172	"LINC02510"	"+"	"LINC02511"	"-"	-5993333	"USP38"	"+"	"*"	"LINC02511"
"chr4"	137801198	137801198	1	"-"	"chr4-137801198"	1	1.12534041547568e-05	5098	"Polyclonal_50pct"	"sonic"	197768	"LINC02172"	"+"	255468	"LINC02172"	"+"	"FALSE"	""	-5383718	"USP38"	"+"	""	"LINC02172"
"chr4"	137841633	137841633	1	"-"	"chr4-137841633"	1	1.12534041547568e-05	5098	"Polyclonal_50pct"	"sonic"	185789	"LINC00616"	"-"	-247380	"SLC7A11-AS1"	"+"	"FALSE"	""	-5343283	"USP38"	"+"	""	"LINC00616"
"chr4"	138030447	138030447	1	"-"	"chr4-138030447"	1	1.12534041547568e-05	5098	"Polyclonal_50pct"	"sonic"	-3025	"LINC00616*"	"-"	-58566	"SLC7A11-AS1"	"+"	"LINC00616"	"-"	-5154469	"USP38"	"+"	"*"	"LINC00616"
"chr4"	139687432	139687432	1	"-"	"chr4-139687432"	1	1.12534041547568e-05	5098	"Polyclonal_50pct"	"sonic"	-16811	"MGST2*"	"+"	21614	"MGST2"	"+"	"MGST2"	"+"	-3497484	"USP38"	"+"	"*"	"MGST2"
"chr4"	140410592	140410592	1	"-"	"chr4-140410592"	1	1.12534041547568e-05	5098	"Polyclonal_50pct"	"sonic"	17056	"CLGN*"	"-"	17056	"CLGN"	"-"	"CLGN"	"-"	-2774324	"USP38"	"+"	"*"	"CLGN"
"chr4"	141673475	141673475	1	"-"	"chr4-141673475"	1	1.12534041547568e-05	5098	"Polyclonal_50pct"	"sonic"	36893	"IL15*"	"+"	36893	"IL15"	"+"	"IL15"	"+"	-1511441	"USP38"	"+"	"*"	"IL15"
"chr4"	142002291	142002291	1	"-"	"chr4-142002291"	1	1.12534041547568e-05	5098	"Polyclonal_50pct"	"sonic"	20868	"INPP4B"	"-"	303541	"INPP4B"	"-"	"FALSE"	""	-1182625	"USP38"	"+"	""	"INPP4B"
"chr4"	144877571	144877571	1	"-"	"chr4-144877571"	1	1.12534041547568e-05	5098	"Polyclonal_50pct"	"sonic"	117003	"ANAPC10"	"-"	219811	"ANAPC10"	"-"	"FALSE"	""	1540696	"GAB1"	"+"	""	"ANAPC10"
"chr4"	145065071	145065071	1	"-"	"chr4-145065071"	1	1.12534041547568e-05	5098	"Polyclonal_50pct"	"sonic"	32311	"ANAPC10*"	"-"	32311	"ANAPC10"	"-"	"ANAPC10"	"-"	1728196	"GAB1"	"+"	"*"	"ANAPC10"
"chr4"	149548295	149548295	1	"-"	"chr4-149548295"	1	1.12534041547568e-05	5098	"Polyclonal_50pct"	"sonic"	-118363	"IQCM*"	"-"	267548	"IQCM"	"-"	"IQCM"	"-"	-1103597	"NR3C2"	"-"	"*"	"IQCM"
"chr4"	15021314	15021314	1	"-"	"chr4-15021314"	1	1.12534041547568e-05	5098	"Polyclonal_50pct"	"sonic"	-16373	"C1QTNF7-AS1*"	"-"	18834	"CPEB2"	"+"	"CPEB2,C1QTNF7-AS1"	"+,-"	8327437	"S100P"	"+"	"*"	"C1QTNF7-AS1"
"chr4"	156699074	156699074	1	"-"	"chr4-156699074"	1	1.12534041547568e-05	5098	"Polyclonal_50pct"	"sonic"	61379	"PDGFC"	"-"	272725	"PDGFC"	"-"	"FALSE"	""	-4162982	"FBXW7"	"-"	""	"PDGFC"
"chr4"	158060433	158060433	1	"-"	"chr4-158060433"	1	1.12534041547568e-05	5098	"Polyclonal_50pct"	"sonic"	64040	"GASK1B"	"-"	-110318	"FAM198B-AS1"	"+"	"FALSE"	""	5272163	"NPY1R"	"-"	""	"GASK1B"
"chr4"	158630385	158630385	1	"-"	"chr4-158630385"	1	1.12534041547568e-05	5098	"Polyclonal_50pct"	"sonic"	-16296	"RXFP1*"	"+"	41502	"C4orf46"	"-"	"RXFP1"	"+"	4702211	"NPY1R"	"-"	"*"	"RXFP1"
"chr4"	159143005	159143005	1	"-"	"chr4-159143005"	1	1.12534041547568e-05	5098	"Polyclonal_50pct"	"sonic"	38955	"RAPGEF2*"	"+"	-14111	"MIR3688-1"	"-"	"RAPGEF2"	"+"	4189591	"NPY1R"	"-"	"*"	"RAPGEF2"
"chr4"	159239405	159239405	1	"-"	"chr4-159239405"	1	1.12534041547568e-05	5098	"Polyclonal_50pct"	"sonic"	10923	"RAPGEF2*"	"+"	10923	"RAPGEF2"	"+"	"RAPGEF2"	"+"	4093191	"NPY1R"	"-"	"*"	"RAPGEF2"
"chr4"	160680390	160680390	1	"-"	"chr4-160680390"	1	1.12534041547568e-05	5098	"Polyclonal_50pct"	"sonic"	703501	"FSTL5"	"-"	-902606	"LINC02233"	"-"	"FALSE"	""	2652206	"NPY1R"	"-"	""	"FSTL5"
"chr4"	162267640	162267640	1	"-"	"chr4-162267640"	1	1.12534041547568e-05	5098	"Polyclonal_50pct"	"sonic"	-103606	"FSTL5"	"-"	-103606	"FSTL5"	"-"	"FALSE"	""	1064956	"NPY1R"	"-"	""	"FSTL5"
"chr4"	163050678	163050678	1	"-"	"chr4-163050678"	1	1.12534041547568e-05	5098	"Polyclonal_50pct"	"sonic"	42895	"MIR4454"	"-"	42950	"MIR4454"	"-"	"FALSE"	""	281918	"NPY1R"	"-"	""	"MIR4454"
"chr4"	163156866	163156866	1	"-"	"chr4-163156866"	1	1.12534041547568e-05	5098	"Polyclonal_50pct"	"sonic"	10024	"NAF1*"	"-"	10024	"NAF1"	"-"	"NAF1"	"-"	175730	"NPY1R"	"-"	"*"	"NAF1"
"chr4"	166127590	166127590	1	"-"	"chr4-166127590"	1	1.12534041547568e-05	5098	"Polyclonal_50pct"	"sonic"	23133	"TLL1"	"+"	254354	"TLL1"	"+"	"FALSE"	""	-2794994	"NPY1R"	"-"	""	"TLL1"
"chr4"	166783456	166783456	1	"-"	"chr4-166783456"	1	1.12534041547568e-05	5098	"Polyclonal_50pct"	"sonic"	-29371	"SPOCK3*"	"-"	450970	"SPOCK3"	"-"	"SPOCK3"	"-"	-3450860	"NPY1R"	"-"	"*"	"SPOCK3"
"chr4"	169363762	169363762	1	"-"	"chr4-169363762"	1	1.12534041547568e-05	5098	"Polyclonal_50pct"	"sonic"	29046	"NEK1"	"-"	-92806	"SH3RF1"	"-"	"FALSE"	""	-5554595	"ADAM29"	"+"	""	"NEK1"
"chr4"	172111420	172111420	1	"-"	"chr4-172111420"	1	1.12534041547568e-05	5098	"Polyclonal_50pct"	"sonic"	298017	"GALNTL6*"	"+"	-297813	"LOC441052"	"-"	"GALNTL6"	"+"	-2806937	"ADAM29"	"+"	"*"	"GALNTL6"
"chr4"	174667483	174667483	1	"-"	"chr4-174667483"	1	1.12534041547568e-05	5098	"Polyclonal_50pct"	"sonic"	-30564	"GLRA3*"	"-"	-144585	"HPGD"	"-"	"GLRA3"	"-"	-250874	"ADAM29"	"+"	"*"	"GLRA3"
"chr4"	177104988	177104988	1	"-"	"chr4-177104988"	1	1.12534041547568e-05	5098	"Polyclonal_50pct"	"sonic"	-204885	"NEIL3"	"+"	-204885	"NEIL3"	"+"	"FALSE"	""	2186631	"ADAM29"	"+"	""	"NEIL3"
"chr4"	177599003	177599003	1	"-"	"chr4-177599003"	1	1.12534041547568e-05	5098	"Polyclonal_50pct"	"sonic"	-129753	"LINC01098"	"+"	-129753	"LINC01098"	"+"	"FALSE"	""	2680646	"ADAM29"	"+"	""	"LINC01098"
"chr4"	177991299	177991299	1	"-"	"chr4-177991299"	1	1.12534041547568e-05	5098	"Polyclonal_50pct"	"sonic"	549	"LINC01098"	"+"	-83363	"LINC01099"	"-"	"FALSE"	""	3072942	"ADAM29"	"+"	""	"LINC01098"
"chr4"	178012281	178012281	1	"-"	"chr4-178012281"	1	1.12534041547568e-05	5098	"Polyclonal_50pct"	"sonic"	21531	"LINC01098"	"+"	-104345	"LINC01099"	"-"	"FALSE"	""	3093924	"ADAM29"	"+"	""	"LINC01098"
"chr4"	178502761	178502761	1	"-"	"chr4-178502761"	1	1.12534041547568e-05	5098	"Polyclonal_50pct"	"sonic"	512011	"LINC01098"	"+"	-594825	"LINC01099"	"-"	"FALSE"	""	3584404	"ADAM29"	"+"	""	"LINC01098"
"chr4"	179234961	179234961	1	"-"	"chr4-179234961"	1	1.12534041547568e-05	5098	"Polyclonal_50pct"	"sonic"	1244211	"LINC01098"	"+"	-1327025	"LINC01099"	"-"	"FALSE"	""	-4270096	"ING2"	"+"	""	"LINC01098"
"chr4"	179744181	179744181	1	"-"	"chr4-179744181"	1	1.12534041547568e-05	5098	"Polyclonal_50pct"	"sonic"	1319908	"LINC00290"	"-"	1414968	"LINC00290"	"-"	"FALSE"	""	-3760876	"ING2"	"+"	""	"LINC00290"
"chr4"	179841691	179841691	1	"-"	"chr4-179841691"	1	1.12534041547568e-05	5098	"Polyclonal_50pct"	"sonic"	1222398	"LINC00290"	"-"	1317458	"LINC00290"	"-"	"FALSE"	""	-3663366	"ING2"	"+"	""	"LINC00290"
"chr4"	180349352	180349352	1	"-"	"chr4-180349352"	1	1.12534041547568e-05	5098	"Polyclonal_50pct"	"sonic"	714737	"LINC00290"	"-"	809797	"LINC00290"	"-"	"FALSE"	""	-3155705	"ING2"	"+"	""	"LINC00290"
"chr4"	182481053	182481053	1	"-"	"chr4-182481053"	1	1.12534041547568e-05	5098	"Polyclonal_50pct"	"sonic"	237652	"TENM3*"	"+"	237652	"TENM3"	"+"	"TENM3"	"+"	-1024004	"ING2"	"+"	"*"	"TENM3"
"chr4"	186372382	186372382	1	"-"	"chr4-186372382"	1	1.12534041547568e-05	5098	"Polyclonal_50pct"	"sonic"	-86285	"F11-AS1*"	"-"	106194	"F11"	"+"	"F11-AS1"	"-"	351474	"FAT1"	"-"	"*"	"F11-AS1"
"chr4"	189169446	189169446	1	"-"	"chr4-189169446"	1	1.12534041547568e-05	5098	"Polyclonal_50pct"	"sonic"	383935	"LINC02508"	"+"	392790	"LINC02508"	"+"	"FALSE"	""	-895782	"DUX4"	"+"	""	"LINC02508"
"chr4"	1914986	1914986	1	"-"	"chr4-1914986"	1	1.12534041547568e-05	5098	"Polyclonal_50pct"	"sonic"	14361	"NSD2*"	"+"	14361	"NSD2"	"+"	"NSD2"	"+"	121675	"FGFR3"	"+"	"*"	"NSD2"
"chr4"	19631998	19631998	1	"-"	"chr4-19631998"	1	1.12534041547568e-05	5098	"Polyclonal_50pct"	"sonic"	-619906	"SLIT2"	"+"	-619906	"SLIT2"	"+"	"FALSE"	""	-6023852	"SLC34A2"	"+"	""	"SLIT2"
"chr4"	19787633	19787633	1	"-"	"chr4-19787633"	1	1.12534041547568e-05	5098	"Polyclonal_50pct"	"sonic"	-464271	"SLIT2"	"+"	-464271	"SLIT2"	"+"	"FALSE"	""	-5868217	"SLC34A2"	"+"	""	"SLIT2"
"chr4"	22120698	22120698	1	"-"	"chr4-22120698"	1	1.12534041547568e-05	5098	"Polyclonal_50pct"	"sonic"	-171947	"KCNIP4"	"-"	-171947	"KCNIP4"	"-"	"FALSE"	""	-3535152	"SLC34A2"	"+"	""	"KCNIP4"
"chr4"	23013083	23013083	1	"-"	"chr4-23013083"	1	1.12534041547568e-05	5098	"Polyclonal_50pct"	"sonic"	193511	"GBA3"	"+"	298992	"GBA3"	"+"	"FALSE"	""	-2642767	"SLC34A2"	"+"	""	"GBA3"
"chr4"	26893655	26893655	1	"-"	"chr4-26893655"	1	1.12534041547568e-05	5098	"Polyclonal_50pct"	"sonic"	32815	"STIM2*"	"+"	32815	"STIM2"	"+"	"STIM2"	"+"	1237192	"SLC34A2"	"+"	"*"	"STIM2"
"chr4"	30770090	30770090	1	"-"	"chr4-30770090"	1	1.12534041547568e-05	5098	"Polyclonal_50pct"	"sonic"	49722	"PCDH7*"	"+"	49722	"PCDH7"	"+"	"PCDH7"	"+"	5113627	"SLC34A2"	"+"	"*"	"PCDH7"
"chr4"	31205294	31205294	1	"-"	"chr4-31205294"	1	1.12534041547568e-05	5098	"Polyclonal_50pct"	"sonic"	-6380	"LINC02497*"	"+"	34151	"LINC02497"	"+"	"LINC02497"	"+"	5038645	"ARAP2"	"-"	"*"	"LINC02497"
"chr4"	32548591	32548591	1	"-"	"chr4-32548591"	1	1.12534041547568e-05	5098	"Polyclonal_50pct"	"sonic"	195371	"LINC02353"	"+"	197554	"LINC02353"	"+"	"FALSE"	""	3695348	"ARAP2"	"-"	""	"LINC02353"
"chr4"	3356461	3356461	1	"-"	"chr4-3356461"	1	1.12534041547568e-05	5098	"Polyclonal_50pct"	"sonic"	42315	"RGS12*"	"+"	-13736	"RGS12"	"+"	"RGS12"	"+"	537648	"SH3BP2"	"+"	"*"	"RGS12"
"chr4"	33796677	33796677	1	"-"	"chr4-33796677"	1	1.12534041547568e-05	5098	"Polyclonal_50pct"	"sonic"	99663	"LOC101928622"	"-"	243216	"LOC101928622"	"-"	"FALSE"	""	2447262	"ARAP2"	"-"	""	"LOC101928622"
"chr4"	35557214	35557214	1	"-"	"chr4-35557214"	1	1.12534041547568e-05	5098	"Polyclonal_50pct"	"sonic"	448189	"ARAP2"	"-"	686725	"ARAP2"	"-"	"FALSE"	""	686725	"ARAP2"	"-"	""	"ARAP2"
"chr4"	35601455	35601455	1	"-"	"chr4-35601455"	1	1.12534041547568e-05	5098	"Polyclonal_50pct"	"sonic"	403948	"ARAP2"	"-"	642484	"ARAP2"	"-"	"FALSE"	""	642484	"ARAP2"	"-"	""	"ARAP2"
"chr4"	36907613	36907613	1	"-"	"chr4-36907613"	1	1.12534041547568e-05	5098	"Polyclonal_50pct"	"sonic"	-94165	"LINC02616"	"+"	-94165	"LINC02616"	"+"	"FALSE"	""	-663099	"ARAP2"	"-"	""	"LINC02616"
"chr4"	37883860	37883860	1	"-"	"chr4-37883860"	1	1.12534041547568e-05	5098	"Polyclonal_50pct"	"sonic"	-7223	"TBC1D1"	"+"	-7223	"TBC1D1"	"+"	"FALSE"	""	-780338	"KLF3"	"+"	""	"TBC1D1"
"chr4"	4090804	4090804	1	"-"	"chr4-4090804"	1	1.12534041547568e-05	5098	"Polyclonal_50pct"	"sonic"	97921	"OTOP1"	"-"	-135376	"FAM86EP"	"-"	"FALSE"	""	1271991	"SH3BP2"	"+"	""	"OTOP1"
"chr4"	44121642	44121642	1	"-"	"chr4-44121642"	1	1.12534041547568e-05	5098	"Polyclonal_50pct"	"sonic"	52260	"KCTD8"	"-"	104581	"LINC02475"	"+"	"FALSE"	""	-2372917	"PHOX2B"	"-"	""	"KCTD8"
"chr4"	44702062	44702062	1	"-"	"chr4-44702062"	1	1.12534041547568e-05	5098	"Polyclonal_50pct"	"sonic"	-268	"GNPDA2*"	"-"	23643	"GUF1"	"+"	"GNPDA2"	"-"	-2953337	"PHOX2B"	"-"	"*"	"GNPDA2"
"chr4"	45911240	45911240	1	"-"	"chr4-45911240"	1	1.12534041547568e-05	5098	"Polyclonal_50pct"	"sonic"	124529	"GABRG1"	"-"	212814	"GABRG1"	"-"	"FALSE"	""	2358598	"TEC"	"-"	""	"GABRG1"
"chr4"	46982100	46982100	1	"-"	"chr4-46982100"	1	1.12534041547568e-05	5098	"Polyclonal_50pct"	"sonic"	11481	"GABRA4*"	"-"	11481	"GABRA4"	"-"	"GABRA4"	"-"	1287738	"TEC"	"-"	"*"	"GABRA4"
"chr4"	48573931	48573931	1	"-"	"chr4-48573931"	1	1.12534041547568e-05	5098	"Polyclonal_50pct"	"sonic"	-76575	"FRYL~*"	"-"	83680	"ZAR1"	"+"	"FRYL"	"-"	206348	"FRYL"	"-"	"~*"	"FRYL"
"chr4"	52497163	52497163	1	"-"	"chr4-52497163"	1	1.12534041547568e-05	5098	"Polyclonal_50pct"	"sonic"	93797	"USP46"	"-"	159376	"USP46"	"-"	"FALSE"	""	-365153	"RASL11B"	"+"	""	"USP46"
"chr4"	56417678	56417678	1	"-"	"chr4-56417678"	1	1.12534041547568e-05	5098	"Polyclonal_50pct"	"sonic"	17937	"PPAT*"	"-"	17937	"PPAT"	"-"	"PPAT"	"-"	-490221	"REST"	"+"	"*"	"PPAT"
"chr4"	58014345	58014345	1	"-"	"chr4-58014345"	1	1.12534041547568e-05	5098	"Polyclonal_50pct"	"sonic"	510169	"LINC02494"	"-"	521983	"LINC02494"	"-"	"FALSE"	""	-903960	"IGFBP7"	"-"	""	"LINC02494"
"chr4"	59410446	59410446	1	"-"	"chr4-59410446"	1	1.12534041547568e-05	5098	"Polyclonal_50pct"	"sonic"	363487	"LINC02429"	"+"	396874	"LINC02429"	"+"	"FALSE"	""	-2300061	"IGFBP7"	"-"	""	"LINC02429"
"chr4"	61413019	61413019	1	"-"	"chr4-61413019"	1	1.12534041547568e-05	5098	"Polyclonal_50pct"	"sonic"	210848	"ADGRL3*"	"+"	210848	"ADGRL3"	"+"	"ADGRL3"	"+"	-4302634	"IGFBP7"	"-"	"*"	"ADGRL3"
"chr4"	62184835	62184835	1	"-"	"chr4-62184835"	1	1.12534041547568e-05	5098	"Polyclonal_50pct"	"sonic"	-23070	"ADGRL3-AS1"	"-"	-23070	"ADGRL3-AS1"	"-"	"FALSE"	""	-5074450	"IGFBP7"	"-"	""	"ADGRL3-AS1"
"chr4"	63439847	63439847	1	"-"	"chr4-63439847"	1	1.12534041547568e-05	5098	"Polyclonal_50pct"	"sonic"	836452	"TECRL"	"-"	969603	"TECRL"	"-"	"FALSE"	""	-6329462	"IGFBP7"	"-"	""	"TECRL"
"chr4"	63787977	63787977	1	"-"	"chr4-63787977"	1	1.12534041547568e-05	5098	"Polyclonal_50pct"	"sonic"	488322	"TECRL"	"-"	621473	"TECRL"	"-"	"FALSE"	""	-6677592	"IGFBP7"	"-"	""	"TECRL"
"chr4"	64119412	64119412	1	"-"	"chr4-64119412"	1	1.12534041547568e-05	5098	"Polyclonal_50pct"	"sonic"	156887	"TECRL"	"-"	290038	"TECRL"	"-"	"FALSE"	""	-6569119	"UTP3"	"+"	""	"TECRL"
"chr4"	64513066	64513066	1	"-"	"chr4-64513066"	1	1.12534041547568e-05	5098	"Polyclonal_50pct"	"sonic"	-103606	"TECRL"	"-"	-103606	"TECRL"	"-"	"FALSE"	""	-6175465	"UTP3"	"+"	""	"TECRL"
"chr4"	67679792	67679792	1	"-"	"chr4-67679792"	1	1.12534041547568e-05	5098	"Polyclonal_50pct"	"sonic"	21363	"UBA6*"	"-"	21363	"UBA6"	"-"	"UBA6"	"-"	-3008739	"UTP3"	"+"	"*"	"UBA6"
"chr4"	67692358	67692358	1	"-"	"chr4-67692358"	1	1.12534041547568e-05	5098	"Polyclonal_50pct"	"sonic"	8797	"UBA6*"	"-"	8797	"UBA6"	"-"	"UBA6"	"-"	-2996173	"UTP3"	"+"	"*"	"UBA6"
"chr4"	6796188	6796188	1	"-"	"chr4-6796188"	1	1.12534041547568e-05	5098	"Polyclonal_50pct"	"sonic"	13457	"KIAA0232*"	"+"	13457	"KIAA0232"	"+"	"KIAA0232"	"+"	102311	"S100P"	"+"	"*"	"KIAA0232"
"chr4"	69457396	69457396	1	"-"	"chr4-69457396"	1	1.12534041547568e-05	5098	"Polyclonal_50pct"	"sonic"	22768	"UGT2B4"	"-"	38509	"UGT2B4"	"-"	"FALSE"	""	-1231135	"UTP3"	"+"	""	"UGT2B4"
"chr4"	70334104	70334104	1	"-"	"chr4-70334104"	1	1.12534041547568e-05	5098	"Polyclonal_50pct"	"sonic"	-876	"CABS1"	"+"	-876	"CABS1"	"+"	"FALSE"	""	-354427	"UTP3"	"+"	""	"CABS1"
"chr4"	70866410	70866410	1	"-"	"chr4-70866410"	1	1.12534041547568e-05	5098	"Polyclonal_50pct"	"sonic"	-26520	"GRSF1"	"-"	-26520	"GRSF1"	"-"	"FALSE"	""	177879	"UTP3"	"+"	""	"GRSF1"
"chr4"	72544090	72544090	1	"-"	"chr4-72544090"	1	1.12534041547568e-05	5098	"Polyclonal_50pct"	"sonic"	25131	"ADAMTS3*"	"-"	25131	"ADAMTS3"	"-"	"ADAMTS3"	"-"	1076346	"RASSF6"	"-"	"*"	"ADAMTS3"
"chr4"	76578160	76578160	1	"-"	"chr4-76578160"	1	1.12534041547568e-05	5098	"Polyclonal_50pct"	"sonic"	142932	"SHROOM3*"	"+"	2610	"MIR548AH"	"+"	"SHROOM3"	"+"	-554663	"CXCL10"	"-"	"*"	"SHROOM3"
"chr4"	79033436	79033436	1	"-"	"chr4-79033436"	1	1.12534041547568e-05	5098	"Polyclonal_50pct"	"sonic"	61689	"LINC01088*"	"+"	61689	"LINC01088"	"+"	"LINC01088"	"+"	-1233151	"FGF5"	"+"	"*"	"LINC01088"
"chr4"	80384759	80384759	1	"-"	"chr4-80384759"	1	1.12534041547568e-05	5098	"Polyclonal_50pct"	"sonic"	49030	"CFAP299*"	"+"	49030	"CFAP299"	"+"	"CFAP299"	"+"	116495	"FGF5"	"+"	"*"	"CFAP299"
"chr4"	81152345	81152345	1	"-"	"chr4-81152345"	1	1.12534041547568e-05	5098	"Polyclonal_50pct"	"sonic"	1812	"PRKG2*"	"-"	1812	"PRKG2"	"-"	"PRKG2"	"-"	884081	"FGF5"	"+"	"*"	"PRKG2"
"chr4"	84797365	84797365	1	"-"	"chr4-84797365"	1	1.12534041547568e-05	5098	"Polyclonal_50pct"	"sonic"	-127769	"WDFY3*"	"-"	-168250	"WDFY3-AS2"	"+"	"WDFY3"	"-"	-1462212	"HPSE"	"-"	"*"	"WDFY3"
"chr4"	87010244	87010244	1	"-"	"chr4-87010244"	1	1.12534041547568e-05	5098	"Polyclonal_50pct"	"sonic"	3244	"AFF1~*"	"+"	3244	"AFF1"	"+"	"AFF1"	"+"	3244	"AFF1"	"+"	"~*"	"AFF1"
"chr4"	87174374	87174374	1	"-"	"chr4-87174374"	1	1.12534041547568e-05	5098	"Polyclonal_50pct"	"sonic"	-14271	"KLHL8*"	"-"	45894	"KLHL8"	"-"	"KLHL8"	"-"	167374	"AFF1"	"+"	"*"	"KLHL8"
"chr4"	90939176	90939176	1	"-"	"chr4-90939176"	1	1.12534041547568e-05	5098	"Polyclonal_50pct"	"sonic"	-632	"CCSER1*"	"+"	704146	"CCSER1"	"+"	"CCSER1"	"+"	2963463	"SPP1"	"+"	"*"	"CCSER1"
"chr4"	91387756	91387756	1	"-"	"chr4-91387756"	1	1.12534041547568e-05	5098	"Polyclonal_50pct"	"sonic"	-217538	"CCSER1*"	"+"	889546	"LNCPRESS2"	"-"	"CCSER1"	"+"	3412043	"SPP1"	"+"	"*"	"CCSER1"
"chr4"	92908189	92908189	1	"-"	"chr4-92908189"	1	1.12534041547568e-05	5098	"Polyclonal_50pct"	"sonic"	603791	"GRID2*"	"+"	603791	"GRID2"	"+"	"GRID2"	"+"	4932476	"SPP1"	"+"	"*"	"GRID2"
"chr4"	93367425	93367425	1	"-"	"chr4-93367425"	1	1.12534041547568e-05	5098	"Polyclonal_50pct"	"sonic"	-407130	"GRID2*"	"+"	-461327	"ATOH1"	"+"	"GRID2"	"+"	-4893958	"RAP1GDS1"	"+"	"*"	"GRID2"
"chr4"	93801365	93801365	1	"-"	"chr4-93801365"	1	1.12534041547568e-05	5098	"Polyclonal_50pct"	"sonic"	26799	"GRID2"	"+"	-27387	"ATOH1"	"+"	"FALSE"	""	-4460018	"RAP1GDS1"	"+"	""	"GRID2"
"chr4"	93912090	93912090	1	"-"	"chr4-93912090"	1	1.12534041547568e-05	5098	"Polyclonal_50pct"	"sonic"	81126	"ATOH1"	"+"	83338	"ATOH1"	"+"	"FALSE"	""	-4349293	"RAP1GDS1"	"+"	""	"ATOH1"
"chr4"	98106584	98106584	1	"-"	"chr4-98106584"	1	1.12534041547568e-05	5098	"Polyclonal_50pct"	"sonic"	36892	"STPG2*"	"-"	36892	"STPG2"	"-"	"STPG2"	"-"	-154799	"RAP1GDS1"	"+"	"*"	"STPG2"
"chr4"	98210125	98210125	1	"-"	"chr4-98210125"	1	1.12534041547568e-05	5098	"Polyclonal_50pct"	"sonic"	-51258	"RAP1GDS1!"	"+"	-51258	"RAP1GDS1"	"+"	"FALSE"	""	-51258	"RAP1GDS1"	"+"	"!"	"RAP1GDS1"
"chr4"	98371799	98371799	1	"-"	"chr4-98371799"	1	1.12534041547568e-05	5098	"Polyclonal_50pct"	"sonic"	-72059	"RAP1GDS1!~*"	"+"	110416	"RAP1GDS1"	"+"	"RAP1GDS1"	"+"	110416	"RAP1GDS1"	"+"	"!~*"	"RAP1GDS1"
"chr4_GL000008v2_random"	11686	11686	1	"+"	"chr4_GL000008v2_random+11686"	1	1.12534041547568e-05	5098	"Polyclonal_50pct"	"sonic"	150300	"ANKRD20A12P"	"-"	166485	"ANKRD20A12P"	"-"	"FALSE"	""	NA	""	""	""	"ANKRD20A12P"
"chr4_KQ090013v1_alt"	31135	31135	1	"-"	"chr4_KQ090013v1_alt-31135"	1	1.12534041547568e-05	5098	"Polyclonal_50pct"	"sonic"	25978	"CPEB2-DT"	"-"	42804	"CPEB2-DT"	"-"	"FALSE"	""	NA	""	""	""	"CPEB2-DT"
"chr5"	10161477	10161477	1	"+"	"chr5+10161477"	1	1.12534041547568e-05	5098	"Polyclonal_50pct"	"sonic"	64030	"ATPSCKMT"	"-"	88411	"ATPSCKMT"	"-"	"FALSE"	""	1427440	"CTNND2"	"-"	""	"ATPSCKMT"
"chr5"	101899476	101899476	1	"+"	"chr5+101899476"	1	1.12534041547568e-05	5098	"Polyclonal_50pct"	"sonic"	334509	"SLCO4C1"	"-"	396808	"SLCO4C1"	"-"	"FALSE"	""	4941044	"LNPEP"	"+"	""	"SLCO4C1"
"chr5"	103148442	103148442	1	"+"	"chr5+103148442"	1	1.12534041547568e-05	5098	"Polyclonal_50pct"	"sonic"	28142	"PPIP5K2*"	"+"	28142	"PPIP5K2"	"+"	"PPIP5K2"	"+"	6190010	"LNPEP"	"+"	"*"	"PPIP5K2"
"chr5"	104338670	104338670	1	"+"	"chr5+104338670"	1	1.12534041547568e-05	5098	"Polyclonal_50pct"	"sonic"	-760803	"RAB9BP1"	"+"	-760803	"RAB9BP1"	"+"	"FALSE"	""	7380238	"LNPEP"	"+"	""	"RAB9BP1"
"chr5"	107427491	107427491	1	"+"	"chr5+107427491"	1	1.12534041547568e-05	5098	"Polyclonal_50pct"	"sonic"	-50598	"EFNA5*"	"-"	243446	"EFNA5"	"-"	"EFNA5"	"-"	-5280006	"APC"	"+"	"*"	"EFNA5"
"chr5"	113010366	113010366	1	"+"	"chr5+113010366"	1	1.12534041547568e-05	5098	"Polyclonal_50pct"	"sonic"	-11829	"DCP2*"	"+"	33569	"DCP2"	"+"	"DCP2"	"+"	272482	"APC"	"+"	"*"	"DCP2"
"chr5"	113255042	113255042	1	"+"	"chr5+113255042"	1	1.12534041547568e-05	5098	"Polyclonal_50pct"	"sonic"	39896	"MCC~*"	"-"	39896	"MCC"	"-"	"MCC"	"-"	39896	"MCC"	"-"	"~*"	"MCC"
"chr5"	11342930	11342930	1	"+"	"chr5+11342930"	1	1.12534041547568e-05	5098	"Polyclonal_50pct"	"sonic"	245987	"CTNND2*"	"-"	245987	"CTNND2"	"-"	"CTNND2"	"-"	245987	"CTNND2"	"-"	"*"	"CTNND2"
"chr5"	117980479	117980479	1	"+"	"chr5+117980479"	1	1.12534041547568e-05	5098	"Polyclonal_50pct"	"sonic"	250119	"LINC02147*"	"+"	250119	"LINC02147"	"+"	"LINC02147"	"+"	4096695	"LOX"	"-"	"*"	"LINC02147"
"chr5"	118128205	118128205	1	"+"	"chr5+118128205"	1	1.12534041547568e-05	5098	"Polyclonal_50pct"	"sonic"	-137857	"LINC02147*"	"+"	-154368	"LINC02148"	"+"	"LINC02147"	"+"	3948969	"LOX"	"-"	"*"	"LINC02147"
"chr5"	121181753	121181753	1	"+"	"chr5+121181753"	1	1.12534041547568e-05	5098	"Polyclonal_50pct"	"sonic"	-140796	"LOC102467226"	"+"	-140796	"LOC102467226"	"+"	"FALSE"	""	895421	"LOX"	"-"	""	"LOC102467226"
"chr5"	128681193	128681193	1	"+"	"chr5+128681193"	1	1.12534041547568e-05	5098	"Polyclonal_50pct"	"sonic"	-142948	"FBN2"	"-"	-142948	"FBN2"	"-"	"FALSE"	""	3115824	"FNIP1"	"-"	""	"FBN2"
"chr5"	128890205	128890205	1	"+"	"chr5+128890205"	1	1.12534041547568e-05	5098	"Polyclonal_50pct"	"sonic"	-74921	"SLC27A6"	"+"	-74921	"SLC27A6"	"+"	"FALSE"	""	2906812	"FNIP1"	"-"	""	"SLC27A6"
"chr5"	13015923	13015923	1	"+"	"chr5+13015923"	1	1.12534041547568e-05	5098	"Polyclonal_50pct"	"sonic"	16963	"LINC02220*"	"-"	16963	"LINC02220"	"-"	"LINC02220"	"-"	-1111477	"CTNND2"	"-"	"*"	"LINC02220"
"chr5"	132405034	132405034	1	"+"	"chr5+132405034"	1	1.12534041547568e-05	5098	"Polyclonal_50pct"	"sonic"	-5894	"IRF1-AS1"	"+"	-5894	"IRF1-AS1"	"+"	"FALSE"	""	85739	"IRF1"	"-"	""	"IRF1-AS1"
"chr5"	134825596	134825596	1	"+"	"chr5+134825596"	1	1.12534041547568e-05	5098	"Polyclonal_50pct"	"sonic"	-5525	"DDX46*"	"+"	-20083	"C5orf24"	"+"	"DDX46"	"+"	208632	"PITX1"	"-"	"*"	"DDX46"
"chr5"	146485750	146485750	1	"+"	"chr5+146485750"	1	1.12534041547568e-05	5098	"Polyclonal_50pct"	"sonic"	-26209	"TCERG1*"	"+"	30440	"GPR151"	"-"	"TCERG1"	"+"	-1826672	"SPINK7"	"+"	"*"	"TCERG1"
"chr5"	155302398	155302398	1	"+"	"chr5+155302398"	1	1.12534041547568e-05	5098	"Polyclonal_50pct"	"sonic"	284264	"KIF4B"	"+"	288644	"KIF4B"	"+"	"FALSE"	""	-1878441	"ITK"	"+"	""	"KIF4B"
"chr5"	156016767	156016767	1	"+"	"chr5+156016767"	1	1.12534041547568e-05	5098	"Polyclonal_50pct"	"sonic"	-310396	"SGCD"	"+"	-310396	"SGCD"	"+"	"FALSE"	""	-1164072	"ITK"	"+"	""	"SGCD"
"chr5"	157817925	157817925	1	"+"	"chr5+157817925"	1	1.12534041547568e-05	5098	"Polyclonal_50pct"	"sonic"	-32179	"CLINT1*"	"-"	41220	"CLINT1"	"-"	"CLINT1"	"-"	637086	"ITK"	"+"	"*"	"CLINT1"
"chr5"	158697786	158697786	1	"+"	"chr5+158697786"	1	1.12534041547568e-05	5098	"Polyclonal_50pct"	"sonic"	-1865	"EBF1*"	"-"	-288013	"LINC02227"	"-"	"EBF1"	"-"	400170	"EBF1"	"-"	"*"	"EBF1"
"chr5"	159194056	159194056	1	"+"	"chr5+159194056"	1	1.12534041547568e-05	5098	"Polyclonal_50pct"	"sonic"	13592	"RNF145*"	"-"	13592	"RNF145"	"-"	"RNF145"	"-"	-94140	"EBF1"	"-"	"*"	"RNF145"
"chr5"	15933632	15933632	1	"+"	"chr5+15933632"	1	1.12534041547568e-05	5098	"Polyclonal_50pct"	"sonic"	-6161	"FBXL7*"	"+"	-1549	"MIR887"	"+"	"FBXL7"	"+"	432195	"FBXL7"	"+"	"*"	"FBXL7"
"chr5"	162772208	162772208	1	"+"	"chr5+162772208"	1	1.12534041547568e-05	5098	"Polyclonal_50pct"	"sonic"	616669	"GABRG2"	"+"	-665362	"CCNG1"	"+"	"FALSE"	""	-665362	"CCNG1"	"+"	""	"GABRG2"
"chr5"	163471198	163471198	1	"+"	"chr5+163471198"	1	1.12534041547568e-05	5098	"Polyclonal_50pct"	"sonic"	10567	"HMMR*"	"+"	10567	"HMMR"	"+"	"HMMR"	"+"	33604	"CCNG1"	"+"	"*"	"HMMR"
"chr5"	171070375	171070375	1	"+"	"chr5+171070375"	1	1.12534041547568e-05	5098	"Polyclonal_50pct"	"sonic"	208358	"RANBP17~*"	"+"	208358	"RANBP17"	"+"	"RANBP17"	"+"	208358	"RANBP17"	"+"	"~*"	"RANBP17"
"chr5"	18285135	18285135	1	"+"	"chr5+18285135"	1	1.12534041547568e-05	5098	"Polyclonal_50pct"	"sonic"	354646	"LINC02223"	"+"	477862	"LINC02223"	"+"	"FALSE"	""	2783698	"FBXL7"	"+"	""	"LINC02223"
"chr5"	18833416	18833416	1	"+"	"chr5+18833416"	1	1.12534041547568e-05	5098	"Polyclonal_50pct"	"sonic"	637879	"CDH18"	"-"	1026143	"LINC02223"	"+"	"FALSE"	""	3331979	"FBXL7"	"+"	""	"CDH18"
"chr5"	19749369	19749369	1	"+"	"chr5+19749369"	1	1.12534041547568e-05	5098	"Polyclonal_50pct"	"sonic"	136903	"CDH18*"	"-"	136903	"CDH18"	"-"	"CDH18"	"-"	4247932	"FBXL7"	"+"	"*"	"CDH18"
"chr5"	20090140	20090140	1	"+"	"chr5+20090140"	1	1.12534041547568e-05	5098	"Polyclonal_50pct"	"sonic"	485573	"CDH18*"	"-"	-101940	"CDH18"	"-"	"CDH18"	"-"	4554838	"CDH10"	"-"	"*"	"CDH18"
"chr5"	20115899	20115899	1	"+"	"chr5+20115899"	1	1.12534041547568e-05	5098	"Polyclonal_50pct"	"sonic"	459814	"CDH18*"	"-"	-127699	"CDH18"	"-"	"CDH18"	"-"	4529079	"CDH10"	"-"	"*"	"CDH18"
"chr5"	20642064	20642064	1	"+"	"chr5+20642064"	1	1.12534041547568e-05	5098	"Polyclonal_50pct"	"sonic"	30225	"LINC02241*"	"+"	-26529	"LINC02146"	"-"	"LINC02241"	"+"	4002914	"CDH10"	"-"	"*"	"LINC02241"
"chr5"	20950692	20950692	1	"+"	"chr5+20950692"	1	1.12534041547568e-05	5098	"Polyclonal_50pct"	"sonic"	12999	"LINC02241"	"+"	-335157	"LINC02146"	"-"	"FALSE"	""	3694286	"CDH10"	"-"	""	"LINC02241"
"chr5"	24405873	24405873	1	"+"	"chr5+24405873"	1	1.12534041547568e-05	5098	"Polyclonal_50pct"	"sonic"	81226	"CDH10"	"-"	239105	"CDH10"	"-"	"FALSE"	""	239105	"CDH10"	"-"	""	"CDH10"
"chr5"	24578707	24578707	1	"+"	"chr5+24578707"	1	1.12534041547568e-05	5098	"Polyclonal_50pct"	"sonic"	66271	"CDH10~*"	"-"	66271	"CDH10"	"-"	"CDH10"	"-"	66271	"CDH10"	"-"	"~*"	"CDH10"
"chr5"	27932178	27932178	1	"+"	"chr5+27932178"	1	1.12534041547568e-05	5098	"Polyclonal_50pct"	"sonic"	354210	"LINC02103"	"-"	355487	"LINC02103"	"-"	"FALSE"	""	-3287200	"CDH10"	"-"	""	"LINC02103"
"chr5"	28123458	28123458	1	"+"	"chr5+28123458"	1	1.12534041547568e-05	5098	"Polyclonal_50pct"	"sonic"	162930	"LINC02103"	"-"	164207	"LINC02103"	"-"	"FALSE"	""	-3478480	"CDH10"	"-"	""	"LINC02103"
"chr5"	28227062	28227062	1	"+"	"chr5+28227062"	1	1.12534041547568e-05	5098	"Polyclonal_50pct"	"sonic"	59326	"LINC02103"	"-"	60603	"LINC02103"	"-"	"FALSE"	""	-3582084	"CDH10"	"-"	""	"LINC02103"
"chr5"	36142008	36142008	1	"+"	"chr5+36142008"	1	1.12534041547568e-05	5098	"Polyclonal_50pct"	"sonic"	9879	"LMBRD2*"	"-"	5980	"MIR580"	"-"	"LMBRD2"	"-"	-10034	"SKP2"	"+"	"*"	"LMBRD2"
"chr5"	36172715	36172715	1	"+"	"chr5+36172715"	1	1.12534041547568e-05	5098	"Polyclonal_50pct"	"sonic"	-11311	"SKP2~*"	"+"	20605	"SKP2"	"+"	"SKP2"	"+"	20605	"SKP2"	"+"	"~*"	"SKP2"
"chr5"	40063753	40063753	1	"+"	"chr5+40063753"	1	1.12534041547568e-05	5098	"Polyclonal_50pct"	"sonic"	10429	"LINC00603"	"+"	11463	"LINC00603"	"+"	"FALSE"	""	-638520	"DAB2"	"-"	""	"LINC00603"
"chr5"	40189312	40189312	1	"+"	"chr5+40189312"	1	1.12534041547568e-05	5098	"Polyclonal_50pct"	"sonic"	135988	"LINC00603"	"+"	137022	"LINC00603"	"+"	"FALSE"	""	-764079	"DAB2"	"-"	""	"LINC00603"
"chr5"	40582301	40582301	1	"+"	"chr5+40582301"	1	1.12534041547568e-05	5098	"Polyclonal_50pct"	"sonic"	-97613	"PTGER4"	"+"	-97613	"PTGER4"	"+"	"FALSE"	""	-1157068	"DAB2"	"-"	""	"PTGER4"
"chr5"	40750874	40750874	1	"+"	"chr5+40750874"	1	1.12534041547568e-05	5098	"Polyclonal_50pct"	"sonic"	5087	"TTC33*"	"-"	5087	"TTC33"	"-"	"TTC33"	"-"	-1325641	"DAB2"	"-"	"*"	"TTC33"
"chr5"	4284659	4284659	1	"+"	"chr5+4284659"	1	1.12534041547568e-05	5098	"Polyclonal_50pct"	"sonic"	-488821	"LINC02114"	"+"	-488821	"LINC02114"	"+"	"FALSE"	""	-2839219	"SLC6A3"	"-"	""	"LINC02114"
"chr5"	44550043	44550043	1	"+"	"chr5+44550043"	1	1.12534041547568e-05	5098	"Polyclonal_50pct"	"sonic"	-39761	"LINC02224"	"-"	-39761	"LINC02224"	"-"	"FALSE"	""	-160623	"FGF10"	"-"	""	"LINC02224"
"chr5"	45452972	45452972	1	"+"	"chr5+45452972"	1	1.12534041547568e-05	5098	"Polyclonal_50pct"	"sonic"	-198025	"HCN1*"	"-"	243408	"HCN1"	"-"	"HCN1"	"-"	-1063552	"FGF10"	"-"	"*"	"HCN1"
"chr5"	46827899	46827899	1	"+"	"chr5+46827899"	1	1.12534041547568e-05	5098	"Polyclonal_50pct"	"sonic"	-1131519	"HCN1"	"-"	-1131519	"HCN1"	"-"	"FALSE"	""	-2438479	"FGF10"	"-"	""	"HCN1"
"chr5"	47112504	47112504	1	"+"	"chr5+47112504"	1	1.12534041547568e-05	5098	"Polyclonal_50pct"	"sonic"	-1416124	"HCN1"	"-"	-1416124	"HCN1"	"-"	"FALSE"	""	-2723084	"FGF10"	"-"	""	"HCN1"
"chr5"	47130396	47130396	1	"+"	"chr5+47130396"	1	1.12534041547568e-05	5098	"Polyclonal_50pct"	"sonic"	-1434016	"HCN1"	"-"	-1434016	"HCN1"	"-"	"FALSE"	""	-2740976	"FGF10"	"-"	""	"HCN1"
"chr5"	50590128	50590128	1	"+"	"chr5+50590128"	1	1.12534041547568e-05	5098	"Polyclonal_50pct"	"sonic"	-75802	"PARP8"	"+"	-75802	"PARP8"	"+"	"FALSE"	""	-2890500	"FST"	"+"	""	"PARP8"
"chr5"	52197707	52197707	1	"+"	"chr5+52197707"	1	1.12534041547568e-05	5098	"Polyclonal_50pct"	"sonic"	153798	"LINC02118"	"+"	189677	"LINC02118"	"+"	"FALSE"	""	-1282921	"FST"	"+"	""	"LINC02118"
"chr5"	52226428	52226428	1	"+"	"chr5+52226428"	1	1.12534041547568e-05	5098	"Polyclonal_50pct"	"sonic"	182519	"LINC02118"	"+"	218398	"LINC02118"	"+"	"FALSE"	""	-1254200	"FST"	"+"	""	"LINC02118"
"chr5"	5592987	5592987	1	"+"	"chr5+5592987"	1	1.12534041547568e-05	5098	"Polyclonal_50pct"	"sonic"	102767	"ICE1"	"+"	170311	"ICE1"	"+"	"FALSE"	""	-4147547	"SLC6A3"	"-"	""	"ICE1"
"chr5"	55987362	55987362	1	"+"	"chr5+55987362"	1	1.12534041547568e-05	5098	"Polyclonal_50pct"	"sonic"	7601	"IL6ST*"	"-"	7601	"IL6ST"	"-"	"IL6ST"	"-"	7601	"IL6ST"	"-"	"*"	"IL6ST"
"chr5"	60889890	60889890	1	"+"	"chr5+60889890"	1	1.12534041547568e-05	5098	"Polyclonal_50pct"	"sonic"	-16059	"ERCC8~*"	"-"	-45616	"ELOVL7"	"-"	"ERCC8"	"-"	55180	"ERCC8"	"-"	"~*"	"ERCC8"
"chr5"	61014199	61014199	1	"+"	"chr5+61014199"	1	1.12534041547568e-05	5098	"Polyclonal_50pct"	"sonic"	68995	"NDUFAF2*"	"+"	68995	"NDUFAF2"	"+"	"NDUFAF2"	"+"	-69121	"ERCC8"	"-"	"*"	"NDUFAF2"
"chr5"	63143104	63143104	1	"+"	"chr5+63143104"	1	1.12534041547568e-05	5098	"Polyclonal_50pct"	"sonic"	514515	"IPO11,IPO11-LRRC70"	"+"	564286	"LRRC70"	"+"	"FALSE"	""	-2198026	"ERCC8"	"-"	""	"IPO11,IPO11-LRRC70"
"chr5"	65519903	65519903	1	"+"	"chr5+65519903"	1	1.12534041547568e-05	5098	"Polyclonal_50pct"	"sonic"	-2138	"CENPK*"	"-"	-37983	"ADAMTS6"	"-"	"CENPK"	"-"	-2695852	"PIK3R1"	"+"	"*"	"CENPK"
"chr5"	65616332	65616332	1	"+"	"chr5+65616332"	1	1.12534041547568e-05	5098	"Polyclonal_50pct"	"sonic"	8001	"TRIM23*"	"-"	8001	"TRIM23"	"-"	"TRIM23"	"-"	-2599423	"PIK3R1"	"+"	"*"	"TRIM23"
"chr5"	67715651	67715651	1	"+"	"chr5+67715651"	1	1.12534041547568e-05	5098	"Polyclonal_50pct"	"sonic"	-68862	"LINC02242"	"-"	-68862	"LINC02242"	"-"	"FALSE"	""	-500104	"PIK3R1"	"+"	""	"LINC02242"
"chr5"	80445472	80445472	1	"+"	"chr5+80445472"	1	1.12534041547568e-05	5098	"Polyclonal_50pct"	"sonic"	37409	"ZFYVE16*"	"+"	37409	"ZFYVE16"	"+"	"ZFYVE16"	"+"	-209179	"MSH3"	"+"	"*"	"ZFYVE16"
"chr5"	83637804	83637804	1	"+"	"chr5+83637804"	1	1.12534041547568e-05	5098	"Polyclonal_50pct"	"sonic"	0	"HAPLN1~*"	"-"	-75490	"VCAN-AS1"	"-"	"HAPLN1"	"-"	83051	"HAPLN1"	"-"	"~*"	"HAPLN1"
"chr5"	84297159	84297159	1	"+"	"chr5+84297159"	1	1.12534041547568e-05	5098	"Polyclonal_50pct"	"sonic"	87708	"EDIL3*"	"-"	87708	"EDIL3"	"-"	"EDIL3"	"-"	-576304	"HAPLN1"	"-"	"*"	"EDIL3"
"chr5"	86062053	86062053	1	"+"	"chr5+86062053"	1	1.12534041547568e-05	5098	"Polyclonal_50pct"	"sonic"	-220390	"NBPF22P"	"+"	-220390	"NBPF22P"	"+"	"FALSE"	""	-1205829	"RASA1"	"+"	""	"NBPF22P"
"chr5"	86817538	86817538	1	"+"	"chr5+86817538"	1	1.12534041547568e-05	5098	"Polyclonal_50pct"	"sonic"	67766	"LINC02059"	"+"	70721	"LINC02059"	"+"	"FALSE"	""	-450344	"RASA1"	"+"	""	"LINC02059"
"chr5"	88484561	88484561	1	"+"	"chr5+88484561"	1	1.12534041547568e-05	5098	"Polyclonal_50pct"	"sonic"	-45471	"LINC02060"	"-"	-45471	"LINC02060"	"-"	"FALSE"	""	300950	"MEF2C"	"-"	""	"LINC02060"
"chr5"	89053023	89053023	1	"+"	"chr5+89053023"	1	1.12534041547568e-05	5098	"Polyclonal_50pct"	"sonic"	163411	"MEF2C-AS1*"	"+"	-148918	"MEF2C"	"-"	"MEF2C-AS1"	"+"	-148918	"MEF2C"	"-"	"*"	"MEF2C-AS1"
"chr5"	8969333	8969333	1	"+"	"chr5+8969333"	1	1.12534041547568e-05	5098	"Polyclonal_50pct"	"sonic"	65699	"SEMA5A"	"-"	84562	"MIR4636"	"-"	"FALSE"	""	2619584	"CTNND2"	"-"	""	"SEMA5A"
"chr5"	91269755	91269755	1	"+"	"chr5+91269755"	1	1.12534041547568e-05	5098	"Polyclonal_50pct"	"sonic"	33230	"LUCAT1"	"-"	44647	"LUCAT1"	"-"	"FALSE"	""	-2313466	"NR2F1"	"+"	""	"LUCAT1"
"chr5"	94212857	94212857	1	"+"	"chr5+94212857"	1	1.12534041547568e-05	5098	"Polyclonal_50pct"	"sonic"	-62002	"KIAA0825*"	"-"	-101158	"FAM172A"	"-"	"KIAA0825"	"-"	629636	"NR2F1"	"+"	"*"	"KIAA0825"
"chr5"	95145561	95145561	1	"+"	"chr5+95145561"	1	1.12534041547568e-05	5098	"Polyclonal_50pct"	"sonic"	139014	"MCTP1*"	"-"	-63695	"MCTP1"	"-"	"MCTP1"	"-"	1562340	"NR2F1"	"+"	"*"	"MCTP1"
"chr5"	95693158	95693158	1	"+"	"chr5+95693158"	1	1.12534041547568e-05	5098	"Polyclonal_50pct"	"sonic"	-34843	"SPATA9*"	"-"	-10148	"SPATA9"	"-"	"SPATA9"	"-"	-1242921	"LNPEP"	"+"	"*"	"SPATA9"
"chr5"	98299551	98299551	1	"+"	"chr5+98299551"	1	1.12534041547568e-05	5098	"Polyclonal_50pct"	"sonic"	-138312	"LINC01846"	"-"	-138312	"LINC01846"	"-"	"FALSE"	""	1341119	"LNPEP"	"+"	""	"LINC01846"
"chr5"	99046024	99046024	1	"+"	"chr5+99046024"	1	1.12534041547568e-05	5098	"Polyclonal_50pct"	"sonic"	42003	"LINC02062"	"+"	116891	"LOC100289230"	"+"	"FALSE"	""	2087592	"LNPEP"	"+"	""	"LINC02062"
"chr5"	99394037	99394037	1	"+"	"chr5+99394037"	1	1.12534041547568e-05	5098	"Polyclonal_50pct"	"sonic"	-139952	"LINC02113"	"+"	-139952	"LINC02113"	"+"	"FALSE"	""	2435605	"LNPEP"	"+"	""	"LINC02113"
"chr5"	99725119	99725119	1	"+"	"chr5+99725119"	1	1.12534041547568e-05	5098	"Polyclonal_50pct"	"sonic"	147165	"LINC02113"	"+"	191130	"LINC02113"	"+"	"FALSE"	""	2766687	"LNPEP"	"+"	""	"LINC02113"
"chr5"	100371260	100371260	1	"-"	"chr5-100371260"	1	1.12534041547568e-05	5098	"Polyclonal_50pct"	"sonic"	8244	"LOC100133050"	"-"	16994	"LOC100133050"	"-"	"FALSE"	""	3412828	"LNPEP"	"+"	""	"LOC100133050"
"chr5"	100962367	100962367	1	"-"	"chr5-100962367"	1	1.12534041547568e-05	5098	"Polyclonal_50pct"	"sonic"	-59085	"ST8SIA4"	"-"	-59085	"ST8SIA4"	"-"	"FALSE"	""	4003935	"LNPEP"	"+"	""	"ST8SIA4"
"chr5"	10397630	10397630	1	"-"	"chr5-10397630"	1	1.12534041547568e-05	5098	"Polyclonal_50pct"	"sonic"	-42758	"MARCHF6*"	"+"	-4733	"MIR10397"	"+"	"MARCHF6"	"+"	1191287	"CTNND2"	"-"	"*"	"MARCHF6"
"chr5"	104252633	104252633	1	"-"	"chr5-104252633"	1	1.12534041547568e-05	5098	"Polyclonal_50pct"	"sonic"	-689844	"NUDT12"	"-"	-689844	"NUDT12"	"-"	"FALSE"	""	7294201	"LNPEP"	"+"	""	"NUDT12"
"chr5"	105248999	105248999	1	"-"	"chr5-105248999"	1	1.12534041547568e-05	5098	"Polyclonal_50pct"	"sonic"	148901	"RAB9BP1"	"+"	149526	"RAB9BP1"	"+"	"FALSE"	""	-7458498	"APC"	"+"	""	"RAB9BP1"
"chr5"	105547306	105547306	1	"-"	"chr5-105547306"	1	1.12534041547568e-05	5098	"Polyclonal_50pct"	"sonic"	447208	"RAB9BP1"	"+"	447833	"RAB9BP1"	"+"	"FALSE"	""	-7160191	"APC"	"+"	""	"RAB9BP1"
"chr5"	111201234	111201234	1	"-"	"chr5-111201234"	1	1.12534041547568e-05	5098	"Polyclonal_50pct"	"sonic"	-22348	"CAMK4"	"+"	-22348	"CAMK4"	"+"	"FALSE"	""	-1506263	"APC"	"+"	""	"CAMK4"
"chr5"	111743569	111743569	1	"-"	"chr5-111743569"	1	1.12534041547568e-05	5098	"Polyclonal_50pct"	"sonic"	12682	"NREP*"	"-"	12682	"NREP"	"-"	"NREP"	"-"	-963928	"APC"	"+"	"*"	"NREP"
"chr5"	11588750	11588750	1	"-"	"chr5-11588750"	1	1.12534041547568e-05	5098	"Polyclonal_50pct"	"sonic"	167	"CTNND2*"	"-"	167	"CTNND2"	"-"	"CTNND2"	"-"	167	"CTNND2"	"-"	"*"	"CTNND2"
"chr5"	117215020	117215020	1	"-"	"chr5-117215020"	1	1.12534041547568e-05	5098	"Polyclonal_50pct"	"sonic"	-200491	"LINC00992"	"+"	-200491	"LINC00992"	"+"	"FALSE"	""	-3726567	"MCC"	"-"	""	"LINC00992"
"chr5"	121979741	121979741	1	"-"	"chr5-121979741"	1	1.12534041547568e-05	5098	"Polyclonal_50pct"	"sonic"	17767	"SRFBP1*"	"+"	17767	"SRFBP1"	"+"	"SRFBP1"	"+"	97433	"LOX"	"-"	"*"	"SRFBP1"
"chr5"	122966912	122966912	1	"-"	"chr5-122966912"	1	1.12534041547568e-05	5098	"Polyclonal_50pct"	"sonic"	-42292	"SNX24*"	"+"	69813	"PPIC"	"-"	"SNX24"	"+"	-888653	"LOX"	"-"	"*"	"SNX24"
"chr5"	123101724	123101724	1	"-"	"chr5-123101724"	1	1.12534041547568e-05	5098	"Polyclonal_50pct"	"sonic"	12484	"PRDM6*"	"+"	-11408	"LOC105379152"	"-"	"PRDM6"	"+"	-1023465	"LOX"	"-"	"*"	"PRDM6"
"chr5"	12520561	12520561	1	"-"	"chr5-12520561"	1	1.12534041547568e-05	5098	"Polyclonal_50pct"	"sonic"	-54295	"LINC01194"	"+"	-54295	"LINC01194"	"+"	"FALSE"	""	-616115	"CTNND2"	"-"	""	"LINC01194"
"chr5"	126005667	126005667	1	"-"	"chr5-126005667"	1	1.12534041547568e-05	5098	"Polyclonal_50pct"	"sonic"	-173909	"LINC02039"	"+"	-173909	"LINC02039"	"+"	"FALSE"	""	-1256843	"ZNF608"	"-"	""	"LINC02039"
"chr5"	126557646	126557646	1	"-"	"chr5-126557646"	1	1.12534041547568e-05	5098	"Polyclonal_50pct"	"sonic"	-15806	"ALDH7A1*"	"-"	37573	"ALDH7A1"	"-"	"ALDH7A1"	"-"	-1808822	"ZNF608"	"-"	"*"	"ALDH7A1"
"chr5"	12678232	12678232	1	"-"	"chr5-12678232"	1	1.12534041547568e-05	5098	"Polyclonal_50pct"	"sonic"	103376	"LINC01194*"	"+"	10374	"MIR4454"	"+"	"LINC01194"	"+"	-773786	"CTNND2"	"-"	"*"	"LINC01194"
"chr5"	128205837	128205837	1	"-"	"chr5-128205837"	1	1.12534041547568e-05	5098	"Polyclonal_50pct"	"sonic"	16160	"SLC12A2"	"+"	122072	"SLC12A2"	"+"	"FALSE"	""	-3457013	"ZNF608"	"-"	""	"SLC12A2"
"chr5"	131570335	131570335	1	"-"	"chr5-131570335"	1	1.12534041547568e-05	5098	"Polyclonal_50pct"	"sonic"	64894	"RAPGEF6*"	"-"	64894	"RAPGEF6"	"-"	"RAPGEF6"	"-"	226682	"FNIP1"	"-"	"*"	"RAPGEF6"
"chr5"	132914904	132914904	1	"-"	"chr5-132914904"	1	1.12534041547568e-05	5098	"Polyclonal_50pct"	"sonic"	-39509	"AFF4~*"	"-"	41237	"LEAP2"	"+"	"AFF4"	"-"	48730	"AFF4"	"-"	"~*"	"AFF4"
"chr5"	133145961	133145961	1	"-"	"chr5-133145961"	1	1.12534041547568e-05	5098	"Polyclonal_50pct"	"sonic"	39512	"HSPA4"	"+"	93949	"HSPA4"	"+"	"FALSE"	""	-182327	"AFF4"	"-"	""	"HSPA4"
"chr5"	134221781	134221781	1	"-"	"chr5-134221781"	1	1.12534041547568e-05	5098	"Polyclonal_50pct"	"sonic"	3773	"PPP2CA*"	"-"	3773	"PPP2CA"	"-"	"PPP2CA"	"-"	-44748	"SKP1"	"-"	"*"	"PPP2CA"
"chr5"	134675711	134675711	1	"-"	"chr5-134675711"	1	1.12534041547568e-05	5098	"Polyclonal_50pct"	"sonic"	-17985	"SEC24A*"	"+"	26927	"SEC24A"	"+"	"SEC24A"	"+"	358517	"PITX1"	"-"	"*"	"SEC24A"
"chr5"	139603875	139603875	1	"-"	"chr5-139603875"	1	1.12534041547568e-05	5098	"Polyclonal_50pct"	"sonic"	-24558	"UBE2D2*"	"+"	42537	"UBE2D2"	"+"	"UBE2D2"	"+"	42537	"UBE2D2"	"+"	"*"	"UBE2D2"
"chr5"	140096115	140096115	1	"-"	"chr5-140096115"	1	1.12534041547568e-05	5098	"Polyclonal_50pct"	"sonic"	6806	"MALINC1"	"-"	11897	"MALINC1"	"-"	"FALSE"	""	534777	"UBE2D2"	"+"	""	"MALINC1"
"chr5"	140409760	140409760	1	"-"	"chr5-140409760"	1	1.12534041547568e-05	5098	"Polyclonal_50pct"	"sonic"	7928	"ANKHD1*"	"+"	7928	"ANKHD1"	"+"	"ANKHD1,ANKHD1-EIF4EBP3"	"+"	-762883	"PCDHB7"	"+"	"*"	"ANKHD1"
"chr5"	143240354	143240354	1	"-"	"chr5-143240354"	1	1.12534041547568e-05	5098	"Polyclonal_50pct"	"sonic"	11343	"ARHGAP26~"	"+"	47855	"ARHGAP26-IT1"	"+"	"FALSE"	""	469128	"ARHGAP26"	"+"	"~"	"ARHGAP26"
"chr5"	14789266	14789266	1	"-"	"chr5-14789266"	1	1.12534041547568e-05	5098	"Polyclonal_50pct"	"sonic"	82512	"ANKH*"	"-"	36746	"MIR4637"	"-"	"ANKH"	"-"	645925	"TRIO"	"+"	"*"	"ANKH"
"chr5"	149523655	149523655	1	"-"	"chr5-149523655"	1	1.12534041547568e-05	5098	"Polyclonal_50pct"	"sonic"	26710	"CSNK1A1~*"	"-"	26710	"CSNK1A1"	"-"	"CSNK1A1"	"-"	26710	"CSNK1A1"	"-"	"~*"	"CSNK1A1"
"chr5"	153149358	153149358	1	"-"	"chr5-153149358"	1	1.12534041547568e-05	5098	"Polyclonal_50pct"	"sonic"	-177009	"LINC01470"	"-"	-177009	"LINC01470"	"-"	"FALSE"	""	-1558027	"FAT2"	"-"	""	"LINC01470"
"chr5"	155144978	155144978	1	"-"	"chr5-155144978"	1	1.12534041547568e-05	5098	"Polyclonal_50pct"	"sonic"	126844	"KIF4B"	"+"	131224	"KIF4B"	"+"	"FALSE"	""	-2035861	"ITK"	"+"	""	"KIF4B"
"chr5"	157285918	157285918	1	"-"	"chr5-157285918"	1	1.12534041547568e-05	5098	"Polyclonal_50pct"	"sonic"	16595	"CYFIP2*"	"+"	16595	"CYFIP2"	"+"	"CYFIP2"	"+"	105079	"ITK"	"+"	"*"	"CYFIP2"
"chr5"	162095969	162095969	1	"-"	"chr5-162095969"	1	1.12534041547568e-05	5098	"Polyclonal_50pct"	"sonic"	28197	"GABRG2*"	"+"	28197	"GABRG2"	"+"	"GABRG2"	"+"	-1341601	"CCNG1"	"+"	"*"	"GABRG2"
"chr5"	164662244	164662244	1	"-"	"chr5-164662244"	1	1.12534041547568e-05	5098	"Polyclonal_50pct"	"sonic"	119261	"LOC102546299"	"+"	191966	"LOC102546299"	"+"	"FALSE"	""	1224650	"CCNG1"	"+"	""	"LOC102546299"
"chr5"	167405556	167405556	1	"-"	"chr5-167405556"	1	1.12534041547568e-05	5098	"Polyclonal_50pct"	"sonic"	332315	"TENM2*"	"+"	-168102	"TENM2"	"+"	"TENM2"	"+"	-3456461	"RANBP17"	"+"	"*"	"TENM2"
"chr5"	17253515	17253515	1	"-"	"chr5-17253515"	1	1.12534041547568e-05	5098	"Polyclonal_50pct"	"sonic"	-23319	"BASP1*"	"+"	35885	"BASP1"	"+"	"BASP1"	"+"	1752078	"FBXL7"	"+"	"*"	"BASP1"
"chr5"	173136225	173136225	1	"-"	"chr5-173136225"	1	1.12534041547568e-05	5098	"Polyclonal_50pct"	"sonic"	-3057	"CREBRF*"	"+"	-8305	"BNIP1"	"+"	"CREBRF"	"+"	98981	"NKX2-5"	"-"	"*"	"CREBRF"
"chr5"	177143775	177143775	1	"-"	"chr5-177143775"	1	1.12534041547568e-05	5098	"Polyclonal_50pct"	"sonic"	9547	"NSD1~*"	"+"	9547	"NSD1"	"+"	"NSD1"	"+"	9547	"NSD1"	"+"	"~*"	"NSD1"
"chr5"	177175610	177175610	1	"-"	"chr5-177175610"	1	1.12534041547568e-05	5098	"Polyclonal_50pct"	"sonic"	41382	"NSD1~*"	"+"	41382	"NSD1"	"+"	"NSD1"	"+"	41382	"NSD1"	"+"	"~*"	"NSD1"
"chr5"	177277295	177277295	1	"-"	"chr5-177277295"	1	1.12534041547568e-05	5098	"Polyclonal_50pct"	"sonic"	-22918	"NSD1~*"	"+"	26424	"RAB24"	"-"	"NSD1"	"+"	143067	"NSD1"	"+"	"~*"	"NSD1"
"chr5"	180958422	180958422	1	"-"	"chr5-180958422"	1	1.12534041547568e-05	5098	"Polyclonal_50pct"	"sonic"	7516	"BTNL8"	"+"	-30423	"BTNL3"	"+"	"FALSE"	""	-666339	"MAPK9"	"-"	""	"BTNL8"
"chr5"	18574754	18574754	1	"-"	"chr5-18574754"	1	1.12534041547568e-05	5098	"Polyclonal_50pct"	"sonic"	644265	"LINC02223"	"+"	767481	"LINC02223"	"+"	"FALSE"	""	3073317	"FBXL7"	"+"	""	"LINC02223"
"chr5"	19155413	19155413	1	"-"	"chr5-19155413"	1	1.12534041547568e-05	5098	"Polyclonal_50pct"	"sonic"	315882	"CDH18"	"-"	730859	"CDH18"	"-"	"FALSE"	""	3653976	"FBXL7"	"+"	""	"CDH18"
"chr5"	22802272	22802272	1	"-"	"chr5-22802272"	1	1.12534041547568e-05	5098	"Polyclonal_50pct"	"sonic"	51072	"CDH12*"	"-"	51072	"CDH12"	"-"	"CDH12"	"-"	1842706	"CDH10"	"-"	"*"	"CDH12"
"chr5"	23960025	23960025	1	"-"	"chr5-23960025"	1	1.12534041547568e-05	5098	"Polyclonal_50pct"	"sonic"	8678	"C5orf17*"	"+"	8678	"C5orf17"	"+"	"C5orf17"	"+"	684953	"CDH10"	"-"	"*"	"C5orf17"
"chr5"	24143273	24143273	1	"-"	"chr5-24143273"	1	1.12534041547568e-05	5098	"Polyclonal_50pct"	"sonic"	-34992	"C5orf17*"	"+"	191926	"C5orf17"	"+"	"C5orf17"	"+"	501705	"CDH10"	"-"	"*"	"C5orf17"
"chr5"	26987597	26987597	1	"-"	"chr5-26987597"	1	1.12534041547568e-05	5098	"Polyclonal_50pct"	"sonic"	50989	"CDH9*"	"-"	50989	"CDH9"	"-"	"CDH9"	"-"	-2342619	"CDH10"	"-"	"*"	"CDH9"
"chr5"	27484126	27484126	1	"-"	"chr5-27484126"	1	1.12534041547568e-05	5098	"Polyclonal_50pct"	"sonic"	11835	"PURPL*"	"+"	11835	"PURPL"	"+"	"PURPL"	"+"	-2839148	"CDH10"	"-"	"*"	"PURPL"
"chr5"	28093697	28093697	1	"-"	"chr5-28093697"	1	1.12534041547568e-05	5098	"Polyclonal_50pct"	"sonic"	192691	"LINC02103"	"-"	193968	"LINC02103"	"-"	"FALSE"	""	-3448719	"CDH10"	"-"	""	"LINC02103"
"chr5"	28094316	28094316	1	"-"	"chr5-28094316"	1	1.12534041547568e-05	5098	"Polyclonal_50pct"	"sonic"	192072	"LINC02103"	"-"	193349	"LINC02103"	"-"	"FALSE"	""	-3449338	"CDH10"	"-"	""	"LINC02103"
"chr5"	29638692	29638692	1	"-"	"chr5-29638692"	1	1.12534041547568e-05	5098	"Polyclonal_50pct"	"sonic"	-241867	"LOC105374704"	"+"	-241867	"LOC105374704"	"+"	"FALSE"	""	-4993714	"CDH10"	"-"	""	"LOC105374704"
"chr5"	30441343	30441343	1	"-"	"chr5-30441343"	1	1.12534041547568e-05	5098	"Polyclonal_50pct"	"sonic"	559240	"LOC105374704"	"+"	560784	"LOC105374704"	"+"	"FALSE"	""	4676779	"PRLR"	"-"	""	"LOC105374704"
"chr5"	32436606	32436606	1	"-"	"chr5-32436606"	1	1.12534041547568e-05	5098	"Polyclonal_50pct"	"sonic"	8134	"ZFR*"	"-"	8134	"ZFR"	"-"	"ZFR"	"-"	2681516	"PRLR"	"-"	"*"	"ZFR"
"chr5"	32564723	32564723	1	"-"	"chr5-32564723"	1	1.12534041547568e-05	5098	"Polyclonal_50pct"	"sonic"	-20833	"SUB1"	"+"	-20833	"SUB1"	"+"	"FALSE"	""	2553399	"PRLR"	"-"	""	"SUB1"
"chr5"	35374214	35374214	1	"-"	"chr5-35374214"	1	1.12534041547568e-05	5098	"Polyclonal_50pct"	"sonic"	-143727	"PRLR"	"-"	-143727	"PRLR"	"-"	"FALSE"	""	-143727	"PRLR"	"-"	""	"PRLR"
"chr5"	35840548	35840548	1	"-"	"chr5-35840548"	1	1.12534041547568e-05	5098	"Polyclonal_50pct"	"sonic"	-16342	"IL7R"	"+"	-16342	"IL7R"	"+"	"FALSE"	""	-311494	"SKP2"	"+"	""	"IL7R"
"chr5"	37017997	37017997	1	"-"	"chr5-37017997"	1	1.12534041547568e-05	5098	"Polyclonal_50pct"	"sonic"	-47822	"NIPBL*"	"+"	141229	"NIPBL"	"+"	"NIPBL"	"+"	141229	"NIPBL"	"+"	"*"	"NIPBL"
"chr5"	39521038	39521038	1	"-"	"chr5-39521038"	1	1.12534041547568e-05	5098	"Polyclonal_50pct"	"sonic"	608	"LINC02104*"	"+"	608	"LINC02104"	"+"	"LINC02104"	"+"	-95805	"DAB2"	"-"	"*"	"LINC02104"
"chr5"	40508130	40508130	1	"-"	"chr5-40508130"	1	1.12534041547568e-05	5098	"Polyclonal_50pct"	"sonic"	-171784	"PTGER4"	"+"	-171784	"PTGER4"	"+"	"FALSE"	""	-1082897	"DAB2"	"-"	""	"PTGER4"
"chr5"	43081216	43081216	1	"-"	"chr5-43081216"	1	1.12534041547568e-05	5098	"Polyclonal_50pct"	"sonic"	-12342	"LOC100506639*"	"+"	-13777	"LOC648987"	"-"	"LOC100506639"	"+"	515353	"GHR"	"+"	"*"	"LOC100506639"
"chr5"	45204802	45204802	1	"-"	"chr5-45204802"	1	1.12534041547568e-05	5098	"Polyclonal_50pct"	"sonic"	50145	"HCN1"	"-"	395856	"MRPS30"	"+"	"FALSE"	""	-815382	"FGF10"	"-"	""	"HCN1"
"chr5"	50725105	50725105	1	"-"	"chr5-50725105"	1	1.12534041547568e-05	5098	"Polyclonal_50pct"	"sonic"	57692	"PARP8*"	"+"	57692	"PARP8"	"+"	"PARP8"	"+"	-2755523	"FST"	"+"	"*"	"PARP8"
"chr5"	54162970	54162970	1	"-"	"chr5-54162970"	1	1.12534041547568e-05	5098	"Polyclonal_50pct"	"sonic"	147603	"ARL15*"	"-"	147603	"ARL15"	"-"	"ARL15"	"-"	682342	"FST"	"+"	"*"	"ARL15"
"chr5"	55815753	55815753	1	"-"	"chr5-55815753"	1	1.12534041547568e-05	5098	"Polyclonal_50pct"	"sonic"	-1024	"DDX4*"	"+"	-35603	"IL31RA"	"+"	"DDX4"	"+"	179210	"IL6ST"	"-"	"*"	"DDX4"
"chr5"	55966508	55966508	1	"-"	"chr5-55966508"	1	1.12534041547568e-05	5098	"Polyclonal_50pct"	"sonic"	28455	"IL6ST*"	"-"	28455	"IL6ST"	"-"	"IL6ST"	"-"	28455	"IL6ST"	"-"	"*"	"IL6ST"
"chr5"	59518387	59518387	1	"-"	"chr5-59518387"	1	1.12534041547568e-05	5098	"Polyclonal_50pct"	"sonic"	68111	"PDE4D~*"	"-"	68111	"PDE4D"	"-"	"PDE4D"	"-"	68111	"PDE4D"	"-"	"~*"	"PDE4D"
"chr5"	59862257	59862257	1	"-"	"chr5-59862257"	1	1.12534041547568e-05	5098	"Polyclonal_50pct"	"sonic"	31469	"PDE4D~*"	"-"	31469	"PDE4D"	"-"	"PDE4D"	"-"	31469	"PDE4D"	"-"	"~*"	"PDE4D"
"chr5"	63478399	63478399	1	"-"	"chr5-63478399"	1	1.12534041547568e-05	5098	"Polyclonal_50pct"	"sonic"	479476	"HTR1A"	"-"	484046	"HTR1A"	"-"	"FALSE"	""	-2533321	"ERCC8"	"-"	""	"HTR1A"
"chr5"	65226930	65226930	1	"-"	"chr5-65226930"	1	1.12534041547568e-05	5098	"Polyclonal_50pct"	"sonic"	-78193	"ADAMTS6*"	"-"	254990	"ADAMTS6"	"-"	"ADAMTS6"	"-"	-2988825	"PIK3R1"	"+"	"*"	"ADAMTS6"
"chr5"	6691484	6691484	1	"-"	"chr5-6691484"	1	1.12534041547568e-05	5098	"Polyclonal_50pct"	"sonic"	-5160	"LINC02102*"	"-"	16227	"LINC02102"	"-"	"LINC02102"	"-"	4897433	"CTNND2"	"-"	"*"	"LINC02102"
"chr5"	6742614	6742614	1	"-"	"chr5-6742614"	1	1.12534041547568e-05	5098	"Polyclonal_50pct"	"sonic"	-14430	"TENT4A*"	"+"	29183	"TENT4A"	"+"	"TENT4A"	"+"	4846303	"CTNND2"	"-"	"*"	"TENT4A"
"chr5"	69989256	69989256	1	"-"	"chr5-69989256"	1	1.12534041547568e-05	5098	"Polyclonal_50pct"	"sonic"	-8457	"GUSBP16*"	"+"	-35994	"SERF1B,SERF1A"	"+"	"GUSBP16"	"+"	754371	"CDK7"	"+"	"*"	"GUSBP16"
"chr5"	74853730	74853730	1	"-"	"chr5-74853730"	1	1.12534041547568e-05	5098	"Polyclonal_50pct"	"sonic"	12657	"FAM169A*"	"-"	-12162	"LOC441086"	"+"	"FAM169A"	"-"	-212306	"ENC1"	"-"	"*"	"FAM169A"
"chr5"	75689277	75689277	1	"-"	"chr5-75689277"	1	1.12534041547568e-05	5098	"Polyclonal_50pct"	"sonic"	-15079	"POC5*"	"-"	23178	"POC5"	"-"	"POC5"	"-"	352058	"HMGCR"	"+"	"*"	"POC5"
"chr5"	78040415	78040415	1	"-"	"chr5-78040415"	1	1.12534041547568e-05	5098	"Polyclonal_50pct"	"sonic"	-38090	"AP3B1*"	"-"	82169	"LOC101929154"	"+"	"AP3B1"	"-"	-2614236	"MSH3"	"+"	"*"	"AP3B1"
"chr5"	86564303	86564303	1	"-"	"chr5-86564303"	1	1.12534041547568e-05	5098	"Polyclonal_50pct"	"sonic"	-53637	"COX7C"	"+"	-53637	"COX7C"	"+"	"FALSE"	""	-703579	"RASA1"	"+"	""	"COX7C"
"chr5"	87304491	87304491	1	"-"	"chr5-87304491"	1	1.12534041547568e-05	5098	"Polyclonal_50pct"	"sonic"	35555	"RASA1~*"	"+"	19137	"LOC644285"	"-"	"RASA1"	"+"	35555	"RASA1"	"+"	"~*"	"RASA1"
"chr5"	87645629	87645629	1	"-"	"chr5-87645629"	1	1.12534041547568e-05	5098	"Polyclonal_50pct"	"sonic"	-16412	"LINC02488"	"+"	-16412	"LINC02488"	"+"	"FALSE"	""	-232596	"CCNH"	"-"	""	"LINC02488"
"chr5"	90162568	90162568	1	"-"	"chr5-90162568"	1	1.12534041547568e-05	5098	"Polyclonal_50pct"	"sonic"	-4230	"LINC01339*"	"-"	127503	"LINC01339"	"-"	"LINC01339"	"-"	-1258463	"MEF2C"	"-"	"*"	"LINC01339"
"chr5"	909009	909009	1	"-"	"chr5-909009"	1	1.12534041547568e-05	5098	"Polyclonal_50pct"	"sonic"	-9111	"TRIP13*"	"+"	16126	"TRIP13"	"+"	"TRIP13"	"+"	386059	"TERT"	"-"	"*"	"TRIP13"
"chr5"	91788115	91788115	1	"-"	"chr5-91788115"	1	1.12534041547568e-05	5098	"Polyclonal_50pct"	"sonic"	367400	"ARRDC3-AS1"	"+"	-404798	"ARRDC3"	"-"	"FALSE"	""	-1795106	"NR2F1"	"+"	""	"ARRDC3-AS1"
"chr5"	91887187	91887187	1	"-"	"chr5-91887187"	1	1.12534041547568e-05	5098	"Polyclonal_50pct"	"sonic"	466472	"ARRDC3-AS1"	"+"	-503870	"ARRDC3"	"-"	"FALSE"	""	-1696034	"NR2F1"	"+"	""	"ARRDC3-AS1"
"chr5"	97925103	97925103	1	"-"	"chr5-97925103"	1	1.12534041547568e-05	5098	"Polyclonal_50pct"	"sonic"	1628	"LINC02234"	"+"	84346	"LINC02234"	"+"	"FALSE"	""	966671	"LNPEP"	"+"	""	"LINC02234"
"chr5"	99669994	99669994	1	"-"	"chr5-99669994"	1	1.12534041547568e-05	5098	"Polyclonal_50pct"	"sonic"	92040	"LINC02113"	"+"	136005	"LINC02113"	"+"	"FALSE"	""	2711562	"LNPEP"	"+"	""	"LINC02113"
"chr5_GL949742v1_alt"	1697	1697	1	"-"	"chr5_GL949742v1_alt-1697"	1	1.12534041547568e-05	5098	"Polyclonal_50pct"	"sonic"	-27034	"LOC101929645"	"+"	-27034	"LOC101929645"	"+"	"FALSE"	""	NA	""	""	""	"LOC101929645"
"chr6"	102667950	102667950	1	"+"	"chr6+102667950"	1	1.12534041547568e-05	5098	"Polyclonal_50pct"	"sonic"	597867	"GRIK2"	"+"	1268966	"GRIK2"	"+"	"FALSE"	""	-3099136	"CCNC"	"-"	""	"GRIK2"
"chr6"	102732057	102732057	1	"+"	"chr6+102732057"	1	1.12534041547568e-05	5098	"Polyclonal_50pct"	"sonic"	661974	"GRIK2"	"+"	1333073	"GRIK2"	"+"	"FALSE"	""	-3163243	"CCNC"	"-"	""	"GRIK2"
"chr6"	104631575	104631575	1	"+"	"chr6+104631575"	1	1.12534041547568e-05	5098	"Polyclonal_50pct"	"sonic"	96518	"HACE1"	"-"	227971	"HACE1"	"-"	"FALSE"	""	-1454760	"PRDM1"	"+"	""	"HACE1"
"chr6"	106214600	106214600	1	"+"	"chr6+106214600"	1	1.12534041547568e-05	5098	"Polyclonal_50pct"	"sonic"	-30124	"ATG5*"	"-"	101666	"ATG5"	"-"	"ATG5"	"-"	115660	"PRDM1"	"+"	"*"	"ATG5"
"chr6"	108365145	108365145	1	"+"	"chr6+108365145"	1	1.12534041547568e-05	5098	"Polyclonal_50pct"	"sonic"	70092	"AFG1L*"	"+"	70092	"AFG1L"	"+"	"AFG1L"	"+"	-194679	"FOXO3"	"+"	"*"	"AFG1L"
"chr6"	111592371	111592371	1	"+"	"chr6+111592371"	1	1.12534041547568e-05	5098	"Polyclonal_50pct"	"sonic"	-9923	"TRAF3IP2-AS1*"	"+"	13507	"TRAF3IP2"	"-"	"TRAF3IP2-AS1,TRAF3IP2"	"+,-"	166760	"FYN"	"-"	"*"	"TRAF3IP2-AS1"
"chr6"	112737072	112737072	1	"+"	"chr6+112737072"	1	1.12534041547568e-05	5098	"Polyclonal_50pct"	"sonic"	385778	"RFPL4B"	"+"	389743	"RFPL4B"	"+"	"FALSE"	""	-863620	"FYN"	"-"	""	"RFPL4B"
"chr6"	113344928	113344928	1	"+"	"chr6+113344928"	1	1.12534041547568e-05	5098	"Polyclonal_50pct"	"sonic"	83611	"LINC02518"	"-"	88519	"LINC02518"	"-"	"FALSE"	""	625796	"HDAC2"	"-"	""	"LINC02518"
"chr6"	114553945	114553945	1	"+"	"chr6+114553945"	1	1.12534041547568e-05	5098	"Polyclonal_50pct"	"sonic"	213216	"HDAC2-AS2"	"+"	-491068	"HS3ST5"	"-"	"FALSE"	""	-582797	"HDAC2"	"-"	""	"HDAC2-AS2"
"chr6"	118540240	118540240	1	"+"	"chr6+118540240"	1	1.12534041547568e-05	5098	"Polyclonal_50pct"	"sonic"	-48810	"CEP85L*"	"-"	-8055	"PLN"	"+"	"CEP85L"	"-"	-937729	"GOPC"	"-"	"*"	"CEP85L"
"chr6"	120796960	120796960	1	"+"	"chr6+120796960"	1	1.12534041547568e-05	5098	"Polyclonal_50pct"	"sonic"	282533	"TBC1D32"	"-"	537520	"TBC1D32"	"-"	"FALSE"	""	-3006885	"NKAIN2"	"+"	""	"TBC1D32"
"chr6"	120869914	120869914	1	"+"	"chr6+120869914"	1	1.12534041547568e-05	5098	"Polyclonal_50pct"	"sonic"	209579	"TBC1D32"	"-"	464566	"TBC1D32"	"-"	"FALSE"	""	-2933931	"NKAIN2"	"+"	""	"TBC1D32"
"chr6"	121120824	121120824	1	"+"	"chr6+121120824"	1	1.12534041547568e-05	5098	"Polyclonal_50pct"	"sonic"	-41331	"TBC1D32*"	"-"	213656	"TBC1D32"	"-"	"TBC1D32"	"-"	-2683021	"NKAIN2"	"+"	"*"	"TBC1D32"
"chr6"	124202928	124202928	1	"+"	"chr6+124202928"	1	1.12534041547568e-05	5098	"Polyclonal_50pct"	"sonic"	399064	"NKAIN2!~*"	"+"	-80076	"NKAIN2"	"+"	"NKAIN2"	"+"	-80076	"NKAIN2"	"+"	"!~*"	"NKAIN2"
"chr6"	124480621	124480621	1	"+"	"chr6+124480621"	1	1.12534041547568e-05	5098	"Polyclonal_50pct"	"sonic"	197617	"NKAIN2!~*"	"+"	197617	"NKAIN2"	"+"	"NKAIN2"	"+"	197617	"NKAIN2"	"+"	"!~*"	"NKAIN2"
"chr6"	125018414	125018414	1	"+"	"chr6+125018414"	1	1.12534041547568e-05	5098	"Polyclonal_50pct"	"sonic"	35047	"RNF217*"	"+"	35047	"RNF217"	"+"	"RNF217"	"+"	735410	"NKAIN2"	"+"	"*"	"RNF217"
"chr6"	126026204	126026204	1	"+"	"chr6+126026204"	1	1.12534041547568e-05	5098	"Polyclonal_50pct"	"sonic"	-13070	"TRMT11*"	"+"	39665	"TRMT11"	"+"	"TRMT11"	"+"	-1092466	"RSPO3"	"+"	"*"	"TRMT11"
"chr6"	126026423	126026423	1	"+"	"chr6+126026423"	1	1.12534041547568e-05	5098	"Polyclonal_50pct"	"sonic"	-12851	"TRMT11*"	"+"	39884	"TRMT11"	"+"	"TRMT11"	"+"	-1092247	"RSPO3"	"+"	"*"	"TRMT11"
"chr6"	126026589	126026589	1	"+"	"chr6+126026589"	1	1.12534041547568e-05	5098	"Polyclonal_50pct"	"sonic"	-12685	"TRMT11*"	"+"	40050	"TRMT11"	"+"	"TRMT11"	"+"	-1092081	"RSPO3"	"+"	"*"	"TRMT11"
"chr6"	127492124	127492124	1	"+"	"chr6+127492124"	1	1.12534041547568e-05	5098	"Polyclonal_50pct"	"sonic"	26900	"SOGA3*"	"-"	26900	"SOGA3"	"-"	"SOGA3"	"-"	373454	"RSPO3"	"+"	"*"	"SOGA3"
"chr6"	128728254	128728254	1	"+"	"chr6+128728254"	1	1.12534041547568e-05	5098	"Polyclonal_50pct"	"sonic"	-154883	"LAMA2"	"+"	-154883	"LAMA2"	"+"	"FALSE"	""	-207655	"PTPRK"	"-"	""	"LAMA2"
"chr6"	134981974	134981974	1	"+"	"chr6+134981974"	1	1.12534041547568e-05	5098	"Polyclonal_50pct"	"sonic"	-21592	"HBS1L*"	"-"	-2542	"MIR3662"	"-"	"HBS1L"	"-"	-199333	"MYB"	"+"	"*"	"HBS1L"
"chr6"	136810567	136810567	1	"+"	"chr6+136810567"	1	1.12534041547568e-05	5098	"Polyclonal_50pct"	"sonic"	-12024	"PEX7"	"+"	-12024	"PEX7"	"+"	"FALSE"	""	-1056691	"TNFAIP3"	"+"	""	"PEX7"
"chr6"	139668597	139668597	1	"+"	"chr6+139668597"	1	1.12534041547568e-05	5098	"Polyclonal_50pct"	"sonic"	-102475	"FILNC1"	"+"	-102475	"FILNC1"	"+"	"FALSE"	""	-293949	"CITED2"	"-"	""	"FILNC1"
"chr6"	141228210	141228210	1	"+"	"chr6+141228210"	1	1.12534041547568e-05	5098	"Polyclonal_50pct"	"sonic"	544327	"MIR4465"	"+"	544397	"MIR4465"	"+"	"FALSE"	""	-1853562	"CITED2"	"-"	""	"MIR4465"
"chr6"	142904360	142904360	1	"+"	"chr6+142904360"	1	1.12534041547568e-05	5098	"Polyclonal_50pct"	"sonic"	40816	"HIVEP2*"	"-"	40816	"HIVEP2"	"-"	"HIVEP2"	"-"	1057050	"PLAGL1"	"-"	"*"	"HIVEP2"
"chr6"	144417082	144417082	1	"+"	"chr6+144417082"	1	1.12534041547568e-05	5098	"Polyclonal_50pct"	"sonic"	125346	"UTRN*"	"+"	11428	"SNORA98"	"+"	"UTRN"	"+"	-352483	"PLAGL1"	"-"	"*"	"UTRN"
"chr6"	145897389	145897389	1	"+"	"chr6+145897389"	1	1.12534041547568e-05	5098	"Polyclonal_50pct"	"sonic"	-12581	"SHPRH*"	"-"	66708	"SHPRH"	"-"	"SHPRH"	"-"	-1832790	"PLAGL1"	"-"	"*"	"SHPRH"
"chr6"	163006632	163006632	1	"+"	"chr6+163006632"	1	1.12534041547568e-05	5098	"Polyclonal_50pct"	"sonic"	278663	"PACRG*"	"+"	47529	"PACRG-AS2"	"-"	"PACRG"	"+"	3037551	"IGF2R"	"+"	"*"	"PACRG"
"chr6"	164905434	164905434	1	"+"	"chr6+164905434"	1	1.12534041547568e-05	5098	"Polyclonal_50pct"	"sonic"	-83371	"MEAT6"	"-"	-83371	"MEAT6"	"-"	"FALSE"	""	2051116	"RNASET2"	"-"	""	"MEAT6"
"chr6"	165571768	165571768	1	"+"	"chr6+165571768"	1	1.12534041547568e-05	5098	"Polyclonal_50pct"	"sonic"	90512	"PDE10A*"	"-"	90512	"PDE10A"	"-"	"PDE10A"	"-"	1384782	"RNASET2"	"-"	"*"	"PDE10A"
"chr6"	25131678	25131678	1	"+"	"chr6+25131678"	1	1.12534041547568e-05	5098	"Polyclonal_50pct"	"sonic"	6145	"CMAHP*"	"-"	6145	"CMAHP"	"-"	"CMAHP"	"-"	-955750	"HFE"	"+"	"*"	"CMAHP"
"chr6"	25576177	25576177	1	"+"	"chr6+25576177"	1	1.12534041547568e-05	5098	"Polyclonal_50pct"	"sonic"	-44353	"CARMIL1*"	"+"	-76037	"SCGN"	"+"	"CARMIL1"	"+"	-511251	"HFE"	"+"	"*"	"CARMIL1"
"chr6"	26114586	26114586	1	"+"	"chr6+26114586"	1	1.12534041547568e-05	5098	"Polyclonal_50pct"	"sonic"	-1417	"H2BC4*"	"-"	-6451	"H1-6"	"-"	"H2BC4"	"-"	27158	"HFE"	"+"	"*"	"H2BC4"
"chr6"	33625384	33625384	1	"+"	"chr6+33625384"	1	1.12534041547568e-05	5098	"Polyclonal_50pct"	"sonic"	4063	"ITPR3*"	"+"	4063	"ITPR3"	"+"	"ITPR3"	"+"	-45108	"BAK1"	"-"	"*"	"ITPR3"
"chr6"	34612577	34612577	1	"+"	"chr6+34612577"	1	1.12534041547568e-05	5098	"Polyclonal_50pct"	"sonic"	-25287	"ILRUN*"	"-"	-56244	"SPDEF"	"-"	"ILRUN"	"-"	373787	"HMGA1"	"+"	"*"	"ILRUN"
"chr6"	35635017	35635017	1	"+"	"chr6+35635017"	1	1.12534041547568e-05	5098	"Polyclonal_50pct"	"sonic"	53898	"FKBP5*"	"-"	29772	"MIR5690"	"-"	"FKBP5"	"-"	182680	"FANCE"	"+"	"*"	"FKBP5"
"chr6"	35858482	35858482	1	"+"	"chr6+35858482"	1	1.12534041547568e-05	5098	"Polyclonal_50pct"	"sonic"	-25449	"SRPK1*"	"-"	53131	"LHFPL5"	"+"	"SRPK1"	"-"	-169194	"MAPK14"	"+"	"*"	"SRPK1"
"chr6"	35936582	35936582	1	"+"	"chr6+35936582"	1	1.12534041547568e-05	5098	"Polyclonal_50pct"	"sonic"	6931	"SLC26A8"	"-"	-15402	"SRPK1"	"-"	"FALSE"	""	-91094	"MAPK14"	"+"	""	"SLC26A8"
"chr6"	35977560	35977560	1	"+"	"chr6+35977560"	1	1.12534041547568e-05	5098	"Polyclonal_50pct"	"sonic"	-34045	"SLC26A8*"	"-"	46940	"SLC26A8"	"-"	"SLC26A8"	"-"	-50116	"MAPK14"	"+"	"*"	"SLC26A8"
"chr6"	36537039	36537039	1	"+"	"chr6+36537039"	1	1.12534041547568e-05	5098	"Polyclonal_50pct"	"sonic"	10440	"STK38*"	"-"	10440	"STK38"	"-"	"STK38"	"-"	-57273	"SRSF3"	"+"	"*"	"STK38"
"chr6"	43032743	43032743	1	"+"	"chr6+43032743"	1	1.12534041547568e-05	5098	"Polyclonal_50pct"	"sonic"	3144	"RRP36"	"+"	11121	"RRP36"	"+"	"FALSE"	""	-43570	"PTK7"	"+"	""	"RRP36"
"chr6"	43596748	43596748	1	"+"	"chr6+43596748"	1	1.12534041547568e-05	5098	"Polyclonal_50pct"	"sonic"	20564	"POLH~*"	"+"	20564	"POLH"	"+"	"POLH"	"+"	20564	"POLH"	"+"	"~*"	"POLH"
"chr6"	4700974	4700974	1	"+"	"chr6+4700974"	1	1.12534041547568e-05	5098	"Polyclonal_50pct"	"sonic"	-5163	"CDYL"	"+"	-5163	"CDYL"	"+"	"FALSE"	""	679675	"PRPF4B"	"+"	""	"CDYL"
"chr6"	4922871	4922871	1	"+"	"chr6+4922871"	1	1.12534041547568e-05	5098	"Polyclonal_50pct"	"sonic"	-32673	"CDYL*"	"+"	32832	"CDYL"	"+"	"CDYL"	"+"	901572	"PRPF4B"	"+"	"*"	"CDYL"
"chr6"	49485843	49485843	1	"+"	"chr6+49485843"	1	1.12534041547568e-05	5098	"Polyclonal_50pct"	"sonic"	-7264	"CENPQ*"	"+"	-14079	"GLYATL3"	"+"	"CENPQ"	"+"	2601770	"PKHD1"	"-"	"*"	"CENPQ"
"chr6"	49928257	49928257	1	"+"	"chr6+49928257"	1	1.12534041547568e-05	5098	"Polyclonal_50pct"	"sonic"	17843	"DEFB133"	"-"	21187	"DEFB133"	"-"	"FALSE"	""	2159356	"PKHD1"	"-"	""	"DEFB133"
"chr6"	53079733	53079733	1	"+"	"chr6+53079733"	1	1.12534041547568e-05	5098	"Polyclonal_50pct"	"sonic"	8761	"FBXO9*"	"+"	8761	"FBXO9"	"+"	"FBXO9"	"+"	269217	"ELOVL5"	"-"	"*"	"FBXO9"
"chr6"	54349461	54349461	1	"+"	"chr6+54349461"	1	1.12534041547568e-05	5098	"Polyclonal_50pct"	"sonic"	-40681	"TINAG*"	"+"	41021	"TINAG"	"+"	"TINAG"	"+"	-1000282	"ELOVL5"	"-"	"*"	"TINAG"
"chr6"	54404510	54404510	1	"+"	"chr6+54404510"	1	1.12534041547568e-05	5098	"Polyclonal_50pct"	"sonic"	14368	"TINAG"	"+"	96070	"TINAG"	"+"	"FALSE"	""	-1055331	"ELOVL5"	"-"	""	"TINAG"
"chr6"	56063159	56063159	1	"+"	"chr6+56063159"	1	1.12534041547568e-05	5098	"Polyclonal_50pct"	"sonic"	-6570	"COL21A1*"	"-"	28503	"COL21A1"	"-"	"COL21A1"	"-"	579730	"DST"	"-"	"*"	"COL21A1"
"chr6"	56982348	56982348	1	"+"	"chr6+56982348"	1	1.12534041547568e-05	5098	"Polyclonal_50pct"	"sonic"	27242	"BEND6*"	"+"	27242	"BEND6"	"+"	"BEND6"	"+"	-27518	"DST"	"-"	"*"	"BEND6"
"chr6"	57005167	57005167	1	"+"	"chr6+57005167"	1	1.12534041547568e-05	5098	"Polyclonal_50pct"	"sonic"	-5779	"BEND6*"	"+"	-41364	"KIAA1586"	"+"	"BEND6"	"+"	-50337	"DST"	"-"	"*"	"BEND6"
"chr6"	57126465	57126465	1	"+"	"chr6+57126465"	1	1.12534041547568e-05	5098	"Polyclonal_50pct"	"sonic"	-11555	"ZNF451-AS1*"	"-"	36278	"ZNF451"	"+"	"ZNF451,ZNF451-AS1"	"+,-"	-171635	"DST"	"-"	"*"	"ZNF451-AS1"
"chr6"	62199443	62199443	1	"+"	"chr6+62199443"	1	1.12534041547568e-05	5098	"Polyclonal_50pct"	"sonic"	86782	"KHDRBS2*"	"-"	86782	"KHDRBS2"	"-"	"KHDRBS2"	"-"	-5244613	"DST"	"-"	"*"	"KHDRBS2"
"chr6"	62718633	62718633	1	"+"	"chr6+62718633"	1	1.12534041547568e-05	5098	"Polyclonal_50pct"	"sonic"	-432406	"KHDRBS2"	"-"	-432406	"KHDRBS2"	"-"	"FALSE"	""	-5763803	"DST"	"-"	""	"KHDRBS2"
"chr6"	63580978	63580978	1	"+"	"chr6+63580978"	1	1.12534041547568e-05	5098	"Polyclonal_50pct"	"sonic"	-2610	"PTP4A1*"	"+"	8499	"PTP4A1"	"+"	"PTP4A1"	"+"	-6285577	"COL19A1"	"+"	"*"	"PTP4A1"
"chr6"	64062859	64062859	1	"+"	"chr6+64062859"	1	1.12534041547568e-05	5098	"Polyclonal_50pct"	"sonic"	-342880	"EYS*"	"-"	256024	"SCAT8"	"+"	"EYS"	"-"	-5803696	"COL19A1"	"+"	"*"	"EYS"
"chr6"	64561522	64561522	1	"+"	"chr6+64561522"	1	1.12534041547568e-05	5098	"Polyclonal_50pct"	"sonic"	-841543	"EYS*"	"-"	-739895	"LOC441155"	"+"	"EYS"	"-"	-5305033	"COL19A1"	"+"	"*"	"EYS"
"chr6"	65702019	65702019	1	"+"	"chr6+65702019"	1	1.12534041547568e-05	5098	"Polyclonal_50pct"	"sonic"	5206	"EYS*"	"-"	5206	"EYS"	"-"	"EYS"	"-"	-4164536	"COL19A1"	"+"	"*"	"EYS"
"chr6"	67044986	67044986	1	"+"	"chr6+67044986"	1	1.12534041547568e-05	5098	"Polyclonal_50pct"	"sonic"	-1010364	"LOC102723883"	"+"	-1010364	"LOC102723883"	"+"	"FALSE"	""	-2821569	"COL19A1"	"+"	""	"LOC102723883"
"chr6"	67373639	67373639	1	"+"	"chr6+67373639"	1	1.12534041547568e-05	5098	"Polyclonal_50pct"	"sonic"	-681711	"LOC102723883"	"+"	-681711	"LOC102723883"	"+"	"FALSE"	""	-2492916	"COL19A1"	"+"	""	"LOC102723883"
"chr6"	70429300	70429300	1	"+"	"chr6+70429300"	1	1.12534041547568e-05	5098	"Polyclonal_50pct"	"sonic"	15793	"FAM135A*"	"+"	-15342	"FAM135A-AS1"	"-"	"FAM135A"	"+"	-238582	"SMAP1"	"+"	"*"	"FAM135A"
"chr6"	71373149	71373149	1	"+"	"chr6+71373149"	1	1.12534041547568e-05	5098	"Polyclonal_50pct"	"sonic"	3810	"MIR30C2"	"-"	3882	"MIR30C2"	"-"	"FALSE"	""	704620	"SMAP1"	"+"	""	"MIR30C2"
"chr6"	71608167	71608167	1	"+"	"chr6+71608167"	1	1.12534041547568e-05	5098	"Polyclonal_50pct"	"sonic"	149295	"LINC01626"	"+"	187141	"LINC01626"	"+"	"FALSE"	""	939638	"SMAP1"	"+"	""	"LINC01626"
"chr6"	72257401	72257401	1	"+"	"chr6+72257401"	1	1.12534041547568e-05	5098	"Polyclonal_50pct"	"sonic"	40461	"RIMS1*"	"+"	40461	"RIMS1"	"+"	"RIMS1"	"+"	-364662	"KCNQ5"	"+"	"*"	"RIMS1"
"chr6"	72934908	72934908	1	"+"	"chr6+72934908"	1	1.12534041547568e-05	5098	"Polyclonal_50pct"	"sonic"	-263945	"KCNQ5~*"	"+"	32845	"MIR4282"	"-"	"KCNQ5"	"+"	312845	"KCNQ5"	"+"	"~*"	"KCNQ5"
"chr6"	73425080	73425080	1	"+"	"chr6+73425080"	1	1.12534041547568e-05	5098	"Polyclonal_50pct"	"sonic"	-1370	"CGAS*"	"-"	27217	"CGAS"	"-"	"CGAS"	"-"	30253	"DDX43"	"+"	"*"	"CGAS"
"chr6"	74293714	74293714	1	"+"	"chr6+74293714"	1	1.12534041547568e-05	5098	"Polyclonal_50pct"	"sonic"	224264	"LOC101928516*"	"+"	224264	"LOC101928516"	"+"	"LOC101928516"	"+"	597512	"CD109"	"+"	"*"	"LOC101928516"
"chr6"	76485386	76485386	1	"+"	"chr6+76485386"	1	1.12534041547568e-05	5098	"Polyclonal_50pct"	"sonic"	37062	"LINC02540"	"-"	108237	"LINC02540"	"-"	"FALSE"	""	2592868	"PHIP"	"-"	""	"LINC02540"
"chr6"	76956784	76956784	1	"+"	"chr6+76956784"	1	1.12534041547568e-05	5098	"Polyclonal_50pct"	"sonic"	-363161	"LINC02540"	"-"	-363161	"LINC02540"	"-"	"FALSE"	""	2121470	"PHIP"	"-"	""	"LINC02540"
"chr6"	77637314	77637314	1	"+"	"chr6+77637314"	1	1.12534041547568e-05	5098	"Polyclonal_50pct"	"sonic"	-12959	"MEI4"	"+"	-12959	"MEI4"	"+"	"FALSE"	""	1440940	"PHIP"	"-"	""	"MEI4"
"chr6"	78269135	78269135	1	"+"	"chr6+78269135"	1	1.12534041547568e-05	5098	"Polyclonal_50pct"	"sonic"	270127	"MIR10524"	"-"	270174	"MIR10524"	"-"	"FALSE"	""	809119	"PHIP"	"-"	""	"MIR10524"
"chr6"	79151360	79151360	1	"+"	"chr6+79151360"	1	1.12534041547568e-05	5098	"Polyclonal_50pct"	"sonic"	49884	"HMGN3"	"-"	-73106	"PHIP"	"-"	"FALSE"	""	-73106	"PHIP"	"-"	""	"HMGN3"
"chr6"	83112979	83112979	1	"+"	"chr6+83112979"	1	1.12534041547568e-05	5098	"Polyclonal_50pct"	"sonic"	45314	"DOP1A*"	"+"	45314	"DOP1A"	"+"	"DOP1A"	"+"	-746709	"CYB5R4"	"+"	"*"	"DOP1A"
"chr6"	84954137	84954137	1	"+"	"chr6+84954137"	1	1.12534041547568e-05	5098	"Polyclonal_50pct"	"sonic"	-189539	"TBX18"	"-"	-189539	"TBX18"	"-"	"FALSE"	""	1094449	"CYB5R4"	"+"	""	"TBX18"
"chr6"	85846315	85846315	1	"+"	"chr6+85846315"	1	1.12534041547568e-05	5098	"Polyclonal_50pct"	"sonic"	-167582	"SNHG5"	"-"	-167582	"SNHG5"	"-"	"FALSE"	""	1986627	"CYB5R4"	"+"	""	"SNHG5"
"chr6"	88284115	88284115	1	"+"	"chr6+88284115"	1	1.12534041547568e-05	5098	"Polyclonal_50pct"	"sonic"	-116766	"CNR1"	"-"	-116766	"CNR1"	"-"	"FALSE"	""	2012728	"BACH2"	"-"	""	"CNR1"
"chr6"	88397754	88397754	1	"+"	"chr6+88397754"	1	1.12534041547568e-05	5098	"Polyclonal_50pct"	"sonic"	128169	"LOC101928936"	"-"	141615	"LOC101928936"	"-"	"FALSE"	""	1899089	"BACH2"	"-"	""	"LOC101928936"
"chr6"	90318679	90318679	1	"+"	"chr6+90318679"	1	1.12534041547568e-05	5098	"Polyclonal_50pct"	"sonic"	5846	"MIR4464"	"+"	5938	"MIR4464"	"+"	"FALSE"	""	-21771	"BACH2"	"-"	""	"MIR4464"
"chr6"	93860265	93860265	1	"+"	"chr6+93860265"	1	1.12534041547568e-05	5098	"Polyclonal_50pct"	"sonic"	83645	"TSG1"	"+"	141963	"TSG1"	"+"	"FALSE"	""	-440706	"EPHA7"	"-"	""	"TSG1"
"chr6"	94004166	94004166	1	"+"	"chr6+94004166"	1	1.12534041547568e-05	5098	"Polyclonal_50pct"	"sonic"	227546	"TSG1"	"+"	285864	"TSG1"	"+"	"FALSE"	""	-584607	"EPHA7"	"-"	""	"TSG1"
"chr6"	94683631	94683631	1	"+"	"chr6+94683631"	1	1.12534041547568e-05	5098	"Polyclonal_50pct"	"sonic"	876464	"MANEA-DT"	"-"	893820	"MANEA-DT"	"-"	"FALSE"	""	-1264072	"EPHA7"	"-"	""	"MANEA-DT"
"chr6"	94710572	94710572	1	"+"	"chr6+94710572"	1	1.12534041547568e-05	5098	"Polyclonal_50pct"	"sonic"	849523	"MANEA-DT"	"-"	866879	"MANEA-DT"	"-"	"FALSE"	""	-1291013	"EPHA7"	"-"	""	"MANEA-DT"
"chr6"	95957881	95957881	1	"+"	"chr6+95957881"	1	1.12534041547568e-05	5098	"Polyclonal_50pct"	"sonic"	-58092	"FUT9"	"+"	-58092	"FUT9"	"+"	"FALSE"	""	-2538322	"EPHA7"	"-"	""	"FUT9"
"chr6"	96419353	96419353	1	"+"	"chr6+96419353"	1	1.12534041547568e-05	5098	"Polyclonal_50pct"	"sonic"	-102452	"UFL1"	"+"	-102452	"UFL1"	"+"	"FALSE"	""	-2999794	"EPHA7"	"-"	""	"UFL1"
"chr6"	97280142	97280142	1	"+"	"chr6+97280142"	1	1.12534041547568e-05	5098	"Polyclonal_50pct"	"sonic"	3074	"MMS22L*"	"-"	3074	"MMS22L"	"-"	"MMS22L"	"-"	2288518	"CCNC"	"-"	"*"	"MMS22L"
"chr6"	97483230	97483230	1	"+"	"chr6+97483230"	1	1.12534041547568e-05	5098	"Polyclonal_50pct"	"sonic"	177645	"LOC101927314*"	"+"	177645	"LOC101927314"	"+"	"LOC101927314"	"+"	2085430	"CCNC"	"-"	"*"	"LOC101927314"
"chr6"	98414794	98414794	1	"+"	"chr6+98414794"	1	1.12534041547568e-05	5098	"Polyclonal_50pct"	"sonic"	390175	"MIR2113"	"+"	390264	"MIR2113"	"+"	"FALSE"	""	1153866	"CCNC"	"-"	""	"MIR2113"
"chr6"	100675208	100675208	1	"-"	"chr6-100675208"	1	1.12534041547568e-05	5098	"Polyclonal_50pct"	"sonic"	-167014	"ASCC3*"	"-"	206121	"ASCC3"	"-"	"ASCC3"	"-"	-1106394	"CCNC"	"-"	"*"	"ASCC3"
"chr6"	100808715	100808715	1	"-"	"chr6-100808715"	1	1.12534041547568e-05	5098	"Polyclonal_50pct"	"sonic"	72614	"ASCC3*"	"-"	72614	"ASCC3"	"-"	"ASCC3"	"-"	-1239901	"CCNC"	"-"	"*"	"ASCC3"
"chr6"	100859831	100859831	1	"-"	"chr6-100859831"	1	1.12534041547568e-05	5098	"Polyclonal_50pct"	"sonic"	-3529	"ASCC3*"	"-"	21498	"ASCC3"	"-"	"ASCC3"	"-"	-1291017	"CCNC"	"-"	"*"	"ASCC3"
"chr6"	103717323	103717323	1	"-"	"chr6-103717323"	1	1.12534041547568e-05	5098	"Polyclonal_50pct"	"sonic"	1010770	"HACE1"	"-"	1142223	"HACE1"	"-"	"FALSE"	""	-2369012	"PRDM1"	"+"	""	"HACE1"
"chr6"	104786448	104786448	1	"-"	"chr6-104786448"	1	1.12534041547568e-05	5098	"Polyclonal_50pct"	"sonic"	-58355	"HACE1*"	"-"	73098	"HACE1"	"-"	"HACE1"	"-"	-1299887	"PRDM1"	"+"	"*"	"HACE1"
"chr6"	105468123	105468123	1	"-"	"chr6-105468123"	1	1.12534041547568e-05	5098	"Polyclonal_50pct"	"sonic"	-65041	"PREP"	"-"	-65041	"PREP"	"-"	"FALSE"	""	-618212	"PRDM1"	"+"	""	"PREP"
"chr6"	107951548	107951548	1	"-"	"chr6-107951548"	1	1.12534041547568e-05	5098	"Polyclonal_50pct"	"sonic"	6660	"SEC63*"	"-"	6660	"SEC63"	"-"	"SEC63"	"-"	-608276	"FOXO3"	"+"	"*"	"SEC63"
"chr6"	109088671	109088671	1	"-"	"chr6-109088671"	1	1.12534041547568e-05	5098	"Polyclonal_50pct"	"sonic"	6175	"SESN1*"	"-"	6175	"SESN1"	"-"	"SESN1"	"-"	527755	"FOXO3"	"+"	"*"	"SESN1"
"chr6"	109787651	109787651	1	"-"	"chr6-109787651"	1	1.12534041547568e-05	5098	"Polyclonal_50pct"	"sonic"	-37775	"FIG4*"	"+"	96356	"FIG4"	"+"	"FIG4"	"+"	1226735	"FOXO3"	"+"	"*"	"FIG4"
"chr6"	110164118	110164118	1	"-"	"chr6-110164118"	1	1.12534041547568e-05	5098	"Polyclonal_50pct"	"sonic"	15552	"WASF1*"	"-"	15552	"WASF1"	"-"	"WASF1"	"-"	1595013	"FYN"	"-"	"*"	"WASF1"
"chr6"	111398527	111398527	1	"-"	"chr6-111398527"	1	1.12534041547568e-05	5098	"Polyclonal_50pct"	"sonic"	84691	"REV3L*"	"-"	84691	"REV3L"	"-"	"REV3L"	"-"	360604	"FYN"	"-"	"*"	"REV3L"
"chr6"	112952129	112952129	1	"-"	"chr6-112952129"	1	1.12534041547568e-05	5098	"Polyclonal_50pct"	"sonic"	476410	"LINC02518"	"-"	481318	"LINC02518"	"-"	"FALSE"	""	1018595	"HDAC2"	"-"	""	"LINC02518"
"chr6"	113388884	113388884	1	"-"	"chr6-113388884"	1	1.12534041547568e-05	5098	"Polyclonal_50pct"	"sonic"	39655	"LINC02518"	"-"	44563	"LINC02518"	"-"	"FALSE"	""	581840	"HDAC2"	"-"	""	"LINC02518"
"chr6"	116139351	116139351	1	"-"	"chr6-116139351"	1	1.12534041547568e-05	5098	"Polyclonal_50pct"	"sonic"	38499	"NT5DC1*"	"+"	-13219	"COL10A1"	"-"	"NT5DC1"	"+"	-541859	"KPNA5"	"+"	"*"	"NT5DC1"
"chr6"	116725046	116725046	1	"-"	"chr6-116725046"	1	1.12534041547568e-05	5098	"Polyclonal_50pct"	"sonic"	-16821	"KPNA5~*"	"+"	40673	"FAM162B"	"-"	"KPNA5"	"+"	43836	"KPNA5"	"+"	"~*"	"KPNA5"
"chr6"	117393648	117393648	1	"-"	"chr6-117393648"	1	1.12534041547568e-05	5098	"Polyclonal_50pct"	"sonic"	32294	"ROS1~*"	"-"	32294	"ROS1"	"-"	"ROS1"	"-"	32294	"ROS1"	"-"	"~*"	"ROS1"
"chr6"	119636935	119636935	1	"-"	"chr6-119636935"	1	1.12534041547568e-05	5098	"Polyclonal_50pct"	"sonic"	87128	"LOC105377975*"	"+"	87128	"LOC105377975"	"+"	"LOC105377975"	"+"	-2034424	"GOPC"	"-"	"*"	"LOC105377975"
"chr6"	119912636	119912636	1	"-"	"chr6-119912636"	1	1.12534041547568e-05	5098	"Polyclonal_50pct"	"sonic"	67552	"LOC105377975"	"+"	-102542	"MIR3144"	"+"	"FALSE"	""	-2310125	"GOPC"	"-"	""	"LOC105377975"
"chr6"	120052285	120052285	1	"-"	"chr6-120052285"	1	1.12534041547568e-05	5098	"Polyclonal_50pct"	"sonic"	37028	"MIR3144"	"+"	37107	"MIR3144"	"+"	"FALSE"	""	-2449774	"GOPC"	"-"	""	"MIR3144"
"chr6"	12056731	12056731	1	"-"	"chr6-12056731"	1	1.12534041547568e-05	5098	"Polyclonal_50pct"	"sonic"	44420	"HIVEP1*"	"+"	44420	"HIVEP1"	"+"	"HIVEP1"	"+"	44420	"HIVEP1"	"+"	"*"	"HIVEP1"
"chr6"	12093299	12093299	1	"-"	"chr6-12093299"	1	1.12534041547568e-05	5098	"Polyclonal_50pct"	"sonic"	-71700	"HIVEP1*"	"+"	80988	"HIVEP1"	"+"	"HIVEP1"	"+"	80988	"HIVEP1"	"+"	"*"	"HIVEP1"
"chr6"	121227951	121227951	1	"-"	"chr6-121227951"	1	1.12534041547568e-05	5098	"Polyclonal_50pct"	"sonic"	106529	"TBC1D32*"	"-"	106529	"TBC1D32"	"-"	"TBC1D32"	"-"	-2575894	"NKAIN2"	"+"	"*"	"TBC1D32"
"chr6"	121724059	121724059	1	"-"	"chr6-121724059"	1	1.12534041547568e-05	5098	"Polyclonal_50pct"	"sonic"	274332	"GJA1"	"+"	288414	"GJA1"	"+"	"FALSE"	""	-2079786	"NKAIN2"	"+"	""	"GJA1"
"chr6"	123923729	123923729	1	"-"	"chr6-123923729"	1	1.12534041547568e-05	5098	"Polyclonal_50pct"	"sonic"	119865	"NKAIN2!~*"	"+"	119865	"NKAIN2"	"+"	"NKAIN2"	"+"	119865	"NKAIN2"	"+"	"!~*"	"NKAIN2"
"chr6"	124925649	124925649	1	"-"	"chr6-124925649"	1	1.12534041547568e-05	5098	"Polyclonal_50pct"	"sonic"	-17404	"RNF217-AS1*"	"-"	-36895	"RNF217"	"+"	"RNF217-AS1"	"-"	642645	"NKAIN2"	"+"	"*"	"RNF217-AS1"
"chr6"	126197699	126197699	1	"-"	"chr6-126197699"	1	1.12534041547568e-05	5098	"Polyclonal_50pct"	"sonic"	117973	"TRMT11"	"+"	-142089	"CENPW"	"+"	"FALSE"	""	-920971	"RSPO3"	"+"	""	"TRMT11"
"chr6"	126684537	126684537	1	"-"	"chr6-126684537"	1	1.12534041547568e-05	5098	"Polyclonal_50pct"	"sonic"	199824	"MIR588"	"+"	199907	"MIR588"	"+"	"FALSE"	""	-434133	"RSPO3"	"+"	""	"MIR588"
"chr6"	130634133	130634133	1	"-"	"chr6-130634133"	1	1.12534041547568e-05	5098	"Polyclonal_50pct"	"sonic"	191068	"TMEM200A"	"+"	-193272	"SMLR1"	"+"	"FALSE"	""	-2113534	"PTPRK"	"-"	""	"TMEM200A"
"chr6"	130668645	130668645	1	"-"	"chr6-130668645"	1	1.12534041547568e-05	5098	"Polyclonal_50pct"	"sonic"	-158760	"SMLR1"	"+"	-158760	"SMLR1"	"+"	"FALSE"	""	-2148046	"PTPRK"	"-"	""	"SMLR1"
"chr6"	132359022	132359022	1	"-"	"chr6-132359022"	1	1.12534041547568e-05	5098	"Polyclonal_50pct"	"sonic"	42453	"MOXD1*"	"-"	42453	"MOXD1"	"-"	"MOXD1"	"-"	-882334	"EYA4"	"+"	"*"	"MOXD1"
"chr6"	133731781	133731781	1	"-"	"chr6-133731781"	1	1.12534041547568e-05	5098	"Polyclonal_50pct"	"sonic"	157225	"TARID*"	"-"	-89365	"LINC01312"	"+"	"TARID"	"-"	490283	"EYA4"	"+"	"*"	"TARID"
"chr6"	13640163	13640163	1	"-"	"chr6-13640163"	1	1.12534041547568e-05	5098	"Polyclonal_50pct"	"sonic"	-18666	"RANBP9*"	"-"	24829	"NOL7"	"+"	"RANBP9"	"-"	1627852	"HIVEP1"	"+"	"*"	"RANBP9"
"chr6"	137957732	137957732	1	"-"	"chr6-137957732"	1	1.12534041547568e-05	5098	"Polyclonal_50pct"	"sonic"	-11932	"LINC02528"	"-"	-11932	"LINC02528"	"-"	"FALSE"	""	90474	"TNFAIP3"	"+"	""	"LINC02528"
"chr6"	139225469	139225469	1	"-"	"chr6-139225469"	1	1.12534041547568e-05	5098	"Polyclonal_50pct"	"sonic"	14591	"TXLNB"	"-"	66529	"TXLNB"	"-"	"FALSE"	""	148744	"CITED2"	"-"	""	"TXLNB"
"chr6"	140939503	140939503	1	"-"	"chr6-140939503"	1	1.12534041547568e-05	5098	"Polyclonal_50pct"	"sonic"	255620	"MIR4465"	"+"	255690	"MIR4465"	"+"	"FALSE"	""	-1564855	"CITED2"	"-"	""	"MIR4465"
"chr6"	141247302	141247302	1	"-"	"chr6-141247302"	1	1.12534041547568e-05	5098	"Polyclonal_50pct"	"sonic"	563419	"MIR4465"	"+"	563489	"MIR4465"	"+"	"FALSE"	""	-1872654	"CITED2"	"-"	""	"MIR4465"
"chr6"	141299422	141299422	1	"-"	"chr6-141299422"	1	1.12534041547568e-05	5098	"Polyclonal_50pct"	"sonic"	615539	"MIR4465"	"+"	615609	"MIR4465"	"+"	"FALSE"	""	-1924774	"CITED2"	"-"	""	"MIR4465"
"chr6"	142891015	142891015	1	"-"	"chr6-142891015"	1	1.12534041547568e-05	5098	"Polyclonal_50pct"	"sonic"	54161	"HIVEP2*"	"-"	54161	"HIVEP2"	"-"	"HIVEP2"	"-"	1070395	"PLAGL1"	"-"	"*"	"HIVEP2"
"chr6"	146578178	146578178	1	"-"	"chr6-146578178"	1	1.12534041547568e-05	5098	"Polyclonal_50pct"	"sonic"	16337	"LOC101928661"	"-"	20753	"LOC101928661"	"-"	"FALSE"	""	-2513579	"PLAGL1"	"-"	""	"LOC101928661"
"chr6"	147291554	147291554	1	"-"	"chr6-147291554"	1	1.12534041547568e-05	5098	"Polyclonal_50pct"	"sonic"	87197	"STXBP5*"	"+"	-86940	"STXBP5-AS1"	"-"	"STXBP5"	"+"	2424871	"LATS1"	"-"	"*"	"STXBP5"
"chr6"	153189943	153189943	1	"-"	"chr6-153189943"	1	1.12534041547568e-05	5098	"Polyclonal_50pct"	"sonic"	-58661	"RGS17"	"-"	-58661	"RGS17"	"-"	"FALSE"	""	-206364	"FBXO5"	"-"	""	"RGS17"
"chr6"	154837571	154837571	1	"-"	"chr6-154837571"	1	1.12534041547568e-05	5098	"Polyclonal_50pct"	"sonic"	3327	"SCAF8"	"+"	-15788	"MIR1273C"	"+"	"FALSE"	""	-1853992	"FBXO5"	"-"	""	"SCAF8"
"chr6"	158186157	158186157	1	"-"	"chr6-158186157"	1	1.12534041547568e-05	5098	"Polyclonal_50pct"	"sonic"	-13187	"GTF2H5*"	"+"	17808	"GTF2H5"	"+"	"GTF2H5"	"+"	804968	"ZDHHC14"	"+"	"*"	"GTF2H5"
"chr6"	167051530	167051530	1	"-"	"chr6-167051530"	1	1.12534041547568e-05	5098	"Polyclonal_50pct"	"sonic"	-1188	"CEP43*"	"+"	52134	"CEP43"	"+"	"CEP43"	"+"	-94980	"RNASET2"	"-"	"*"	"CEP43"
"chr6"	169331383	169331383	1	"-"	"chr6-169331383"	1	1.12534041547568e-05	5098	"Polyclonal_50pct"	"sonic"	-77537	"THBS2"	"-"	-77537	"THBS2"	"-"	"FALSE"	""	-77537	"THBS2"	"-"	""	"THBS2"
"chr6"	16957286	16957286	1	"-"	"chr6-16957286"	1	1.12534041547568e-05	5098	"Polyclonal_50pct"	"sonic"	-144763	"STMND1"	"+"	-144763	"STMND1"	"+"	"FALSE"	""	1307244	"DEK"	"-"	""	"STMND1"
"chr6"	18171316	18171316	1	"-"	"chr6-18171316"	1	1.12534041547568e-05	5098	"Polyclonal_50pct"	"sonic"	15895	"KDM1B*"	"+"	15895	"KDM1B"	"+"	"KDM1B"	"+"	93214	"DEK"	"-"	"*"	"KDM1B"
"chr6"	18875303	18875303	1	"-"	"chr6-18875303"	1	1.12534041547568e-05	5098	"Polyclonal_50pct"	"sonic"	152405	"MIR548A1HG"	"+"	303520	"MIR548A1"	"+"	"FALSE"	""	-610773	"DEK"	"-"	""	"MIR548A1HG"
"chr6"	22983137	22983137	1	"-"	"chr6-22983137"	1	1.12534041547568e-05	5098	"Polyclonal_50pct"	"sonic"	-265213	"LOC105374972"	"-"	-265213	"LOC105374972"	"-"	"FALSE"	""	1389387	"SOX4"	"+"	""	"LOC105374972"
"chr6"	23425110	23425110	1	"-"	"chr6-23425110"	1	1.12534041547568e-05	5098	"Polyclonal_50pct"	"sonic"	-701104	"NRSN1"	"+"	-701104	"NRSN1"	"+"	"FALSE"	""	1831360	"SOX4"	"+"	""	"NRSN1"
"chr6"	30041524	30041524	1	"-"	"chr6-30041524"	1	1.12534041547568e-05	5098	"Polyclonal_50pct"	"sonic"	19665	"ZNRD1ASP*"	"-"	17208	"ZNRD1ASP"	"-"	"ZNRD1ASP"	"-"	703023	"IER3"	"-"	"*"	"ZNRD1ASP"
"chr6"	34311395	34311395	1	"-"	"chr6-34311395"	1	1.12534041547568e-05	5098	"Polyclonal_50pct"	"sonic"	-24200	"RPS10-NUDT3*"	"-"	-62287	"SMIM29"	"-"	"NUDT3,RPS10-NUDT3"	"-"	72605	"HMGA1"	"+"	"*"	"RPS10-NUDT3"
"chr6"	34897849	34897849	1	"-"	"chr6-34897849"	1	1.12534041547568e-05	5098	"Polyclonal_50pct"	"sonic"	8595	"ANKS1A*"	"+"	8595	"ANKS1A"	"+"	"ANKS1A"	"+"	-444708	"PPARD"	"+"	"*"	"ANKS1A"
"chr6"	42518484	42518484	1	"-"	"chr6-42518484"	1	1.12534041547568e-05	5098	"Polyclonal_50pct"	"sonic"	-45537	"UBR2"	"+"	-45537	"UBR2"	"+"	"FALSE"	""	-397504	"PTCRA"	"+"	""	"UBR2"
"chr6"	42522898	42522898	1	"-"	"chr6-42522898"	1	1.12534041547568e-05	5098	"Polyclonal_50pct"	"sonic"	-41123	"UBR2"	"+"	-41123	"UBR2"	"+"	"FALSE"	""	-393090	"PTCRA"	"+"	""	"UBR2"
"chr6"	42586808	42586808	1	"-"	"chr6-42586808"	1	1.12534041547568e-05	5098	"Polyclonal_50pct"	"sonic"	22780	"UBR2*"	"+"	22780	"UBR2"	"+"	"UBR2"	"+"	-329180	"PTCRA"	"+"	"*"	"UBR2"
"chr6"	42840227	42840227	1	"-"	"chr6-42840227"	1	1.12534041547568e-05	5098	"Polyclonal_50pct"	"sonic"	19172	"BICRAL*"	"+"	19172	"BICRAL"	"+"	"BICRAL"	"+"	-75761	"PTCRA"	"+"	"*"	"BICRAL"
"chr6"	43049012	43049012	1	"-"	"chr6-43049012"	1	1.12534041547568e-05	5098	"Polyclonal_50pct"	"sonic"	4839	"CUL7*"	"-"	4839	"CUL7"	"-"	"CUL7"	"-"	-27301	"PTK7"	"+"	"*"	"CUL7"
"chr6"	43599049	43599049	1	"-"	"chr6-43599049"	1	1.12534041547568e-05	5098	"Polyclonal_50pct"	"sonic"	-21474	"POLH~*"	"+"	22865	"POLH"	"+"	"POLH"	"+"	22865	"POLH"	"+"	"~*"	"POLH"
"chr6"	48672090	48672090	1	"-"	"chr6-48672090"	1	1.12534041547568e-05	5098	"Polyclonal_50pct"	"sonic"	-560893	"PTCHD4"	"-"	-560893	"PTCHD4"	"-"	"FALSE"	""	3249816	"RUNX2"	"+"	""	"PTCHD4"
"chr6"	50284933	50284933	1	"-"	"chr6-50284933"	1	1.12534041547568e-05	5098	"Polyclonal_50pct"	"sonic"	-235004	"DEFB112"	"-"	-235004	"DEFB112"	"-"	"FALSE"	""	1802680	"PKHD1"	"-"	""	"DEFB112"
"chr6"	50496325	50496325	1	"-"	"chr6-50496325"	1	1.12534041547568e-05	5098	"Polyclonal_50pct"	"sonic"	-217200	"TFAP2D"	"+"	-217200	"TFAP2D"	"+"	"FALSE"	""	1591288	"PKHD1"	"-"	""	"TFAP2D"
"chr6"	50618849	50618849	1	"-"	"chr6-50618849"	1	1.12534041547568e-05	5098	"Polyclonal_50pct"	"sonic"	-94676	"TFAP2D"	"+"	-94676	"TFAP2D"	"+"	"FALSE"	""	1468764	"PKHD1"	"-"	""	"TFAP2D"
"chr6"	52192663	52192663	1	"-"	"chr6-52192663"	1	1.12534041547568e-05	5098	"Polyclonal_50pct"	"sonic"	2025	"IL17A~"	"+"	6289	"IL17A"	"+"	"FALSE"	""	6289	"IL17A"	"+"	"~"	"IL17A"
"chr6"	54890126	54890126	1	"-"	"chr6-54890126"	1	1.12534041547568e-05	5098	"Polyclonal_50pct"	"sonic"	43356	"FAM83B*"	"+"	43356	"FAM83B"	"+"	"FAM83B"	"+"	-1540947	"ELOVL5"	"-"	"*"	"FAM83B"
"chr6"	55843406	55843406	1	"-"	"chr6-55843406"	1	1.12534041547568e-05	5098	"Polyclonal_50pct"	"sonic"	32184	"BMP5*"	"-"	32184	"BMP5"	"-"	"BMP5"	"-"	799483	"DST"	"-"	"*"	"BMP5"
"chr6"	58085878	58085878	1	"-"	"chr6-58085878"	1	1.12534041547568e-05	5098	"Polyclonal_50pct"	"sonic"	-124432	"LINC00680-GUSBP4,LINC00680"	"-"	-124432	"LINC00680-GUSBP4,LINC00680"	"-"	"FALSE"	""	-1131048	"DST"	"-"	""	"LINC00680-GUSBP4,LINC00680"
"chr6"	6185798	6185798	1	"-"	"chr6-6185798"	1	1.12534041547568e-05	5098	"Polyclonal_50pct"	"sonic"	-41715	"F13A1*"	"-"	-16363	"MIR7853"	"-"	"F13A1"	"-"	-921944	"RREB1"	"+"	"*"	"F13A1"
"chr6"	62021025	62021025	1	"-"	"chr6-62021025"	1	1.12534041547568e-05	5098	"Polyclonal_50pct"	"sonic"	265200	"KHDRBS2*"	"-"	265200	"KHDRBS2"	"-"	"KHDRBS2"	"-"	-5066195	"DST"	"-"	"*"	"KHDRBS2"
"chr6"	62974802	62974802	1	"-"	"chr6-62974802"	1	1.12534041547568e-05	5098	"Polyclonal_50pct"	"sonic"	301148	"LGSN"	"-"	345175	"LGSN"	"-"	"FALSE"	""	-6019972	"DST"	"-"	""	"LGSN"
"chr6"	63651960	63651960	1	"-"	"chr6-63651960"	1	1.12534041547568e-05	5098	"Polyclonal_50pct"	"sonic"	5435	"PHF3*"	"+"	5435	"PHF3"	"+"	"PHF3"	"+"	-6214595	"COL19A1"	"+"	"*"	"PHF3"
"chr6"	64958182	64958182	1	"-"	"chr6-64958182"	1	1.12534041547568e-05	5098	"Polyclonal_50pct"	"sonic"	749043	"EYS*"	"-"	-343235	"LOC441155"	"+"	"EYS"	"-"	-4908373	"COL19A1"	"+"	"*"	"EYS"
"chr6"	66515264	66515264	1	"-"	"chr6-66515264"	1	1.12534041547568e-05	5098	"Polyclonal_50pct"	"sonic"	725781	"SLC25A51P1"	"+"	727386	"SLC25A51P1"	"+"	"FALSE"	""	-3351291	"COL19A1"	"+"	""	"SLC25A51P1"
"chr6"	67129048	67129048	1	"-"	"chr6-67129048"	1	1.12534041547568e-05	5098	"Polyclonal_50pct"	"sonic"	-926302	"LOC102723883"	"+"	-926302	"LOC102723883"	"+"	"FALSE"	""	-2737507	"COL19A1"	"+"	""	"LOC102723883"
"chr6"	68485751	68485751	1	"-"	"chr6-68485751"	1	1.12534041547568e-05	5098	"Polyclonal_50pct"	"sonic"	146911	"LOC101928307"	"-"	148573	"LOC101928307"	"-"	"FALSE"	""	-1380804	"COL19A1"	"+"	""	"LOC101928307"
"chr6"	69995885	69995885	1	"-"	"chr6-69995885"	1	1.12534041547568e-05	5098	"Polyclonal_50pct"	"sonic"	129330	"COL19A1~*"	"+"	129330	"COL19A1"	"+"	"COL19A1"	"+"	129330	"COL19A1"	"+"	"~*"	"COL19A1"
"chr6"	71373153	71373153	1	"-"	"chr6-71373153"	1	1.12534041547568e-05	5098	"Polyclonal_50pct"	"sonic"	3806	"MIR30C2"	"-"	3878	"MIR30C2"	"-"	"FALSE"	""	704624	"SMAP1"	"+"	""	"MIR30C2"
"chr6"	71541389	71541389	1	"-"	"chr6-71541389"	1	1.12534041547568e-05	5098	"Polyclonal_50pct"	"sonic"	82517	"LINC01626"	"+"	120363	"LINC01626"	"+"	"FALSE"	""	872860	"SMAP1"	"+"	""	"LINC01626"
"chr6"	71813809	71813809	1	"-"	"chr6-71813809"	1	1.12534041547568e-05	5098	"Polyclonal_50pct"	"sonic"	-72893	"RIMS1"	"+"	-72893	"RIMS1"	"+"	"FALSE"	""	-808254	"KCNQ5"	"+"	""	"RIMS1"
"chr6"	72276224	72276224	1	"-"	"chr6-72276224"	1	1.12534041547568e-05	5098	"Polyclonal_50pct"	"sonic"	-26563	"RIMS1*"	"+"	59284	"RIMS1"	"+"	"RIMS1"	"+"	-345839	"KCNQ5"	"+"	"*"	"RIMS1"
"chr6"	72875942	72875942	1	"-"	"chr6-72875942"	1	1.12534041547568e-05	5098	"Polyclonal_50pct"	"sonic"	253879	"KCNQ5~*"	"+"	91811	"MIR4282"	"-"	"KCNQ5"	"+"	253879	"KCNQ5"	"+"	"~*"	"KCNQ5"
"chr6"	74306297	74306297	1	"-"	"chr6-74306297"	1	1.12534041547568e-05	5098	"Polyclonal_50pct"	"sonic"	236847	"LOC101928516*"	"+"	236847	"LOC101928516"	"+"	"LOC101928516"	"+"	610095	"CD109"	"+"	"*"	"LOC101928516"
"chr6"	74675178	74675178	1	"-"	"chr6-74675178"	1	1.12534041547568e-05	5098	"Polyclonal_50pct"	"sonic"	-15549	"LOC101928516*"	"+"	453604	"SNORD156"	"-"	"LOC101928516"	"+"	978976	"CD109"	"+"	"*"	"LOC101928516"
"chr6"	76396251	76396251	1	"-"	"chr6-76396251"	1	1.12534041547568e-05	5098	"Polyclonal_50pct"	"sonic"	126197	"LINC02540"	"-"	197372	"LINC02540"	"-"	"FALSE"	""	2682003	"PHIP"	"-"	""	"LINC02540"
"chr6"	7718896	7718896	1	"-"	"chr6-7718896"	1	1.12534041547568e-05	5098	"Polyclonal_50pct"	"sonic"	-7202	"BMP6"	"+"	-7202	"BMP6"	"+"	"FALSE"	""	-329154	"CAGE1"	"-"	""	"BMP6"
"chr6"	77446508	77446508	1	"-"	"chr6-77446508"	1	1.12534041547568e-05	5098	"Polyclonal_50pct"	"sonic"	14415	"HTR1B"	"-"	16983	"HTR1B"	"-"	"FALSE"	""	1631746	"PHIP"	"-"	""	"HTR1B"
"chr6"	77637318	77637318	1	"-"	"chr6-77637318"	1	1.12534041547568e-05	5098	"Polyclonal_50pct"	"sonic"	-12955	"MEI4"	"+"	-12955	"MEI4"	"+"	"FALSE"	""	1440936	"PHIP"	"-"	""	"MEI4"
"chr6"	78361490	78361490	1	"-"	"chr6-78361490"	1	1.12534041547568e-05	5098	"Polyclonal_50pct"	"sonic"	177772	"MIR10524"	"-"	177819	"MIR10524"	"-"	"FALSE"	""	716764	"PHIP"	"-"	""	"MIR10524"
"chr6"	80425948	80425948	1	"-"	"chr6-80425948"	1	1.12534041547568e-05	5098	"Polyclonal_50pct"	"sonic"	79678	"BCKDHB"	"+"	319278	"BCKDHB"	"+"	"FALSE"	""	794620	"SH3BGRL2"	"+"	""	"BCKDHB"
"chr6"	81693562	81693562	1	"-"	"chr6-81693562"	1	1.12534041547568e-05	5098	"Polyclonal_50pct"	"sonic"	52167	"TENT5A"	"-"	59119	"TENT5A"	"-"	"FALSE"	""	2062234	"SH3BGRL2"	"+"	""	"TENT5A"
"chr6"	82565931	82565931	1	"-"	"chr6-82565931"	1	1.12534041547568e-05	5098	"Polyclonal_50pct"	"sonic"	198515	"TPBG"	"+"	201688	"TPBG"	"+"	"FALSE"	""	-1293757	"CYB5R4"	"+"	""	"TPBG"
"chr6"	8343432	8343432	1	"-"	"chr6-8343432"	1	1.12534041547568e-05	5098	"Polyclonal_50pct"	"sonic"	68002	"SLC35B3"	"-"	92113	"SLC35B3"	"-"	"FALSE"	""	-953690	"CAGE1"	"-"	""	"SLC35B3"
"chr6"	83698540	83698540	1	"-"	"chr6-83698540"	1	1.12534041547568e-05	5098	"Polyclonal_50pct"	"sonic"	4386	"SNAP91*"	"-"	4386	"SNAP91"	"-"	"SNAP91"	"-"	-161148	"CYB5R4"	"+"	"*"	"SNAP91"
"chr6"	88769566	88769566	1	"-"	"chr6-88769566"	1	1.12534041547568e-05	5098	"Polyclonal_50pct"	"sonic"	-159670	"RNGTT*"	"-"	194052	"RNGTT"	"-"	"RNGTT"	"-"	1527277	"BACH2"	"-"	"*"	"RNGTT"
"chr6"	88924632	88924632	1	"-"	"chr6-88924632"	1	1.12534041547568e-05	5098	"Polyclonal_50pct"	"sonic"	38986	"RNGTT*"	"-"	38986	"RNGTT"	"-"	"RNGTT"	"-"	1372211	"BACH2"	"-"	"*"	"RNGTT"
"chr6"	91252024	91252024	1	"-"	"chr6-91252024"	1	1.12534041547568e-05	5098	"Polyclonal_50pct"	"sonic"	-269635	"MIR4643"	"+"	-269635	"MIR4643"	"+"	"FALSE"	""	-664952	"MAP3K7"	"-"	""	"MIR4643"
"chr6"	91465372	91465372	1	"-"	"chr6-91465372"	1	1.12534041547568e-05	5098	"Polyclonal_50pct"	"sonic"	-56287	"MIR4643"	"+"	-56287	"MIR4643"	"+"	"FALSE"	""	-878300	"MAP3K7"	"-"	""	"MIR4643"
"chr6"	93289310	93289310	1	"-"	"chr6-93289310"	1	1.12534041547568e-05	5098	"Polyclonal_50pct"	"sonic"	-26498	"EPHA7~*"	"-"	127850	"EPHA7"	"-"	"EPHA7"	"-"	127850	"EPHA7"	"-"	"~*"	"EPHA7"
"chr6"	93405238	93405238	1	"-"	"chr6-93405238"	1	1.12534041547568e-05	5098	"Polyclonal_50pct"	"sonic"	11922	"EPHA7~*"	"-"	11922	"EPHA7"	"-"	"EPHA7"	"-"	11922	"EPHA7"	"-"	"~*"	"EPHA7"
"chr6"	93811336	93811336	1	"-"	"chr6-93811336"	1	1.12534041547568e-05	5098	"Polyclonal_50pct"	"sonic"	34716	"TSG1"	"+"	93034	"TSG1"	"+"	"FALSE"	""	-391777	"EPHA7"	"-"	""	"TSG1"
"chr6"	94532118	94532118	1	"-"	"chr6-94532118"	1	1.12534041547568e-05	5098	"Polyclonal_50pct"	"sonic"	755498	"TSG1"	"+"	813816	"TSG1"	"+"	"FALSE"	""	-1112559	"EPHA7"	"-"	""	"TSG1"
"chr6"	94881885	94881885	1	"-"	"chr6-94881885"	1	1.12534041547568e-05	5098	"Polyclonal_50pct"	"sonic"	678210	"MANEA-DT"	"-"	695566	"MANEA-DT"	"-"	"FALSE"	""	-1462326	"EPHA7"	"-"	""	"MANEA-DT"
"chr6"	95181723	95181723	1	"-"	"chr6-95181723"	1	1.12534041547568e-05	5098	"Polyclonal_50pct"	"sonic"	378372	"MANEA-DT"	"-"	395728	"MANEA-DT"	"-"	"FALSE"	""	-1762164	"EPHA7"	"-"	""	"MANEA-DT"
"chr6"	97212149	97212149	1	"-"	"chr6-97212149"	1	1.12534041547568e-05	5098	"Polyclonal_50pct"	"sonic"	-69989	"MMS22L*"	"-"	71067	"MMS22L"	"-"	"MMS22L"	"-"	2356511	"CCNC"	"-"	"*"	"MMS22L"
"chr6"	99687208	99687208	1	"-"	"chr6-99687208"	1	1.12534041547568e-05	5098	"Polyclonal_50pct"	"sonic"	71646	"PRDM13"	"+"	80376	"PRDM13"	"+"	"FALSE"	""	-118394	"CCNC"	"-"	""	"PRDM13"
"chr6_GL000251v2_alt"	4785893	4785893	1	"+"	"chr6_GL000251v2_alt+4785893"	1	1.12534041547568e-05	5098	"Polyclonal_50pct"	"sonic"	-45129	"SMIM40"	"-"	-45129	"SMIM40"	"-"	"FALSE"	""	-51388	"DAXX"	"-"	""	"SMIM40"
"chr6_GL000255v2_alt"	1989458	1989458	1	"+"	"chr6_GL000255v2_alt+1989458"	1	1.12534041547568e-05	5098	"Polyclonal_50pct"	"sonic"	-6637	"FLOT1*"	"-"	8339	"FLOT1"	"-"	"FLOT1"	"-"	10199	"IER3"	"-"	"*"	"FLOT1"
"chr6_GL000255v2_alt"	1296662	1296662	1	"-"	"chr6_GL000255v2_alt-1296662"	1	1.12534041547568e-05	5098	"Polyclonal_50pct"	"sonic"	19709	"ZNRD1ASP*"	"-"	17251	"ZNRD1ASP"	"-"	"ZNRD1ASP"	"-"	702995	"IER3"	"-"	"*"	"ZNRD1ASP"
"chr6_GL000256v2_alt"	2998815	2998815	1	"-"	"chr6_GL000256v2_alt-2998815"	1	1.12534041547568e-05	5098	"Polyclonal_50pct"	"sonic"	3440	"ABHD16A*"	"-"	1575	"MIR4646"	"-"	"ABHD16A"	"-"	-117110	"LTB"	"-"	"*"	"ABHD16A"
"chr7"	10001751	10001751	1	"+"	"chr7+10001751"	1	1.12534041547568e-05	5098	"Polyclonal_50pct"	"sonic"	365934	"PER3P1"	"+"	367482	"PER3P1"	"+"	"FALSE"	""	-2465878	"COL28A1"	"-"	""	"PER3P1"
"chr7"	100378133	100378133	1	"+"	"chr7+100378133"	1	1.12534041547568e-05	5098	"Polyclonal_50pct"	"sonic"	4647	"PILRA*"	"+"	4647	"PILRA"	"+"	"PILRA"	"+"	-342334	"EPO"	"+"	"*"	"PILRA"
"chr7"	10066161	10066161	1	"+"	"chr7+10066161"	1	1.12534041547568e-05	5098	"Polyclonal_50pct"	"sonic"	383658	"MGC4859"	"-"	431892	"PER3P1"	"+"	"FALSE"	""	-2530288	"COL28A1"	"-"	""	"MGC4859"
"chr7"	101226204	101226204	1	"+"	"chr7+101226204"	1	1.12534041547568e-05	5098	"Polyclonal_50pct"	"sonic"	2014	"ZNHIT1"	"+"	8040	"ZNHIT1"	"+"	"FALSE"	""	-60635	"VGF"	"-"	""	"ZNHIT1"
"chr7"	101332345	101332345	1	"+"	"chr7+101332345"	1	1.12534041547568e-05	5098	"Polyclonal_50pct"	"sonic"	-10522	"IFT22"	"-"	-10522	"IFT22"	"-"	"FALSE"	""	-166776	"VGF"	"-"	""	"IFT22"
"chr7"	102371958	102371958	1	"+"	"chr7+102371958"	1	1.12534041547568e-05	5098	"Polyclonal_50pct"	"sonic"	8076	"LOC100289561*"	"+"	8076	"LOC100289561"	"+"	"LOC100630923,LOC100289561"	"+"	-61571	"ORAI2"	"+"	"*"	"LOC100289561"
"chr7"	102374515	102374515	1	"+"	"chr7+102374515"	1	1.12534041547568e-05	5098	"Polyclonal_50pct"	"sonic"	-6234	"LOC100289561*"	"+"	10633	"LOC100289561"	"+"	"LOC100630923,LOC100289561"	"+"	-59014	"ORAI2"	"+"	"*"	"LOC100289561"
"chr7"	104992769	104992769	1	"+"	"chr7+104992769"	1	1.12534041547568e-05	5098	"Polyclonal_50pct"	"sonic"	-1604	"LINC01004"	"-"	-1604	"LINC01004"	"-"	"FALSE"	""	276308	"SRPK2"	"-"	""	"LINC01004"
"chr7"	108162610	108162610	1	"+"	"chr7+108162610"	1	1.12534041547568e-05	5098	"Polyclonal_50pct"	"sonic"	-14962	"NRCAM~*"	"-"	-32249	"LAMB4"	"-"	"NRCAM"	"-"	80775	"NRCAM"	"-"	"~*"	"NRCAM"
"chr7"	108380463	108380463	1	"+"	"chr7+108380463"	1	1.12534041547568e-05	5098	"Polyclonal_50pct"	"sonic"	75934	"NRCAM~*"	"-"	-51937	"NRCAM"	"-"	"NRCAM"	"-"	-51937	"NRCAM"	"-"	"~*"	"NRCAM"
"chr7"	109895264	109895264	1	"+"	"chr7+109895264"	1	1.12534041547568e-05	5098	"Polyclonal_50pct"	"sonic"	63962	"EIF3IP1"	"-"	64949	"EIF3IP1"	"-"	"FALSE"	""	-1438544	"NRCAM"	"-"	""	"EIF3IP1"
"chr7"	110388882	110388882	1	"+"	"chr7+110388882"	1	1.12534041547568e-05	5098	"Polyclonal_50pct"	"sonic"	273761	"IMMP2L"	"-"	-428669	"EIF3IP1"	"-"	"FALSE"	""	-1932162	"NRCAM"	"-"	""	"IMMP2L"
"chr7"	113792589	113792589	1	"+"	"chr7+113792589"	1	1.12534041547568e-05	5098	"Polyclonal_50pct"	"sonic"	84187	"PPP1R3A"	"-"	126420	"PPP1R3A"	"-"	"FALSE"	""	-2732419	"CAV1"	"+"	""	"PPP1R3A"
"chr7"	113796370	113796370	1	"+"	"chr7+113796370"	1	1.12534041547568e-05	5098	"Polyclonal_50pct"	"sonic"	80406	"PPP1R3A"	"-"	122639	"PPP1R3A"	"-"	"FALSE"	""	-2728638	"CAV1"	"+"	""	"PPP1R3A"
"chr7"	115473033	115473033	1	"+"	"chr7+115473033"	1	1.12534041547568e-05	5098	"Polyclonal_50pct"	"sonic"	108281	"SNORA25B"	"-"	108408	"SNORA25B"	"-"	"FALSE"	""	-1051975	"CAV1"	"+"	""	"SNORA25B"
"chr7"	115696752	115696752	1	"+"	"chr7+115696752"	1	1.12534041547568e-05	5098	"Polyclonal_50pct"	"sonic"	-115311	"SNORA25B"	"-"	-115311	"SNORA25B"	"-"	"FALSE"	""	-828256	"CAV1"	"+"	""	"SNORA25B"
"chr7"	11651559	11651559	1	"+"	"chr7+11651559"	1	1.12534041547568e-05	5098	"Polyclonal_50pct"	"sonic"	180639	"THSD7A*"	"-"	180639	"THSD7A"	"-"	"THSD7A"	"-"	2334955	"ETV1"	"-"	"*"	"THSD7A"
"chr7"	117006396	117006396	1	"+"	"chr7+117006396"	1	1.12534041547568e-05	5098	"Polyclonal_50pct"	"sonic"	52896	"ST7*"	"+"	-8515	"ST7"	"+"	"ST7"	"+"	316662	"WNT2"	"-"	"*"	"ST7"
"chr7"	117841602	117841602	1	"+"	"chr7+117841602"	1	1.12534041547568e-05	5098	"Polyclonal_50pct"	"sonic"	30618	"CTTNBP2*"	"-"	30618	"CTTNBP2"	"-"	"CTTNBP2"	"-"	-518544	"WNT2"	"-"	"*"	"CTTNBP2"
"chr7"	118293663	118293663	1	"+"	"chr7+118293663"	1	1.12534041547568e-05	5098	"Polyclonal_50pct"	"sonic"	50933	"ANKRD7"	"+"	68960	"ANKRD7"	"+"	"FALSE"	""	-970605	"WNT2"	"-"	""	"ANKRD7"
"chr7"	118641990	118641990	1	"+"	"chr7+118641990"	1	1.12534041547568e-05	5098	"Polyclonal_50pct"	"sonic"	399260	"ANKRD7"	"+"	417287	"ANKRD7"	"+"	"FALSE"	""	-1318932	"WNT2"	"-"	""	"ANKRD7"
"chr7"	118646172	118646172	1	"+"	"chr7+118646172"	1	1.12534041547568e-05	5098	"Polyclonal_50pct"	"sonic"	403442	"ANKRD7"	"+"	421469	"ANKRD7"	"+"	"FALSE"	""	-1323114	"WNT2"	"-"	""	"ANKRD7"
"chr7"	118701426	118701426	1	"+"	"chr7+118701426"	1	1.12534041547568e-05	5098	"Polyclonal_50pct"	"sonic"	458696	"ANKRD7"	"+"	476723	"ANKRD7"	"+"	"FALSE"	""	-1378368	"WNT2"	"-"	""	"ANKRD7"
"chr7"	119132802	119132802	1	"+"	"chr7+119132802"	1	1.12534041547568e-05	5098	"Polyclonal_50pct"	"sonic"	486627	"LINC02476"	"-"	774573	"LINC02476"	"-"	"FALSE"	""	-1809744	"WNT2"	"-"	""	"LINC02476"
"chr7"	119251486	119251486	1	"+"	"chr7+119251486"	1	1.12534041547568e-05	5098	"Polyclonal_50pct"	"sonic"	367943	"LINC02476"	"-"	655889	"LINC02476"	"-"	"FALSE"	""	-1699290	"ING3"	"+"	""	"LINC02476"
"chr7"	119309472	119309472	1	"+"	"chr7+119309472"	1	1.12534041547568e-05	5098	"Polyclonal_50pct"	"sonic"	309957	"LINC02476"	"-"	597903	"LINC02476"	"-"	"FALSE"	""	-1641304	"ING3"	"+"	""	"LINC02476"
"chr7"	119993477	119993477	1	"+"	"chr7+119993477"	1	1.12534041547568e-05	5098	"Polyclonal_50pct"	"sonic"	-86102	"LINC02476"	"-"	-86102	"LINC02476"	"-"	"FALSE"	""	-957299	"ING3"	"+"	""	"LINC02476"
"chr7"	120636950	120636950	1	"+"	"chr7+120636950"	1	1.12534041547568e-05	5098	"Polyclonal_50pct"	"sonic"	-113385	"KCND2*"	"+"	221194	"TSPAN12"	"-"	"KCND2"	"+"	-313826	"ING3"	"+"	"*"	"KCND2"
"chr7"	120907574	120907574	1	"+"	"chr7+120907574"	1	1.12534041547568e-05	5098	"Polyclonal_50pct"	"sonic"	-43202	"ING3~"	"+"	-43202	"ING3"	"+"	"FALSE"	""	-43202	"ING3"	"+"	"~"	"ING3"
"chr7"	121423377	121423377	1	"+"	"chr7+121423377"	1	1.12534041547568e-05	5098	"Polyclonal_50pct"	"sonic"	-27009	"FAM3C"	"-"	-27009	"FAM3C"	"-"	"FALSE"	""	472601	"ING3"	"+"	""	"FAM3C"
"chr7"	122732935	122732935	1	"+"	"chr7+122732935"	1	1.12534041547568e-05	5098	"Polyclonal_50pct"	"sonic"	153525	"CADPS2*"	"-"	-30013	"RNF148"	"-"	"CADPS2"	"-"	153525	"CADPS2"	"-"	"*"	"CADPS2"
"chr7"	122978985	122978985	1	"+"	"chr7+122978985"	1	1.12534041547568e-05	5098	"Polyclonal_50pct"	"sonic"	15718	"TAS2R16"	"-"	16715	"TAS2R16"	"-"	"FALSE"	""	-92226	"CADPS2"	"-"	""	"TAS2R16"
"chr7"	123228400	123228400	1	"+"	"chr7+123228400"	1	1.12534041547568e-05	5098	"Polyclonal_50pct"	"sonic"	-28429	"SLC13A1"	"-"	-28429	"SLC13A1"	"-"	"FALSE"	""	-341641	"CADPS2"	"-"	""	"SLC13A1"
"chr7"	124538344	124538344	1	"+"	"chr7+124538344"	1	1.12534041547568e-05	5098	"Polyclonal_50pct"	"sonic"	-186248	"LOC101928211"	"-"	-186248	"LOC101928211"	"-"	"FALSE"	""	612490	"SPAM1"	"+"	""	"LOC101928211"
"chr7"	124574734	124574734	1	"+"	"chr7+124574734"	1	1.12534041547568e-05	5098	"Polyclonal_50pct"	"sonic"	169150	"GPR37"	"-"	191058	"GPR37"	"-"	"FALSE"	""	648880	"SPAM1"	"+"	""	"GPR37"
"chr7"	124911373	124911373	1	"+"	"chr7+124911373"	1	1.12534041547568e-05	5098	"Polyclonal_50pct"	"sonic"	18452	"POT1*"	"-"	18452	"POT1"	"-"	"POT1"	"-"	985519	"SPAM1"	"+"	"*"	"POT1"
"chr7"	12506657	12506657	1	"+"	"chr7+12506657"	1	1.12534041547568e-05	5098	"Polyclonal_50pct"	"sonic"	2261	"LOC102725191*"	"+"	2261	"LOC102725191"	"+"	"LOC102725191"	"+"	1479857	"ETV1"	"-"	"*"	"LOC102725191"
"chr7"	129488464	129488464	1	"+"	"chr7+129488464"	1	1.12534041547568e-05	5098	"Polyclonal_50pct"	"sonic"	66	"STRIP2"	"+"	-14066	"SMKR1"	"+"	"FALSE"	""	-123255	"NRF1"	"+"	""	"STRIP2"
"chr7"	13106820	13106820	1	"+"	"chr7+13106820"	1	1.12534041547568e-05	5098	"Polyclonal_50pct"	"sonic"	415862	"ARL4A"	"+"	419188	"ARL4A"	"+"	"FALSE"	""	879694	"ETV1"	"-"	""	"ARL4A"
"chr7"	13325913	13325913	1	"+"	"chr7+13325913"	1	1.12534041547568e-05	5098	"Polyclonal_50pct"	"sonic"	565317	"ETV1"	"-"	638281	"ARL4A"	"+"	"FALSE"	""	660601	"ETV1"	"-"	""	"ETV1"
"chr7"	135436583	135436583	1	"+"	"chr7+135436583"	1	1.12534041547568e-05	5098	"Polyclonal_50pct"	"sonic"	-49514	"CNOT4*"	"-"	73519	"CNOT4"	"-"	"CNOT4"	"-"	1309244	"LRGUK"	"+"	"*"	"CNOT4"
"chr7"	135967657	135967657	1	"+"	"chr7+135967657"	1	1.12534041547568e-05	5098	"Polyclonal_50pct"	"sonic"	9702	"MTPN,LUZP6*"	"-"	9702	"MTPN,LUZP6"	"-"	"MTPN,LUZP6"	"-"	1301198	"PTN"	"-"	"*"	"MTPN,LUZP6"
"chr7"	136453757	136453757	1	"+"	"chr7+136453757"	1	1.12534041547568e-05	5098	"Polyclonal_50pct"	"sonic"	-414894	"CHRM2"	"+"	-414894	"CHRM2"	"+"	"FALSE"	""	815098	"PTN"	"-"	""	"CHRM2"
"chr7"	138446884	138446884	1	"+"	"chr7+138446884"	1	1.12534041547568e-05	5098	"Polyclonal_50pct"	"sonic"	-13374	"TRIM24~"	"+"	-13374	"TRIM24"	"+"	"FALSE"	""	-13374	"TRIM24"	"+"	"~"	"TRIM24"
"chr7"	142282545	142282545	1	"+"	"chr7+142282545"	1	1.12534041547568e-05	5098	"Polyclonal_50pct"	"sonic"	-10296	"TRY2P"	"-"	-10296	"TRY2P"	"-"	"FALSE"	""	-572468	"EPHB6"	"+"	""	"TRY2P"
"chr7"	14669369	14669369	1	"+"	"chr7+14669369"	1	1.12534041547568e-05	5098	"Polyclonal_50pct"	"sonic"	172081	"DGKB*"	"-"	172081	"DGKB"	"-"	"DGKB"	"-"	-677944	"ETV1"	"-"	"*"	"DGKB"
"chr7"	14670394	14670394	1	"+"	"chr7+14670394"	1	1.12534041547568e-05	5098	"Polyclonal_50pct"	"sonic"	171056	"DGKB*"	"-"	171056	"DGKB"	"-"	"DGKB"	"-"	-678969	"ETV1"	"-"	"*"	"DGKB"
"chr7"	146972474	146972474	1	"+"	"chr7+146972474"	1	1.12534041547568e-05	5098	"Polyclonal_50pct"	"sonic"	198204	"CNTNAP2*"	"+"	125135	"CNTNAP2-AS1"	"-"	"CNTNAP2"	"+"	-1725281	"CUL1"	"+"	"*"	"CNTNAP2"
"chr7"	147135653	147135653	1	"+"	"chr7+147135653"	1	1.12534041547568e-05	5098	"Polyclonal_50pct"	"sonic"	361383	"CNTNAP2*"	"+"	-38044	"CNTNAP2-AS1"	"-"	"CNTNAP2"	"+"	-1562102	"CUL1"	"+"	"*"	"CNTNAP2"
"chr7"	147820103	147820103	1	"+"	"chr7+147820103"	1	1.12534041547568e-05	5098	"Polyclonal_50pct"	"sonic"	-600893	"CNTNAP2*"	"+"	148425	"LOC105375556"	"+"	"CNTNAP2"	"+"	-877652	"CUL1"	"+"	"*"	"CNTNAP2"
"chr7"	147908906	147908906	1	"+"	"chr7+147908906"	1	1.12534041547568e-05	5098	"Polyclonal_50pct"	"sonic"	-512090	"CNTNAP2*"	"+"	237228	"LOC105375556"	"+"	"CNTNAP2"	"+"	-788849	"CUL1"	"+"	"*"	"CNTNAP2"
"chr7"	15338520	15338520	1	"+"	"chr7+15338520"	1	1.12534041547568e-05	5098	"Polyclonal_50pct"	"sonic"	-138204	"AGMO*"	"-"	223495	"AGMO"	"-"	"AGMO"	"-"	-1347095	"ETV1"	"-"	"*"	"AGMO"
"chr7"	17323579	17323579	1	"+"	"chr7+17323579"	1	1.12534041547568e-05	5098	"Polyclonal_50pct"	"sonic"	-22568	"AHR*"	"+"	24928	"AHR"	"+"	"AHR"	"+"	1794057	"TWIST1"	"-"	"*"	"AHR"
"chr7"	18609718	18609718	1	"+"	"chr7+18609718"	1	1.12534041547568e-05	5098	"Polyclonal_50pct"	"sonic"	-59125	"HDAC9*"	"+"	100449	"HDAC9"	"+"	"HDAC9"	"+"	507918	"TWIST1"	"-"	"*"	"HDAC9"
"chr7"	19162860	19162860	1	"+"	"chr7+19162860"	1	1.12534041547568e-05	5098	"Polyclonal_50pct"	"sonic"	-17439	"FERD3L"	"-"	-17439	"FERD3L"	"-"	"FALSE"	""	-45224	"TWIST1"	"-"	""	"FERD3L"
"chr7"	20285139	20285139	1	"+"	"chr7+20285139"	1	1.12534041547568e-05	5098	"Polyclonal_50pct"	"sonic"	-11568	"LOC101927769"	"+"	-11568	"LOC101927769"	"+"	"FALSE"	""	-330527	"ABCB5"	"+"	""	"LOC101927769"
"chr7"	23405682	23405682	1	"+"	"chr7+23405682"	1	1.12534041547568e-05	5098	"Polyclonal_50pct"	"sonic"	64809	"IGF2BP3*"	"-"	9237	"SNORD65C"	"+"	"IGF2BP3"	"-"	158908	"GPNMB"	"+"	"*"	"IGF2BP3"
"chr7"	2552865	2552865	1	"+"	"chr7+2552865"	1	1.12534041547568e-05	5098	"Polyclonal_50pct"	"sonic"	2659	"BRAT1~*"	"-"	2659	"BRAT1"	"-"	"BRAT1"	"-"	2659	"BRAT1"	"-"	"~*"	"BRAT1"
"chr7"	2753909	2753909	1	"+"	"chr7+2753909"	1	1.12534041547568e-05	5098	"Polyclonal_50pct"	"sonic"	9231	"GNA12*"	"-"	9231	"GNA12"	"-"	"AMZ1,GNA12"	"+,-"	9231	"GNA12"	"-"	"*"	"GNA12"
"chr7"	27760711	27760711	1	"+"	"chr7+27760711"	1	1.12534041547568e-05	5098	"Polyclonal_50pct"	"sonic"	20617	"TAX1BP1*"	"+"	20617	"TAX1BP1"	"+"	"TAX1BP1"	"+"	420084	"JAZF1"	"-"	"*"	"TAX1BP1"
"chr7"	29483517	29483517	1	"+"	"chr7+29483517"	1	1.12534041547568e-05	5098	"Polyclonal_50pct"	"sonic"	3806	"CHN2*"	"+"	-298	"CHN2"	"+"	"CHN2"	"+"	-544843	"PLEKHA8"	"+"	"*"	"CHN2"
"chr7"	32902632	32902632	1	"+"	"chr7+32902632"	1	1.12534041547568e-05	5098	"Polyclonal_50pct"	"sonic"	-10872	"KBTBD2"	"-"	-10872	"KBTBD2"	"-"	"FALSE"	""	-2423766	"NOD1"	"-"	""	"KBTBD2"
"chr7"	33017256	33017256	1	"+"	"chr7+33017256"	1	1.12534041547568e-05	5098	"Polyclonal_50pct"	"sonic"	-3127	"NT5C3A*"	"-"	23650	"NT5C3A"	"-"	"NT5C3A"	"-"	-2538390	"NOD1"	"-"	"*"	"NT5C3A"
"chr7"	36427752	36427752	1	"+"	"chr7+36427752"	1	1.12534041547568e-05	5098	"Polyclonal_50pct"	"sonic"	-26039	"ANLN~*"	"+"	-37395	"KIAA0895"	"-"	"ANLN"	"+"	37891	"ANLN"	"+"	"~*"	"ANLN"
"chr7"	39651003	39651003	1	"+"	"chr7+39651003"	1	1.12534041547568e-05	5098	"Polyclonal_50pct"	"sonic"	27432	"RALA~*"	"+"	27432	"RALA"	"+"	"RALA"	"+"	27432	"RALA"	"+"	"~*"	"RALA"
"chr7"	40024991	40024991	1	"+"	"chr7+40024991"	1	1.12534041547568e-05	5098	"Polyclonal_50pct"	"sonic"	-72143	"CDK13*"	"+"	74632	"CDK13"	"+"	"CDK13"	"+"	401420	"RALA"	"+"	"*"	"CDK13"
"chr7"	40125112	40125112	1	"+"	"chr7+40125112"	1	1.12534041547568e-05	5098	"Polyclonal_50pct"	"sonic"	914	"MPLKIP"	"-"	9510	"MPLKIP"	"-"	"FALSE"	""	501541	"RALA"	"+"	""	"MPLKIP"
"chr7"	40761196	40761196	1	"+"	"chr7+40761196"	1	1.12534041547568e-05	5098	"Polyclonal_50pct"	"sonic"	-99564	"SUGCT*"	"+"	218743	"LINC01450"	"-"	"SUGCT"	"+"	1137625	"RALA"	"+"	"*"	"SUGCT"
"chr7"	43144360	43144360	1	"+"	"chr7+43144360"	1	1.12534041547568e-05	5098	"Polyclonal_50pct"	"sonic"	-18827	"HECW1-IT1*"	"+"	-6534	"MIR3943"	"+"	"HECW1,HECW1-IT1"	"+"	-907151	"GLI3"	"-"	"*"	"HECW1-IT1"
"chr7"	43604952	43604952	1	"+"	"chr7+43604952"	1	1.12534041547568e-05	5098	"Polyclonal_50pct"	"sonic"	21845	"STK17A*"	"+"	21845	"STK17A"	"+"	"STK17A"	"+"	720642	"CAMK2B"	"-"	"*"	"STK17A"
"chr7"	44626885	44626885	1	"+"	"chr7+44626885"	1	1.12534041547568e-05	5098	"Polyclonal_50pct"	"sonic"	20259	"OGDH*"	"+"	20259	"OGDH"	"+"	"OGDH"	"+"	-301254	"CAMK2B"	"-"	"*"	"OGDH"
"chr7"	46093093	46093093	1	"+"	"chr7+46093093"	1	1.12534041547568e-05	5098	"Polyclonal_50pct"	"sonic"	-171821	"IGFBP3"	"-"	-171821	"IGFBP3"	"-"	"FALSE"	""	-171821	"IGFBP3"	"-"	""	"IGFBP3"
"chr7"	47112330	47112330	1	"+"	"chr7+47112330"	1	1.12534041547568e-05	5098	"Polyclonal_50pct"	"sonic"	162823	"TNS3"	"-"	352473	"SNORD151"	"-"	"FALSE"	""	867285	"HUS1"	"-"	""	"TNS3"
"chr7"	48063483	48063483	1	"+"	"chr7+48063483"	1	1.12534041547568e-05	5098	"Polyclonal_50pct"	"sonic"	2186	"C7orf57"	"+"	-25119	"UPP1"	"+"	"FALSE"	""	-83868	"HUS1"	"-"	""	"C7orf57"
"chr7"	52533930	52533930	1	"+"	"chr7+52533930"	1	1.12534041547568e-05	5098	"Polyclonal_50pct"	"sonic"	-501702	"POM121L12"	"+"	-501702	"POM121L12"	"+"	"FALSE"	""	-1740477	"GRB10"	"-"	""	"POM121L12"
"chr7"	6124534	6124534	1	"+"	"chr7+6124534"	1	1.12534041547568e-05	5098	"Polyclonal_50pct"	"sonic"	19586	"USP42*"	"+"	19586	"USP42"	"+"	"USP42"	"+"	-115428	"PMS2"	"-"	"*"	"USP42"
"chr7"	6184145	6184145	1	"+"	"chr7+6184145"	1	1.12534041547568e-05	5098	"Polyclonal_50pct"	"sonic"	-22365	"CYTH3*"	"-"	-12008	"CYTH3"	"-"	"CYTH3"	"-"	-175039	"PMS2"	"-"	"*"	"CYTH3"
"chr7"	64422920	64422920	1	"+"	"chr7+64422920"	1	1.12534041547568e-05	5098	"Polyclonal_50pct"	"sonic"	-10772	"YWHAEP1"	"+"	-10772	"YWHAEP1"	"+"	"FALSE"	""	-1652898	"ASL"	"+"	""	"YWHAEP1"
"chr7"	73465385	73465385	1	"+"	"chr7+73465385"	1	1.12534041547568e-05	5098	"Polyclonal_50pct"	"sonic"	-24979	"BAZ1B*"	"-"	31608	"FZD9"	"+"	"BAZ1B"	"-"	91851	"BCL7B"	"-"	"*"	"BAZ1B"
"chr7"	74167597	74167597	1	"+"	"chr7+74167597"	1	1.12534041547568e-05	5098	"Polyclonal_50pct"	"sonic"	-6758	"EIF4H"	"+"	-6758	"EIF4H"	"+"	"FALSE"	""	74381	"LIMK1"	"+"	""	"EIF4H"
"chr7"	74715021	74715021	1	"+"	"chr7+74715021"	1	1.12534041547568e-05	5098	"Polyclonal_50pct"	"sonic"	-2045	"GTF2I*"	"+"	13897	"LOC101926943"	"-"	"GTF2I,LOC101926943"	"+,-"	621805	"LIMK1"	"+"	"*"	"GTF2I"
"chr7"	74716788	74716788	1	"+"	"chr7+74716788"	1	1.12534041547568e-05	5098	"Polyclonal_50pct"	"sonic"	-278	"GTF2I*"	"+"	12130	"LOC101926943"	"-"	"GTF2I,LOC101926943"	"+,-"	623572	"LIMK1"	"+"	"*"	"GTF2I"
"chr7"	77179291	77179291	1	"+"	"chr7+77179291"	1	1.12534041547568e-05	5098	"Polyclonal_50pct"	"sonic"	56677	"CCDC146*"	"+"	20528	"FGL2"	"-"	"CCDC146"	"+"	698782	"DTX2"	"+"	"*"	"CCDC146"
"chr7"	7780771	7780771	1	"+"	"chr7+7780771"	1	1.12534041547568e-05	5098	"Polyclonal_50pct"	"sonic"	-98449	"UMAD1*"	"+"	-62164	"RPA3"	"-"	"UMAD1"	"+"	-244898	"COL28A1"	"-"	"*"	"UMAD1"
"chr7"	7787629	7787629	1	"+"	"chr7+7787629"	1	1.12534041547568e-05	5098	"Polyclonal_50pct"	"sonic"	-91591	"UMAD1*"	"+"	-69022	"RPA3"	"-"	"UMAD1"	"+"	-251756	"COL28A1"	"-"	"*"	"UMAD1"
"chr7"	79170481	79170481	1	"+"	"chr7+79170481"	1	1.12534041547568e-05	5098	"Polyclonal_50pct"	"sonic"	283186	"MAGI2*"	"-"	161494	"MAGI2-AS2"	"+"	"MAGI2"	"-"	2599566	"HGF"	"-"	"*"	"MAGI2"
"chr7"	79802547	79802547	1	"+"	"chr7+79802547"	1	1.12534041547568e-05	5098	"Polyclonal_50pct"	"sonic"	331339	"MAGI2-AS3"	"+"	-332283	"GNAI1"	"+"	"FALSE"	""	1967500	"HGF"	"-"	""	"MAGI2-AS3"
"chr7"	79837415	79837415	1	"+"	"chr7+79837415"	1	1.12534041547568e-05	5098	"Polyclonal_50pct"	"sonic"	-297415	"GNAI1"	"+"	-297415	"GNAI1"	"+"	"FALSE"	""	1932632	"HGF"	"-"	""	"GNAI1"
"chr7"	80010686	80010686	1	"+"	"chr7+80010686"	1	1.12534041547568e-05	5098	"Polyclonal_50pct"	"sonic"	-124144	"GNAI1"	"+"	-124144	"GNAI1"	"+"	"FALSE"	""	1759361	"HGF"	"-"	""	"GNAI1"
"chr7"	81202669	81202669	1	"+"	"chr7+81202669"	1	1.12534041547568e-05	5098	"Polyclonal_50pct"	"sonic"	-280280	"SEMA3C"	"-"	-280280	"SEMA3C"	"-"	"FALSE"	""	567378	"HGF"	"-"	""	"SEMA3C"
"chr7"	81604685	81604685	1	"+"	"chr7+81604685"	1	1.12534041547568e-05	5098	"Polyclonal_50pct"	"sonic"	21531	"LOC100128317*"	"-"	21531	"LOC100128317"	"-"	"LOC100128317"	"-"	165362	"HGF"	"-"	"*"	"LOC100128317"
"chr7"	81714559	81714559	1	"+"	"chr7+81714559"	1	1.12534041547568e-05	5098	"Polyclonal_50pct"	"sonic"	-15548	"HGF~*"	"-"	-23153	"LOC100128317"	"-"	"HGF"	"-"	55488	"HGF"	"-"	"~*"	"HGF"
"chr7"	81778812	81778812	1	"+"	"chr7+81778812"	1	1.12534041547568e-05	5098	"Polyclonal_50pct"	"sonic"	-8765	"HGF~"	"-"	-8765	"HGF"	"-"	"FALSE"	""	-8765	"HGF"	"-"	"~"	"HGF"
"chr7"	81837269	81837269	1	"+"	"chr7+81837269"	1	1.12534041547568e-05	5098	"Polyclonal_50pct"	"sonic"	-67222	"HGF"	"-"	-67222	"HGF"	"-"	"FALSE"	""	-67222	"HGF"	"-"	""	"HGF"
"chr7"	83700175	83700175	1	"+"	"chr7+83700175"	1	1.12534041547568e-05	5098	"Polyclonal_50pct"	"sonic"	-51036	"SEMA3E"	"-"	-51036	"SEMA3E"	"-"	"FALSE"	""	-1930128	"HGF"	"-"	""	"SEMA3E"
"chr7"	84276219	84276219	1	"+"	"chr7+84276219"	1	1.12534041547568e-05	5098	"Polyclonal_50pct"	"sonic"	-81430	"SEMA3A"	"-"	-81430	"SEMA3A"	"-"	"FALSE"	""	-2506172	"HGF"	"-"	""	"SEMA3A"
"chr7"	84709144	84709144	1	"+"	"chr7+84709144"	1	1.12534041547568e-05	5098	"Polyclonal_50pct"	"sonic"	124826	"LOC101927378"	"+"	176669	"LOC101927378"	"+"	"FALSE"	""	-2443216	"DMTF1"	"+"	""	"LOC101927378"
"chr7"	85340867	85340867	1	"+"	"chr7+85340867"	1	1.12534041547568e-05	5098	"Polyclonal_50pct"	"sonic"	-80254	"LINC00972"	"+"	-80254	"LINC00972"	"+"	"FALSE"	""	-1811493	"DMTF1"	"+"	""	"LINC00972"
"chr7"	85466494	85466494	1	"+"	"chr7+85466494"	1	1.12534041547568e-05	5098	"Polyclonal_50pct"	"sonic"	-22844	"LINC00972*"	"+"	45373	"LINC00972"	"+"	"LINC00972"	"+"	-1685866	"DMTF1"	"+"	"*"	"LINC00972"
"chr7"	85848528	85848528	1	"+"	"chr7+85848528"	1	1.12534041547568e-05	5098	"Polyclonal_50pct"	"sonic"	359190	"LINC00972"	"+"	427407	"LINC00972"	"+"	"FALSE"	""	-1303832	"DMTF1"	"+"	""	"LINC00972"
"chr7"	8975098	8975098	1	"+"	"chr7+8975098"	1	1.12534041547568e-05	5098	"Polyclonal_50pct"	"sonic"	222137	"NXPH1"	"+"	541490	"NXPH1"	"+"	"FALSE"	""	-1439225	"COL28A1"	"-"	""	"NXPH1"
"chr7"	93987505	93987505	1	"+"	"chr7+93987505"	1	1.12534041547568e-05	5098	"Polyclonal_50pct"	"sonic"	16850	"BET1*"	"-"	16850	"BET1"	"-"	"BET1"	"-"	-407389	"COL1A2"	"+"	"*"	"BET1"
"chr7"	94961489	94961489	1	"+"	"chr7+94961489"	1	1.12534041547568e-05	5098	"Polyclonal_50pct"	"sonic"	51592	"PPP1R9A*"	"+"	51592	"PPP1R9A"	"+"	"PPP1R9A"	"+"	305120	"PEG10"	"+"	"*"	"PPP1R9A"
"chr7"	9601822	9601822	1	"+"	"chr7+9601822"	1	1.12534041547568e-05	5098	"Polyclonal_50pct"	"sonic"	-32447	"PER3P1"	"+"	-32447	"PER3P1"	"+"	"FALSE"	""	-2065949	"COL28A1"	"-"	""	"PER3P1"
"chr7"	99083453	99083453	1	"+"	"chr7+99083453"	1	1.12534041547568e-05	5098	"Polyclonal_50pct"	"sonic"	-56014	"SMURF1*"	"-"	60655	"SMURF1"	"-"	"SMURF1"	"-"	-1155012	"ASNS"	"-"	"*"	"SMURF1"
"chr7"	100677568	100677568	1	"-"	"chr7-100677568"	1	1.12534041547568e-05	5098	"Polyclonal_50pct"	"sonic"	-1601	"GNB2*"	"+"	3829	"GNB2"	"+"	"GNB2"	"+"	-42899	"EPO"	"+"	"*"	"GNB2"
"chr7"	110499574	110499574	1	"-"	"chr7-110499574"	1	1.12534041547568e-05	5098	"Polyclonal_50pct"	"sonic"	163069	"IMMP2L"	"-"	-539361	"EIF3IP1"	"-"	"FALSE"	""	-2042854	"NRCAM"	"-"	""	"IMMP2L"
"chr7"	11079448	11079448	1	"-"	"chr7-11079448"	1	1.12534041547568e-05	5098	"Polyclonal_50pct"	"sonic"	-30873	"PHF14*"	"+"	105577	"PHF14"	"+"	"PHF14"	"+"	2907066	"ETV1"	"-"	"*"	"PHF14"
"chr7"	111621844	111621844	1	"-"	"chr7-111621844"	1	1.12534041547568e-05	5098	"Polyclonal_50pct"	"sonic"	-59352	"IMMP2L"	"-"	-59352	"IMMP2L"	"-"	"FALSE"	""	-3165124	"NRCAM"	"-"	""	"IMMP2L"
"chr7"	11167706	11167706	1	"-"	"chr7-11167706"	1	1.12534041547568e-05	5098	"Polyclonal_50pct"	"sonic"	-1911	"PHF14*"	"+"	193835	"PHF14"	"+"	"PHF14"	"+"	2818808	"ETV1"	"-"	"*"	"PHF14"
"chr7"	111694781	111694781	1	"-"	"chr7-111694781"	1	1.12534041547568e-05	5098	"Polyclonal_50pct"	"sonic"	31328	"DOCK4"	"-"	-113723	"DOCK4-AS1"	"+"	"FALSE"	""	-3238061	"NRCAM"	"-"	""	"DOCK4"
"chr7"	112899770	112899770	1	"-"	"chr7-112899770"	1	1.12534041547568e-05	5098	"Polyclonal_50pct"	"sonic"	40105	"BMT2*"	"-"	40105	"BMT2"	"-"	"BMT2"	"-"	-3625238	"CAV1"	"+"	"*"	"BMT2"
"chr7"	113865925	113865925	1	"-"	"chr7-113865925"	1	1.12534041547568e-05	5098	"Polyclonal_50pct"	"sonic"	10851	"PPP1R3A"	"-"	53084	"PPP1R3A"	"-"	"FALSE"	""	-2659083	"CAV1"	"+"	""	"PPP1R3A"
"chr7"	115461997	115461997	1	"-"	"chr7-115461997"	1	1.12534041547568e-05	5098	"Polyclonal_50pct"	"sonic"	119317	"SNORA25B"	"-"	119444	"SNORA25B"	"-"	"FALSE"	""	-1063011	"CAV1"	"+"	""	"SNORA25B"
"chr7"	115744978	115744978	1	"-"	"chr7-115744978"	1	1.12534041547568e-05	5098	"Polyclonal_50pct"	"sonic"	-163537	"SNORA25B"	"-"	-163537	"SNORA25B"	"-"	"FALSE"	""	-780030	"CAV1"	"+"	""	"SNORA25B"
"chr7"	116031765	116031765	1	"-"	"chr7-116031765"	1	1.12534041547568e-05	5098	"Polyclonal_50pct"	"sonic"	-1002	"TFEC"	"-"	-1002	"TFEC"	"-"	"FALSE"	""	-493243	"CAV1"	"+"	""	"TFEC"
"chr7"	11627379	11627379	1	"-"	"chr7-11627379"	1	1.12534041547568e-05	5098	"Polyclonal_50pct"	"sonic"	204819	"THSD7A*"	"-"	204819	"THSD7A"	"-"	"THSD7A"	"-"	2359135	"ETV1"	"-"	"*"	"THSD7A"
"chr7"	117019605	117019605	1	"-"	"chr7-117019605"	1	1.12534041547568e-05	5098	"Polyclonal_50pct"	"sonic"	4694	"ST7*"	"+"	-605	"MIR6132"	"+"	"ST7"	"+"	303453	"WNT2"	"-"	"*"	"ST7"
"chr7"	117163826	117163826	1	"-"	"chr7-117163826"	1	1.12534041547568e-05	5098	"Polyclonal_50pct"	"sonic"	-60081	"ST7*"	"+"	-18234	"ST7-AS2"	"-"	"ST7"	"+"	159232	"WNT2"	"-"	"*"	"ST7"
"chr7"	117589283	117589283	1	"-"	"chr7-117589283"	1	1.12534041547568e-05	5098	"Polyclonal_50pct"	"sonic"	-79381	"CFTR*"	"+"	-24607	"CFTR-AS1"	"-"	"CFTR"	"+"	-266225	"WNT2"	"-"	"*"	"CFTR"
"chr7"	118531305	118531305	1	"-"	"chr7-118531305"	1	1.12534041547568e-05	5098	"Polyclonal_50pct"	"sonic"	288575	"ANKRD7"	"+"	306602	"ANKRD7"	"+"	"FALSE"	""	-1208247	"WNT2"	"-"	""	"ANKRD7"
"chr7"	118669718	118669718	1	"-"	"chr7-118669718"	1	1.12534041547568e-05	5098	"Polyclonal_50pct"	"sonic"	426988	"ANKRD7"	"+"	445015	"ANKRD7"	"+"	"FALSE"	""	-1346660	"WNT2"	"-"	""	"ANKRD7"
"chr7"	118709537	118709537	1	"-"	"chr7-118709537"	1	1.12534041547568e-05	5098	"Polyclonal_50pct"	"sonic"	466807	"ANKRD7"	"+"	484834	"ANKRD7"	"+"	"FALSE"	""	-1386479	"WNT2"	"-"	""	"ANKRD7"
"chr7"	118829177	118829177	1	"-"	"chr7-118829177"	1	1.12534041547568e-05	5098	"Polyclonal_50pct"	"sonic"	586447	"ANKRD7"	"+"	604474	"ANKRD7"	"+"	"FALSE"	""	-1506119	"WNT2"	"-"	""	"ANKRD7"
"chr7"	119921438	119921438	1	"-"	"chr7-119921438"	1	1.12534041547568e-05	5098	"Polyclonal_50pct"	"sonic"	-14063	"LINC02476"	"-"	-14063	"LINC02476"	"-"	"FALSE"	""	-1029338	"ING3"	"+"	""	"LINC02476"
"chr7"	120389671	120389671	1	"-"	"chr7-120389671"	1	1.12534041547568e-05	5098	"Polyclonal_50pct"	"sonic"	116497	"KCND2*"	"+"	116497	"KCND2"	"+"	"KCND2"	"+"	-561105	"ING3"	"+"	"*"	"KCND2"
"chr7"	121063777	121063777	1	"-"	"chr7-121063777"	1	1.12534041547568e-05	5098	"Polyclonal_50pct"	"sonic"	74387	"CPED1*"	"+"	74387	"CPED1"	"+"	"CPED1"	"+"	113001	"ING3"	"+"	"*"	"CPED1"
"chr7"	121536624	121536624	1	"-"	"chr7-121536624"	1	1.12534041547568e-05	5098	"Polyclonal_50pct"	"sonic"	-140256	"FAM3C"	"-"	-140256	"FAM3C"	"-"	"FALSE"	""	585848	"ING3"	"+"	""	"FAM3C"
"chr7"	121637851	121637851	1	"-"	"chr7-121637851"	1	1.12534041547568e-05	5098	"Polyclonal_50pct"	"sonic"	-235309	"PTPRZ1"	"+"	-235309	"PTPRZ1"	"+"	"FALSE"	""	687075	"ING3"	"+"	""	"PTPRZ1"
"chr7"	121673941	121673941	1	"-"	"chr7-121673941"	1	1.12534041547568e-05	5098	"Polyclonal_50pct"	"sonic"	-199219	"PTPRZ1"	"+"	-199219	"PTPRZ1"	"+"	"FALSE"	""	723165	"ING3"	"+"	""	"PTPRZ1"
"chr7"	121751854	121751854	1	"-"	"chr7-121751854"	1	1.12534041547568e-05	5098	"Polyclonal_50pct"	"sonic"	-121306	"PTPRZ1"	"+"	-121306	"PTPRZ1"	"+"	"FALSE"	""	801078	"ING3"	"+"	""	"PTPRZ1"
"chr7"	123123464	123123464	1	"-"	"chr7-123123464"	1	1.12534041547568e-05	5098	"Polyclonal_50pct"	"sonic"	-9931	"SLC13A1*"	"-"	76505	"SLC13A1"	"-"	"SLC13A1"	"-"	-236705	"CADPS2"	"-"	"*"	"SLC13A1"
"chr7"	123941678	123941678	1	"-"	"chr7-123941678"	1	1.12534041547568e-05	5098	"Polyclonal_50pct"	"sonic"	15824	"SPAM1~*"	"+"	15824	"SPAM1"	"+"	"SPAM1"	"+"	15824	"SPAM1"	"+"	"~*"	"SPAM1"
"chr7"	124426748	124426748	1	"-"	"chr7-124426748"	1	1.12534041547568e-05	5098	"Polyclonal_50pct"	"sonic"	-74652	"LOC101928211"	"-"	-74652	"LOC101928211"	"-"	"FALSE"	""	500894	"SPAM1"	"+"	""	"LOC101928211"
"chr7"	124571360	124571360	1	"-"	"chr7-124571360"	1	1.12534041547568e-05	5098	"Polyclonal_50pct"	"sonic"	172524	"GPR37"	"-"	194432	"GPR37"	"-"	"FALSE"	""	645506	"SPAM1"	"+"	""	"GPR37"
"chr7"	124595432	124595432	1	"-"	"chr7-124595432"	1	1.12534041547568e-05	5098	"Polyclonal_50pct"	"sonic"	148452	"GPR37"	"-"	170360	"GPR37"	"-"	"FALSE"	""	669578	"SPAM1"	"+"	""	"GPR37"
"chr7"	12486606	12486606	1	"-"	"chr7-12486606"	1	1.12534041547568e-05	5098	"Polyclonal_50pct"	"sonic"	-9822	"LOC102725191"	"+"	-9822	"LOC102725191"	"+"	"FALSE"	""	1499908	"ETV1"	"-"	""	"LOC102725191"
"chr7"	125520508	125520508	1	"-"	"chr7-125520508"	1	1.12534041547568e-05	5098	"Polyclonal_50pct"	"sonic"	141187	"LOC101928283"	"+"	-256217	"LOC101928254"	"-"	"FALSE"	""	1594654	"SPAM1"	"+"	""	"LOC101928283"
"chr7"	126744499	126744499	1	"-"	"chr7-126744499"	1	1.12534041547568e-05	5098	"Polyclonal_50pct"	"sonic"	-44433	"GRM8*"	"-"	313685	"MIR592"	"-"	"GRM8"	"-"	-2444133	"SMO"	"+"	"*"	"GRM8"
"chr7"	127733610	127733610	1	"-"	"chr7-127733610"	1	1.12534041547568e-05	5098	"Polyclonal_50pct"	"sonic"	81417	"SND1*"	"+"	81417	"SND1"	"+"	"SND1"	"+"	-1455022	"SMO"	"+"	"*"	"SND1"
"chr7"	129669495	129669495	1	"-"	"chr7-129669495"	1	1.12534041547568e-05	5098	"Polyclonal_50pct"	"sonic"	39418	"NRF1~*"	"+"	39418	"NRF1"	"+"	"NRF1"	"+"	39418	"NRF1"	"+"	"~*"	"NRF1"
"chr7"	131405539	131405539	1	"-"	"chr7-131405539"	1	1.12534041547568e-05	5098	"Polyclonal_50pct"	"sonic"	77664	"MKLN1*"	"+"	77664	"MKLN1"	"+"	"MKLN1"	"+"	-528729	"MIR29A"	"-"	"*"	"MKLN1"
"chr7"	135953609	135953609	1	"-"	"chr7-135953609"	1	1.12534041547568e-05	5098	"Polyclonal_50pct"	"sonic"	23750	"MTPN,LUZP6*"	"-"	23750	"MTPN,LUZP6"	"-"	"MTPN,LUZP6"	"-"	1315246	"PTN"	"-"	"*"	"MTPN,LUZP6"
"chr7"	13615110	13615110	1	"-"	"chr7-13615110"	1	1.12534041547568e-05	5098	"Polyclonal_50pct"	"sonic"	276120	"ETV1"	"-"	371404	"ETV1"	"-"	"FALSE"	""	371404	"ETV1"	"-"	""	"ETV1"
"chr7"	13746532	13746532	1	"-"	"chr7-13746532"	1	1.12534041547568e-05	5098	"Polyclonal_50pct"	"sonic"	144698	"ETV1"	"-"	239982	"ETV1"	"-"	"FALSE"	""	239982	"ETV1"	"-"	""	"ETV1"
"chr7"	138526371	138526371	1	"-"	"chr7-138526371"	1	1.12534041547568e-05	5098	"Polyclonal_50pct"	"sonic"	-63625	"TRIM24~*"	"+"	66113	"TRIM24"	"+"	"TRIM24"	"+"	66113	"TRIM24"	"+"	"~*"	"TRIM24"
"chr7"	140378420	140378420	1	"-"	"chr7-140378420"	1	1.12534041547568e-05	5098	"Polyclonal_50pct"	"sonic"	20110	"SLC37A3*"	"-"	20110	"SLC37A3"	"-"	"SLC37A3"	"-"	545848	"BRAF"	"-"	"*"	"SLC37A3"
"chr7"	145549863	145549863	1	"-"	"chr7-145549863"	1	1.12534041547568e-05	5098	"Polyclonal_50pct"	"sonic"	-713810	"TPK1"	"-"	-713810	"TPK1"	"-"	"FALSE"	""	-713810	"TPK1"	"-"	""	"TPK1"
"chr7"	145580465	145580465	1	"-"	"chr7-145580465"	1	1.12534041547568e-05	5098	"Polyclonal_50pct"	"sonic"	-744412	"TPK1"	"-"	-744412	"TPK1"	"-"	"FALSE"	""	-744412	"TPK1"	"-"	""	"TPK1"
"chr7"	145624589	145624589	1	"-"	"chr7-145624589"	1	1.12534041547568e-05	5098	"Polyclonal_50pct"	"sonic"	-788536	"TPK1"	"-"	-788536	"TPK1"	"-"	"FALSE"	""	-788536	"TPK1"	"-"	""	"TPK1"
"chr7"	145651676	145651676	1	"-"	"chr7-145651676"	1	1.12534041547568e-05	5098	"Polyclonal_50pct"	"sonic"	-815623	"TPK1"	"-"	-815623	"TPK1"	"-"	"FALSE"	""	-815623	"TPK1"	"-"	""	"TPK1"
"chr7"	146572873	146572873	1	"-"	"chr7-146572873"	1	1.12534041547568e-05	5098	"Polyclonal_50pct"	"sonic"	-201397	"CNTNAP2"	"+"	-201397	"CNTNAP2"	"+"	"FALSE"	""	-1736820	"TPK1"	"-"	""	"CNTNAP2"
"chr7"	147124860	147124860	1	"-"	"chr7-147124860"	1	1.12534041547568e-05	5098	"Polyclonal_50pct"	"sonic"	350590	"CNTNAP2*"	"+"	-27251	"CNTNAP2-AS1"	"-"	"CNTNAP2"	"+"	-1572895	"CUL1"	"+"	"*"	"CNTNAP2"
"chr7"	147280902	147280902	1	"-"	"chr7-147280902"	1	1.12534041547568e-05	5098	"Polyclonal_50pct"	"sonic"	506632	"CNTNAP2*"	"+"	97219	"MIR548F4"	"-"	"CNTNAP2"	"+"	-1416853	"CUL1"	"+"	"*"	"CNTNAP2"
"chr7"	15026024	15026024	1	"-"	"chr7-15026024"	1	1.12534041547568e-05	5098	"Polyclonal_50pct"	"sonic"	-51166	"DGKB"	"-"	-51166	"DGKB"	"-"	"FALSE"	""	-1034599	"ETV1"	"-"	""	"DGKB"
"chr7"	155721976	155721976	1	"-"	"chr7-155721976"	1	1.12534041547568e-05	5098	"Polyclonal_50pct"	"sonic"	-59504	"RBM33*"	"+"	77316	"RBM33"	"+"	"RBM33"	"+"	87187	"SHH"	"-"	"*"	"RBM33"
"chr7"	156531131	156531131	1	"-"	"chr7-156531131"	1	1.12534041547568e-05	5098	"Polyclonal_50pct"	"sonic"	-59033	"LINC01006*"	"-"	-9359	"LINC00244"	"+"	"LINC01006"	"-"	478304	"MNX1"	"-"	"*"	"LINC01006"
"chr7"	157200017	157200017	1	"-"	"chr7-157200017"	1	1.12534041547568e-05	5098	"Polyclonal_50pct"	"sonic"	61092	"UBE3C*"	"+"	61092	"UBE3C"	"+"	"UBE3C"	"+"	-189354	"MNX1"	"-"	"*"	"UBE3C"
"chr7"	15830877	15830877	1	"-"	"chr7-15830877"	1	1.12534041547568e-05	5098	"Polyclonal_50pct"	"sonic"	133985	"LINC02587"	"+"	142500	"LINC02587"	"+"	"FALSE"	""	-1839452	"ETV1"	"-"	""	"LINC02587"
"chr7"	158900442	158900442	1	"-"	"chr7-158900442"	1	1.12534041547568e-05	5098	"Polyclonal_50pct"	"sonic"	43885	"DYNC2I1*"	"+"	43885	"DYNC2I1"	"+"	"DYNC2I1"	"+"	-1889779	"MNX1"	"-"	"*"	"DYNC2I1"
"chr7"	159245728	159245728	1	"-"	"chr7-159245728"	1	1.12534041547568e-05	5098	"Polyclonal_50pct"	"sonic"	-100771	"VIPR2"	"-"	-100771	"VIPR2"	"-"	"FALSE"	""	-2235065	"MNX1"	"-"	""	"VIPR2"
"chr7"	16360911	16360911	1	"-"	"chr7-16360911"	1	1.12534041547568e-05	5098	"Polyclonal_50pct"	"sonic"	60627	"CRPPA*"	"-"	60627	"CRPPA"	"-"	"CRPPA"	"-"	-2369486	"ETV1"	"-"	"*"	"CRPPA"
"chr7"	16579746	16579746	1	"-"	"chr7-16579746"	1	1.12534041547568e-05	5098	"Polyclonal_50pct"	"sonic"	-1822	"LRRC72*"	"+"	52922	"LRRC72"	"+"	"LRRC72"	"+"	2537890	"TWIST1"	"-"	"*"	"LRRC72"
"chr7"	16580345	16580345	1	"-"	"chr7-16580345"	1	1.12534041547568e-05	5098	"Polyclonal_50pct"	"sonic"	-1223	"LRRC72*"	"+"	53521	"LRRC72"	"+"	"LRRC72"	"+"	2537291	"TWIST1"	"-"	"*"	"LRRC72"
"chr7"	19067111	19067111	1	"-"	"chr7-19067111"	1	1.12534041547568e-05	5098	"Polyclonal_50pct"	"sonic"	45936	"TWIST1~"	"-"	50525	"TWIST1"	"-"	"FALSE"	""	50525	"TWIST1"	"-"	"~"	"TWIST1"
"chr7"	20444368	20444368	1	"-"	"chr7-20444368"	1	1.12534041547568e-05	5098	"Polyclonal_50pct"	"sonic"	28614	"ITGB8"	"+"	-112606	"LOC101927811"	"-"	"FALSE"	""	-171298	"ABCB5"	"+"	""	"ITGB8"
"chr7"	23134732	23134732	1	"-"	"chr7-23134732"	1	1.12534041547568e-05	5098	"Polyclonal_50pct"	"sonic"	28072	"KLHL7*"	"+"	28072	"KLHL7"	"+"	"KLHL7"	"+"	-112042	"GPNMB"	"+"	"*"	"KLHL7"
"chr7"	23442889	23442889	1	"-"	"chr7-23442889"	1	1.12534041547568e-05	5098	"Polyclonal_50pct"	"sonic"	27602	"IGF2BP3*"	"-"	27602	"IGF2BP3"	"-"	"IGF2BP3"	"-"	196115	"GPNMB"	"+"	"*"	"IGF2BP3"
"chr7"	23556841	23556841	1	"-"	"chr7-23556841"	1	1.12534041547568e-05	5098	"Polyclonal_50pct"	"sonic"	-24800	"TRA2A"	"-"	-24800	"TRA2A"	"-"	"FALSE"	""	310067	"GPNMB"	"+"	""	"TRA2A"
"chr7"	23803439	23803439	1	"-"	"chr7-23803439"	1	1.12534041547568e-05	5098	"Polyclonal_50pct"	"sonic"	-29072	"STK31*"	"+"	93221	"STK31"	"+"	"STK31"	"+"	-480750	"NPY"	"+"	"*"	"STK31"
"chr7"	27041937	27041937	1	"-"	"chr7-27041937"	1	1.12534041547568e-05	5098	"Polyclonal_50pct"	"sonic"	51057	"HOXA1"	"-"	54063	"HOXA1"	"-"	"FALSE"	""	71905	"HOXA3"	"-"	""	"HOXA1"
"chr7"	28943553	28943553	1	"-"	"chr7-28943553"	1	1.12534041547568e-05	5098	"Polyclonal_50pct"	"sonic"	9804	"TRIL"	"-"	14777	"TRIL"	"-"	"FALSE"	""	-762758	"JAZF1"	"-"	""	"TRIL"
"chr7"	29551815	29551815	1	"-"	"chr7-29551815"	1	1.12534041547568e-05	5098	"Polyclonal_50pct"	"sonic"	-12019	"PRR15"	"+"	-12019	"PRR15"	"+"	"FALSE"	""	-476545	"PLEKHA8"	"+"	""	"PRR15"
"chr7"	35853922	35853922	1	"-"	"chr7-35853922"	1	1.12534041547568e-05	5098	"Polyclonal_50pct"	"sonic"	-51385	"SEPTIN7*"	"+"	52704	"SEPTIN7"	"+"	"SEPTIN7"	"+"	-535939	"ANLN"	"+"	"*"	"SEPTIN7"
"chr7"	38884820	38884820	1	"-"	"chr7-38884820"	1	1.12534041547568e-05	5098	"Polyclonal_50pct"	"sonic"	24371	"VPS41*"	"-"	24371	"VPS41"	"-"	"VPS41"	"-"	-93088	"POU6F2"	"+"	"*"	"VPS41"
"chr7"	43573385	43573385	1	"-"	"chr7-43573385"	1	1.12534041547568e-05	5098	"Polyclonal_50pct"	"sonic"	7384	"HECW1"	"+"	-9722	"STK17A"	"+"	"FALSE"	""	752209	"CAMK2B"	"-"	""	"HECW1"
"chr7"	44618197	44618197	1	"-"	"chr7-44618197"	1	1.12534041547568e-05	5098	"Polyclonal_50pct"	"sonic"	11571	"OGDH*"	"+"	11571	"OGDH"	"+"	"OGDH"	"+"	-292566	"CAMK2B"	"-"	"*"	"OGDH"
"chr7"	45356882	45356882	1	"-"	"chr7-45356882"	1	1.12534041547568e-05	5098	"Polyclonal_50pct"	"sonic"	172632	"RAMP3"	"+"	199092	"RAMP3"	"+"	"FALSE"	""	-531605	"IGFBP1"	"+"	""	"RAMP3"
"chr7"	45745788	45745788	1	"-"	"chr7-45745788"	1	1.12534041547568e-05	5098	"Polyclonal_50pct"	"sonic"	-22002	"SEPTIN7P2*"	"-"	23230	"SEPTIN7P2"	"-"	"SEPTIN7P2"	"-"	-142699	"IGFBP1"	"+"	"*"	"SEPTIN7P2"
"chr7"	49326533	49326533	1	"-"	"chr7-49326533"	1	1.12534041547568e-05	5098	"Polyclonal_50pct"	"sonic"	399079	"CDC14C"	"+"	401987	"CDC14C"	"+"	"FALSE"	""	-977530	"IKZF1"	"+"	""	"CDC14C"
"chr7"	49635137	49635137	1	"-"	"chr7-49635137"	1	1.12534041547568e-05	5098	"Polyclonal_50pct"	"sonic"	-138500	"VWC2"	"+"	-138500	"VWC2"	"+"	"FALSE"	""	-668926	"IKZF1"	"+"	""	"VWC2"
"chr7"	49694623	49694623	1	"-"	"chr7-49694623"	1	1.12534041547568e-05	5098	"Polyclonal_50pct"	"sonic"	-79014	"VWC2"	"+"	-79014	"VWC2"	"+"	"FALSE"	""	-609440	"IKZF1"	"+"	""	"VWC2"
"chr7"	52720763	52720763	1	"-"	"chr7-52720763"	1	1.12534041547568e-05	5098	"Polyclonal_50pct"	"sonic"	-314869	"POM121L12"	"+"	-314869	"POM121L12"	"+"	"FALSE"	""	-1927310	"GRB10"	"-"	""	"POM121L12"
"chr7"	53680009	53680009	1	"-"	"chr7-53680009"	1	1.12534041547568e-05	5098	"Polyclonal_50pct"	"sonic"	-24501	"LINC01446*"	"-"	131922	"LINC01446"	"-"	"LINC01446"	"-"	-1339007	"EGFR"	"+"	"*"	"LINC01446"
"chr7"	53870596	53870596	1	"-"	"chr7-53870596"	1	1.12534041547568e-05	5098	"Polyclonal_50pct"	"sonic"	-58665	"LINC01446"	"-"	-58665	"LINC01446"	"-"	"FALSE"	""	-1148420	"EGFR"	"+"	""	"LINC01446"
"chr7"	53952378	53952378	1	"-"	"chr7-53952378"	1	1.12534041547568e-05	5098	"Polyclonal_50pct"	"sonic"	-140447	"LINC01446"	"-"	-140447	"LINC01446"	"-"	"FALSE"	""	-1066638	"EGFR"	"+"	""	"LINC01446"
"chr7"	54625178	54625178	1	"-"	"chr7-54625178"	1	1.12534041547568e-05	5098	"Polyclonal_50pct"	"sonic"	53452	"VSTM2A-OT1"	"+"	68209	"VSTM2A-OT1"	"+"	"FALSE"	""	-393838	"EGFR"	"+"	""	"VSTM2A-OT1"
"chr7"	5739743	5739743	1	"-"	"chr7-5739743"	1	1.12534041547568e-05	5098	"Polyclonal_50pct"	"sonic"	41920	"RNF216~*"	"-"	-27833	"MIR6874"	"-"	"RNF216"	"-"	41920	"RNF216"	"-"	"~*"	"RNF216"
"chr7"	5747480	5747480	1	"-"	"chr7-5747480"	1	1.12534041547568e-05	5098	"Polyclonal_50pct"	"sonic"	34183	"RNF216~*"	"-"	34183	"RNF216"	"-"	"RNF216"	"-"	34183	"RNF216"	"-"	"~*"	"RNF216"
"chr7"	57857625	57857625	1	"-"	"chr7-57857625"	1	1.12534041547568e-05	5098	"Polyclonal_50pct"	"sonic"	384066	"ZNF716"	"+"	407449	"ZNF716"	"+"	"FALSE"	""	2747787	"EGFR"	"+"	""	"ZNF716"
"chr7"	67628182	67628182	1	"-"	"chr7-67628182"	1	1.12534041547568e-05	5098	"Polyclonal_50pct"	"sonic"	288156	"LINC01372"	"+"	292207	"LINC01372"	"+"	"FALSE"	""	-632596	"SBDS"	"-"	""	"LINC01372"
"chr7"	70749357	70749357	1	"-"	"chr7-70749357"	1	1.12534041547568e-05	5098	"Polyclonal_50pct"	"sonic"	-44149	"AUTS2*"	"+"	-382786	"GALNT17"	"+"	"AUTS2"	"+"	2807879	"BCL7B"	"-"	"*"	"AUTS2"
"chr7"	74242588	74242588	1	"-"	"chr7-74242588"	1	1.12534041547568e-05	5098	"Polyclonal_50pct"	"sonic"	-11087	"RFC2*"	"-"	11811	"RFC2"	"-"	"RFC2"	"-"	149372	"LIMK1"	"+"	"*"	"RFC2"
"chr7"	78507389	78507389	1	"-"	"chr7-78507389"	1	1.12534041547568e-05	5098	"Polyclonal_50pct"	"sonic"	-490335	"MAGI2*"	"-"	160148	"RPL13AP17"	"+"	"MAGI2"	"-"	2026880	"DTX2"	"+"	"*"	"MAGI2"
"chr7"	79846100	79846100	1	"-"	"chr7-79846100"	1	1.12534041547568e-05	5098	"Polyclonal_50pct"	"sonic"	-288730	"GNAI1"	"+"	-288730	"GNAI1"	"+"	"FALSE"	""	1923947	"HGF"	"-"	""	"GNAI1"
"chr7"	81508914	81508914	1	"-"	"chr7-81508914"	1	1.12534041547568e-05	5098	"Polyclonal_50pct"	"sonic"	6832	"LOC105369146"	"-"	52905	"LOC105369146"	"-"	"FALSE"	""	261133	"HGF"	"-"	""	"LOC105369146"
"chr7"	81682412	81682412	1	"-"	"chr7-81682412"	1	1.12534041547568e-05	5098	"Polyclonal_50pct"	"sonic"	8994	"LOC100128317*"	"-"	8994	"LOC100128317"	"-"	"LOC100128317"	"-"	87635	"HGF"	"-"	"*"	"LOC100128317"
"chr7"	81984671	81984671	1	"-"	"chr7-81984671"	1	1.12534041547568e-05	5098	"Polyclonal_50pct"	"sonic"	-38228	"CACNA2D1*"	"-"	-24505	"CACNA2D1-AS1"	"+"	"CACNA2D1"	"-"	-214624	"HGF"	"-"	"*"	"CACNA2D1"
"chr7"	82147954	82147954	1	"-"	"chr7-82147954"	1	1.12534041547568e-05	5098	"Polyclonal_50pct"	"sonic"	-97615	"CACNA2D1*"	"-"	138778	"CACNA2D1-AS1"	"+"	"CACNA2D1"	"-"	-377907	"HGF"	"-"	"*"	"CACNA2D1"
"chr7"	82998100	82998100	1	"-"	"chr7-82998100"	1	1.12534041547568e-05	5098	"Polyclonal_50pct"	"sonic"	164784	"PCLO*"	"-"	164784	"PCLO"	"-"	"PCLO"	"-"	-1228053	"HGF"	"-"	"*"	"PCLO"
"chr7"	83444448	83444448	1	"-"	"chr7-83444448"	1	1.12534041547568e-05	5098	"Polyclonal_50pct"	"sonic"	-80543	"SEMA3E*"	"-"	196983	"SEMA3E"	"-"	"SEMA3E"	"-"	-1674401	"HGF"	"-"	"*"	"SEMA3E"
"chr7"	83624186	83624186	1	"-"	"chr7-83624186"	1	1.12534041547568e-05	5098	"Polyclonal_50pct"	"sonic"	17245	"SEMA3E*"	"-"	17245	"SEMA3E"	"-"	"SEMA3E"	"-"	-1854139	"HGF"	"-"	"*"	"SEMA3E"
"chr7"	84378756	84378756	1	"-"	"chr7-84378756"	1	1.12534041547568e-05	5098	"Polyclonal_50pct"	"sonic"	-153719	"LOC101927378"	"+"	-153719	"LOC101927378"	"+"	"FALSE"	""	-2608709	"HGF"	"-"	""	"LOC101927378"
"chr7"	85934905	85934905	1	"-"	"chr7-85934905"	1	1.12534041547568e-05	5098	"Polyclonal_50pct"	"sonic"	445567	"LINC00972"	"+"	513784	"LINC00972"	"+"	"FALSE"	""	-1217455	"DMTF1"	"+"	""	"LINC00972"
"chr7"	8689165	8689165	1	"-"	"chr7-8689165"	1	1.12534041547568e-05	5098	"Polyclonal_50pct"	"sonic"	-63796	"NXPH1*"	"+"	255557	"NXPH1"	"+"	"NXPH1"	"+"	-1153292	"COL28A1"	"-"	"*"	"NXPH1"
"chr7"	86900752	86900752	1	"-"	"chr7-86900752"	1	1.12534041547568e-05	5098	"Polyclonal_50pct"	"sonic"	-23847	"ELAPOR2*"	"-"	65147	"ELAPOR2"	"-"	"ELAPOR2"	"-"	-251608	"DMTF1"	"+"	"*"	"ELAPOR2"
"chr7"	87095415	87095415	1	"-"	"chr7-87095415"	1	1.12534041547568e-05	5098	"Polyclonal_50pct"	"sonic"	-35761	"ELAPOR2"	"-"	-35761	"ELAPOR2"	"-"	"FALSE"	""	-56945	"DMTF1"	"+"	""	"ELAPOR2"
"chr7"	87193671	87193671	1	"-"	"chr7-87193671"	1	1.12534041547568e-05	5098	"Polyclonal_50pct"	"sonic"	-2654	"DMTF1~*"	"+"	26061	"TMEM243"	"-"	"DMTF1"	"+"	41118	"DMTF1"	"+"	"~*"	"DMTF1"
"chr7"	89024629	89024629	1	"-"	"chr7-89024629"	1	1.12534041547568e-05	5098	"Polyclonal_50pct"	"sonic"	264930	"ZNF804B*"	"+"	-228892	"TEX47"	"-"	"ZNF804B"	"+"	-797636	"SRI"	"-"	"*"	"ZNF804B"
"chr7"	89209987	89209987	1	"-"	"chr7-89209987"	1	1.12534041547568e-05	5098	"Polyclonal_50pct"	"sonic"	-128541	"ZNF804B*"	"+"	-414250	"TEX47"	"-"	"ZNF804B"	"+"	-944481	"STEAP1"	"+"	"*"	"ZNF804B"
"chr7"	89368297	89368297	1	"-"	"chr7-89368297"	1	1.12534041547568e-05	5098	"Polyclonal_50pct"	"sonic"	29769	"ZNF804B"	"+"	-572560	"TEX47"	"-"	"FALSE"	""	-786171	"STEAP1"	"+"	""	"ZNF804B"
"chr7"	91899453	91899453	1	"-"	"chr7-91899453"	1	1.12534041547568e-05	5098	"Polyclonal_50pct"	"sonic"	-18751	"MTERF1"	"-"	-18751	"MTERF1"	"-"	"FALSE"	""	-41408	"AKAP9"	"+"	""	"MTERF1"
"chr7"	92821840	92821840	1	"-"	"chr7-92821840"	1	1.12534041547568e-05	5098	"Polyclonal_50pct"	"sonic"	12119	"CDK6~*"	"-"	12119	"CDK6"	"-"	"CDK6"	"-"	12119	"CDK6"	"-"	"~*"	"CDK6"
"chr7"	93384245	93384245	1	"-"	"chr7-93384245"	1	1.12534041547568e-05	5098	"Polyclonal_50pct"	"sonic"	23122	"VPS50"	"+"	98610	"MIR653"	"-"	"FALSE"	""	175565	"CALCR"	"-"	""	"VPS50"
"chr7"	93478421	93478421	1	"-"	"chr7-93478421"	1	1.12534041547568e-05	5098	"Polyclonal_50pct"	"sonic"	-53934	"CALCR~*"	"-"	4434	"MIR653"	"-"	"CALCR"	"-"	81389	"CALCR"	"-"	"~*"	"CALCR"
"chr7"	9391675	9391675	1	"-"	"chr7-9391675"	1	1.12534041547568e-05	5098	"Polyclonal_50pct"	"sonic"	-242594	"PER3P1"	"+"	-242594	"PER3P1"	"+"	"FALSE"	""	-1855802	"COL28A1"	"-"	""	"PER3P1"
"chr7"	94913188	94913188	1	"-"	"chr7-94913188"	1	1.12534041547568e-05	5098	"Polyclonal_50pct"	"sonic"	3291	"PPP1R9A*"	"+"	3291	"PPP1R9A"	"+"	"PPP1R9A"	"+"	256819	"PEG10"	"+"	"*"	"PPP1R9A"
"chr7"	97912421	97912421	1	"-"	"chr7-97912421"	1	1.12534041547568e-05	5098	"Polyclonal_50pct"	"sonic"	16020	"ASNS~*"	"-"	16020	"ASNS"	"-"	"ASNS,CZ1P-ASNS"	"-"	16020	"ASNS"	"-"	"~*"	"ASNS"
"chr7"	98893444	98893444	1	"-"	"chr7-98893444"	1	1.12534041547568e-05	5098	"Polyclonal_50pct"	"sonic"	14913	"TRRAP*"	"+"	11748	"SCARNA28"	"+"	"TRRAP"	"+"	-965003	"ASNS"	"-"	"*"	"TRRAP"
"chr8"	100472650	100472650	1	"+"	"chr8+100472650"	1	1.12534041547568e-05	5098	"Polyclonal_50pct"	"sonic"	37101	"ANKRD46"	"-"	87109	"ANKRD46"	"-"	"FALSE"	""	-578943	"COX6C"	"-"	""	"ANKRD46"
"chr8"	110334454	110334454	1	"+"	"chr8+110334454"	1	1.12534041547568e-05	5098	"Polyclonal_50pct"	"sonic"	-358683	"KCNV1"	"-"	-358683	"KCNV1"	"-"	"FALSE"	""	793829	"EBAG9"	"+"	""	"KCNV1"
"chr8"	111337007	111337007	1	"+"	"chr8+111337007"	1	1.12534041547568e-05	5098	"Polyclonal_50pct"	"sonic"	-39631	"LINC02237"	"+"	-39631	"LINC02237"	"+"	"FALSE"	""	1796382	"EBAG9"	"+"	""	"LINC02237"
"chr8"	111954401	111954401	1	"+"	"chr8+111954401"	1	1.12534041547568e-05	5098	"Polyclonal_50pct"	"sonic"	268528	"CSMD3"	"-"	577763	"LINC02237"	"+"	"FALSE"	""	1422751	"CSMD3"	"-"	""	"CSMD3"
"chr8"	112911872	112911872	1	"+"	"chr8+112911872"	1	1.12534041547568e-05	5098	"Polyclonal_50pct"	"sonic"	465280	"CSMD3~*"	"-"	268380	"MIR2053"	"+"	"CSMD3"	"-"	465280	"CSMD3"	"-"	"~*"	"CSMD3"
"chr8"	113160903	113160903	1	"+"	"chr8+113160903"	1	1.12534041547568e-05	5098	"Polyclonal_50pct"	"sonic"	216249	"CSMD3~*"	"-"	216249	"CSMD3"	"-"	"CSMD3"	"-"	216249	"CSMD3"	"-"	"~*"	"CSMD3"
"chr8"	113557534	113557534	1	"+"	"chr8+113557534"	1	1.12534041547568e-05	5098	"Polyclonal_50pct"	"sonic"	-120595	"CSMD3"	"-"	-120595	"CSMD3"	"-"	"FALSE"	""	-120595	"CSMD3"	"-"	""	"CSMD3"
"chr8"	114469643	114469643	1	"+"	"chr8+114469643"	1	1.12534041547568e-05	5098	"Polyclonal_50pct"	"sonic"	938852	"TRPS1"	"-"	-1032704	"CSMD3"	"-"	"FALSE"	""	-1032704	"CSMD3"	"-"	""	"TRPS1"
"chr8"	11882016	11882016	1	"+"	"chr8+11882016"	1	1.12534041547568e-05	5098	"Polyclonal_50pct"	"sonic"	-13929	"CTSB~"	"-"	-13929	"CTSB"	"-"	"FALSE"	""	-13929	"CTSB"	"-"	"~"	"CTSB"
"chr8"	119756897	119756897	1	"+"	"chr8+119756897"	1	1.12534041547568e-05	5098	"Polyclonal_50pct"	"sonic"	-26124	"TAF2*"	"-"	75944	"TAF2"	"-"	"TAF2"	"-"	-83507	"ENPP2"	"-"	"*"	"TAF2"
"chr8"	119806494	119806494	1	"+"	"chr8+119806494"	1	1.12534041547568e-05	5098	"Polyclonal_50pct"	"sonic"	26347	"TAF2*"	"-"	26347	"TAF2"	"-"	"TAF2"	"-"	-133104	"ENPP2"	"-"	"*"	"TAF2"
"chr8"	120108942	120108942	1	"+"	"chr8+120108942"	1	1.12534041547568e-05	5098	"Polyclonal_50pct"	"sonic"	-16159	"COL14A1"	"+"	-16159	"COL14A1"	"+"	"FALSE"	""	-435552	"ENPP2"	"-"	""	"COL14A1"
"chr8"	122377131	122377131	1	"+"	"chr8+122377131"	1	1.12534041547568e-05	5098	"Polyclonal_50pct"	"sonic"	37195	"SMILR"	"-"	191513	"SMILR"	"-"	"FALSE"	""	-735691	"HAS2"	"-"	""	"SMILR"
"chr8"	127095195	127095195	1	"+"	"chr8+127095195"	1	1.12534041547568e-05	5098	"Polyclonal_50pct"	"sonic"	2600	"PRNCR1"	"+"	-12974	"PCAT2"	"-"	"FALSE"	""	-640238	"MYC"	"+"	""	"PRNCR1"
"chr8"	127513176	127513176	1	"+"	"chr8+127513176"	1	1.12534041547568e-05	5098	"Polyclonal_50pct"	"sonic"	-31037	"CASC8"	"-"	-31037	"CASC8"	"-"	"FALSE"	""	-222257	"MYC"	"+"	""	"CASC8"
"chr8"	132815271	132815271	1	"+"	"chr8+132815271"	1	1.12534041547568e-05	5098	"Polyclonal_50pct"	"sonic"	-33536	"PHF20L1*"	"+"	-39272	"TMEM71"	"-"	"PHF20L1"	"+"	481419	"NDRG1"	"-"	"*"	"PHF20L1"
"chr8"	136517283	136517283	1	"+"	"chr8+136517283"	1	1.12534041547568e-05	5098	"Polyclonal_50pct"	"sonic"	-13514	"LINC02055"	"+"	-13514	"LINC02055"	"+"	"FALSE"	""	-3220031	"NDRG1"	"-"	""	"LINC02055"
"chr8"	136604452	136604452	1	"+"	"chr8+136604452"	1	1.12534041547568e-05	5098	"Polyclonal_50pct"	"sonic"	73655	"LINC02055*"	"+"	73655	"LINC02055"	"+"	"LINC02055"	"+"	-3307200	"NDRG1"	"-"	"*"	"LINC02055"
"chr8"	136975363	136975363	1	"+"	"chr8+136975363"	1	1.12534041547568e-05	5098	"Polyclonal_50pct"	"sonic"	77762	"LINC02055"	"+"	438225	"LOC101927915"	"-"	"FALSE"	""	-3678111	"NDRG1"	"-"	""	"LINC02055"
"chr8"	137314490	137314490	1	"+"	"chr8+137314490"	1	1.12534041547568e-05	5098	"Polyclonal_50pct"	"sonic"	91610	"LOC101927915"	"-"	99098	"LOC101927915"	"-"	"FALSE"	""	-4017238	"NDRG1"	"-"	""	"LOC101927915"
"chr8"	144002557	144002557	1	"+"	"chr8+144002557"	1	1.12534041547568e-05	5098	"Polyclonal_50pct"	"sonic"	9142	"GRINA"	"+"	-9722	"SPATC1"	"+"	"FALSE"	""	288881	"BOP1"	"-"	""	"GRINA"
"chr8"	144780611	144780611	1	"+"	"chr8+144780611"	1	1.12534041547568e-05	5098	"Polyclonal_50pct"	"sonic"	6706	"ZNF34*"	"-"	6706	"ZNF34"	"-"	"ZNF34"	"-"	-262778	"RECQL4"	"-"	"*"	"ZNF34"
"chr8"	144832400	144832400	1	"+"	"chr8+144832400"	1	1.12534041547568e-05	5098	"Polyclonal_50pct"	"sonic"	4841	"ZNF7*"	"+"	4841	"ZNF7"	"+"	"ZNF7"	"+"	-314567	"RECQL4"	"-"	"*"	"ZNF7"
"chr8"	144930193	144930193	1	"+"	"chr8+144930193"	1	1.12534041547568e-05	5098	"Polyclonal_50pct"	"sonic"	164	"ZNF16"	"-"	20687	"ZNF16"	"-"	"FALSE"	""	-412360	"RECQL4"	"-"	""	"ZNF16"
"chr8"	145017984	145017984	1	"+"	"chr8+145017984"	1	1.12534041547568e-05	5098	"Polyclonal_50pct"	"sonic"	11938	"ZNF252P-AS1"	"+"	-15085	"ZNF252P"	"-"	"FALSE"	""	-500151	"RECQL4"	"-"	""	"ZNF252P-AS1"
"chr8"	14603410	14603410	1	"+"	"chr8+14603410"	1	1.12534041547568e-05	5098	"Polyclonal_50pct"	"sonic"	-518566	"SGCZ*"	"-"	250100	"MIR383"	"-"	"SGCZ"	"-"	-998790	"DLC1"	"-"	"*"	"SGCZ"
"chr8"	14944479	14944479	1	"+"	"chr8+14944479"	1	1.12534041547568e-05	5098	"Polyclonal_50pct"	"sonic"	293952	"SGCZ*"	"-"	-90969	"MIR383"	"-"	"SGCZ"	"-"	-1339859	"DLC1"	"-"	"*"	"SGCZ"
"chr8"	22499622	22499622	1	"+"	"chr8+22499622"	1	1.12534041547568e-05	5098	"Polyclonal_50pct"	"sonic"	-41502	"PPP3CC*"	"+"	-52304	"SORBS3"	"+"	"PPP3CC"	"+"	192742	"EGR3"	"-"	"*"	"PPP3CC"
"chr8"	22620002	22620002	1	"+"	"chr8+22620002"	1	1.12534041547568e-05	5098	"Polyclonal_50pct"	"sonic"	-1512	"CCAR2*"	"+"	14961	"CCAR2"	"+"	"CCAR2"	"+"	72362	"EGR3"	"-"	"*"	"CCAR2"
"chr8"	24252966	24252966	1	"+"	"chr8+24252966"	1	1.12534041547568e-05	5098	"Polyclonal_50pct"	"sonic"	-41073	"ADAM28"	"+"	-41073	"ADAM28"	"+"	"FALSE"	""	-570028	"NKX3-1"	"-"	""	"ADAM28"
"chr8"	29712438	29712438	1	"+"	"chr8+29712438"	1	1.12534041547568e-05	5098	"Polyclonal_50pct"	"sonic"	8821	"LINC00589"	"-"	35671	"LINC00589"	"-"	"FALSE"	""	-1321371	"WRN"	"+"	""	"LINC00589"
"chr8"	29717101	29717101	1	"+"	"chr8+29717101"	1	1.12534041547568e-05	5098	"Polyclonal_50pct"	"sonic"	4158	"LINC00589"	"-"	31008	"LINC00589"	"-"	"FALSE"	""	-1316708	"WRN"	"+"	""	"LINC00589"
"chr8"	31098034	31098034	1	"+"	"chr8+31098034"	1	1.12534041547568e-05	5098	"Polyclonal_50pct"	"sonic"	64225	"WRN~*"	"+"	64225	"WRN"	"+"	"WRN"	"+"	64225	"WRN"	"+"	"~*"	"WRN"
"chr8"	32893661	32893661	1	"+"	"chr8+32893661"	1	1.12534041547568e-05	5098	"Polyclonal_50pct"	"sonic"	119617	"NRG1"	"+"	171827	"NRG1"	"+"	"FALSE"	""	1859852	"WRN"	"+"	""	"NRG1"
"chr8"	32981620	32981620	1	"+"	"chr8+32981620"	1	1.12534041547568e-05	5098	"Polyclonal_50pct"	"sonic"	207576	"NRG1"	"+"	259786	"NRG1"	"+"	"FALSE"	""	1947811	"WRN"	"+"	""	"NRG1"
"chr8"	38340799	38340799	1	"+"	"chr8+38340799"	1	1.12534041547568e-05	5098	"Polyclonal_50pct"	"sonic"	-24383	"NSD3*"	"-"	41472	"NSD3"	"-"	"NSD3"	"-"	126925	"FGFR1"	"-"	"*"	"NSD3"
"chr8"	40612373	40612373	1	"+"	"chr8+40612373"	1	1.12534041547568e-05	5098	"Polyclonal_50pct"	"sonic"	-81783	"ZMAT4*"	"-"	-269010	"SIRLNT"	"-"	"ZMAT4"	"-"	677419	"IDO2"	"+"	"*"	"ZMAT4"
"chr8"	51170280	51170280	1	"+"	"chr8+51170280"	1	1.12534041547568e-05	5098	"Polyclonal_50pct"	"sonic"	149296	"PXDNL"	"-"	639165	"PXDNL"	"-"	"FALSE"	""	1544155	"RB1CC1"	"-"	""	"PXDNL"
"chr8"	56700366	56700366	1	"+"	"chr8+56700366"	1	1.12534041547568e-05	5098	"Polyclonal_50pct"	"sonic"	-140543	"LINC00968"	"-"	-140543	"LINC00968"	"-"	"FALSE"	""	488578	"CHCHD7"	"+"	""	"LINC00968"
"chr8"	59049440	59049440	1	"+"	"chr8+59049440"	1	1.12534041547568e-05	5098	"Polyclonal_50pct"	"sonic"	69707	"TOX*"	"-"	69707	"TOX"	"-"	"TOX"	"-"	-549277	"CYP7A1"	"-"	"*"	"TOX"
"chr8"	60203053	60203053	1	"+"	"chr8+60203053"	1	1.12534041547568e-05	5098	"Polyclonal_50pct"	"sonic"	-17642	"CA8*"	"-"	78347	"CA8"	"-"	"CA8"	"-"	-1702890	"CYP7A1"	"-"	"*"	"CA8"
"chr8"	64057384	64057384	1	"+"	"chr8+64057384"	1	1.12534041547568e-05	5098	"Polyclonal_50pct"	"sonic"	-200442	"LINC01414*"	"-"	287955	"LINC01289"	"+"	"LINC01414"	"-"	741353	"CYP7B1"	"-"	"*"	"LINC01414"
"chr8"	64231195	64231195	1	"+"	"chr8+64231195"	1	1.12534041547568e-05	5098	"Polyclonal_50pct"	"sonic"	137363	"LINC01414*"	"-"	137363	"LINC01414"	"-"	"LINC01414"	"-"	567542	"CYP7B1"	"-"	"*"	"LINC01414"
"chr8"	67152194	67152194	1	"+"	"chr8+67152194"	1	1.12534041547568e-05	5098	"Polyclonal_50pct"	"sonic"	-44420	"CSPP1*"	"+"	68347	"CSPP1"	"+"	"CSPP1"	"+"	-538976	"MYBL1"	"-"	"*"	"CSPP1"
"chr8"	70370603	70370603	1	"+"	"chr8+70370603"	1	1.12534041547568e-05	5098	"Polyclonal_50pct"	"sonic"	32787	"NCOA2*"	"-"	32787	"NCOA2"	"-"	"NCOA2"	"-"	32787	"NCOA2"	"-"	"*"	"NCOA2"
"chr8"	78293444	78293444	1	"+"	"chr8+78293444"	1	1.12534041547568e-05	5098	"Polyclonal_50pct"	"sonic"	-222895	"PKIA"	"+"	-222895	"PKIA"	"+"	"FALSE"	""	512019	"IL7"	"-"	""	"PKIA"
"chr8"	78965716	78965716	1	"+"	"chr8+78965716"	1	1.12534041547568e-05	5098	"Polyclonal_50pct"	"sonic"	125194	"LINC02605"	"+"	128188	"LINC02605"	"+"	"FALSE"	""	-160193	"IL7"	"-"	""	"LINC02605"
"chr8"	79129527	79129527	1	"+"	"chr8+79129527"	1	1.12534041547568e-05	5098	"Polyclonal_50pct"	"sonic"	-202660	"MIR12123"	"+"	-202660	"MIR12123"	"+"	"FALSE"	""	-324004	"IL7"	"-"	""	"MIR12123"
"chr8"	81825700	81825700	1	"+"	"chr8+81825700"	1	1.12534041547568e-05	5098	"Polyclonal_50pct"	"sonic"	16485	"SNX16*"	"-"	16485	"SNX16"	"-"	"SNX16"	"-"	-1654136	"TPD52"	"-"	"*"	"SNX16"
"chr8"	82675957	82675957	1	"+"	"chr8+82675957"	1	1.12534041547568e-05	5098	"Polyclonal_50pct"	"sonic"	-236146	"LOC101927141"	"+"	-236146	"LOC101927141"	"+"	"FALSE"	""	-2504393	"TPD52"	"-"	""	"LOC101927141"
"chr8"	83635596	83635596	1	"+"	"chr8+83635596"	1	1.12534041547568e-05	5098	"Polyclonal_50pct"	"sonic"	226699	"LINC01419"	"+"	231839	"LINC01419"	"+"	"FALSE"	""	-2706950	"WWP1"	"+"	""	"LINC01419"
"chr8"	84659957	84659957	1	"+"	"chr8+84659957"	1	1.12534041547568e-05	5098	"Polyclonal_50pct"	"sonic"	244474	"RALYL*"	"+"	-45969	"RALYL"	"+"	"RALYL"	"+"	-1682589	"WWP1"	"+"	"*"	"RALYL"
"chr8"	88869176	88869176	1	"+"	"chr8+88869176"	1	1.12534041547568e-05	5098	"Polyclonal_50pct"	"sonic"	-541693	"MMP16"	"-"	-541693	"MMP16"	"-"	"FALSE"	""	1115491	"NBN"	"-"	""	"MMP16"
"chr8"	94882635	94882635	1	"+"	"chr8+94882635"	1	1.12534041547568e-05	5098	"Polyclonal_50pct"	"sonic"	-2411	"CCNE2*"	"-"	12619	"CCNE2"	"-"	"CCNE2"	"-"	66743	"TP53INP1"	"-"	"*"	"CCNE2"
"chr8"	95037022	95037022	1	"+"	"chr8+95037022"	1	1.12534041547568e-05	5098	"Polyclonal_50pct"	"sonic"	12034	"NDUFAF6*"	"+"	12034	"NDUFAF6"	"+"	"NDUFAF6"	"+"	-87644	"TP53INP1"	"-"	"*"	"NDUFAF6"
"chr8"	95037047	95037047	1	"+"	"chr8+95037047"	1	1.12534041547568e-05	5098	"Polyclonal_50pct"	"sonic"	12059	"NDUFAF6*"	"+"	12059	"NDUFAF6"	"+"	"NDUFAF6"	"+"	-87669	"TP53INP1"	"-"	"*"	"NDUFAF6"
"chr8"	99637870	99637870	1	"+"	"chr8+99637870"	1	1.12534041547568e-05	5098	"Polyclonal_50pct"	"sonic"	-239710	"VPS13B*"	"+"	-101009	"MIR875"	"-"	"VPS13B"	"+"	255837	"COX6C"	"-"	"*"	"VPS13B"
"chr8"	99836336	99836336	1	"+"	"chr8+99836336"	1	1.12534041547568e-05	5098	"Polyclonal_50pct"	"sonic"	-41244	"VPS13B*"	"+"	57371	"COX6C"	"-"	"VPS13B"	"+"	57371	"COX6C"	"-"	"*"	"VPS13B"
"chr8"	102402190	102402190	1	"-"	"chr8-102402190"	1	1.12534041547568e-05	5098	"Polyclonal_50pct"	"sonic"	10499	"UBR5*"	"-"	-10148	"LOC105375683"	"+"	"UBR5"	"-"	-738534	"BAALC"	"+"	"*"	"UBR5"
"chr8"	104071802	104071802	1	"-"	"chr8-104071802"	1	1.12534041547568e-05	5098	"Polyclonal_50pct"	"sonic"	-184292	"RIMS2*"	"+"	-151532	"RIMS2"	"+"	"RIMS2"	"+"	699296	"CTHRC1"	"+"	"*"	"RIMS2"
"chr8"	104116446	104116446	1	"-"	"chr8-104116446"	1	1.12534041547568e-05	5098	"Polyclonal_50pct"	"sonic"	-139648	"RIMS2*"	"+"	-106888	"RIMS2"	"+"	"RIMS2"	"+"	743940	"CTHRC1"	"+"	"*"	"RIMS2"
"chr8"	111505408	111505408	1	"-"	"chr8-111505408"	1	1.12534041547568e-05	5098	"Polyclonal_50pct"	"sonic"	34791	"LINC02237"	"+"	128770	"LINC02237"	"+"	"FALSE"	""	1871744	"CSMD3"	"-"	""	"LINC02237"
"chr8"	111730479	111730479	1	"-"	"chr8-111730479"	1	1.12534041547568e-05	5098	"Polyclonal_50pct"	"sonic"	259862	"LINC02237"	"+"	353841	"LINC02237"	"+"	"FALSE"	""	1646673	"CSMD3"	"-"	""	"LINC02237"
"chr8"	113415537	113415537	1	"-"	"chr8-113415537"	1	1.12534041547568e-05	5098	"Polyclonal_50pct"	"sonic"	21402	"CSMD3~*"	"-"	21402	"CSMD3"	"-"	"CSMD3"	"-"	21402	"CSMD3"	"-"	"~*"	"CSMD3"
"chr8"	117446479	117446479	1	"-"	"chr8-117446479"	1	1.12534041547568e-05	5098	"Polyclonal_50pct"	"sonic"	-74233	"MED30"	"+"	-74233	"MED30"	"+"	"FALSE"	""	665347	"EXT1"	"-"	""	"MED30"
"chr8"	118044290	118044290	1	"-"	"chr8-118044290"	1	1.12534041547568e-05	5098	"Polyclonal_50pct"	"sonic"	67536	"EXT1~*"	"-"	67536	"EXT1"	"-"	"EXT1"	"-"	67536	"EXT1"	"-"	"~*"	"EXT1"
"chr8"	118286039	118286039	1	"-"	"chr8-118286039"	1	1.12534041547568e-05	5098	"Polyclonal_50pct"	"sonic"	-96572	"SAMD12*"	"-"	-174213	"EXT1"	"-"	"SAMD12"	"-"	-174213	"EXT1"	"-"	"*"	"SAMD12"
"chr8"	118398277	118398277	1	"-"	"chr8-118398277"	1	1.12534041547568e-05	5098	"Polyclonal_50pct"	"sonic"	-20294	"SAMD12*"	"-"	-222723	"SAMD12-AS1"	"+"	"SAMD12"	"-"	-286451	"EXT1"	"-"	"*"	"SAMD12"
"chr8"	122101877	122101877	1	"-"	"chr8-122101877"	1	1.12534041547568e-05	5098	"Polyclonal_50pct"	"sonic"	312449	"SMILR"	"-"	-460437	"HAS2"	"-"	"FALSE"	""	-460437	"HAS2"	"-"	""	"SMILR"
"chr8"	124315922	124315922	1	"-"	"chr8-124315922"	1	1.12534041547568e-05	5098	"Polyclonal_50pct"	"sonic"	-5005	"TMEM65*"	"-"	56777	"TMEM65"	"-"	"TMEM65"	"-"	-158957	"RNF139"	"+"	"*"	"TMEM65"
"chr8"	125138417	125138417	1	"-"	"chr8-125138417"	1	1.12534041547568e-05	5098	"Polyclonal_50pct"	"sonic"	-44155	"NSMCE2*"	"+"	46558	"NSMCE2"	"+"	"NSMCE2"	"+"	663538	"RNF139"	"+"	"*"	"NSMCE2"
"chr8"	137545456	137545456	1	"-"	"chr8-137545456"	1	1.12534041547568e-05	5098	"Polyclonal_50pct"	"sonic"	-131868	"LOC101927915"	"-"	-131868	"LOC101927915"	"-"	"FALSE"	""	-3846564	"PTP4A3"	"+"	""	"LOC101927915"
"chr8"	144166026	144166026	1	"-"	"chr8-144166026"	1	1.12534041547568e-05	5098	"Polyclonal_50pct"	"sonic"	17382	"MROH1*"	"+"	17382	"MROH1"	"+"	"MROH1"	"+"	125412	"BOP1"	"-"	"*"	"MROH1"
"chr8"	144236143	144236143	1	"-"	"chr8-144236143"	1	1.12534041547568e-05	5098	"Polyclonal_50pct"	"sonic"	-25783	"MROH1*"	"+"	26594	"MIR7112"	"-"	"MROH1"	"+"	55295	"BOP1"	"-"	"*"	"MROH1"
"chr8"	144266231	144266231	1	"-"	"chr8-144266231"	1	1.12534041547568e-05	5098	"Polyclonal_50pct"	"sonic"	-4187	"BOP1~*"	"-"	-221	"SCX"	"+"	"BOP1"	"-"	25207	"BOP1"	"-"	"~*"	"BOP1"
"chr8"	14684395	14684395	1	"-"	"chr8-14684395"	1	1.12534041547568e-05	5098	"Polyclonal_50pct"	"sonic"	554036	"SGCZ*"	"-"	169115	"MIR383"	"-"	"SGCZ"	"-"	-1079775	"DLC1"	"-"	"*"	"SGCZ"
"chr8"	16459818	16459818	1	"-"	"chr8-16459818"	1	1.12534041547568e-05	5098	"Polyclonal_50pct"	"sonic"	-267027	"MSR1"	"-"	-267027	"MSR1"	"-"	"FALSE"	""	-1116614	"PDGFRL"	"+"	""	"MSR1"
"chr8"	19036072	19036072	1	"-"	"chr8-19036072"	1	1.12534041547568e-05	5098	"Polyclonal_50pct"	"sonic"	-22369	"PSD3"	"-"	-22369	"PSD3"	"-"	"FALSE"	""	644791	"NAT2"	"+"	""	"PSD3"
"chr8"	22344861	22344861	1	"-"	"chr8-22344861"	1	1.12534041547568e-05	5098	"Polyclonal_50pct"	"sonic"	-12005	"PIWIL2*"	"+"	-22416	"SLC39A14"	"+"	"PIWIL2"	"+"	347503	"EGR3"	"-"	"*"	"PIWIL2"
"chr8"	25570912	25570912	1	"-"	"chr8-25570912"	1	1.12534041547568e-05	5098	"Polyclonal_50pct"	"sonic"	62995	"CDCA2"	"+"	111680	"CDCA2"	"+"	"FALSE"	""	-1887974	"NKX3-1"	"-"	""	"CDCA2"
"chr8"	25733639	25733639	1	"-"	"chr8-25733639"	1	1.12534041547568e-05	5098	"Polyclonal_50pct"	"sonic"	108086	"EBF2"	"-"	274407	"CDCA2"	"+"	"FALSE"	""	1877798	"CLU"	"-"	""	"EBF2"
"chr8"	25931089	25931089	1	"-"	"chr8-25931089"	1	1.12534041547568e-05	5098	"Polyclonal_50pct"	"sonic"	-89364	"EBF2*"	"-"	114324	"EBF2"	"-"	"EBF2"	"-"	1680348	"CLU"	"-"	"*"	"EBF2"
"chr8"	31064007	31064007	1	"-"	"chr8-31064007"	1	1.12534041547568e-05	5098	"Polyclonal_50pct"	"sonic"	30198	"WRN~*"	"+"	30198	"WRN"	"+"	"WRN"	"+"	30198	"WRN"	"+"	"~*"	"WRN"
"chr8"	37125803	37125803	1	"-"	"chr8-37125803"	1	1.12534041547568e-05	5098	"Polyclonal_50pct"	"sonic"	189678	"KCNU1"	"+"	341430	"KCNU1"	"+"	"FALSE"	""	-904730	"EIF4EBP1"	"+"	""	"KCNU1"
"chr8"	39049236	39049236	1	"-"	"chr8-39049236"	1	1.12534041547568e-05	5098	"Polyclonal_50pct"	"sonic"	52251	"ADAM9~*"	"+"	-30551	"SNORD38D"	"-"	"ADAM9"	"+"	52251	"ADAM9"	"+"	"~*"	"ADAM9"
"chr8"	40330524	40330524	1	"-"	"chr8-40330524"	1	1.12534041547568e-05	5098	"Polyclonal_50pct"	"sonic"	2648	"SIRLNT"	"-"	12839	"SIRLNT"	"-"	"FALSE"	""	395570	"IDO2"	"+"	""	"SIRLNT"
"chr8"	43076793	43076793	1	"-"	"chr8-43076793"	1	1.12534041547568e-05	5098	"Polyclonal_50pct"	"sonic"	-8989	"FNTA*"	"+"	-16712	"POMK"	"+"	"FNTA"	"+"	179816	"HOOK3"	"+"	"*"	"FNTA"
"chr8"	51162550	51162550	1	"-"	"chr8-51162550"	1	1.12534041547568e-05	5098	"Polyclonal_50pct"	"sonic"	157026	"PXDNL"	"-"	646895	"PXDNL"	"-"	"FALSE"	""	1551885	"RB1CC1"	"-"	""	"PXDNL"
"chr8"	51919604	51919604	1	"-"	"chr8-51919604"	1	1.12534041547568e-05	5098	"Polyclonal_50pct"	"sonic"	-20418	"PCMTD1"	"-"	-20418	"PCMTD1"	"-"	"FALSE"	""	794831	"RB1CC1"	"-"	""	"PCMTD1"
"chr8"	59549819	59549819	1	"-"	"chr8-59549819"	1	1.12534041547568e-05	5098	"Polyclonal_50pct"	"sonic"	426341	"LOC100505501"	"+"	430610	"LOC100505501"	"+"	"FALSE"	""	-1049656	"CYP7A1"	"-"	""	"LOC100505501"
"chr8"	5989913	5989913	1	"-"	"chr8-5989913"	1	1.12534041547568e-05	5098	"Polyclonal_50pct"	"sonic"	413642	"LOC100287015"	"-"	416635	"LOC100287015"	"-"	"FALSE"	""	-416678	"MCPH1"	"+"	""	"LOC100287015"
"chr8"	59953805	59953805	1	"-"	"chr8-59953805"	1	1.12534041547568e-05	5098	"Polyclonal_50pct"	"sonic"	231606	"CA8"	"-"	327595	"CA8"	"-"	"FALSE"	""	-1453642	"CYP7A1"	"-"	""	"CA8"
"chr8"	62077502	62077502	1	"-"	"chr8-62077502"	1	1.12534041547568e-05	5098	"Polyclonal_50pct"	"sonic"	-171351	"NKAIN3"	"+"	-171351	"NKAIN3"	"+"	"FALSE"	""	961304	"GGH"	"-"	""	"NKAIN3"
"chr8"	63765076	63765076	1	"-"	"chr8-63765076"	1	1.12534041547568e-05	5098	"Polyclonal_50pct"	"sonic"	-4353	"LINC01289"	"+"	-4353	"LINC01289"	"+"	"FALSE"	""	-726270	"GGH"	"-"	""	"LINC01289"
"chr8"	64660575	64660575	1	"-"	"chr8-64660575"	1	1.12534041547568e-05	5098	"Polyclonal_50pct"	"sonic"	-69725	"CYP7B1~*"	"-"	-78683	"LOC401463"	"-"	"CYP7B1"	"-"	138162	"CYP7B1"	"-"	"~*"	"CYP7B1"
"chr8"	65441629	65441629	1	"-"	"chr8-65441629"	1	1.12534041547568e-05	5098	"Polyclonal_50pct"	"sonic"	85378	"LINC01299"	"-"	121037	"LINC01299"	"-"	"FALSE"	""	-642892	"CYP7B1"	"-"	""	"LINC01299"
"chr8"	65581718	65581718	1	"-"	"chr8-65581718"	1	1.12534041547568e-05	5098	"Polyclonal_50pct"	"sonic"	-19052	"LINC01299"	"-"	-19052	"LINC01299"	"-"	"FALSE"	""	-782981	"CYP7B1"	"-"	""	"LINC01299"
"chr8"	65619272	65619272	1	"-"	"chr8-65619272"	1	1.12534041547568e-05	5098	"Polyclonal_50pct"	"sonic"	14905	"ARMC1*"	"-"	14905	"ARMC1"	"-"	"ARMC1"	"-"	-820535	"CYP7B1"	"-"	"*"	"ARMC1"
"chr8"	66971505	66971505	1	"-"	"chr8-66971505"	1	1.12534041547568e-05	5098	"Polyclonal_50pct"	"sonic"	-7403	"PPP1R42*"	"-"	-8914	"TCF24"	"-"	"PPP1R42"	"-"	-358287	"MYBL1"	"-"	"*"	"PPP1R42"
"chr8"	69475610	69475610	1	"-"	"chr8-69475610"	1	1.12534041547568e-05	5098	"Polyclonal_50pct"	"sonic"	8830	"SULF1*"	"+"	8830	"SULF1"	"+"	"SULF1"	"+"	927780	"NCOA2"	"-"	"*"	"SULF1"
"chr8"	71516495	71516495	1	"-"	"chr8-71516495"	1	1.12534041547568e-05	5098	"Polyclonal_50pct"	"sonic"	31209	"EYA1*"	"-"	31209	"EYA1"	"-"	"EYA1"	"-"	-1112278	"NCOA2"	"-"	"*"	"EYA1"
"chr8"	73528386	73528386	1	"-"	"chr8-73528386"	1	1.12534041547568e-05	5098	"Polyclonal_50pct"	"sonic"	-108018	"STAU2*"	"-"	108313	"STAU2-AS1"	"+"	"STAU2"	"-"	-3124169	"NCOA2"	"-"	"*"	"STAU2"
"chr8"	74422776	74422776	1	"-"	"chr8-74422776"	1	1.12534041547568e-05	5098	"Polyclonal_50pct"	"sonic"	-66096	"GDAP1*"	"+"	72374	"GDAP1"	"+"	"GDAP1"	"+"	-4018559	"NCOA2"	"-"	"*"	"GDAP1"
"chr8"	75142275	75142275	1	"-"	"chr8-75142275"	1	1.12534041547568e-05	5098	"Polyclonal_50pct"	"sonic"	80841	"CASC9"	"-"	136206	"CASC9"	"-"	"FALSE"	""	3663188	"IL7"	"-"	""	"CASC9"
"chr8"	78558448	78558448	1	"-"	"chr8-78558448"	1	1.12534041547568e-05	5098	"Polyclonal_50pct"	"sonic"	55	"PKIA-AS1*"	"-"	55	"PKIA-AS1"	"-"	"PKIA,PKIA-AS1"	"+,-"	247015	"IL7"	"-"	"*"	"PKIA-AS1"
"chr8"	79089537	79089537	1	"-"	"chr8-79089537"	1	1.12534041547568e-05	5098	"Polyclonal_50pct"	"sonic"	-242650	"MIR12123"	"+"	-242650	"MIR12123"	"+"	"FALSE"	""	-284014	"IL7"	"-"	""	"MIR12123"
"chr8"	79155867	79155867	1	"-"	"chr8-79155867"	1	1.12534041547568e-05	5098	"Polyclonal_50pct"	"sonic"	-176320	"MIR12123"	"+"	-176320	"MIR12123"	"+"	"FALSE"	""	-350344	"IL7"	"-"	""	"MIR12123"
"chr8"	80154304	80154304	1	"-"	"chr8-80154304"	1	1.12534041547568e-05	5098	"Polyclonal_50pct"	"sonic"	16817	"TPD52~*"	"-"	16817	"TPD52"	"-"	"TPD52"	"-"	16817	"TPD52"	"-"	"~*"	"TPD52"
"chr8"	80663093	80663093	1	"-"	"chr8-80663093"	1	1.12534041547568e-05	5098	"Polyclonal_50pct"	"sonic"	-34643	"ZNF704*"	"-"	176868	"ZBTB10"	"+"	"ZNF704"	"-"	-491529	"TPD52"	"-"	"*"	"ZNF704"
"chr8"	81577745	81577745	1	"-"	"chr8-81577745"	1	1.12534041547568e-05	5098	"Polyclonal_50pct"	"sonic"	26138	"IMPA1P1"	"-"	-46355	"FABP12"	"-"	"FALSE"	""	-1406181	"TPD52"	"-"	""	"IMPA1P1"
"chr8"	82614702	82614702	1	"-"	"chr8-82614702"	1	1.12534041547568e-05	5098	"Polyclonal_50pct"	"sonic"	-297401	"LOC101927141"	"+"	-297401	"LOC101927141"	"+"	"FALSE"	""	-2443138	"TPD52"	"-"	""	"LOC101927141"
"chr8"	83305035	83305035	1	"-"	"chr8-83305035"	1	1.12534041547568e-05	5098	"Polyclonal_50pct"	"sonic"	-98722	"LINC01419"	"+"	-98722	"LINC01419"	"+"	"FALSE"	""	-3037511	"WWP1"	"+"	""	"LINC01419"
"chr8"	87587340	87587340	1	"-"	"chr8-87587340"	1	1.12534041547568e-05	5098	"Polyclonal_50pct"	"sonic"	204481	"CNBD1"	"+"	286675	"DCAF4L2"	"-"	"FALSE"	""	1244794	"WWP1"	"+"	""	"CNBD1"
"chr8"	88785101	88785101	1	"-"	"chr8-88785101"	1	1.12534041547568e-05	5098	"Polyclonal_50pct"	"sonic"	-457618	"MMP16"	"-"	-457618	"MMP16"	"-"	"FALSE"	""	1199566	"NBN"	"-"	""	"MMP16"
"chr8"	89287731	89287731	1	"-"	"chr8-89287731"	1	1.12534041547568e-05	5098	"Polyclonal_50pct"	"sonic"	429667	"LOC101929709"	"-"	469980	"LOC101929709"	"-"	"FALSE"	""	696936	"NBN"	"-"	""	"LOC101929709"
"chr8"	94182610	94182610	1	"-"	"chr8-94182610"	1	1.12534041547568e-05	5098	"Polyclonal_50pct"	"sonic"	25945	"CDH17*"	"-"	25945	"CDH17"	"-"	"CDH17"	"-"	766768	"TP53INP1"	"-"	"*"	"CDH17"
"chr8"	98042230	98042230	1	"-"	"chr8-98042230"	1	1.12534041547568e-05	5098	"Polyclonal_50pct"	"sonic"	-507	"RPL30*"	"-"	-13	"SNORA72"	"-"	"RPL30"	"-"	1851477	"COX6C"	"-"	"*"	"RPL30"
"chr8"	99513857	99513857	1	"-"	"chr8-99513857"	1	1.12534041547568e-05	5098	"Polyclonal_50pct"	"sonic"	-363723	"VPS13B*"	"+"	22873	"MIR599"	"-"	"VPS13B"	"+"	379850	"COX6C"	"-"	"*"	"VPS13B"
"chr8"	99548692	99548692	1	"-"	"chr8-99548692"	1	1.12534041547568e-05	5098	"Polyclonal_50pct"	"sonic"	-328888	"VPS13B*"	"+"	-11831	"MIR875"	"-"	"VPS13B"	"+"	345015	"COX6C"	"-"	"*"	"VPS13B"
"chr8"	99637874	99637874	1	"-"	"chr8-99637874"	1	1.12534041547568e-05	5098	"Polyclonal_50pct"	"sonic"	-239706	"VPS13B*"	"+"	-101013	"MIR875"	"-"	"VPS13B"	"+"	255833	"COX6C"	"-"	"*"	"VPS13B"
"chr8"	99836717	99836717	1	"-"	"chr8-99836717"	1	1.12534041547568e-05	5098	"Polyclonal_50pct"	"sonic"	-40863	"VPS13B*"	"+"	56990	"COX6C"	"-"	"VPS13B"	"+"	56990	"COX6C"	"-"	"*"	"VPS13B"
"chr8_KZ208915v1_fix"	1466040	1466040	1	"-"	"chr8_KZ208915v1_fix-1466040"	1	1.12534041547568e-05	5098	"Polyclonal_50pct"	"sonic"	-13931	"CTSB~"	"+"	-13931	"CTSB"	"+"	"FALSE"	""	-13931	"CTSB"	"+"	"~"	"CTSB"
"chr9"	102084752	102084752	1	"+"	"chr9+102084752"	1	1.12534041547568e-05	5098	"Polyclonal_50pct"	"sonic"	-346105	"GRIN3A"	"-"	-346105	"GRIN3A"	"-"	"FALSE"	""	-648978	"ALDOB"	"-"	""	"GRIN3A"
"chr9"	104676572	104676572	1	"+"	"chr9+104676572"	1	1.12534041547568e-05	5098	"Polyclonal_50pct"	"sonic"	-17849	"OR13D1"	"+"	-17849	"OR13D1"	"+"	"FALSE"	""	251583	"ABCA1"	"-"	""	"OR13D1"
"chr9"	10496741	10496741	1	"+"	"chr9+10496741"	1	1.12534041547568e-05	5098	"Polyclonal_50pct"	"sonic"	116261	"PTPRD~*"	"-"	116261	"PTPRD"	"-"	"PTPRD"	"-"	116261	"PTPRD"	"-"	"~*"	"PTPRD"
"chr9"	108175648	108175648	1	"+"	"chr9+108175648"	1	1.12534041547568e-05	5098	"Polyclonal_50pct"	"sonic"	678940	"ACTL7B"	"-"	680338	"ACTL7B"	"-"	"FALSE"	""	-685879	"KLF4"	"-"	""	"ACTL7B"
"chr9"	108282815	108282815	1	"+"	"chr9+108282815"	1	1.12534041547568e-05	5098	"Polyclonal_50pct"	"sonic"	571773	"ACTL7B"	"-"	573171	"ACTL7B"	"-"	"FALSE"	""	-793046	"KLF4"	"-"	""	"ACTL7B"
"chr9"	110460614	110460614	1	"+"	"chr9+110460614"	1	1.12534041547568e-05	5098	"Polyclonal_50pct"	"sonic"	-95366	"SVEP1*"	"-"	119127	"SVEP1"	"-"	"SVEP1"	"-"	-204107	"TXN"	"-"	"*"	"SVEP1"
"chr9"	111232805	111232805	1	"+"	"chr9+111232805"	1	1.12534041547568e-05	5098	"Polyclonal_50pct"	"sonic"	38350	"MIR7702"	"-"	38409	"MIR7702"	"-"	"FALSE"	""	-193807	"LPAR1"	"-"	""	"MIR7702"
"chr9"	11755400	11755400	1	"+"	"chr9+11755400"	1	1.12534041547568e-05	5098	"Polyclonal_50pct"	"sonic"	-937984	"TYRP1"	"+"	-937984	"TYRP1"	"+"	"FALSE"	""	-1142398	"PTPRD"	"-"	""	"TYRP1"
"chr9"	117673043	117673043	1	"+"	"chr9+117673043"	1	1.12534041547568e-05	5098	"Polyclonal_50pct"	"sonic"	16017	"LOC101928797"	"+"	24438	"LOC101928797"	"+"	"FALSE"	""	-257986	"ASTN2"	"-"	""	"LOC101928797"
"chr9"	118286233	118286233	1	"+"	"chr9+118286233"	1	1.12534041547568e-05	5098	"Polyclonal_50pct"	"sonic"	-393437	"LINC02578"	"+"	-393437	"LINC02578"	"+"	"FALSE"	""	-871176	"ASTN2"	"-"	""	"LINC02578"
"chr9"	118429747	118429747	1	"+"	"chr9+118429747"	1	1.12534041547568e-05	5098	"Polyclonal_50pct"	"sonic"	-249923	"LINC02578"	"+"	-249923	"LINC02578"	"+"	"FALSE"	""	-1014690	"ASTN2"	"-"	""	"LINC02578"
"chr9"	120610471	120610471	1	"+"	"chr9+120610471"	1	1.12534041547568e-05	5098	"Polyclonal_50pct"	"sonic"	-9661	"MEGF9*"	"-"	-30301	"CDK5RAP2"	"-"	"MEGF9"	"-"	304101	"TRAF1"	"-"	"*"	"MEGF9"
"chr9"	127841505	127841505	1	"+"	"chr9+127841505"	1	1.12534041547568e-05	5098	"Polyclonal_50pct"	"sonic"	5662	"ENG*"	"-"	5662	"ENG"	"-"	"ENG"	"-"	-711081	"SPTAN1"	"+"	"*"	"ENG"
"chr9"	128063059	128063059	1	"+"	"chr9+128063059"	1	1.12534041547568e-05	5098	"Polyclonal_50pct"	"sonic"	-1827	"NAIF1*"	"-"	4261	"NAIF1"	"-"	"NAIF1"	"-"	-489527	"SPTAN1"	"+"	"*"	"NAIF1"
"chr9"	128343670	128343670	1	"+"	"chr9+128343670"	1	1.12534041547568e-05	5098	"Polyclonal_50pct"	"sonic"	3144	"SLC27A4*"	"+"	3144	"SLC27A4"	"+"	"SLC27A4"	"+"	-208916	"SPTAN1"	"+"	"*"	"SLC27A4"
"chr9"	128502702	128502702	1	"+"	"chr9+128502702"	1	1.12534041547568e-05	5098	"Polyclonal_50pct"	"sonic"	150656	"MIR1268A*"	"+"	-1989	"GLE1"	"+"	"MIR1268A"	"+"	-49884	"SPTAN1"	"+"	"*"	"MIR1268A"
"chr9"	128521776	128521776	1	"+"	"chr9+128521776"	1	1.12534041547568e-05	5098	"Polyclonal_50pct"	"sonic"	17058	"GLE1*"	"+"	17058	"GLE1"	"+"	"MIR1268A,GLE1"	"+"	-30810	"SPTAN1"	"+"	"*"	"GLE1"
"chr9"	128958895	128958895	1	"+"	"chr9+128958895"	1	1.12534041547568e-05	5098	"Polyclonal_50pct"	"sonic"	11197	"NUP188*"	"+"	11197	"NUP188"	"+"	"NUP188"	"+"	268922	"SET"	"+"	"*"	"NUP188"
"chr9"	131168438	131168438	1	"+"	"chr9+131168438"	1	1.12534041547568e-05	5098	"Polyclonal_50pct"	"sonic"	42853	"NUP214~*"	"+"	-21700	"NUP214"	"+"	"NUP214"	"+"	-21700	"NUP214"	"+"	"~*"	"NUP214"
"chr9"	131217485	131217485	1	"+"	"chr9+131217485"	1	1.12534041547568e-05	5098	"Polyclonal_50pct"	"sonic"	-17178	"NUP214~*"	"+"	27347	"NUP214"	"+"	"NUP214"	"+"	27347	"NUP214"	"+"	"~*"	"NUP214"
"chr9"	131449493	131449493	1	"+"	"chr9+131449493"	1	1.12534041547568e-05	5098	"Polyclonal_50pct"	"sonic"	-50700	"PRRC2B*"	"+"	-36171	"SNORD62A,SNORD62B"	"+"	"PRRC2B"	"+"	201910	"RAPGEF1"	"-"	"*"	"PRRC2B"
"chr9"	132051051	132051051	1	"+"	"chr9+132051051"	1	1.12534041547568e-05	5098	"Polyclonal_50pct"	"sonic"	28816	"MED27*"	"-"	28816	"MED27"	"-"	"MED27"	"-"	-310975	"RAPGEF1"	"-"	"*"	"MED27"
"chr9"	135232680	135232680	1	"+"	"chr9+135232680"	1	1.12534041547568e-05	5098	"Polyclonal_50pct"	"sonic"	45374	"LOC401557"	"+"	51072	"LOC401557"	"+"	"FALSE"	""	-329075	"PAEP"	"+"	""	"LOC401557"
"chr9"	135897140	135897140	1	"+"	"chr9+135897140"	1	1.12534041547568e-05	5098	"Polyclonal_50pct"	"sonic"	10406	"CAMSAP1*"	"-"	10406	"CAMSAP1"	"-"	"CAMSAP1"	"-"	335385	"PAEP"	"+"	"*"	"CAMSAP1"
"chr9"	136816920	136816920	1	"+"	"chr9+136816920"	1	1.12534041547568e-05	5098	"Polyclonal_50pct"	"sonic"	8973	"RABL6*"	"+"	-8072	"CCDC183-AS1"	"-"	"RABL6"	"+"	-35425	"MAMDC4"	"+"	"*"	"RABL6"
"chr9"	136818674	136818674	1	"+"	"chr9+136818674"	1	1.12534041547568e-05	5098	"Polyclonal_50pct"	"sonic"	10727	"RABL6*"	"+"	-9826	"CCDC183-AS1"	"-"	"RABL6"	"+"	-33671	"MAMDC4"	"+"	"*"	"RABL6"
"chr9"	136923330	136923330	1	"+"	"chr9+136923330"	1	1.12534041547568e-05	5098	"Polyclonal_50pct"	"sonic"	-3277	"TRAF2*"	"+"	21408	"FBXW5"	"-"	"TRAF2"	"+"	70985	"MAMDC4"	"+"	"*"	"TRAF2"
"chr9"	137263716	137263716	1	"+"	"chr9+137263716"	1	1.12534041547568e-05	5098	"Polyclonal_50pct"	"sonic"	8390	"NELFB*"	"+"	8390	"NELFB"	"+"	"NELFB"	"+"	-355288	"EHMT1"	"+"	"*"	"NELFB"
"chr9"	20127982	20127982	1	"+"	"chr9+20127982"	1	1.12534041547568e-05	5098	"Polyclonal_50pct"	"sonic"	213686	"MLLT3"	"-"	283256	"MIR4473"	"-"	"FALSE"	""	493956	"MLLT3"	"-"	""	"MLLT3"
"chr9"	22084563	22084563	1	"+"	"chr9+22084563"	1	1.12534041547568e-05	5098	"Polyclonal_50pct"	"sonic"	-36531	"CDKN2B-AS1*"	"+"	-75250	"CDKN2B"	"-"	"CDKN2B-AS1"	"+"	-75250	"CDKN2B"	"-"	"*"	"CDKN2B-AS1"
"chr9"	24708632	24708632	1	"+"	"chr9+24708632"	1	1.12534041547568e-05	5098	"Polyclonal_50pct"	"sonic"	-162735	"IZUMO3"	"-"	-162735	"IZUMO3"	"-"	"FALSE"	""	-2400508	"TEK"	"+"	""	"IZUMO3"
"chr9"	25381208	25381208	1	"+"	"chr9+25381208"	1	1.12534041547568e-05	5098	"Polyclonal_50pct"	"sonic"	295760	"TUSC1"	"-"	297236	"TUSC1"	"-"	"FALSE"	""	-1727932	"TEK"	"+"	""	"TUSC1"
"chr9"	28391318	28391318	1	"+"	"chr9+28391318"	1	1.12534041547568e-05	5098	"Polyclonal_50pct"	"sonic"	327987	"LINGO2*"	"-"	327987	"LINGO2"	"-"	"LINGO2"	"-"	1281869	"TEK"	"+"	"*"	"LINGO2"
"chr9"	29695256	29695256	1	"+"	"chr9+29695256"	1	1.12534041547568e-05	5098	"Polyclonal_50pct"	"sonic"	-481655	"LINGO2"	"-"	-481655	"LINGO2"	"-"	"FALSE"	""	2585807	"TEK"	"+"	""	"LINGO2"
"chr9"	29698686	29698686	1	"+"	"chr9+29698686"	1	1.12534041547568e-05	5098	"Polyclonal_50pct"	"sonic"	-485085	"LINGO2"	"-"	-485085	"LINGO2"	"-"	"FALSE"	""	2589237	"TEK"	"+"	""	"LINGO2"
"chr9"	30126860	30126860	1	"+"	"chr9+30126860"	1	1.12534041547568e-05	5098	"Polyclonal_50pct"	"sonic"	262074	"LINC01242"	"-"	281594	"LINC01242"	"-"	"FALSE"	""	2425726	"TOPORS"	"-"	""	"LINC01242"
"chr9"	31171944	31171944	1	"+"	"chr9+31171944"	1	1.12534041547568e-05	5098	"Polyclonal_50pct"	"sonic"	199666	"LINC01243"	"-"	209546	"LINC01243"	"-"	"FALSE"	""	1380642	"TOPORS"	"-"	""	"LINC01243"
"chr9"	34742667	34742667	1	"+"	"chr9+34742667"	1	1.12534041547568e-05	5098	"Polyclonal_50pct"	"sonic"	-13179	"FAM205A"	"-"	-13179	"FAM205A"	"-"	"FALSE"	""	337275	"FANCG"	"-"	""	"FAM205A"
"chr9"	34773447	34773447	1	"+"	"chr9+34773447"	1	1.12534041547568e-05	5098	"Polyclonal_50pct"	"sonic"	-43959	"FAM205A"	"-"	-43959	"FAM205A"	"-"	"FALSE"	""	306495	"FANCG"	"-"	""	"FAM205A"
"chr9"	34848119	34848119	1	"+"	"chr9+34848119"	1	1.12534041547568e-05	5098	"Polyclonal_50pct"	"sonic"	-9533	"FAM205BP"	"-"	-9533	"FAM205BP"	"-"	"FALSE"	""	231823	"FANCG"	"-"	""	"FAM205BP"
"chr9"	3491303	3491303	1	"+"	"chr9+3491303"	1	1.12534041547568e-05	5098	"Polyclonal_50pct"	"sonic"	34698	"RFX3*"	"-"	-1869	"RFX3"	"-"	"RFX3"	"-"	-1493782	"JAK2"	"+"	"*"	"RFX3"
"chr9"	36453419	36453419	1	"+"	"chr9+36453419"	1	1.12534041547568e-05	5098	"Polyclonal_50pct"	"sonic"	-52221	"RNF38"	"-"	-52221	"RNF38"	"-"	"FALSE"	""	580849	"PAX5"	"-"	""	"RNF38"
"chr9"	37293351	37293351	1	"+"	"chr9+37293351"	1	1.12534041547568e-05	5098	"Polyclonal_50pct"	"sonic"	-64797	"ZCCHC7*"	"+"	-129344	"GRHPR"	"+"	"ZCCHC7"	"+"	-259083	"PAX5"	"-"	"*"	"ZCCHC7"
"chr9"	38580056	38580056	1	"+"	"chr9+38580056"	1	1.12534041547568e-05	5098	"Polyclonal_50pct"	"sonic"	-8693	"ANKRD18A*"	"-"	-34684	"FAM95C"	"-"	"ANKRD18A"	"-"	-1545788	"PAX5"	"-"	"*"	"ANKRD18A"
"chr9"	553862	553862	1	"+"	"chr9+553862"	1	1.12534041547568e-05	5098	"Polyclonal_50pct"	"sonic"	49168	"KANK1*"	"+"	49168	"KANK1"	"+"	"KANK1"	"+"	-4431223	"JAK2"	"+"	"*"	"KANK1"
"chr9"	5787493	5787493	1	"+"	"chr9+5787493"	1	1.12534041547568e-05	5098	"Polyclonal_50pct"	"sonic"	-2922	"ERMP1*"	"-"	45624	"ERMP1"	"-"	"ERMP1"	"-"	276963	"PDCD1LG2"	"+"	"*"	"ERMP1"
"chr9"	62691749	62691749	1	"+"	"chr9+62691749"	1	1.12534041547568e-05	5098	"Polyclonal_50pct"	"sonic"	-109715	"LINC01410"	"+"	-109715	"LINC01410"	"+"	"FALSE"	""	-6429514	"TJP2"	"+"	""	"LINC01410"
"chr9"	68654978	68654978	1	"+"	"chr9+68654978"	1	1.12534041547568e-05	5098	"Polyclonal_50pct"	"sonic"	-50261	"PIP5K1B"	"+"	-50261	"PIP5K1B"	"+"	"FALSE"	""	-466285	"TJP2"	"+"	""	"PIP5K1B"
"chr9"	68755240	68755240	1	"+"	"chr9+68755240"	1	1.12534041547568e-05	5098	"Polyclonal_50pct"	"sonic"	49261	"PIP5K1B*"	"+"	-24824	"FAM122A"	"+"	"PIP5K1B"	"+"	-366023	"TJP2"	"+"	"*"	"PIP5K1B"
"chr9"	68975842	68975842	1	"+"	"chr9+68975842"	1	1.12534041547568e-05	5098	"Polyclonal_50pct"	"sonic"	-1	"LOC101927069*"	"-"	-1	"LOC101927069"	"-"	"PIP5K1B"	"+"	-145421	"TJP2"	"+"	"*"	"LOC101927069"
"chr9"	69888927	69888927	1	"+"	"chr9+69888927"	1	1.12534041547568e-05	5098	"Polyclonal_50pct"	"sonic"	-17300	"C9orf135*"	"+"	68111	"C9orf135"	"+"	"C9orf135"	"+"	683773	"TJP2"	"+"	"*"	"C9orf135"
"chr9"	71143409	71143409	1	"+"	"chr9+71143409"	1	1.12534041547568e-05	5098	"Polyclonal_50pct"	"sonic"	303562	"TRPM3*"	"-"	-21788	"TRPM3"	"-"	"TRPM3"	"-"	1938255	"TJP2"	"+"	"*"	"TRPM3"
"chr9"	71431441	71431441	1	"+"	"chr9+71431441"	1	1.12534041547568e-05	5098	"Polyclonal_50pct"	"sonic"	15530	"TRPM3*"	"-"	15530	"TRPM3"	"-"	"TRPM3"	"-"	-1720423	"ANXA1"	"+"	"*"	"TRPM3"
"chr9"	73745941	73745941	1	"+"	"chr9+73745941"	1	1.12534041547568e-05	5098	"Polyclonal_50pct"	"sonic"	575548	"ANXA1"	"+"	594077	"ANXA1"	"+"	"FALSE"	""	594077	"ANXA1"	"+"	""	"ANXA1"
"chr9"	73797489	73797489	1	"+"	"chr9+73797489"	1	1.12534041547568e-05	5098	"Polyclonal_50pct"	"sonic"	-574041	"LOC101927358"	"+"	-574041	"LOC101927358"	"+"	"FALSE"	""	645625	"ANXA1"	"+"	""	"LOC101927358"
"chr9"	74256645	74256645	1	"+"	"chr9+74256645"	1	1.12534041547568e-05	5098	"Polyclonal_50pct"	"sonic"	-114885	"LOC101927358"	"+"	-114885	"LOC101927358"	"+"	"FALSE"	""	1104781	"ANXA1"	"+"	""	"LOC101927358"
"chr9"	74286483	74286483	1	"+"	"chr9+74286483"	1	1.12534041547568e-05	5098	"Polyclonal_50pct"	"sonic"	-85047	"LOC101927358"	"+"	-85047	"LOC101927358"	"+"	"FALSE"	""	1134619	"ANXA1"	"+"	""	"LOC101927358"
"chr9"	82308252	82308252	1	"+"	"chr9+82308252"	1	1.12534041547568e-05	5098	"Polyclonal_50pct"	"sonic"	312999	"SPATA31D1"	"+"	319481	"SPATA31D1"	"+"	"FALSE"	""	1661605	"MIR7-1"	"-"	""	"SPATA31D1"
"chr9"	8510315	8510315	1	"+"	"chr9+8510315"	1	1.12534041547568e-05	5098	"Polyclonal_50pct"	"sonic"	-196070	"PTPRD~*"	"-"	223631	"PTPRD"	"-"	"PTPRD"	"-"	223631	"PTPRD"	"-"	"~*"	"PTPRD"
"chr9"	8813429	8813429	1	"+"	"chr9+8813429"	1	1.12534041547568e-05	5098	"Polyclonal_50pct"	"sonic"	44438	"PTPRD~*"	"-"	-34038	"PTPRD"	"-"	"PTPRD"	"-"	-34038	"PTPRD"	"-"	"~*"	"PTPRD"
"chr9"	8972207	8972207	1	"+"	"chr9+8972207"	1	1.12534041547568e-05	5098	"Polyclonal_50pct"	"sonic"	-657962	"PTPRD~*"	"-"	114190	"PTPRD-AS1"	"+"	"PTPRD"	"-"	-114340	"PTPRD"	"-"	"~*"	"PTPRD"
"chr9"	91291860	91291860	1	"+"	"chr9+91291860"	1	1.12534041547568e-05	5098	"Polyclonal_50pct"	"sonic"	70058	"AUH*"	"-"	70058	"AUH"	"-"	"AUH"	"-"	70058	"AUH"	"-"	"*"	"AUH"
"chr9"	9330681	9330681	1	"+"	"chr9+9330681"	1	1.12534041547568e-05	5098	"Polyclonal_50pct"	"sonic"	-1016436	"PTPRD~*"	"-"	-468710	"LOC105375972"	"+"	"PTPRD"	"-"	-472814	"PTPRD"	"-"	"~*"	"PTPRD"
"chr9"	9416691	9416691	1	"+"	"chr9+9416691"	1	1.12534041547568e-05	5098	"Polyclonal_50pct"	"sonic"	-1102446	"PTPRD~*"	"-"	-382700	"LOC105375972"	"+"	"PTPRD"	"-"	-558824	"PTPRD"	"-"	"~*"	"PTPRD"
"chr9"	96386944	96386944	1	"+"	"chr9+96386944"	1	1.12534041547568e-05	5098	"Polyclonal_50pct"	"sonic"	-1002	"ZNF367*"	"-"	-3233	"SLC35D2"	"-"	"ZNF367"	"-"	-869973	"PTCH1"	"-"	"*"	"ZNF367"
"chr9"	101524009	101524009	1	"-"	"chr9-101524009"	1	1.12534041547568e-05	5098	"Polyclonal_50pct"	"sonic"	-9843	"RNF20"	"+"	-9843	"RNF20"	"+"	"FALSE"	""	-88235	"ALDOB"	"-"	""	"RNF20"
"chr9"	102691306	102691306	1	"-"	"chr9-102691306"	1	1.12534041547568e-05	5098	"Polyclonal_50pct"	"sonic"	33797	"LINC00587"	"+"	171670	"LINC00587"	"+"	"FALSE"	""	-1255532	"ALDOB"	"-"	""	"LINC00587"
"chr9"	103337172	103337172	1	"-"	"chr9-103337172"	1	1.12534041547568e-05	5098	"Polyclonal_50pct"	"sonic"	-12139	"LINC01492"	"-"	-12139	"LINC01492"	"-"	"FALSE"	""	1590983	"ABCA1"	"-"	""	"LINC01492"
"chr9"	104127297	104127297	1	"-"	"chr9-104127297"	1	1.12534041547568e-05	5098	"Polyclonal_50pct"	"sonic"	-14122	"SMC2*"	"+"	32671	"SMC2"	"+"	"SMC2"	"+"	800858	"ABCA1"	"-"	"*"	"SMC2"
"chr9"	111055421	111055421	1	"-"	"chr9-111055421"	1	1.12534041547568e-05	5098	"Polyclonal_50pct"	"sonic"	-16423	"LPAR1~"	"-"	-16423	"LPAR1"	"-"	"FALSE"	""	-16423	"LPAR1"	"-"	"~"	"LPAR1"
"chr9"	111444353	111444353	1	"-"	"chr9-111444353"	1	1.12534041547568e-05	5098	"Polyclonal_50pct"	"sonic"	39209	"ECPAS*"	"-"	39209	"ECPAS"	"-"	"ECPAS"	"-"	-405355	"LPAR1"	"-"	"*"	"ECPAS"
"chr9"	114444373	114444373	1	"-"	"chr9-114444373"	1	1.12534041547568e-05	5098	"Polyclonal_50pct"	"sonic"	-42294	"WHRN*"	"-"	-18205	"WHRN"	"-"	"WHRN"	"-"	348157	"TNFSF15"	"-"	"*"	"WHRN"
"chr9"	115192244	115192244	1	"-"	"chr9-115192244"	1	1.12534041547568e-05	5098	"Polyclonal_50pct"	"sonic"	50427	"DELEC1*"	"+"	50427	"DELEC1"	"+"	"DELEC1"	"+"	-74087	"TNC"	"-"	"*"	"DELEC1"
"chr9"	119145091	119145091	1	"-"	"chr9-119145091"	1	1.12534041547568e-05	5098	"Polyclonal_50pct"	"sonic"	21537	"BRINP1"	"-"	224344	"BRINP1"	"-"	"FALSE"	""	-1730034	"ASTN2"	"-"	""	"BRINP1"
"chr9"	11937804	11937804	1	"-"	"chr9-11937804"	1	1.12534041547568e-05	5098	"Polyclonal_50pct"	"sonic"	-755580	"TYRP1"	"+"	-755580	"TYRP1"	"+"	"FALSE"	""	-1324802	"PTPRD"	"-"	""	"TYRP1"
"chr9"	12059991	12059991	1	"-"	"chr9-12059991"	1	1.12534041547568e-05	5098	"Polyclonal_50pct"	"sonic"	-633393	"TYRP1"	"+"	-633393	"TYRP1"	"+"	"FALSE"	""	-1446989	"PTPRD"	"-"	""	"TYRP1"
"chr9"	125684470	125684470	1	"-"	"chr9-125684470"	1	1.12534041547568e-05	5098	"Polyclonal_50pct"	"sonic"	22738	"MAPKAP1*"	"-"	22738	"MAPKAP1"	"-"	"MAPKAP1"	"-"	-62902	"PBX3"	"+"	"*"	"MAPKAP1"
"chr9"	12650163	12650163	1	"-"	"chr9-12650163"	1	1.12534041547568e-05	5098	"Polyclonal_50pct"	"sonic"	-43221	"TYRP1"	"+"	-43221	"TYRP1"	"+"	"FALSE"	""	1530639	"NFIB"	"-"	""	"TYRP1"
"chr9"	129023536	129023536	1	"-"	"chr9-129023536"	1	1.12534041547568e-05	5098	"Polyclonal_50pct"	"sonic"	4795	"SH3GLB2*"	"-"	4795	"SH3GLB2"	"-"	"SH3GLB2"	"-"	333563	"SET"	"+"	"*"	"SH3GLB2"
"chr9"	129533608	129533608	1	"-"	"chr9-129533608"	1	1.12534041547568e-05	5098	"Polyclonal_50pct"	"sonic"	19919	"LINC00963"	"+"	44949	"LINC00963"	"+"	"FALSE"	""	-132038	"PRRX2"	"+"	""	"LINC00963"
"chr9"	130012916	130012916	1	"-"	"chr9-130012916"	1	1.12534041547568e-05	5098	"Polyclonal_50pct"	"sonic"	30273	"FNBP1~*"	"-"	30273	"FNBP1"	"-"	"FNBP1"	"-"	30273	"FNBP1"	"-"	"~*"	"FNBP1"
"chr9"	137562211	137562211	1	"-"	"chr9-137562211"	1	1.12534041547568e-05	5098	"Polyclonal_50pct"	"sonic"	-7768	"DPH7*"	"-"	10333	"MRPL41"	"+"	"DPH7"	"-"	-56793	"EHMT1"	"+"	"*"	"DPH7"
"chr9"	14093132	14093132	1	"-"	"chr9-14093132"	1	1.12534041547568e-05	5098	"Polyclonal_50pct"	"sonic"	-11285	"NFIB~*"	"-"	87670	"NFIB"	"-"	"NFIB"	"-"	87670	"NFIB"	"-"	"~*"	"NFIB"
"chr9"	17164238	17164238	1	"-"	"chr9-17164238"	1	1.12534041547568e-05	5098	"Polyclonal_50pct"	"sonic"	-4333	"CNTLN*"	"+"	29199	"CNTLN"	"+"	"CNTLN"	"+"	-414827	"SH3GL2"	"+"	"*"	"CNTLN"
"chr9"	18233298	18233298	1	"-"	"chr9-18233298"	1	1.12534041547568e-05	5098	"Polyclonal_50pct"	"sonic"	-240854	"ADAMTSL1"	"+"	-240854	"ADAMTSL1"	"+"	"FALSE"	""	654233	"SH3GL2"	"+"	""	"ADAMTSL1"
"chr9"	1906781	1906781	1	"-"	"chr9-1906781"	1	1.12534041547568e-05	5098	"Polyclonal_50pct"	"sonic"	-108565	"SMARCA2"	"+"	-108565	"SMARCA2"	"+"	"FALSE"	""	-3078304	"JAK2"	"+"	""	"SMARCA2"
"chr9"	20677835	20677835	1	"-"	"chr9-20677835"	1	1.12534041547568e-05	5098	"Polyclonal_50pct"	"sonic"	19527	"FOCAD*"	"+"	-6423	"FOCAD"	"+"	"FOCAD"	"+"	-55336	"MLLT3"	"-"	"*"	"FOCAD"
"chr9"	20807527	20807527	1	"-"	"chr9-20807527"	1	1.12534041547568e-05	5098	"Polyclonal_50pct"	"sonic"	123269	"FOCAD*"	"+"	20601	"SNORA30B"	"+"	"FOCAD"	"+"	-185028	"MLLT3"	"-"	"*"	"FOCAD"
"chr9"	22940877	22940877	1	"-"	"chr9-22940877"	1	1.12534041547568e-05	5098	"Polyclonal_50pct"	"sonic"	116664	"LINC01239"	"+"	294678	"LINC01239"	"+"	"FALSE"	""	-931564	"CDKN2B"	"-"	""	"LINC01239"
"chr9"	25355755	25355755	1	"-"	"chr9-25355755"	1	1.12534041547568e-05	5098	"Polyclonal_50pct"	"sonic"	321213	"TUSC1"	"-"	322689	"TUSC1"	"-"	"FALSE"	""	-1753385	"TEK"	"+"	""	"TUSC1"
"chr9"	28505730	28505730	1	"-"	"chr9-28505730"	1	1.12534041547568e-05	5098	"Polyclonal_50pct"	"sonic"	213575	"LINGO2*"	"-"	213575	"LINGO2"	"-"	"LINGO2"	"-"	1396281	"TEK"	"+"	"*"	"LINGO2"
"chr9"	29392766	29392766	1	"-"	"chr9-29392766"	1	1.12534041547568e-05	5098	"Polyclonal_50pct"	"sonic"	-179165	"LINGO2"	"-"	-179165	"LINGO2"	"-"	"FALSE"	""	2283317	"TEK"	"+"	""	"LINGO2"
"chr9"	32130477	32130477	1	"-"	"chr9-32130477"	1	1.12534041547568e-05	5098	"Polyclonal_50pct"	"sonic"	-254125	"ACO1"	"+"	-254125	"ACO1"	"+"	"FALSE"	""	422109	"TOPORS"	"-"	""	"ACO1"
"chr9"	3223726	3223726	1	"-"	"chr9-3223726"	1	1.12534041547568e-05	5098	"Polyclonal_50pct"	"sonic"	-5430	"RFX3*"	"-"	42138	"LINC01231"	"+"	"RFX3"	"-"	-1761359	"JAK2"	"+"	"*"	"RFX3"
"chr9"	3303902	3303902	1	"-"	"chr9-3303902"	1	1.12534041547568e-05	5098	"Polyclonal_50pct"	"sonic"	-32974	"RFX3*"	"-"	122314	"LINC01231"	"+"	"RFX3"	"-"	-1681183	"JAK2"	"+"	"*"	"RFX3"
"chr9"	34286379	34286379	1	"-"	"chr9-34286379"	1	1.12534041547568e-05	5098	"Polyclonal_50pct"	"sonic"	-34000	"KIF24*"	"-"	42889	"KIF24"	"-"	"KIF24"	"-"	793563	"FANCG"	"-"	"*"	"KIF24"
"chr9"	35411227	35411227	1	"-"	"chr9-35411227"	1	1.12534041547568e-05	5098	"Polyclonal_50pct"	"sonic"	4473	"ATP8B5P*"	"+"	4473	"ATP8B5P"	"+"	"ATP8B5P"	"+"	246791	"RMRP"	"-"	"*"	"ATP8B5P"
"chr9"	42407315	42407315	1	"-"	"chr9-42407315"	1	1.12534041547568e-05	5098	"Polyclonal_50pct"	"sonic"	160543	"LOC103908605"	"-"	162034	"LOC103908605"	"-"	"FALSE"	""	-5373047	"PAX5"	"-"	""	"LOC103908605"
"chr9"	4537341	4537341	1	"-"	"chr9-4537341"	1	1.12534041547568e-05	5098	"Polyclonal_50pct"	"sonic"	46874	"SLC1A1*"	"+"	46874	"SLC1A1"	"+"	"SLC1A1"	"+"	-447744	"JAK2"	"+"	"*"	"SLC1A1"
"chr9"	5003458	5003458	1	"-"	"chr9-5003458"	1	1.12534041547568e-05	5098	"Polyclonal_50pct"	"sonic"	18187	"JAK2!~*"	"+"	18187	"JAK2"	"+"	"JAK2"	"+"	18187	"JAK2"	"+"	"!~*"	"JAK2"
"chr9"	6361292	6361292	1	"-"	"chr9-6361292"	1	1.12534041547568e-05	5098	"Polyclonal_50pct"	"sonic"	29401	"TPD52L3"	"+"	32918	"TPD52L3"	"+"	"FALSE"	""	-51858	"UHRF2"	"+"	""	"TPD52L3"
"chr9"	70433665	70433665	1	"-"	"chr9-70433665"	1	1.12534041547568e-05	5098	"Polyclonal_50pct"	"sonic"	-19008	"KLF9"	"-"	-19008	"KLF9"	"-"	"FALSE"	""	1228511	"TJP2"	"+"	""	"KLF9"
"chr9"	74519598	74519598	1	"-"	"chr9-74519598"	1	1.12534041547568e-05	5098	"Polyclonal_50pct"	"sonic"	22264	"RORB*"	"+"	-21045	"RORB-AS1"	"-"	"RORB"	"+"	1367734	"ANXA1"	"+"	"*"	"RORB"
"chr9"	74545576	74545576	1	"-"	"chr9-74545576"	1	1.12534041547568e-05	5098	"Polyclonal_50pct"	"sonic"	48242	"RORB*"	"+"	-47023	"RORB-AS1"	"-"	"RORB"	"+"	1393712	"ANXA1"	"+"	"*"	"RORB"
"chr9"	75166459	75166459	1	"-"	"chr9-75166459"	1	1.12534041547568e-05	5098	"Polyclonal_50pct"	"sonic"	19194	"OSTF1"	"+"	77946	"OSTF1"	"+"	"FALSE"	""	2014595	"ANXA1"	"+"	""	"OSTF1"
"chr9"	80329398	80329398	1	"-"	"chr9-80329398"	1	1.12534041547568e-05	5098	"Polyclonal_50pct"	"sonic"	294843	"LINC01507"	"+"	354376	"LINC01507"	"+"	"FALSE"	""	-2297587	"GNAQ"	"-"	""	"LINC01507"
"chr9"	80712012	80712012	1	"-"	"chr9-80712012"	1	1.12534041547568e-05	5098	"Polyclonal_50pct"	"sonic"	677457	"LINC01507"	"+"	736990	"LINC01507"	"+"	"FALSE"	""	-2680201	"GNAQ"	"-"	""	"LINC01507"
"chr9"	81402392	81402392	1	"-"	"chr9-81402392"	1	1.12534041547568e-05	5098	"Polyclonal_50pct"	"sonic"	181290	"TLE1"	"-"	287143	"TLE1"	"-"	"FALSE"	""	2567465	"MIR7-1"	"-"	""	"TLE1"
"chr9"	83662069	83662069	1	"-"	"chr9-83662069"	1	1.12534041547568e-05	5098	"Polyclonal_50pct"	"sonic"	-2102	"UBQLN1*"	"-"	38927	"IDNK"	"+"	"UBQLN1"	"-"	307788	"MIR7-1"	"-"	"*"	"UBQLN1"
"chr9"	83984711	83984711	1	"-"	"chr9-83984711"	1	1.12534041547568e-05	5098	"Polyclonal_50pct"	"sonic"	3907	"RMI1*"	"+"	3907	"RMI1"	"+"	"RMI1"	"+"	-3929	"HNRNPK"	"-"	"*"	"RMI1"
"chr9"	85994835	85994835	1	"-"	"chr9-85994835"	1	1.12534041547568e-05	5098	"Polyclonal_50pct"	"sonic"	-27455	"NAA35*"	"+"	53307	"NAA35"	"+"	"NAA35"	"+"	952671	"GAS1"	"-"	"*"	"NAA35"
"chr9"	91115268	91115268	1	"-"	"chr9-91115268"	1	1.12534041547568e-05	5098	"Polyclonal_50pct"	"sonic"	-3793	"LINC00484"	"+"	-3793	"LINC00484"	"+"	"FALSE"	""	246650	"AUH"	"-"	""	"LINC00484"
"chr9"	9528886	9528886	1	"-"	"chr9-9528886"	1	1.12534041547568e-05	5098	"Polyclonal_50pct"	"sonic"	1084116	"PTPRD~*"	"-"	-270505	"LOC105375972"	"+"	"PTPRD"	"-"	-671019	"PTPRD"	"-"	"~*"	"PTPRD"
"chr9"	9894638	9894638	1	"-"	"chr9-9894638"	1	1.12534041547568e-05	5098	"Polyclonal_50pct"	"sonic"	718364	"PTPRD~*"	"-"	95247	"LOC105375972"	"+"	"PTPRD"	"-"	718364	"PTPRD"	"-"	"~*"	"PTPRD"
"chr9"	9896302	9896302	1	"-"	"chr9-9896302"	1	1.12534041547568e-05	5098	"Polyclonal_50pct"	"sonic"	716700	"PTPRD~*"	"-"	96911	"LOC105375972"	"+"	"PTPRD"	"-"	716700	"PTPRD"	"-"	"~*"	"PTPRD"
"chrX"	101107448	101107448	1	"+"	"chrX+101107448"	1	1.12534041547568e-05	5098	"Polyclonal_50pct"	"sonic"	6391	"CENPI*"	"+"	6391	"CENPI"	"+"	"CENPI"	"+"	278743	"BTK"	"-"	"*"	"CENPI"
"chrX"	101474308	101474308	1	"+"	"chrX+101474308"	1	1.12534041547568e-05	5098	"Polyclonal_50pct"	"sonic"	56031	"ARMCX4*"	"+"	-11147	"ARMCX4"	"+"	"ARMCX4"	"+"	-76238	"ARMCX1"	"+"	"*"	"ARMCX4"
"chrX"	113542592	113542592	1	"+"	"chrX+113542592"	1	1.12534041547568e-05	5098	"Polyclonal_50pct"	"sonic"	21978	"LOC101928437"	"+"	395626	"XACT"	"-"	"FALSE"	""	-701761	"AMOT"	"-"	""	"LOC101928437"
"chrX"	119066770	119066770	1	"+"	"chrX+119066770"	1	1.12534041547568e-05	5098	"Polyclonal_50pct"	"sonic"	11864	"KIAA1210"	"-"	83809	"KIAA1210"	"-"	"FALSE"	""	-1184041	"ZBTB33"	"+"	""	"KIAA1210"
"chrX"	123379934	123379934	1	"+"	"chrX+123379934"	1	1.12534041547568e-05	5098	"Polyclonal_50pct"	"sonic"	-110981	"GRIA3*"	"+"	195657	"GRIA3"	"+"	"GRIA3"	"+"	-580625	"STAG2"	"+"	"*"	"GRIA3"
"chrX"	124069807	124069807	1	"+"	"chrX+124069807"	1	1.12534041547568e-05	5098	"Polyclonal_50pct"	"sonic"	-32848	"STAG2~*"	"+"	108102	"STAG2"	"+"	"STAG2"	"+"	108102	"STAG2"	"+"	"~*"	"STAG2"
"chrX"	12500479	12500479	1	"+"	"chrX+12500479"	1	1.12534041547568e-05	5098	"Polyclonal_50pct"	"sonic"	1800	"FRMPD4*"	"+"	1800	"FRMPD4"	"+"	"FRMPD4"	"+"	-1069121	"EGFL6"	"+"	"*"	"FRMPD4"
"chrX"	126295770	126295770	1	"+"	"chrX+126295770"	1	1.12534041547568e-05	5098	"Polyclonal_50pct"	"sonic"	-129481	"DCAF12L2"	"-"	-129481	"DCAF12L2"	"-"	"FALSE"	""	2334065	"STAG2"	"+"	""	"DCAF12L2"
"chrX"	134559080	134559080	1	"+"	"chrX+134559080"	1	1.12534041547568e-05	5098	"Polyclonal_50pct"	"sonic"	-1318	"LINC00629*"	"+"	9057	"LINC00629"	"+"	"LINC00629"	"+"	185769	"PHF6"	"+"	"*"	"LINC00629"
"chrX"	138505733	138505733	1	"+"	"chrX+138505733"	1	1.12534041547568e-05	5098	"Polyclonal_50pct"	"sonic"	108993	"FGF13"	"-"	162060	"MIR504"	"-"	"FALSE"	""	205984	"FGF13"	"-"	""	"FGF13"
"chrX"	139163002	139163002	1	"+"	"chrX+139163002"	1	1.12534041547568e-05	5098	"Polyclonal_50pct"	"sonic"	42021	"FGF13~*"	"-"	42021	"FGF13"	"-"	"FGF13"	"-"	42021	"FGF13"	"-"	"~*"	"FGF13"
"chrX"	144961013	144961013	1	"+"	"chrX+144961013"	1	1.12534041547568e-05	5098	"Polyclonal_50pct"	"sonic"	-286489	"SPANXN1"	"+"	-286489	"SPANXN1"	"+"	"FALSE"	""	-4455944	"SOX3"	"-"	""	"SPANXN1"
"chrX"	146799916	146799916	1	"+"	"chrX+146799916"	1	1.12534041547568e-05	5098	"Polyclonal_50pct"	"sonic"	-9854	"CXorf51B"	"+"	-9854	"CXorf51B"	"+"	"FALSE"	""	-6294847	"SOX3"	"-"	""	"CXorf51B"
"chrX"	147044415	147044415	1	"+"	"chrX+147044415"	1	1.12534041547568e-05	5098	"Polyclonal_50pct"	"sonic"	145288	"MIR513C"	"-"	145372	"MIR513C"	"-"	"FALSE"	""	-6450564	"BGN"	"+"	""	"MIR513C"
"chrX"	150069364	150069364	1	"+"	"chrX+150069364"	1	1.12534041547568e-05	5098	"Polyclonal_50pct"	"sonic"	52577	"LINC00894"	"+"	130817	"LINC00894"	"+"	"FALSE"	""	-3425615	"BGN"	"+"	""	"LINC00894"
"chrX"	150885414	150885414	1	"+"	"chrX+150885414"	1	1.12534041547568e-05	5098	"Polyclonal_50pct"	"sonic"	13254	"CD99L2*"	"-"	13254	"CD99L2"	"-"	"CD99L2"	"-"	-2609565	"BGN"	"+"	"*"	"CD99L2"
"chrX"	154111800	154111800	1	"+"	"chrX+154111800"	1	1.12534041547568e-05	5098	"Polyclonal_50pct"	"sonic"	-14083	"MECP2"	"-"	-14083	"MECP2"	"-"	"FALSE"	""	-176763	"NAA10"	"-"	""	"MECP2"
"chrX"	154474713	154474713	1	"+"	"chrX+154474713"	1	1.12534041547568e-05	5098	"Polyclonal_50pct"	"sonic"	-3066	"PLXNA3*"	"+"	4544	"LAGE3"	"-"	"PLXNA3"	"+"	76217	"RPL10"	"+"	"*"	"PLXNA3"
"chrX"	154693614	154693614	1	"+"	"chrX+154693614"	1	1.12534041547568e-05	5098	"Polyclonal_50pct"	"sonic"	-18365	"GAB3*"	"-"	-40035	"CTAG2"	"-"	"GAB3"	"-"	-69127	"DKC1"	"+"	"*"	"GAB3"
"chrX"	155368396	155368396	1	"+"	"chrX+155368396"	1	1.12534041547568e-05	5098	"Polyclonal_50pct"	"sonic"	5778	"TMLHE-AS1,LOC101927830*"	"-"	5778	"TMLHE-AS1,LOC101927830"	"-"	"TMLHE-AS1,LOC101927830"	"-"	-297260	"MTCP1"	"-"	"*"	"TMLHE-AS1,LOC101927830"
"chrX"	17070908	17070908	1	"+"	"chrX+17070908"	1	1.12534041547568e-05	5098	"Polyclonal_50pct"	"sonic"	-82364	"REPS2~*"	"+"	124251	"REPS2"	"+"	"REPS2"	"+"	124251	"REPS2"	"+"	"~*"	"REPS2"
"chrX"	21524000	21524000	1	"+"	"chrX+21524000"	1	1.12534041547568e-05	5098	"Polyclonal_50pct"	"sonic"	-121440	"CNKSR2*"	"+"	134330	"KLHL34"	"-"	"CNKSR2"	"+"	-1382162	"EIF1AX"	"-"	"*"	"CNKSR2"
"chrX"	21870476	21870476	1	"+"	"chrX+21870476"	1	1.12534041547568e-05	5098	"Polyclonal_50pct"	"sonic"	-14947	"MBTPS2*"	"+"	14490	"YY2"	"+"	"MBTPS2"	"+"	-1728638	"EIF1AX"	"-"	"*"	"MBTPS2"
"chrX"	30506999	30506999	1	"+"	"chrX+30506999"	1	1.12534041547568e-05	5098	"Polyclonal_50pct"	"sonic"	51821	"TASL"	"-"	70767	"TASL"	"-"	"FALSE"	""	382255	"TAB3"	"-"	""	"TASL"
"chrX"	33909796	33909796	1	"+"	"chrX+33909796"	1	1.12534041547568e-05	5098	"Polyclonal_50pct"	"sonic"	219955	"FAM47A"	"-"	222534	"FAM47A"	"-"	"FALSE"	""	-3020542	"TAB3"	"-"	""	"FAM47A"
"chrX"	34347899	34347899	1	"+"	"chrX+34347899"	1	1.12534041547568e-05	5098	"Polyclonal_50pct"	"sonic"	-215569	"FAM47A"	"-"	-215569	"FAM47A"	"-"	"FALSE"	""	-3458645	"TAB3"	"-"	""	"FAM47A"
"chrX"	36924849	36924849	1	"+"	"chrX+36924849"	1	1.12534041547568e-05	5098	"Polyclonal_50pct"	"sonic"	-83516	"FAM47C"	"+"	-83516	"FAM47C"	"+"	"FALSE"	""	3173109	"BCOR"	"-"	""	"FAM47C"
"chrX"	41134253	41134253	1	"+"	"chrX+41134253"	1	1.12534041547568e-05	5098	"Polyclonal_50pct"	"sonic"	48809	"USP9X*"	"+"	48809	"USP9X"	"+"	"USP9X"	"+"	-956924	"BCOR"	"-"	"*"	"USP9X"
"chrX"	42808954	42808954	1	"+"	"chrX+42808954"	1	1.12534041547568e-05	5098	"Polyclonal_50pct"	"sonic"	-30791	"PPP1R2C"	"-"	-30791	"PPP1R2C"	"-"	"FALSE"	""	-2064220	"KDM6A"	"+"	""	"PPP1R2C"
"chrX"	4419858	4419858	1	"+"	"chrX+4419858"	1	1.12534041547568e-05	5098	"Polyclonal_50pct"	"sonic"	207341	"LOC101928201"	"-"	213714	"LOC101928201"	"-"	"FALSE"	""	-2882673	"P2RY8"	"-"	""	"LOC101928201"
"chrX"	46595119	46595119	1	"+"	"chrX+46595119"	1	1.12534041547568e-05	5098	"Polyclonal_50pct"	"sonic"	-3377	"CHST7*"	"+"	21355	"CHST7"	"+"	"CHST7"	"+"	-623183	"CDK16"	"+"	"*"	"CHST7"
"chrX"	49731492	49731492	1	"+"	"chrX+49731492"	1	1.12534041547568e-05	5098	"Polyclonal_50pct"	"sonic"	-35508	"PAGE1"	"-"	-35508	"PAGE1"	"-"	"FALSE"	""	-466782	"FOXP3"	"-"	""	"PAGE1"
"chrX"	49953767	49953767	1	"+"	"chrX+49953767"	1	1.12534041547568e-05	5098	"Polyclonal_50pct"	"sonic"	31172	"CLCN5*"	"+"	31172	"CLCN5"	"+"	"CLCN5"	"+"	-689057	"FOXP3"	"-"	"*"	"CLCN5"
"chrX"	51250764	51250764	1	"+"	"chrX+51250764"	1	1.12534041547568e-05	5098	"Polyclonal_50pct"	"sonic"	-79343	"LINC01284"	"-"	-79343	"LINC01284"	"-"	"FALSE"	""	1456463	"SSX2"	"-"	""	"LINC01284"
"chrX"	54283077	54283077	1	"+"	"chrX+54283077"	1	1.12534041547568e-05	5098	"Polyclonal_50pct"	"sonic"	74928	"WNK3*"	"-"	74928	"WNK3"	"-"	"WNK3"	"-"	-1057655	"KDM5C"	"-"	"*"	"WNK3"
"chrX"	64763742	64763742	1	"+"	"chrX+64763742"	1	1.12534041547568e-05	5098	"Polyclonal_50pct"	"sonic"	152059	"ZC4H2"	"-"	212708	"ZC4H2"	"-"	"FALSE"	""	-558034	"AMER1"	"-"	""	"ZC4H2"
"chrX"	65680284	65680284	1	"+"	"chrX+65680284"	1	1.12534041547568e-05	5098	"Polyclonal_50pct"	"sonic"	12631	"MSN~*"	"+"	12631	"MSN"	"+"	"MSN"	"+"	12631	"MSN"	"+"	"~*"	"MSN"
"chrX"	70393522	70393522	1	"+"	"chrX+70393522"	1	1.12534041547568e-05	5098	"Polyclonal_50pct"	"sonic"	-27364	"KIF4A*"	"+"	-29508	"GDPD2"	"+"	"KIF4A"	"+"	-702328	"FOXO4"	"+"	"*"	"KIF4A"
"chrX"	71446482	71446482	1	"+"	"chrX+71446482"	1	1.12534041547568e-05	5098	"Polyclonal_50pct"	"sonic"	-19523	"TAF1*"	"+"	45967	"INGX,TAF1"	"-,+"	"TAF1"	"+"	162848	"NONO"	"+"	"*"	"TAF1"
"chrX"	80288557	80288557	1	"+"	"chrX+80288557"	1	1.12534041547568e-05	5098	"Polyclonal_50pct"	"sonic"	46761	"CHMP1B2P*"	"-"	46761	"CHMP1B2P"	"-"	"CHMP1B2P"	"-"	265498	"TBX22"	"+"	"*"	"CHMP1B2P"
"chrX"	81432602	81432602	1	"+"	"chrX+81432602"	1	1.12534041547568e-05	5098	"Polyclonal_50pct"	"sonic"	134055	"SH3BGRL"	"+"	230501	"SH3BGRL"	"+"	"FALSE"	""	-622725	"BRWD3"	"-"	""	"SH3BGRL"
"chrX"	8255695	8255695	1	"+"	"chrX+8255695"	1	1.12534041547568e-05	5098	"Polyclonal_50pct"	"sonic"	-84428	"VCX2"	"-"	-84428	"VCX2"	"-"	"FALSE"	""	2311908	"MID1"	"-"	""	"VCX2"
"chrX"	82576049	82576049	1	"+"	"chrX+82576049"	1	1.12534041547568e-05	5098	"Polyclonal_50pct"	"sonic"	-932240	"POU3F4"	"+"	-932240	"POU3F4"	"+"	"FALSE"	""	-1766172	"BRWD3"	"-"	""	"POU3F4"
"chrX"	84077889	84077889	1	"+"	"chrX+84077889"	1	1.12534041547568e-05	5098	"Polyclonal_50pct"	"sonic"	-19540	"RPS6KA6*"	"-"	110046	"RPS6KA6"	"-"	"RPS6KA6"	"-"	-2070561	"DACH2"	"+"	"*"	"RPS6KA6"
"chrX"	86266490	86266490	1	"+"	"chrX+86266490"	1	1.12534041547568e-05	5098	"Polyclonal_50pct"	"sonic"	3523	"DACH2*"	"+"	3523	"DACH2"	"+"	"DACH2"	"+"	3523	"DACH2"	"+"	"*"	"DACH2"
"chrX"	86372458	86372458	1	"+"	"chrX+86372458"	1	1.12534041547568e-05	5098	"Polyclonal_50pct"	"sonic"	109491	"DACH2*"	"+"	109491	"DACH2"	"+"	"DACH2"	"+"	109491	"DACH2"	"+"	"*"	"DACH2"
"chrX"	88106185	88106185	1	"+"	"chrX+88106185"	1	1.12534041547568e-05	5098	"Polyclonal_50pct"	"sonic"	436135	"KLHL4"	"+"	588384	"KLHL4"	"+"	"FALSE"	""	1843218	"DACH2"	"+"	""	"KLHL4"
"chrX"	88872657	88872657	1	"+"	"chrX+88872657"	1	1.12534041547568e-05	5098	"Polyclonal_50pct"	"sonic"	117873	"CPXCR1"	"+"	125433	"CPXCR1"	"+"	"FALSE"	""	2609690	"DACH2"	"+"	""	"CPXCR1"
"chrX"	92849503	92849503	1	"+"	"chrX+92849503"	1	1.12534041547568e-05	5098	"Polyclonal_50pct"	"sonic"	-24600	"MIR4454"	"-"	-24600	"MIR4454"	"-"	"FALSE"	""	6586536	"DACH2"	"+"	""	"MIR4454"
"chrX"	95576198	95576198	1	"+"	"chrX+95576198"	1	1.12534041547568e-05	5098	"Polyclonal_50pct"	"sonic"	-512972	"MIR548M"	"-"	-512972	"MIR548M"	"-"	"FALSE"	""	5809993	"BTK"	"-"	""	"MIR548M"
"chrX"	95955985	95955985	1	"+"	"chrX+95955985"	1	1.12534041547568e-05	5098	"Polyclonal_50pct"	"sonic"	381100	"BRDTP1"	"-"	381917	"BRDTP1"	"-"	"FALSE"	""	5430206	"BTK"	"-"	""	"BRDTP1"
"chrX"	98948075	98948075	1	"+"	"chrX+98948075"	1	1.12534041547568e-05	5098	"Polyclonal_50pct"	"sonic"	1343079	"DIAPH2"	"+"	-1383540	"DIAPH2-AS1"	"-"	"FALSE"	""	2438116	"BTK"	"-"	""	"DIAPH2"
"chrX"	99125018	99125018	1	"+"	"chrX+99125018"	1	1.12534041547568e-05	5098	"Polyclonal_50pct"	"sonic"	1166625	"PCDH19"	"-"	1285255	"PCDH19"	"-"	"FALSE"	""	2261173	"BTK"	"-"	""	"PCDH19"
"chrX"	103572702	103572702	1	"-"	"chrX-103572702"	1	1.12534041547568e-05	5098	"Polyclonal_50pct"	"sonic"	-3528	"TCEAL4"	"+"	-3528	"TCEAL4"	"+"	"FALSE"	""	-1912852	"ARMCX2"	"-"	""	"TCEAL4"
"chrX"	10460968	10460968	1	"-"	"chrX-10460968"	1	1.12534041547568e-05	5098	"Polyclonal_50pct"	"sonic"	-15413	"MID1*"	"-"	106635	"MID1"	"-"	"MID1"	"-"	106635	"MID1"	"-"	"*"	"MID1"
"chrX"	105891927	105891927	1	"-"	"chrX-105891927"	1	1.12534041547568e-05	5098	"Polyclonal_50pct"	"sonic"	-66683	"NRK*"	"+"	69389	"NRK"	"+"	"NRK"	"+"	-1736496	"PRPS1"	"+"	"*"	"NRK"
"chrX"	116622531	116622531	1	"-"	"chrX-116622531"	1	1.12534041547568e-05	5098	"Polyclonal_50pct"	"sonic"	-159555	"CT83"	"-"	-159555	"CT83"	"-"	"FALSE"	""	-3628280	"ZBTB33"	"+"	""	"CT83"
"chrX"	11786333	11786333	1	"-"	"chrX-11786333"	1	1.12534041547568e-05	5098	"Polyclonal_50pct"	"sonic"	10561	"MSL3"	"+"	26687	"MSL3"	"+"	"FALSE"	""	-952650	"MID1"	"-"	""	"MSL3"
"chrX"	118995712	118995712	1	"-"	"chrX-118995712"	1	1.12534041547568e-05	5098	"Polyclonal_50pct"	"sonic"	19381	"LONRF3*"	"+"	19381	"LONRF3"	"+"	"LONRF3"	"+"	-1255099	"ZBTB33"	"+"	"*"	"LONRF3"
"chrX"	122208035	122208035	1	"-"	"chrX-122208035"	1	1.12534041547568e-05	5098	"Polyclonal_50pct"	"sonic"	836982	"MIR3672"	"+"	837064	"MIR3672"	"+"	"FALSE"	""	-1632206	"CUL4B"	"-"	""	"MIR3672"
"chrX"	122407276	122407276	1	"-"	"chrX-122407276"	1	1.12534041547568e-05	5098	"Polyclonal_50pct"	"sonic"	-776966	"GRIA3"	"+"	-776966	"GRIA3"	"+"	"FALSE"	""	-1553283	"STAG2"	"+"	""	"GRIA3"
"chrX"	123992405	123992405	1	"-"	"chrX-123992405"	1	1.12534041547568e-05	5098	"Polyclonal_50pct"	"sonic"	30700	"STAG2~*"	"+"	30700	"STAG2"	"+"	"STAG2"	"+"	30700	"STAG2"	"+"	"~*"	"STAG2"
"chrX"	124352795	124352795	1	"-"	"chrX-124352795"	1	1.12534041547568e-05	5098	"Polyclonal_50pct"	"sonic"	6233	"SH2D1A*"	"+"	6233	"SH2D1A"	"+"	"SH2D1A"	"+"	391090	"STAG2"	"+"	"*"	"SH2D1A"
"chrX"	124642189	124642189	1	"-"	"chrX-124642189"	1	1.12534041547568e-05	5098	"Polyclonal_50pct"	"sonic"	-266284	"TENM1*"	"-"	295627	"SH2D1A"	"+"	"TENM1"	"-"	680484	"STAG2"	"+"	"*"	"TENM1"
"chrX"	125804469	125804469	1	"-"	"chrX-125804469"	1	1.12534041547568e-05	5098	"Polyclonal_50pct"	"sonic"	-305292	"LOC101928495"	"+"	-305292	"LOC101928495"	"+"	"FALSE"	""	1842764	"STAG2"	"+"	""	"LOC101928495"
"chrX"	126133640	126133640	1	"-"	"chrX-126133640"	1	1.12534041547568e-05	5098	"Polyclonal_50pct"	"sonic"	18078	"LOC101928495"	"+"	23879	"LOC101928495"	"+"	"FALSE"	""	2171935	"STAG2"	"+"	""	"LOC101928495"
"chrX"	127807138	127807138	1	"-"	"chrX-127807138"	1	1.12534041547568e-05	5098	"Polyclonal_50pct"	"sonic"	243823	"ACTRT1"	"-"	245265	"ACTRT1"	"-"	"FALSE"	""	2303359	"ELF4"	"-"	""	"ACTRT1"
"chrX"	130885172	130885172	1	"-"	"chrX-130885172"	1	1.12534041547568e-05	5098	"Polyclonal_50pct"	"sonic"	18037	"ENOX2*"	"-"	18037	"ENOX2"	"-"	"ENOX2"	"-"	-719285	"AIFM1"	"-"	"*"	"ENOX2"
"chrX"	131345352	131345352	1	"-"	"chrX-131345352"	1	1.12534041547568e-05	5098	"Polyclonal_50pct"	"sonic"	-55923	"IGSF1"	"-"	-55923	"IGSF1"	"-"	"FALSE"	""	-1179465	"AIFM1"	"-"	""	"IGSF1"
"chrX"	134665267	134665267	1	"-"	"chrX-134665267"	1	1.12534041547568e-05	5098	"Polyclonal_50pct"	"sonic"	68369	"PLAC1*"	"-"	-6784	"PLAC1"	"-"	"PLAC1"	"-"	291956	"PHF6"	"+"	"*"	"PLAC1"
"chrX"	139502840	139502840	1	"-"	"chrX-139502840"	1	1.12534041547568e-05	5098	"Polyclonal_50pct"	"sonic"	-27895	"F9"	"+"	-27895	"F9"	"+"	"FALSE"	""	140001	"MCF2"	"-"	""	"F9"
"chrX"	141850195	141850195	1	"-"	"chrX-141850195"	1	1.12534041547568e-05	5098	"Polyclonal_50pct"	"sonic"	11880	"MAGEC3*"	"+"	11880	"MAGEC3"	"+"	"MAGEC3"	"+"	-1345126	"SOX3"	"-"	"*"	"MAGEC3"
"chrX"	143321423	143321423	1	"-"	"chrX-143321423"	1	1.12534041547568e-05	5098	"Polyclonal_50pct"	"sonic"	187311	"SPANXN3"	"-"	196052	"SPANXN3"	"-"	"FALSE"	""	-2816354	"SOX3"	"-"	""	"SPANXN3"
"chrX"	149143181	149143181	1	"-"	"chrX-149143181"	1	1.12534041547568e-05	5098	"Polyclonal_50pct"	"sonic"	142518	"AFF2"	"+"	362125	"IDS"	"-"	"FALSE"	""	-4351798	"BGN"	"+"	""	"AFF2"
"chrX"	150377943	150377943	1	"-"	"chrX-150377943"	1	1.12534041547568e-05	5098	"Polyclonal_50pct"	"sonic"	14627	"MAMLD1*"	"+"	14627	"MAMLD1"	"+"	"MAMLD1"	"+"	-3117036	"BGN"	"+"	"*"	"MAMLD1"
"chrX"	151448510	151448510	1	"-"	"chrX-151448510"	1	1.12534041547568e-05	5098	"Polyclonal_50pct"	"sonic"	39146	"VMA21"	"+"	51326	"VMA21"	"+"	"FALSE"	""	-2046469	"BGN"	"+"	""	"VMA21"
"chrX"	153194724	153194724	1	"-"	"chrX-153194724"	1	1.12534041547568e-05	5098	"Polyclonal_50pct"	"sonic"	10844	"MAGEA1"	"+"	15441	"MAGEA1"	"+"	"FALSE"	""	-300255	"BGN"	"+"	""	"MAGEA1"
"chrX"	153235015	153235015	1	"-"	"chrX-153235015"	1	1.12534041547568e-05	5098	"Polyclonal_50pct"	"sonic"	51135	"MAGEA1"	"+"	55732	"MAGEA1"	"+"	"FALSE"	""	-259964	"BGN"	"+"	""	"MAGEA1"
"chrX"	154816338	154816338	1	"-"	"chrX-154816338"	1	1.12534041547568e-05	5098	"Polyclonal_50pct"	"sonic"	7009	"SMIM9"	"-"	-10811	"MPP1"	"-"	"FALSE"	""	-10811	"MPP1"	"-"	""	"SMIM9"
"chrX"	154970969	154970969	1	"-"	"chrX-154970969"	1	1.12534041547568e-05	5098	"Polyclonal_50pct"	"sonic"	51754	"F8*"	"-"	51754	"F8"	"-"	"F8"	"-"	100167	"MTCP1"	"-"	"*"	"F8"
"chrX"	155292424	155292424	1	"-"	"chrX-155292424"	1	1.12534041547568e-05	5098	"Polyclonal_50pct"	"sonic"	-16214	"CLIC2*"	"-"	-27933	"RAB39B"	"-"	"CLIC2"	"-"	-221288	"MTCP1"	"-"	"*"	"CLIC2"
"chrX"	20658139	20658139	1	"-"	"chrX-20658139"	1	1.12534041547568e-05	5098	"Polyclonal_50pct"	"sonic"	-391230	"RPS6KA3"	"-"	-391230	"RPS6KA3"	"-"	"FALSE"	""	-516301	"EIF1AX"	"-"	""	"RPS6KA3"
"chrX"	27435164	27435164	1	"-"	"chrX-27435164"	1	1.12534041547568e-05	5098	"Polyclonal_50pct"	"sonic"	25042	"PPP4R3C"	"-"	28177	"PPP4R3C"	"-"	"FALSE"	""	3454090	"TAB3"	"-"	""	"PPP4R3C"
"chrX"	28961281	28961281	1	"-"	"chrX-28961281"	1	1.12534041547568e-05	5098	"Polyclonal_50pct"	"sonic"	373836	"IL1RAPL1*"	"+"	373836	"IL1RAPL1"	"+"	"IL1RAPL1"	"+"	1927973	"TAB3"	"-"	"*"	"IL1RAPL1"
"chrX"	30330958	30330958	1	"-"	"chrX-30330958"	1	1.12534041547568e-05	5098	"Polyclonal_50pct"	"sonic"	-21568	"NR0B1"	"-"	-21568	"NR0B1"	"-"	"FALSE"	""	558296	"TAB3"	"-"	""	"NR0B1"
"chrX"	30500248	30500248	1	"-"	"chrX-30500248"	1	1.12534041547568e-05	5098	"Polyclonal_50pct"	"sonic"	58572	"TASL"	"-"	77518	"TASL"	"-"	"FALSE"	""	389006	"TAB3"	"-"	""	"TASL"
"chrX"	30731307	30731307	1	"-"	"chrX-30731307"	1	1.12534041547568e-05	5098	"Polyclonal_50pct"	"sonic"	-153	"GK*"	"+"	77885	"GK"	"+"	"GK"	"+"	157947	"TAB3"	"-"	"*"	"GK"
"chrX"	32815510	32815510	1	"-"	"chrX-32815510"	1	1.12534041547568e-05	5098	"Polyclonal_50pct"	"sonic"	312917	"DMD*"	"-"	-173951	"MIR548F5"	"-"	"DMD"	"-"	-1926256	"TAB3"	"-"	"*"	"DMD"
"chrX"	32815512	32815512	1	"-"	"chrX-32815512"	1	1.12534041547568e-05	5098	"Polyclonal_50pct"	"sonic"	312915	"DMD*"	"-"	-173953	"MIR548F5"	"-"	"DMD"	"-"	-1926258	"TAB3"	"-"	"*"	"DMD"
"chrX"	33087641	33087641	1	"-"	"chrX-33087641"	1	1.12534041547568e-05	5098	"Polyclonal_50pct"	"sonic"	40786	"DMD*"	"-"	40786	"DMD"	"-"	"DMD"	"-"	-2198387	"TAB3"	"-"	"*"	"DMD"
"chrX"	33877570	33877570	1	"-"	"chrX-33877570"	1	1.12534041547568e-05	5098	"Polyclonal_50pct"	"sonic"	252181	"FAM47A"	"-"	254760	"FAM47A"	"-"	"FALSE"	""	-2988316	"TAB3"	"-"	""	"FAM47A"
"chrX"	34702086	34702086	1	"-"	"chrX-34702086"	1	1.12534041547568e-05	5098	"Polyclonal_50pct"	"sonic"	-44801	"TMEM47"	"-"	-44801	"TMEM47"	"-"	"FALSE"	""	-3812832	"TAB3"	"-"	""	"TMEM47"
"chrX"	37387293	37387293	1	"-"	"chrX-37387293"	1	1.12534041547568e-05	5098	"Polyclonal_50pct"	"sonic"	37930	"PRRG1*"	"+"	37930	"PRRG1"	"+"	"PRRG1"	"+"	2710665	"BCOR"	"-"	"*"	"PRRG1"
"chrX"	47899117	47899117	1	"-"	"chrX-47899117"	1	1.12534041547568e-05	5098	"Polyclonal_50pct"	"sonic"	-23094	"ZNF81*"	"+"	62216	"ZNF81"	"+"	"ZNF81"	"+"	-248513	"ELK1"	"-"	"*"	"ZNF81"
"chrX"	48810491	48810491	1	"-"	"chrX-48810491"	1	1.12534041547568e-05	5098	"Polyclonal_50pct"	"sonic"	-4363	"HDAC6*"	"+"	7829	"HDAC6"	"+"	"HDAC6"	"+"	7829	"HDAC6"	"+"	"*"	"HDAC6"
"chrX"	53698657	53698657	1	"-"	"chrX-53698657"	1	1.12534041547568e-05	5098	"Polyclonal_50pct"	"sonic"	-11938	"HUWE1"	"-"	-11938	"HUWE1"	"-"	"FALSE"	""	-473235	"KDM5C"	"-"	""	"HUWE1"
"chrX"	66546030	66546030	1	"-"	"chrX-66546030"	1	1.12534041547568e-05	5098	"Polyclonal_50pct"	"sonic"	49609	"EDA2R"	"-"	70000	"EDA2R"	"-"	"FALSE"	""	878377	"MSN"	"+"	""	"EDA2R"
"chrX"	70875456	70875456	1	"-"	"chrX-70875456"	1	1.12534041547568e-05	5098	"Polyclonal_50pct"	"sonic"	33255	"TEX11*"	"-"	-29161	"SNORD3E"	"-"	"TEX11"	"-"	-220394	"FOXO4"	"+"	"*"	"TEX11"
"chrX"	71311563	71311563	1	"-"	"chrX-71311563"	1	1.12534041547568e-05	5098	"Polyclonal_50pct"	"sonic"	6192	"ITGB1BP2"	"+"	9814	"ITGB1BP2"	"+"	"FALSE"	""	27929	"NONO"	"+"	""	"ITGB1BP2"
"chrX"	73585219	73585219	1	"-"	"chrX-73585219"	1	1.12534041547568e-05	5098	"Polyclonal_50pct"	"sonic"	22072	"CHIC1*"	"+"	22072	"CHIC1"	"+"	"CHIC1"	"+"	-1966708	"CXCR3"	"-"	"*"	"CHIC1"
"chrX"	78326335	78326335	1	"-"	"chrX-78326335"	1	1.12534041547568e-05	5098	"Polyclonal_50pct"	"sonic"	1276	"CYSLTR1*"	"-"	1276	"CYSLTR1"	"-"	"CYSLTR1"	"-"	-540119	"ATRX"	"-"	"*"	"CYSLTR1"
"chrX"	78541650	78541650	1	"-"	"chrX-78541650"	1	1.12534041547568e-05	5098	"Polyclonal_50pct"	"sonic"	114417	"RTL3"	"-"	117678	"RTL3"	"-"	"FALSE"	""	-755434	"ATRX"	"-"	""	"RTL3"
"chrX"	84536144	84536144	1	"-"	"chrX-84536144"	1	1.12534041547568e-05	5098	"Polyclonal_50pct"	"sonic"	-33691	"HDX"	"-"	-33691	"HDX"	"-"	"FALSE"	""	-1612306	"DACH2"	"+"	""	"HDX"
"chrX"	90449516	90449516	1	"-"	"chrX-90449516"	1	1.12534041547568e-05	5098	"Polyclonal_50pct"	"sonic"	526633	"TGIF2LX"	"+"	527609	"TGIF2LX"	"+"	"FALSE"	""	4186549	"DACH2"	"+"	""	"TGIF2LX"
"chrX"	90728475	90728475	1	"-"	"chrX-90728475"	1	1.12534041547568e-05	5098	"Polyclonal_50pct"	"sonic"	686427	"PABPC5-AS1"	"-"	-706363	"PABPC5"	"+"	"FALSE"	""	4465508	"DACH2"	"+"	""	"PABPC5-AS1"
"chrX"	92974643	92974643	1	"-"	"chrX-92974643"	1	1.12534041547568e-05	5098	"Polyclonal_50pct"	"sonic"	-149740	"MIR4454"	"-"	-149740	"MIR4454"	"-"	"FALSE"	""	6711676	"DACH2"	"+"	""	"MIR4454"
"chrX"	93754587	93754587	1	"-"	"chrX-93754587"	1	1.12534041547568e-05	5098	"Polyclonal_50pct"	"sonic"	42313	"FAM133A"	"+"	80382	"FAM133A"	"+"	"FALSE"	""	7491620	"DACH2"	"+"	""	"FAM133A"
"chrX"	95674840	95674840	1	"-"	"chrX-95674840"	1	1.12534041547568e-05	5098	"Polyclonal_50pct"	"sonic"	-611614	"MIR548M"	"-"	-611614	"MIR548M"	"-"	"FALSE"	""	5711351	"BTK"	"-"	""	"MIR548M"
"chrX"	98142542	98142542	1	"-"	"chrX-98142542"	1	1.12534041547568e-05	5098	"Polyclonal_50pct"	"sonic"	537546	"DIAPH2"	"+"	-578007	"DIAPH2-AS1"	"-"	"FALSE"	""	3243649	"BTK"	"-"	""	"DIAPH2"
"chrY"	24285945	24285945	1	"+"	"chrY+24285945"	1	1.12534041547568e-05	5098	"Polyclonal_50pct"	"sonic"	-71114	"GOLGA2P2Y,GOLGA2P3Y"	"-"	-71114	"GOLGA2P2Y,GOLGA2P3Y"	"-"	"FALSE"	""	-22748760	"P2RY8"	"-"	""	"GOLGA2P2Y,GOLGA2P3Y"
